-- 设置客户端字符集
SET NAMES utf8mb4 COLLATE utf8mb4_unicode_ci;
SET CHARACTER SET utf8mb4;

-- 创建数据库
CREATE DATABASE IF NOT EXISTS medical_mock DEFAULT CHARACTER SET utf8mb4 COLLATE utf8mb4_unicode_ci;

USE medical_mock;

-- 创建科室表
CREATE TABLE IF NOT EXISTS department (
    id BIGINT AUTO_INCREMENT PRIMARY KEY,
    department_code VARCHAR(50) NOT NULL UNIQUE,
    department_name VARCHAR(100) NOT NULL,
    department_des VARCHAR(1000),
    department_image VARCHAR(500),
    INDEX idx_dept_code (department_code)
) ENGINE=InnoDB DEFAULT CHARSET=utf8mb4 COLLATE=utf8mb4_unicode_ci;

-- 创建医生表
CREATE TABLE IF NOT EXISTS doctor (
    id BIGINT AUTO_INCREMENT PRIMARY KEY,
    doctor_code VARCHAR(50) NOT NULL UNIQUE,
    doctor_name VARCHAR(100) NOT NULL,
    department_code VARCHAR(50) NOT NULL,
    title VARCHAR(50),
    specialty VARCHAR(200),
    doctor_des VARCHAR(1000),
    doctor_image VARCHAR(500),
    INDEX idx_doctor_code (doctor_code),
    INDEX idx_dept_code (department_code)
) ENGINE=InnoDB DEFAULT CHARSET=utf8mb4 COLLATE=utf8mb4_unicode_ci;

-- 创建医生排班表
CREATE TABLE IF NOT EXISTS doctor_schedule (
    id BIGINT AUTO_INCREMENT PRIMARY KEY,
    m_code VARCHAR(50),
    service_date VARCHAR(20),
    week_day VARCHAR(10),
    session_code VARCHAR(20),
    session_name VARCHAR(50),
    start_time VARCHAR(20),
    end_time VARCHAR(20),
    department_code VARCHAR(50),
    department_name VARCHAR(100),
    clinic_room_code VARCHAR(50),
    clinic_room_name VARCHAR(100),
    doctor_code VARCHAR(50),
    doctor_name VARCHAR(100),
    doctor_title_code VARCHAR(20),
    doctor_title VARCHAR(50),
    doctor_spec VARCHAR(500),
    doctor_sess_type_code VARCHAR(20),
    doctor_sess_type VARCHAR(50),
    service_code VARCHAR(50),
    service_name VARCHAR(100),
    fee VARCHAR(20),
    reg_fee VARCHAR(20),
    checkup_fee VARCHAR(20),
    service_fee VARCHAR(20),
    other_fee VARCHAR(20),
    available_number_str VARCHAR(100),
    admit_address_string VARCHAR(200),
    admit_time_range VARCHAR(50),
    note VARCHAR(500),
    time_range_flag VARCHAR(10),
    schedule_status VARCHAR(10),
    available_total_num VARCHAR(10),
    available_left_num VARCHAR(10),
    INDEX idx_service_date (service_date),
    INDEX idx_doctor_code (doctor_code),
    INDEX idx_dept_code (department_code)
) ENGINE=InnoDB DEFAULT CHARSET=utf8mb4 COLLATE=utf8mb4_unicode_ci;

-- 创建患者表
CREATE TABLE IF NOT EXISTS patient (
    id BIGINT AUTO_INCREMENT PRIMARY KEY,
    patient_id VARCHAR(50) UNIQUE,
    patient_name VARCHAR(100),
    sex_code VARCHAR(10),
    sex VARCHAR(10),
    dob VARCHAR(20),
    document_id VARCHAR(50),
    address VARCHAR(200),
    id_type_code VARCHAR(10),
    id_type VARCHAR(50),
    id_no VARCHAR(50),
    yb_flag VARCHAR(10),
    pat_type VARCHAR(50),
    pat_type_code VARCHAR(10),
    mobile VARCHAR(20),
    insure_card_no VARCHAR(50),
    acc_info VARCHAR(100),
    acc_info_balance VARCHAR(20),
    acc_info_no VARCHAR(50),
    patient_card VARCHAR(50),
    INDEX idx_patient_id (patient_id),
    INDEX idx_id_no (id_no),
    INDEX idx_mobile (mobile),
    INDEX idx_patient_card (patient_card)
) ENGINE=InnoDB DEFAULT CHARSET=utf8mb4 COLLATE=utf8mb4_unicode_ci;

-- 创建物价表
CREATE TABLE IF NOT EXISTS item_price (
    id BIGINT AUTO_INCREMENT PRIMARY KEY,
    serial_no VARCHAR(50),
    item_desc VARCHAR(200),
    item_code VARCHAR(50),
    prices_no VARCHAR(50),
    uom VARCHAR(20),
    price VARCHAR(20),
    special_price VARCHAR(20),
    factory VARCHAR(100),
    content_desc VARCHAR(200),
    charge_standard VARCHAR(100),
    insure_sign VARCHAR(10),
    registration_no VARCHAR(50),
    reg_exp_date VARCHAR(20),
    INDEX idx_item_code (item_code)
) ENGINE=InnoDB DEFAULT CHARSET=utf8mb4 COLLATE=utf8mb4_unicode_ci;

-- 创建医院信息表
CREATE TABLE IF NOT EXISTS hospital_info (
    id BIGINT AUTO_INCREMENT PRIMARY KEY,
    hospital_name VARCHAR(200),
    hospital_code VARCHAR(50),
    hospital_level VARCHAR(50),
    hospital_type VARCHAR(50),
    address VARCHAR(500),
    phone VARCHAR(50),
    website VARCHAR(200),
    introduction TEXT,
    business_hours VARCHAR(200)
) ENGINE=InnoDB DEFAULT CHARSET=utf8mb4 COLLATE=utf8mb4_unicode_ci;

-- 创建挂号表
CREATE TABLE IF NOT EXISTS registration (
    id BIGINT AUTO_INCREMENT PRIMARY KEY,
    patient_id VARCHAR(50),
    schedule_item_code VARCHAR(50),
    lock_queue_no VARCHAR(50),
    card_no VARCHAR(50),
    transaction_id VARCHAR(100),
    adm_doc VARCHAR(50),
    adm_date VARCHAR(20),
    adm_time VARCHAR(20),
    reg_fee VARCHAR(20),
    status VARCHAR(10),
    INDEX idx_lock_queue_no (lock_queue_no),
    INDEX idx_transaction_id (transaction_id)
) ENGINE=InnoDB DEFAULT CHARSET=utf8mb4 COLLATE=utf8mb4_unicode_ci;

-- 数据库表结构创建完成
-- 数据注入请使用独立的SQL文件(如data.sql)或通过API接口生成

USE medical_mock;
SET NAMES utf8mb4;
-- 清除旧的关联数据
DELETE FROM doctor_schedule WHERE department_code IN ('DEPT001','DEPT002','DEPT003','DEPT004','DEPT005','DEPT006','DEPT007','DEPT008','DEPT009','DEPT010','DEPT011','DEPT012','DEPT013','DEPT014','DEPT015','DEPT016','DEPT017','DEPT018');
DELETE FROM doctor WHERE department_code IN ('DEPT001','DEPT002','DEPT003','DEPT004','DEPT005','DEPT006','DEPT007','DEPT008','DEPT009','DEPT010','DEPT011','DEPT012','DEPT013','DEPT014','DEPT015','DEPT016','DEPT017','DEPT018');
DELETE FROM department WHERE department_code IN ('DEPT001','DEPT002','DEPT003','DEPT004','DEPT005','DEPT006','DEPT007','DEPT008','DEPT009','DEPT010','DEPT011','DEPT012','DEPT013','DEPT014','DEPT015','DEPT016','DEPT017','DEPT018');

-- 插入科室数据
INSERT INTO department (department_code, department_name, department_des, department_image) VALUES ('DEPT001', '内科', '内科是医院的重点科室之一，拥有多名高素质医护人员。科室设有心血管、呼吸、消化、内分泌等专业组，擅长诊治高血压、糖尿病、冠心病等常见病及疑难病症，致力于为患者提供全方位的内科诊疗服务。', 'img_DEPT001.png');
INSERT INTO department (department_code, department_name, department_des, department_image) VALUES ('DEPT002', '外科', '外科是医院的技术优势科室，医术精湛。开展各类普通外科、微创及腹腔镜手术，在甲状腺、乳腺及胃肠肿瘤手术方面具有丰富经验，年手术量稳步增长，为患者健康保驾护航。', 'img_DEPT002.png');
INSERT INTO department (department_code, department_name, department_des, department_image) VALUES ('DEPT003', '儿科', '儿科专注于儿童健康，环境温馨。设有新生儿、儿童呼吸、消化等专业组。擅长诊治儿科常见病、多发病，提供预防接种、儿童保健、生长发育咨询等一站式医疗服务，陪伴孩子健康成长。', 'img_DEPT003.png');
INSERT INTO department (department_code, department_name, department_des, department_image) VALUES ('DEPT004', '妇产科', '妇产科集医疗、保健、宣教于一体。开展产前检查、围产期保健、无痛分娩及各类妇产科手术。在妇科肿瘤诊治、不孕不育、绝经期综合征管理等方面处于前沿地位。', 'img_DEPT004.png');
INSERT INTO department (department_code, department_name, department_des, department_image) VALUES ('DEPT005', '眼科', '眼科配备国际先进的眼科检查及手术设备。擅长白内障手术、青光眼防治、准分子激光手术及各类眼底病诊治。科室致力于防盲治盲，为患者重塑光明。', 'img_DEPT005.png');
INSERT INTO department (department_code, department_name, department_des, department_image) VALUES ('DEPT006', '耳鼻喉科', '耳鼻喉科专业诊治耳、鼻、咽喉及头颈部疾病。在听力损失防治、慢性鼻炎鼻窦炎微创治疗、咽喉部良恶性肿瘤切除等方面具有丰富临床经验，设备精良，技术领先。', 'img_DEPT006.png');
INSERT INTO department (department_code, department_name, department_des, department_image) VALUES ('DEPT007', '口腔科', '口腔科开展牙体牙髓病修复、牙齿矫正、种植牙、牙周病治疗及口腔颌面外科手术。秉承微创、无痛理念，结合先进数字化技术，为患者提供专业的口腔健康管理。', 'img_DEPT007.png');
INSERT INTO department (department_code, department_name, department_des, department_image) VALUES ('DEPT008', '皮肤科', '皮肤科擅长各类皮炎、湿疹、痤疮、银屑病等常见病及性传播疾病的诊治。拥有先进的激光治疗平台及光疗设备，开展医学美容、激光祛斑等特色服务，呵护您的皮肤健康。', 'img_DEPT008.png');
INSERT INTO department (department_code, department_name, department_des, department_image) VALUES ('DEPT009', '骨科', '骨科在骨折治疗、人工关节置换、脊柱微创手术及运动损伤修复领域具有卓越优势。科室配备先进手术室系统，致力于让患者早日下床行走，恢复运动功能。', 'img_DEPT009.png');
INSERT INTO department (department_code, department_name, department_des, department_image) VALUES ('DEPT010', '神经内科', '神经内科专业诊治脑血管意外（中风）、癫痫、帕金森病、周围神经病等。设有卒中单元，开展溶栓、取栓治疗，拥有雄厚的科研与临床救治实力。', 'img_DEPT010.png');
INSERT INTO department (department_code, department_name, department_des, department_image) VALUES ('DEPT011', '心内科', '心内科是治疗心脏血管疾病的核心科室。擅长冠心病介入治疗、心律失常射频消融、心脏起搏器植入。配备24小时急诊绿色通道，全天候守护心脏安全。', 'img_DEPT011.png');
INSERT INTO department (department_code, department_name, department_des, department_image) VALUES ('DEPT012', '消化内科', '消化内科拥有先进的电子胃肠镜中心。擅长胃镜、肠镜下的各类微创手术，对慢性胃炎、胃癌早期筛查、炎症性肠病及肝胆胰疾病具有精深的临床见解。', 'img_DEPT012.png');
INSERT INTO department (department_code, department_name, department_des, department_image) VALUES ('DEPT013', '呼吸内科', '呼吸内科在支气管哮喘、慢阻肺、肺炎、肺结核及肺癌的规范化诊治方面积累了大量经验。科室开展支气管镜检查及无创辅助通气，专注心肺功能康复。', 'img_DEPT013.png');
INSERT INTO department (department_code, department_name, department_des, department_image) VALUES ('DEPT014', '肾内科', '肾内科设有标准化血液透析中心。擅长各类肾炎、肾病综合征、急慢性肾功能衰竭的诊治。技术力量扎实，为肾友提供安全、高效的血液净化与慢病管理方案。', 'img_DEPT014.png');
INSERT INTO department (department_code, department_name, department_des, department_image) VALUES ('DEPT015', '内分泌科', '内分泌科专注于糖尿病、甲状腺疾病、骨质疏松及垂体肾上腺疾病的诊治。开展糖尿病强化治疗与健康大讲堂，致力于代谢疾病的长期规范化管理。', 'img_DEPT015.png');
INSERT INTO department (department_code, department_name, department_des, department_image) VALUES ('DEPT016', '泌尿外科', '泌尿外科擅长肾脏/输尿管结石微创治疗、前列腺疾病及泌尿系统肿瘤手术。开展达芬奇机器人/腹腔镜等高精尖技术，在疑难复杂泌尿疾病治疗上享誉业界。', 'img_DEPT016.png');
INSERT INTO department (department_code, department_name, department_des, department_image) VALUES ('DEPT017', '普通外科', '普通外科主要负责甲状腺、乳腺、疝气、肝胆道疾病及胃肠等手术。科室倡导围手术期加速康复理念（ERAS），技术全面，微创水平居于地区前列。', 'img_DEPT017.png');
INSERT INTO department (department_code, department_name, department_des, department_image) VALUES ('DEPT018', '精神心理科', '精神心理科专业提供心理测评、心理咨询及精神疾病诊治。擅长抑郁症、焦虑症、失眠症及青少年行为障碍的疏导与治疗，为您构建健康的心灵驿站。', 'img_DEPT018.png');

-- 插入医生和排班数据
INSERT INTO doctor (doctor_code, doctor_name, department_code, title, specialty, doctor_des, doctor_image) VALUES ('DOC_DEPT001_1', '张军', 'DEPT001', '副主任医师', '高血压防治', '张军副主任医师，从事内科临床工作13年，具备深厚的临床背景。他长期致力于高血压防治的诊疗，已成功治愈数千例相关患者。', 'doc_DOC_DEPT001_1.png');
INSERT INTO doctor_schedule ( m_code, service_date, week_day, session_code, session_name, start_time, end_time,  department_code, department_name, clinic_room_code, clinic_room_name,  doctor_code, doctor_name, doctor_title_code, doctor_title, doctor_spec,  doctor_sess_type_code, doctor_sess_type, service_code, service_name,  fee, reg_fee, checkup_fee, service_fee, other_fee, available_number_str,  admit_address_string, admit_time_range, note, time_range_flag, schedule_status,  available_total_num, available_left_num ) VALUES ( 'SCH_DOC_DEPT001_1_20260316_2', '2026-03-16', '1', '2', '下午', '13:30', '17:30', 'DEPT001', '内科', 'ROOM_DEPT001_2', '内科门诊3诊室', 'DOC_DEPT001_1', '张军', '02', '副主任医师', '高血压防治', '1', '专家门诊', 'SRV_001', '副主任医师挂号费', '15.00', '15.00', '0.00', '0.00', '0.00', '2,3,4,7,8,9,10,11,14,15,16,18,19', '主楼1层内科候诊区', '13:30-17:30', '请提前15分钟候诊', '0', '1', '19', '4' );
INSERT INTO doctor_schedule ( m_code, service_date, week_day, session_code, session_name, start_time, end_time,  department_code, department_name, clinic_room_code, clinic_room_name,  doctor_code, doctor_name, doctor_title_code, doctor_title, doctor_spec,  doctor_sess_type_code, doctor_sess_type, service_code, service_name,  fee, reg_fee, checkup_fee, service_fee, other_fee, available_number_str,  admit_address_string, admit_time_range, note, time_range_flag, schedule_status,  available_total_num, available_left_num ) VALUES ( 'SCH_DOC_DEPT001_1_20260317_2', '2026-03-17', '2', '2', '下午', '13:30', '17:30', 'DEPT001', '内科', 'ROOM_DEPT001_4', '内科门诊2诊室', 'DOC_DEPT001_1', '张军', '02', '副主任医师', '高血压防治', '1', '专家门诊', 'SRV_001', '副主任医师挂号费', '20.00', '20.00', '0.00', '0.00', '0.00', '1,2,5,6,8,9,10,12,13,14,16,18,21,22,23,24,27,28,30,31,33,35', '主楼1层内科候诊区', '13:30-17:30', '请提前15分钟候诊', '0', '1', '35', '7' );
INSERT INTO doctor_schedule ( m_code, service_date, week_day, session_code, session_name, start_time, end_time,  department_code, department_name, clinic_room_code, clinic_room_name,  doctor_code, doctor_name, doctor_title_code, doctor_title, doctor_spec,  doctor_sess_type_code, doctor_sess_type, service_code, service_name,  fee, reg_fee, checkup_fee, service_fee, other_fee, available_number_str,  admit_address_string, admit_time_range, note, time_range_flag, schedule_status,  available_total_num, available_left_num ) VALUES ( 'SCH_DOC_DEPT001_1_20260318_1', '2026-03-18', '3', '1', '上午', '08:00', '12:00', 'DEPT001', '内科', 'ROOM_DEPT001_4', '内科门诊2诊室', 'DOC_DEPT001_1', '张军', '02', '副主任医师', '高血压防治', '1', '专家门诊', 'SRV_001', '副主任医师挂号费', '15.00', '15.00', '0.00', '0.00', '0.00', '1,2,4,5,6,8,9,11,12,13,14,15,17,20,21,22,23,24,25', '主楼3层内科候诊区', '08:00-12:00', '请提前15分钟候诊', '0', '1', '25', '19' );
INSERT INTO doctor_schedule ( m_code, service_date, week_day, session_code, session_name, start_time, end_time,  department_code, department_name, clinic_room_code, clinic_room_name,  doctor_code, doctor_name, doctor_title_code, doctor_title, doctor_spec,  doctor_sess_type_code, doctor_sess_type, service_code, service_name,  fee, reg_fee, checkup_fee, service_fee, other_fee, available_number_str,  admit_address_string, admit_time_range, note, time_range_flag, schedule_status,  available_total_num, available_left_num ) VALUES ( 'SCH_DOC_DEPT001_1_20260318_2', '2026-03-18', '3', '2', '下午', '13:30', '17:30', 'DEPT001', '内科', 'ROOM_DEPT001_2', '内科门诊5诊室', 'DOC_DEPT001_1', '张军', '02', '副主任医师', '高血压防治', '1', '专家门诊', 'SRV_001', '副主任医师挂号费', '50.00', '50.00', '0.00', '0.00', '0.00', '2,3,4,6,7,8,9,10,11,12,13,17,18,19,20,21,22,23', '主楼6层内科候诊区', '13:30-17:30', '请提前15分钟候诊', '0', '1', '23', '18' );
INSERT INTO doctor_schedule ( m_code, service_date, week_day, session_code, session_name, start_time, end_time,  department_code, department_name, clinic_room_code, clinic_room_name,  doctor_code, doctor_name, doctor_title_code, doctor_title, doctor_spec,  doctor_sess_type_code, doctor_sess_type, service_code, service_name,  fee, reg_fee, checkup_fee, service_fee, other_fee, available_number_str,  admit_address_string, admit_time_range, note, time_range_flag, schedule_status,  available_total_num, available_left_num ) VALUES ( 'SCH_DOC_DEPT001_1_20260319_1', '2026-03-19', '4', '1', '上午', '08:00', '12:00', 'DEPT001', '内科', 'ROOM_DEPT001_4', '内科门诊2诊室', 'DOC_DEPT001_1', '张军', '02', '副主任医师', '高血压防治', '1', '专家门诊', 'SRV_001', '副主任医师挂号费', '50.00', '50.00', '0.00', '0.00', '0.00', '1,3,6,7,9,10,11,12,15,16,17,18,19,20,21,25,27,29,30,31,32,33,36,37,38,39', '主楼2层内科候诊区', '08:00-12:00', '请提前15分钟候诊', '0', '1', '39', '22' );
INSERT INTO doctor_schedule ( m_code, service_date, week_day, session_code, session_name, start_time, end_time,  department_code, department_name, clinic_room_code, clinic_room_name,  doctor_code, doctor_name, doctor_title_code, doctor_title, doctor_spec,  doctor_sess_type_code, doctor_sess_type, service_code, service_name,  fee, reg_fee, checkup_fee, service_fee, other_fee, available_number_str,  admit_address_string, admit_time_range, note, time_range_flag, schedule_status,  available_total_num, available_left_num ) VALUES ( 'SCH_DOC_DEPT001_1_20260319_2', '2026-03-19', '4', '2', '下午', '13:30', '17:30', 'DEPT001', '内科', 'ROOM_DEPT001_3', '内科门诊5诊室', 'DOC_DEPT001_1', '张军', '02', '副主任医师', '高血压防治', '1', '专家门诊', 'SRV_001', '副主任医师挂号费', '20.00', '20.00', '0.00', '0.00', '0.00', '1,2,5,8,10,11,12,13,15,16,17,19,20,21', '主楼3层内科候诊区', '13:30-17:30', '请提前15分钟候诊', '0', '1', '22', '9' );
INSERT INTO doctor_schedule ( m_code, service_date, week_day, session_code, session_name, start_time, end_time,  department_code, department_name, clinic_room_code, clinic_room_name,  doctor_code, doctor_name, doctor_title_code, doctor_title, doctor_spec,  doctor_sess_type_code, doctor_sess_type, service_code, service_name,  fee, reg_fee, checkup_fee, service_fee, other_fee, available_number_str,  admit_address_string, admit_time_range, note, time_range_flag, schedule_status,  available_total_num, available_left_num ) VALUES ( 'SCH_DOC_DEPT001_1_20260320_2', '2026-03-20', '5', '2', '下午', '13:30', '17:30', 'DEPT001', '内科', 'ROOM_DEPT001_3', '内科门诊1诊室', 'DOC_DEPT001_1', '张军', '02', '副主任医师', '高血压防治', '1', '专家门诊', 'SRV_001', '副主任医师挂号费', '20.00', '20.00', '0.00', '0.00', '0.00', '2,4,7,8,11,12,16,17,18,19,20,22,23,24,25,26,29,30,31', '主楼5层内科候诊区', '13:30-17:30', '请提前15分钟候诊', '0', '1', '32', '16' );
INSERT INTO doctor_schedule ( m_code, service_date, week_day, session_code, session_name, start_time, end_time,  department_code, department_name, clinic_room_code, clinic_room_name,  doctor_code, doctor_name, doctor_title_code, doctor_title, doctor_spec,  doctor_sess_type_code, doctor_sess_type, service_code, service_name,  fee, reg_fee, checkup_fee, service_fee, other_fee, available_number_str,  admit_address_string, admit_time_range, note, time_range_flag, schedule_status,  available_total_num, available_left_num ) VALUES ( 'SCH_DOC_DEPT001_1_20260320_1', '2026-03-20', '5', '1', '上午', '08:00', '12:00', 'DEPT001', '内科', 'ROOM_DEPT001_4', '内科门诊2诊室', 'DOC_DEPT001_1', '张军', '02', '副主任医师', '高血压防治', '1', '专家门诊', 'SRV_001', '副主任医师挂号费', '50.00', '50.00', '0.00', '0.00', '0.00', '1,3,4,5,6,8,9,11,12,14,15,16', '主楼5层内科候诊区', '08:00-12:00', '请提前15分钟候诊', '0', '1', '16', '15' );
INSERT INTO doctor_schedule ( m_code, service_date, week_day, session_code, session_name, start_time, end_time,  department_code, department_name, clinic_room_code, clinic_room_name,  doctor_code, doctor_name, doctor_title_code, doctor_title, doctor_spec,  doctor_sess_type_code, doctor_sess_type, service_code, service_name,  fee, reg_fee, checkup_fee, service_fee, other_fee, available_number_str,  admit_address_string, admit_time_range, note, time_range_flag, schedule_status,  available_total_num, available_left_num ) VALUES ( 'SCH_DOC_DEPT001_1_20260322_2', '2026-03-22', '7', '2', '下午', '13:30', '17:30', 'DEPT001', '内科', 'ROOM_DEPT001_2', '内科门诊4诊室', 'DOC_DEPT001_1', '张军', '02', '副主任医师', '高血压防治', '1', '专家门诊', 'SRV_001', '副主任医师挂号费', '50.00', '50.00', '0.00', '0.00', '0.00', '1,2,3,4,6,7,9,11,12,13,16,17,18,21,22,23,24,27,28,29,30,31,32', '主楼5层内科候诊区', '13:30-17:30', '请提前15分钟候诊', '0', '1', '32', '19' );
INSERT INTO doctor_schedule ( m_code, service_date, week_day, session_code, session_name, start_time, end_time,  department_code, department_name, clinic_room_code, clinic_room_name,  doctor_code, doctor_name, doctor_title_code, doctor_title, doctor_spec,  doctor_sess_type_code, doctor_sess_type, service_code, service_name,  fee, reg_fee, checkup_fee, service_fee, other_fee, available_number_str,  admit_address_string, admit_time_range, note, time_range_flag, schedule_status,  available_total_num, available_left_num ) VALUES ( 'SCH_DOC_DEPT001_1_20260322_1', '2026-03-22', '7', '1', '上午', '08:00', '12:00', 'DEPT001', '内科', 'ROOM_DEPT001_5', '内科门诊2诊室', 'DOC_DEPT001_1', '张军', '02', '副主任医师', '高血压防治', '1', '专家门诊', 'SRV_001', '副主任医师挂号费', '50.00', '50.00', '0.00', '0.00', '0.00', '1,2,3,4,5,6,8,10,11,13', '主楼2层内科候诊区', '08:00-12:00', '请提前15分钟候诊', '0', '1', '15', '7' );
INSERT INTO doctor_schedule ( m_code, service_date, week_day, session_code, session_name, start_time, end_time,  department_code, department_name, clinic_room_code, clinic_room_name,  doctor_code, doctor_name, doctor_title_code, doctor_title, doctor_spec,  doctor_sess_type_code, doctor_sess_type, service_code, service_name,  fee, reg_fee, checkup_fee, service_fee, other_fee, available_number_str,  admit_address_string, admit_time_range, note, time_range_flag, schedule_status,  available_total_num, available_left_num ) VALUES ( 'SCH_DOC_DEPT001_1_20260323_1', '2026-03-23', '1', '1', '上午', '08:00', '12:00', 'DEPT001', '内科', 'ROOM_DEPT001_3', '内科门诊2诊室', 'DOC_DEPT001_1', '张军', '02', '副主任医师', '高血压防治', '1', '专家门诊', 'SRV_001', '副主任医师挂号费', '50.00', '50.00', '0.00', '0.00', '0.00', '1,2,5,6,7,8,10,11,12,13,14,15,16,17,18,19,22,23,24,27,28,29,30,31,32,33,34,35,36,37,38', '主楼5层内科候诊区', '08:00-12:00', '请提前15分钟候诊', '0', '1', '39', '14' );
INSERT INTO doctor_schedule ( m_code, service_date, week_day, session_code, session_name, start_time, end_time,  department_code, department_name, clinic_room_code, clinic_room_name,  doctor_code, doctor_name, doctor_title_code, doctor_title, doctor_spec,  doctor_sess_type_code, doctor_sess_type, service_code, service_name,  fee, reg_fee, checkup_fee, service_fee, other_fee, available_number_str,  admit_address_string, admit_time_range, note, time_range_flag, schedule_status,  available_total_num, available_left_num ) VALUES ( 'SCH_DOC_DEPT001_1_20260323_2', '2026-03-23', '1', '2', '下午', '13:30', '17:30', 'DEPT001', '内科', 'ROOM_DEPT001_1', '内科门诊3诊室', 'DOC_DEPT001_1', '张军', '02', '副主任医师', '高血压防治', '1', '专家门诊', 'SRV_001', '副主任医师挂号费', '15.00', '15.00', '0.00', '0.00', '0.00', '1,2,3,6,10,11,12,13,15,17,18,20,22,23,24,26,27,28,29,30,31,32,35,36', '主楼1层内科候诊区', '13:30-17:30', '请提前15分钟候诊', '0', '1', '36', '10' );
INSERT INTO doctor_schedule ( m_code, service_date, week_day, session_code, session_name, start_time, end_time,  department_code, department_name, clinic_room_code, clinic_room_name,  doctor_code, doctor_name, doctor_title_code, doctor_title, doctor_spec,  doctor_sess_type_code, doctor_sess_type, service_code, service_name,  fee, reg_fee, checkup_fee, service_fee, other_fee, available_number_str,  admit_address_string, admit_time_range, note, time_range_flag, schedule_status,  available_total_num, available_left_num ) VALUES ( 'SCH_DOC_DEPT001_1_20260325_1', '2026-03-25', '3', '1', '上午', '08:00', '12:00', 'DEPT001', '内科', 'ROOM_DEPT001_4', '内科门诊3诊室', 'DOC_DEPT001_1', '张军', '02', '副主任医师', '高血压防治', '1', '专家门诊', 'SRV_001', '副主任医师挂号费', '15.00', '15.00', '0.00', '0.00', '0.00', '1,2,3,5,6,7,10,14,15,16,19,21,22,23,24,25', '主楼2层内科候诊区', '08:00-12:00', '请提前15分钟候诊', '0', '1', '28', '23' );
INSERT INTO doctor_schedule ( m_code, service_date, week_day, session_code, session_name, start_time, end_time,  department_code, department_name, clinic_room_code, clinic_room_name,  doctor_code, doctor_name, doctor_title_code, doctor_title, doctor_spec,  doctor_sess_type_code, doctor_sess_type, service_code, service_name,  fee, reg_fee, checkup_fee, service_fee, other_fee, available_number_str,  admit_address_string, admit_time_range, note, time_range_flag, schedule_status,  available_total_num, available_left_num ) VALUES ( 'SCH_DOC_DEPT001_1_20260325_2', '2026-03-25', '3', '2', '下午', '13:30', '17:30', 'DEPT001', '内科', 'ROOM_DEPT001_1', '内科门诊4诊室', 'DOC_DEPT001_1', '张军', '02', '副主任医师', '高血压防治', '1', '专家门诊', 'SRV_001', '副主任医师挂号费', '20.00', '20.00', '0.00', '0.00', '0.00', '1,4,5,6,7,10,12,13,14,15', '主楼3层内科候诊区', '13:30-17:30', '请提前15分钟候诊', '0', '1', '16', '4' );
INSERT INTO doctor_schedule ( m_code, service_date, week_day, session_code, session_name, start_time, end_time,  department_code, department_name, clinic_room_code, clinic_room_name,  doctor_code, doctor_name, doctor_title_code, doctor_title, doctor_spec,  doctor_sess_type_code, doctor_sess_type, service_code, service_name,  fee, reg_fee, checkup_fee, service_fee, other_fee, available_number_str,  admit_address_string, admit_time_range, note, time_range_flag, schedule_status,  available_total_num, available_left_num ) VALUES ( 'SCH_DOC_DEPT001_1_20260326_1', '2026-03-26', '4', '1', '上午', '08:00', '12:00', 'DEPT001', '内科', 'ROOM_DEPT001_4', '内科门诊1诊室', 'DOC_DEPT001_1', '张军', '02', '副主任医师', '高血压防治', '1', '专家门诊', 'SRV_001', '副主任医师挂号费', '50.00', '50.00', '0.00', '0.00', '0.00', '1,2,3,4,6,9,10,11,12,13,14,15,17,18,19,20,24,25,26,27', '主楼1层内科候诊区', '08:00-12:00', '请提前15分钟候诊', '0', '1', '28', '12' );
INSERT INTO doctor_schedule ( m_code, service_date, week_day, session_code, session_name, start_time, end_time,  department_code, department_name, clinic_room_code, clinic_room_name,  doctor_code, doctor_name, doctor_title_code, doctor_title, doctor_spec,  doctor_sess_type_code, doctor_sess_type, service_code, service_name,  fee, reg_fee, checkup_fee, service_fee, other_fee, available_number_str,  admit_address_string, admit_time_range, note, time_range_flag, schedule_status,  available_total_num, available_left_num ) VALUES ( 'SCH_DOC_DEPT001_1_20260327_1', '2026-03-27', '5', '1', '上午', '08:00', '12:00', 'DEPT001', '内科', 'ROOM_DEPT001_2', '内科门诊1诊室', 'DOC_DEPT001_1', '张军', '02', '副主任医师', '高血压防治', '1', '专家门诊', 'SRV_001', '副主任医师挂号费', '50.00', '50.00', '0.00', '0.00', '0.00', '1,2,3,6,7,10,11,13,14', '主楼4层内科候诊区', '08:00-12:00', '请提前15分钟候诊', '0', '1', '16', '7' );
INSERT INTO doctor_schedule ( m_code, service_date, week_day, session_code, session_name, start_time, end_time,  department_code, department_name, clinic_room_code, clinic_room_name,  doctor_code, doctor_name, doctor_title_code, doctor_title, doctor_spec,  doctor_sess_type_code, doctor_sess_type, service_code, service_name,  fee, reg_fee, checkup_fee, service_fee, other_fee, available_number_str,  admit_address_string, admit_time_range, note, time_range_flag, schedule_status,  available_total_num, available_left_num ) VALUES ( 'SCH_DOC_DEPT001_1_20260327_2', '2026-03-27', '5', '2', '下午', '13:30', '17:30', 'DEPT001', '内科', 'ROOM_DEPT001_2', '内科门诊2诊室', 'DOC_DEPT001_1', '张军', '02', '副主任医师', '高血压防治', '1', '专家门诊', 'SRV_001', '副主任医师挂号费', '50.00', '50.00', '0.00', '0.00', '0.00', '1,2,4,5,7,8,9,10,11,12,15,18,19,20,21,22,23,24,25,26,28,30,31,32', '主楼6层内科候诊区', '13:30-17:30', '请提前15分钟候诊', '0', '1', '32', '25' );
INSERT INTO doctor_schedule ( m_code, service_date, week_day, session_code, session_name, start_time, end_time,  department_code, department_name, clinic_room_code, clinic_room_name,  doctor_code, doctor_name, doctor_title_code, doctor_title, doctor_spec,  doctor_sess_type_code, doctor_sess_type, service_code, service_name,  fee, reg_fee, checkup_fee, service_fee, other_fee, available_number_str,  admit_address_string, admit_time_range, note, time_range_flag, schedule_status,  available_total_num, available_left_num ) VALUES ( 'SCH_DOC_DEPT001_1_20260328_2', '2026-03-28', '6', '2', '下午', '13:30', '17:30', 'DEPT001', '内科', 'ROOM_DEPT001_2', '内科门诊4诊室', 'DOC_DEPT001_1', '张军', '02', '副主任医师', '高血压防治', '1', '专家门诊', 'SRV_001', '副主任医师挂号费', '20.00', '20.00', '0.00', '0.00', '0.00', '1,2,3,4,5,7,8,9,13,14,15,16,18', '主楼6层内科候诊区', '13:30-17:30', '请提前15分钟候诊', '0', '1', '19', '5' );
INSERT INTO doctor_schedule ( m_code, service_date, week_day, session_code, session_name, start_time, end_time,  department_code, department_name, clinic_room_code, clinic_room_name,  doctor_code, doctor_name, doctor_title_code, doctor_title, doctor_spec,  doctor_sess_type_code, doctor_sess_type, service_code, service_name,  fee, reg_fee, checkup_fee, service_fee, other_fee, available_number_str,  admit_address_string, admit_time_range, note, time_range_flag, schedule_status,  available_total_num, available_left_num ) VALUES ( 'SCH_DOC_DEPT001_1_20260328_1', '2026-03-28', '6', '1', '上午', '08:00', '12:00', 'DEPT001', '内科', 'ROOM_DEPT001_1', '内科门诊4诊室', 'DOC_DEPT001_1', '张军', '02', '副主任医师', '高血压防治', '1', '专家门诊', 'SRV_001', '副主任医师挂号费', '15.00', '15.00', '0.00', '0.00', '0.00', '1,2,3,4,5,8,9,10,11,12,13,14,15,16,17,18,19,20,21,22,23,24,26,27,28,29', '主楼6层内科候诊区', '08:00-12:00', '请提前15分钟候诊', '0', '1', '30', '19' );
INSERT INTO doctor_schedule ( m_code, service_date, week_day, session_code, session_name, start_time, end_time,  department_code, department_name, clinic_room_code, clinic_room_name,  doctor_code, doctor_name, doctor_title_code, doctor_title, doctor_spec,  doctor_sess_type_code, doctor_sess_type, service_code, service_name,  fee, reg_fee, checkup_fee, service_fee, other_fee, available_number_str,  admit_address_string, admit_time_range, note, time_range_flag, schedule_status,  available_total_num, available_left_num ) VALUES ( 'SCH_DOC_DEPT001_1_20260329_1', '2026-03-29', '7', '1', '上午', '08:00', '12:00', 'DEPT001', '内科', 'ROOM_DEPT001_2', '内科门诊3诊室', 'DOC_DEPT001_1', '张军', '02', '副主任医师', '高血压防治', '1', '专家门诊', 'SRV_001', '副主任医师挂号费', '20.00', '20.00', '0.00', '0.00', '0.00', '1,2,3,4,6,9,10,11,12,13,14,16,17,22,23,24,25,27,28,29,32', '主楼6层内科候诊区', '08:00-12:00', '请提前15分钟候诊', '0', '1', '33', '9' );
INSERT INTO doctor_schedule ( m_code, service_date, week_day, session_code, session_name, start_time, end_time,  department_code, department_name, clinic_room_code, clinic_room_name,  doctor_code, doctor_name, doctor_title_code, doctor_title, doctor_spec,  doctor_sess_type_code, doctor_sess_type, service_code, service_name,  fee, reg_fee, checkup_fee, service_fee, other_fee, available_number_str,  admit_address_string, admit_time_range, note, time_range_flag, schedule_status,  available_total_num, available_left_num ) VALUES ( 'SCH_DOC_DEPT001_1_20260329_2', '2026-03-29', '7', '2', '下午', '13:30', '17:30', 'DEPT001', '内科', 'ROOM_DEPT001_4', '内科门诊5诊室', 'DOC_DEPT001_1', '张军', '02', '副主任医师', '高血压防治', '1', '专家门诊', 'SRV_001', '副主任医师挂号费', '50.00', '50.00', '0.00', '0.00', '0.00', '1,2,3,4,6,7,8,9,10,13,14,15,17', '主楼2层内科候诊区', '13:30-17:30', '请提前15分钟候诊', '0', '1', '18', '12' );
INSERT INTO doctor (doctor_code, doctor_name, department_code, title, specialty, doctor_des, doctor_image) VALUES ('DOC_DEPT001_2', '孙敏', 'DEPT001', '主任医师', '糖尿病管理', '孙敏主任医师，从事内科临床工作25年，待人亲切。他专注于糖尿病管理的诊疗，已成功治愈数千例相关患者。', 'doc_DOC_DEPT001_2.png');
INSERT INTO doctor_schedule ( m_code, service_date, week_day, session_code, session_name, start_time, end_time,  department_code, department_name, clinic_room_code, clinic_room_name,  doctor_code, doctor_name, doctor_title_code, doctor_title, doctor_spec,  doctor_sess_type_code, doctor_sess_type, service_code, service_name,  fee, reg_fee, checkup_fee, service_fee, other_fee, available_number_str,  admit_address_string, admit_time_range, note, time_range_flag, schedule_status,  available_total_num, available_left_num ) VALUES ( 'SCH_DOC_DEPT001_2_20260316_2', '2026-03-16', '1', '2', '下午', '13:30', '17:30', 'DEPT001', '内科', 'ROOM_DEPT001_3', '内科门诊5诊室', 'DOC_DEPT001_2', '孙敏', '01', '主任医师', '糖尿病管理', '1', '专家门诊', 'SRV_001', '主任医师挂号费', '50.00', '50.00', '0.00', '0.00', '0.00', '3,4,5,6,8,10,11,12,18', '主楼5层内科候诊区', '13:30-17:30', '请提前15分钟候诊', '0', '1', '19', '4' );
INSERT INTO doctor_schedule ( m_code, service_date, week_day, session_code, session_name, start_time, end_time,  department_code, department_name, clinic_room_code, clinic_room_name,  doctor_code, doctor_name, doctor_title_code, doctor_title, doctor_spec,  doctor_sess_type_code, doctor_sess_type, service_code, service_name,  fee, reg_fee, checkup_fee, service_fee, other_fee, available_number_str,  admit_address_string, admit_time_range, note, time_range_flag, schedule_status,  available_total_num, available_left_num ) VALUES ( 'SCH_DOC_DEPT001_2_20260317_2', '2026-03-17', '2', '2', '下午', '13:30', '17:30', 'DEPT001', '内科', 'ROOM_DEPT001_5', '内科门诊3诊室', 'DOC_DEPT001_2', '孙敏', '01', '主任医师', '糖尿病管理', '1', '专家门诊', 'SRV_001', '主任医师挂号费', '50.00', '50.00', '0.00', '0.00', '0.00', '1,2,3,4,6,7,9,10,11,12,13,15,16,18,19,20,21,22,23,25', '主楼6层内科候诊区', '13:30-17:30', '请提前15分钟候诊', '0', '1', '27', '24' );
INSERT INTO doctor_schedule ( m_code, service_date, week_day, session_code, session_name, start_time, end_time,  department_code, department_name, clinic_room_code, clinic_room_name,  doctor_code, doctor_name, doctor_title_code, doctor_title, doctor_spec,  doctor_sess_type_code, doctor_sess_type, service_code, service_name,  fee, reg_fee, checkup_fee, service_fee, other_fee, available_number_str,  admit_address_string, admit_time_range, note, time_range_flag, schedule_status,  available_total_num, available_left_num ) VALUES ( 'SCH_DOC_DEPT001_2_20260317_1', '2026-03-17', '2', '1', '上午', '08:00', '12:00', 'DEPT001', '内科', 'ROOM_DEPT001_5', '内科门诊5诊室', 'DOC_DEPT001_2', '孙敏', '01', '主任医师', '糖尿病管理', '1', '专家门诊', 'SRV_001', '主任医师挂号费', '15.00', '15.00', '0.00', '0.00', '0.00', '1,2,3,6,8,9,12,13,14,16,17,18,19,20,24,25,28,29,30', '主楼1层内科候诊区', '08:00-12:00', '请提前15分钟候诊', '0', '1', '31', '11' );
INSERT INTO doctor_schedule ( m_code, service_date, week_day, session_code, session_name, start_time, end_time,  department_code, department_name, clinic_room_code, clinic_room_name,  doctor_code, doctor_name, doctor_title_code, doctor_title, doctor_spec,  doctor_sess_type_code, doctor_sess_type, service_code, service_name,  fee, reg_fee, checkup_fee, service_fee, other_fee, available_number_str,  admit_address_string, admit_time_range, note, time_range_flag, schedule_status,  available_total_num, available_left_num ) VALUES ( 'SCH_DOC_DEPT001_2_20260318_1', '2026-03-18', '3', '1', '上午', '08:00', '12:00', 'DEPT001', '内科', 'ROOM_DEPT001_4', '内科门诊5诊室', 'DOC_DEPT001_2', '孙敏', '01', '主任医师', '糖尿病管理', '1', '专家门诊', 'SRV_001', '主任医师挂号费', '20.00', '20.00', '0.00', '0.00', '0.00', '1,2,3,4,5,6,7,8,9,10,11,12,17,19,20,21,23,24,25,26,29,30,31,32,33', '主楼6层内科候诊区', '08:00-12:00', '请提前15分钟候诊', '0', '1', '33', '21' );
INSERT INTO doctor_schedule ( m_code, service_date, week_day, session_code, session_name, start_time, end_time,  department_code, department_name, clinic_room_code, clinic_room_name,  doctor_code, doctor_name, doctor_title_code, doctor_title, doctor_spec,  doctor_sess_type_code, doctor_sess_type, service_code, service_name,  fee, reg_fee, checkup_fee, service_fee, other_fee, available_number_str,  admit_address_string, admit_time_range, note, time_range_flag, schedule_status,  available_total_num, available_left_num ) VALUES ( 'SCH_DOC_DEPT001_2_20260319_2', '2026-03-19', '4', '2', '下午', '13:30', '17:30', 'DEPT001', '内科', 'ROOM_DEPT001_5', '内科门诊4诊室', 'DOC_DEPT001_2', '孙敏', '01', '主任医师', '糖尿病管理', '1', '专家门诊', 'SRV_001', '主任医师挂号费', '50.00', '50.00', '0.00', '0.00', '0.00', '1,4,5,7,8,9,10,13,14,16,18,20,21,23,24', '主楼2层内科候诊区', '13:30-17:30', '请提前15分钟候诊', '0', '1', '24', '18' );
INSERT INTO doctor_schedule ( m_code, service_date, week_day, session_code, session_name, start_time, end_time,  department_code, department_name, clinic_room_code, clinic_room_name,  doctor_code, doctor_name, doctor_title_code, doctor_title, doctor_spec,  doctor_sess_type_code, doctor_sess_type, service_code, service_name,  fee, reg_fee, checkup_fee, service_fee, other_fee, available_number_str,  admit_address_string, admit_time_range, note, time_range_flag, schedule_status,  available_total_num, available_left_num ) VALUES ( 'SCH_DOC_DEPT001_2_20260319_1', '2026-03-19', '4', '1', '上午', '08:00', '12:00', 'DEPT001', '内科', 'ROOM_DEPT001_1', '内科门诊4诊室', 'DOC_DEPT001_2', '孙敏', '01', '主任医师', '糖尿病管理', '1', '专家门诊', 'SRV_001', '主任医师挂号费', '50.00', '50.00', '0.00', '0.00', '0.00', '1,3,4,7,8,9,10,11,12,13,14,15,16,19,20,21,24,25,26,28,29,30,31,33', '主楼4层内科候诊区', '08:00-12:00', '请提前15分钟候诊', '0', '1', '34', '30' );
INSERT INTO doctor_schedule ( m_code, service_date, week_day, session_code, session_name, start_time, end_time,  department_code, department_name, clinic_room_code, clinic_room_name,  doctor_code, doctor_name, doctor_title_code, doctor_title, doctor_spec,  doctor_sess_type_code, doctor_sess_type, service_code, service_name,  fee, reg_fee, checkup_fee, service_fee, other_fee, available_number_str,  admit_address_string, admit_time_range, note, time_range_flag, schedule_status,  available_total_num, available_left_num ) VALUES ( 'SCH_DOC_DEPT001_2_20260320_2', '2026-03-20', '5', '2', '下午', '13:30', '17:30', 'DEPT001', '内科', 'ROOM_DEPT001_1', '内科门诊5诊室', 'DOC_DEPT001_2', '孙敏', '01', '主任医师', '糖尿病管理', '1', '专家门诊', 'SRV_001', '主任医师挂号费', '50.00', '50.00', '0.00', '0.00', '0.00', '1,3,5,6,7,9,10,13,14,15,16,17,18,19,20,22,23,25,26,27,28,29,32,33,37,38', '主楼1层内科候诊区', '13:30-17:30', '请提前15分钟候诊', '0', '1', '38', '19' );
INSERT INTO doctor_schedule ( m_code, service_date, week_day, session_code, session_name, start_time, end_time,  department_code, department_name, clinic_room_code, clinic_room_name,  doctor_code, doctor_name, doctor_title_code, doctor_title, doctor_spec,  doctor_sess_type_code, doctor_sess_type, service_code, service_name,  fee, reg_fee, checkup_fee, service_fee, other_fee, available_number_str,  admit_address_string, admit_time_range, note, time_range_flag, schedule_status,  available_total_num, available_left_num ) VALUES ( 'SCH_DOC_DEPT001_2_20260320_1', '2026-03-20', '5', '1', '上午', '08:00', '12:00', 'DEPT001', '内科', 'ROOM_DEPT001_2', '内科门诊2诊室', 'DOC_DEPT001_2', '孙敏', '01', '主任医师', '糖尿病管理', '1', '专家门诊', 'SRV_001', '主任医师挂号费', '50.00', '50.00', '0.00', '0.00', '0.00', '1,3,5,6,8,10,12,14,15', '主楼4层内科候诊区', '08:00-12:00', '请提前15分钟候诊', '0', '1', '15', '6' );
INSERT INTO doctor_schedule ( m_code, service_date, week_day, session_code, session_name, start_time, end_time,  department_code, department_name, clinic_room_code, clinic_room_name,  doctor_code, doctor_name, doctor_title_code, doctor_title, doctor_spec,  doctor_sess_type_code, doctor_sess_type, service_code, service_name,  fee, reg_fee, checkup_fee, service_fee, other_fee, available_number_str,  admit_address_string, admit_time_range, note, time_range_flag, schedule_status,  available_total_num, available_left_num ) VALUES ( 'SCH_DOC_DEPT001_2_20260321_1', '2026-03-21', '6', '1', '上午', '08:00', '12:00', 'DEPT001', '内科', 'ROOM_DEPT001_3', '内科门诊4诊室', 'DOC_DEPT001_2', '孙敏', '01', '主任医师', '糖尿病管理', '1', '专家门诊', 'SRV_001', '主任医师挂号费', '50.00', '50.00', '0.00', '0.00', '0.00', '1,2,3,4,5,8,12,14,15,17,18,22,23,24,25,26,27,29,30,32,35,37,39', '主楼5层内科候诊区', '08:00-12:00', '请提前15分钟候诊', '0', '1', '39', '15' );
INSERT INTO doctor_schedule ( m_code, service_date, week_day, session_code, session_name, start_time, end_time,  department_code, department_name, clinic_room_code, clinic_room_name,  doctor_code, doctor_name, doctor_title_code, doctor_title, doctor_spec,  doctor_sess_type_code, doctor_sess_type, service_code, service_name,  fee, reg_fee, checkup_fee, service_fee, other_fee, available_number_str,  admit_address_string, admit_time_range, note, time_range_flag, schedule_status,  available_total_num, available_left_num ) VALUES ( 'SCH_DOC_DEPT001_2_20260322_2', '2026-03-22', '7', '2', '下午', '13:30', '17:30', 'DEPT001', '内科', 'ROOM_DEPT001_5', '内科门诊1诊室', 'DOC_DEPT001_2', '孙敏', '01', '主任医师', '糖尿病管理', '1', '专家门诊', 'SRV_001', '主任医师挂号费', '15.00', '15.00', '0.00', '0.00', '0.00', '1,2,5,6,7,8,9,13,14,15,17,18,19,20', '主楼1层内科候诊区', '13:30-17:30', '请提前15分钟候诊', '0', '1', '20', '8' );
INSERT INTO doctor_schedule ( m_code, service_date, week_day, session_code, session_name, start_time, end_time,  department_code, department_name, clinic_room_code, clinic_room_name,  doctor_code, doctor_name, doctor_title_code, doctor_title, doctor_spec,  doctor_sess_type_code, doctor_sess_type, service_code, service_name,  fee, reg_fee, checkup_fee, service_fee, other_fee, available_number_str,  admit_address_string, admit_time_range, note, time_range_flag, schedule_status,  available_total_num, available_left_num ) VALUES ( 'SCH_DOC_DEPT001_2_20260322_1', '2026-03-22', '7', '1', '上午', '08:00', '12:00', 'DEPT001', '内科', 'ROOM_DEPT001_4', '内科门诊1诊室', 'DOC_DEPT001_2', '孙敏', '01', '主任医师', '糖尿病管理', '1', '专家门诊', 'SRV_001', '主任医师挂号费', '50.00', '50.00', '0.00', '0.00', '0.00', '1,2,3,4,6,7,8,9,11,12,14,18,19,20,22,23,24,25,27', '主楼3层内科候诊区', '08:00-12:00', '请提前15分钟候诊', '0', '1', '28', '13' );
INSERT INTO doctor_schedule ( m_code, service_date, week_day, session_code, session_name, start_time, end_time,  department_code, department_name, clinic_room_code, clinic_room_name,  doctor_code, doctor_name, doctor_title_code, doctor_title, doctor_spec,  doctor_sess_type_code, doctor_sess_type, service_code, service_name,  fee, reg_fee, checkup_fee, service_fee, other_fee, available_number_str,  admit_address_string, admit_time_range, note, time_range_flag, schedule_status,  available_total_num, available_left_num ) VALUES ( 'SCH_DOC_DEPT001_2_20260323_2', '2026-03-23', '1', '2', '下午', '13:30', '17:30', 'DEPT001', '内科', 'ROOM_DEPT001_2', '内科门诊1诊室', 'DOC_DEPT001_2', '孙敏', '01', '主任医师', '糖尿病管理', '1', '专家门诊', 'SRV_001', '主任医师挂号费', '50.00', '50.00', '0.00', '0.00', '0.00', '1,2,3,4,5,6,7,8,9,10,12,13,14,17,18,21,22,24,25,26,28,29,30,31', '主楼4层内科候诊区', '13:30-17:30', '请提前15分钟候诊', '0', '1', '31', '17' );
INSERT INTO doctor_schedule ( m_code, service_date, week_day, session_code, session_name, start_time, end_time,  department_code, department_name, clinic_room_code, clinic_room_name,  doctor_code, doctor_name, doctor_title_code, doctor_title, doctor_spec,  doctor_sess_type_code, doctor_sess_type, service_code, service_name,  fee, reg_fee, checkup_fee, service_fee, other_fee, available_number_str,  admit_address_string, admit_time_range, note, time_range_flag, schedule_status,  available_total_num, available_left_num ) VALUES ( 'SCH_DOC_DEPT001_2_20260323_1', '2026-03-23', '1', '1', '上午', '08:00', '12:00', 'DEPT001', '内科', 'ROOM_DEPT001_1', '内科门诊5诊室', 'DOC_DEPT001_2', '孙敏', '01', '主任医师', '糖尿病管理', '1', '专家门诊', 'SRV_001', '主任医师挂号费', '15.00', '15.00', '0.00', '0.00', '0.00', '1,2,3,4,5,6,7,8,9,10,12,14,15,16,18,19,20,25,28,29,31,32,33,34', '主楼2层内科候诊区', '08:00-12:00', '请提前15分钟候诊', '0', '1', '34', '13' );
INSERT INTO doctor_schedule ( m_code, service_date, week_day, session_code, session_name, start_time, end_time,  department_code, department_name, clinic_room_code, clinic_room_name,  doctor_code, doctor_name, doctor_title_code, doctor_title, doctor_spec,  doctor_sess_type_code, doctor_sess_type, service_code, service_name,  fee, reg_fee, checkup_fee, service_fee, other_fee, available_number_str,  admit_address_string, admit_time_range, note, time_range_flag, schedule_status,  available_total_num, available_left_num ) VALUES ( 'SCH_DOC_DEPT001_2_20260324_1', '2026-03-24', '2', '1', '上午', '08:00', '12:00', 'DEPT001', '内科', 'ROOM_DEPT001_4', '内科门诊5诊室', 'DOC_DEPT001_2', '孙敏', '01', '主任医师', '糖尿病管理', '1', '专家门诊', 'SRV_001', '主任医师挂号费', '50.00', '50.00', '0.00', '0.00', '0.00', '1,2,3,4,5,6,7,9,10,11,12,14,16,17,18,20,21,22,23,26,27,28,29,30,33,35,36,38,40', '主楼3层内科候诊区', '08:00-12:00', '请提前15分钟候诊', '0', '1', '40', '28' );
INSERT INTO doctor_schedule ( m_code, service_date, week_day, session_code, session_name, start_time, end_time,  department_code, department_name, clinic_room_code, clinic_room_name,  doctor_code, doctor_name, doctor_title_code, doctor_title, doctor_spec,  doctor_sess_type_code, doctor_sess_type, service_code, service_name,  fee, reg_fee, checkup_fee, service_fee, other_fee, available_number_str,  admit_address_string, admit_time_range, note, time_range_flag, schedule_status,  available_total_num, available_left_num ) VALUES ( 'SCH_DOC_DEPT001_2_20260324_2', '2026-03-24', '2', '2', '下午', '13:30', '17:30', 'DEPT001', '内科', 'ROOM_DEPT001_2', '内科门诊3诊室', 'DOC_DEPT001_2', '孙敏', '01', '主任医师', '糖尿病管理', '1', '专家门诊', 'SRV_001', '主任医师挂号费', '15.00', '15.00', '0.00', '0.00', '0.00', '1,2,4,5,8,9,10,11,13,14,15,16,17,18,19,20,21,24,25,26,28,29', '主楼5层内科候诊区', '13:30-17:30', '请提前15分钟候诊', '0', '1', '29', '7' );
INSERT INTO doctor_schedule ( m_code, service_date, week_day, session_code, session_name, start_time, end_time,  department_code, department_name, clinic_room_code, clinic_room_name,  doctor_code, doctor_name, doctor_title_code, doctor_title, doctor_spec,  doctor_sess_type_code, doctor_sess_type, service_code, service_name,  fee, reg_fee, checkup_fee, service_fee, other_fee, available_number_str,  admit_address_string, admit_time_range, note, time_range_flag, schedule_status,  available_total_num, available_left_num ) VALUES ( 'SCH_DOC_DEPT001_2_20260325_2', '2026-03-25', '3', '2', '下午', '13:30', '17:30', 'DEPT001', '内科', 'ROOM_DEPT001_4', '内科门诊4诊室', 'DOC_DEPT001_2', '孙敏', '01', '主任医师', '糖尿病管理', '1', '专家门诊', 'SRV_001', '主任医师挂号费', '15.00', '15.00', '0.00', '0.00', '0.00', '1,3,4,7,8,10,14,16,17,18,19,20,21,22,23,24,27,29,30,32,33', '主楼2层内科候诊区', '13:30-17:30', '请提前15分钟候诊', '0', '1', '33', '29' );
INSERT INTO doctor_schedule ( m_code, service_date, week_day, session_code, session_name, start_time, end_time,  department_code, department_name, clinic_room_code, clinic_room_name,  doctor_code, doctor_name, doctor_title_code, doctor_title, doctor_spec,  doctor_sess_type_code, doctor_sess_type, service_code, service_name,  fee, reg_fee, checkup_fee, service_fee, other_fee, available_number_str,  admit_address_string, admit_time_range, note, time_range_flag, schedule_status,  available_total_num, available_left_num ) VALUES ( 'SCH_DOC_DEPT001_2_20260326_2', '2026-03-26', '4', '2', '下午', '13:30', '17:30', 'DEPT001', '内科', 'ROOM_DEPT001_4', '内科门诊5诊室', 'DOC_DEPT001_2', '孙敏', '01', '主任医师', '糖尿病管理', '1', '专家门诊', 'SRV_001', '主任医师挂号费', '20.00', '20.00', '0.00', '0.00', '0.00', '1,2,3,5,6,7,8,11,18,19,20,23,26,27,29,32,33,35,36,37', '主楼1层内科候诊区', '13:30-17:30', '请提前15分钟候诊', '0', '1', '37', '24' );
INSERT INTO doctor_schedule ( m_code, service_date, week_day, session_code, session_name, start_time, end_time,  department_code, department_name, clinic_room_code, clinic_room_name,  doctor_code, doctor_name, doctor_title_code, doctor_title, doctor_spec,  doctor_sess_type_code, doctor_sess_type, service_code, service_name,  fee, reg_fee, checkup_fee, service_fee, other_fee, available_number_str,  admit_address_string, admit_time_range, note, time_range_flag, schedule_status,  available_total_num, available_left_num ) VALUES ( 'SCH_DOC_DEPT001_2_20260327_2', '2026-03-27', '5', '2', '下午', '13:30', '17:30', 'DEPT001', '内科', 'ROOM_DEPT001_2', '内科门诊3诊室', 'DOC_DEPT001_2', '孙敏', '01', '主任医师', '糖尿病管理', '1', '专家门诊', 'SRV_001', '主任医师挂号费', '20.00', '20.00', '0.00', '0.00', '0.00', '1,3,4,5,8,11,12,14,15,20,21,22', '主楼5层内科候诊区', '13:30-17:30', '请提前15分钟候诊', '0', '1', '22', '21' );
INSERT INTO doctor_schedule ( m_code, service_date, week_day, session_code, session_name, start_time, end_time,  department_code, department_name, clinic_room_code, clinic_room_name,  doctor_code, doctor_name, doctor_title_code, doctor_title, doctor_spec,  doctor_sess_type_code, doctor_sess_type, service_code, service_name,  fee, reg_fee, checkup_fee, service_fee, other_fee, available_number_str,  admit_address_string, admit_time_range, note, time_range_flag, schedule_status,  available_total_num, available_left_num ) VALUES ( 'SCH_DOC_DEPT001_2_20260327_1', '2026-03-27', '5', '1', '上午', '08:00', '12:00', 'DEPT001', '内科', 'ROOM_DEPT001_3', '内科门诊1诊室', 'DOC_DEPT001_2', '孙敏', '01', '主任医师', '糖尿病管理', '1', '专家门诊', 'SRV_001', '主任医师挂号费', '15.00', '15.00', '0.00', '0.00', '0.00', '1,2,3,5,6,7,8,9,10,12,13,14,15,16,17', '主楼6层内科候诊区', '08:00-12:00', '请提前15分钟候诊', '0', '1', '18', '16' );
INSERT INTO doctor_schedule ( m_code, service_date, week_day, session_code, session_name, start_time, end_time,  department_code, department_name, clinic_room_code, clinic_room_name,  doctor_code, doctor_name, doctor_title_code, doctor_title, doctor_spec,  doctor_sess_type_code, doctor_sess_type, service_code, service_name,  fee, reg_fee, checkup_fee, service_fee, other_fee, available_number_str,  admit_address_string, admit_time_range, note, time_range_flag, schedule_status,  available_total_num, available_left_num ) VALUES ( 'SCH_DOC_DEPT001_2_20260328_1', '2026-03-28', '6', '1', '上午', '08:00', '12:00', 'DEPT001', '内科', 'ROOM_DEPT001_2', '内科门诊3诊室', 'DOC_DEPT001_2', '孙敏', '01', '主任医师', '糖尿病管理', '1', '专家门诊', 'SRV_001', '主任医师挂号费', '50.00', '50.00', '0.00', '0.00', '0.00', '2,3,4,5,6,7,8,9,10,11,12,14,15,18,19,20,21,23,24,25', '主楼3层内科候诊区', '08:00-12:00', '请提前15分钟候诊', '0', '1', '25', '14' );
INSERT INTO doctor_schedule ( m_code, service_date, week_day, session_code, session_name, start_time, end_time,  department_code, department_name, clinic_room_code, clinic_room_name,  doctor_code, doctor_name, doctor_title_code, doctor_title, doctor_spec,  doctor_sess_type_code, doctor_sess_type, service_code, service_name,  fee, reg_fee, checkup_fee, service_fee, other_fee, available_number_str,  admit_address_string, admit_time_range, note, time_range_flag, schedule_status,  available_total_num, available_left_num ) VALUES ( 'SCH_DOC_DEPT001_2_20260329_2', '2026-03-29', '7', '2', '下午', '13:30', '17:30', 'DEPT001', '内科', 'ROOM_DEPT001_2', '内科门诊4诊室', 'DOC_DEPT001_2', '孙敏', '01', '主任医师', '糖尿病管理', '1', '专家门诊', 'SRV_001', '主任医师挂号费', '50.00', '50.00', '0.00', '0.00', '0.00', '1,2,3,4,6,7,8,9,10,11,12,13,14,16,17', '主楼3层内科候诊区', '13:30-17:30', '请提前15分钟候诊', '0', '1', '19', '8' );
INSERT INTO doctor_schedule ( m_code, service_date, week_day, session_code, session_name, start_time, end_time,  department_code, department_name, clinic_room_code, clinic_room_name,  doctor_code, doctor_name, doctor_title_code, doctor_title, doctor_spec,  doctor_sess_type_code, doctor_sess_type, service_code, service_name,  fee, reg_fee, checkup_fee, service_fee, other_fee, available_number_str,  admit_address_string, admit_time_range, note, time_range_flag, schedule_status,  available_total_num, available_left_num ) VALUES ( 'SCH_DOC_DEPT001_2_20260329_1', '2026-03-29', '7', '1', '上午', '08:00', '12:00', 'DEPT001', '内科', 'ROOM_DEPT001_3', '内科门诊4诊室', 'DOC_DEPT001_2', '孙敏', '01', '主任医师', '糖尿病管理', '1', '专家门诊', 'SRV_001', '主任医师挂号费', '50.00', '50.00', '0.00', '0.00', '0.00', '1,3,5,6,7,8,9,11,13,14,16,18,19,21,22', '主楼1层内科候诊区', '08:00-12:00', '请提前15分钟候诊', '0', '1', '23', '17' );
INSERT INTO doctor (doctor_code, doctor_name, department_code, title, specialty, doctor_des, doctor_image) VALUES ('DOC_DEPT001_3', '何芳', 'DEPT001', '主治医师', '心衰康复', '何芳主治医师，从事内科临床工作16年，经验丰富。她长期致力于心衰康复的诊疗，已成功治愈数千例相关患者。', 'doc_DOC_DEPT001_3.png');
INSERT INTO doctor_schedule ( m_code, service_date, week_day, session_code, session_name, start_time, end_time,  department_code, department_name, clinic_room_code, clinic_room_name,  doctor_code, doctor_name, doctor_title_code, doctor_title, doctor_spec,  doctor_sess_type_code, doctor_sess_type, service_code, service_name,  fee, reg_fee, checkup_fee, service_fee, other_fee, available_number_str,  admit_address_string, admit_time_range, note, time_range_flag, schedule_status,  available_total_num, available_left_num ) VALUES ( 'SCH_DOC_DEPT001_3_20260316_2', '2026-03-16', '1', '2', '下午', '13:30', '17:30', 'DEPT001', '内科', 'ROOM_DEPT001_2', '内科门诊5诊室', 'DOC_DEPT001_3', '何芳', '03', '主治医师', '心衰康复', '1', '专家门诊', 'SRV_001', '主治医师挂号费', '15.00', '15.00', '0.00', '0.00', '0.00', '1,2,3,5,6,7,8,9,13,14,15,16,18,19,22,23,24,25,26,27,28,29,31,32,33,34,36', '主楼5层内科候诊区', '13:30-17:30', '请提前15分钟候诊', '0', '1', '38', '17' );
INSERT INTO doctor_schedule ( m_code, service_date, week_day, session_code, session_name, start_time, end_time,  department_code, department_name, clinic_room_code, clinic_room_name,  doctor_code, doctor_name, doctor_title_code, doctor_title, doctor_spec,  doctor_sess_type_code, doctor_sess_type, service_code, service_name,  fee, reg_fee, checkup_fee, service_fee, other_fee, available_number_str,  admit_address_string, admit_time_range, note, time_range_flag, schedule_status,  available_total_num, available_left_num ) VALUES ( 'SCH_DOC_DEPT001_3_20260316_1', '2026-03-16', '1', '1', '上午', '08:00', '12:00', 'DEPT001', '内科', 'ROOM_DEPT001_2', '内科门诊2诊室', 'DOC_DEPT001_3', '何芳', '03', '主治医师', '心衰康复', '1', '专家门诊', 'SRV_001', '主治医师挂号费', '15.00', '15.00', '0.00', '0.00', '0.00', '1,2,3,4,6,7,8,9,11,13,15,18,19,20,22,23,24,25,26,27,28,29,30,32,36,37', '主楼3层内科候诊区', '08:00-12:00', '请提前15分钟候诊', '0', '1', '37', '35' );
INSERT INTO doctor_schedule ( m_code, service_date, week_day, session_code, session_name, start_time, end_time,  department_code, department_name, clinic_room_code, clinic_room_name,  doctor_code, doctor_name, doctor_title_code, doctor_title, doctor_spec,  doctor_sess_type_code, doctor_sess_type, service_code, service_name,  fee, reg_fee, checkup_fee, service_fee, other_fee, available_number_str,  admit_address_string, admit_time_range, note, time_range_flag, schedule_status,  available_total_num, available_left_num ) VALUES ( 'SCH_DOC_DEPT001_3_20260317_1', '2026-03-17', '2', '1', '上午', '08:00', '12:00', 'DEPT001', '内科', 'ROOM_DEPT001_4', '内科门诊3诊室', 'DOC_DEPT001_3', '何芳', '03', '主治医师', '心衰康复', '1', '专家门诊', 'SRV_001', '主治医师挂号费', '15.00', '15.00', '0.00', '0.00', '0.00', '1,2,3,4,6,8,10,11,12,13,14,15,16,17,20,23,24,25,26,27,28,29,30,31,33', '主楼3层内科候诊区', '08:00-12:00', '请提前15分钟候诊', '0', '1', '33', '20' );
INSERT INTO doctor_schedule ( m_code, service_date, week_day, session_code, session_name, start_time, end_time,  department_code, department_name, clinic_room_code, clinic_room_name,  doctor_code, doctor_name, doctor_title_code, doctor_title, doctor_spec,  doctor_sess_type_code, doctor_sess_type, service_code, service_name,  fee, reg_fee, checkup_fee, service_fee, other_fee, available_number_str,  admit_address_string, admit_time_range, note, time_range_flag, schedule_status,  available_total_num, available_left_num ) VALUES ( 'SCH_DOC_DEPT001_3_20260321_2', '2026-03-21', '6', '2', '下午', '13:30', '17:30', 'DEPT001', '内科', 'ROOM_DEPT001_5', '内科门诊3诊室', 'DOC_DEPT001_3', '何芳', '03', '主治医师', '心衰康复', '1', '专家门诊', 'SRV_001', '主治医师挂号费', '15.00', '15.00', '0.00', '0.00', '0.00', '1,3,5,6,7,8,9,12,13,14,16', '主楼2层内科候诊区', '13:30-17:30', '请提前15分钟候诊', '0', '1', '16', '10' );
INSERT INTO doctor_schedule ( m_code, service_date, week_day, session_code, session_name, start_time, end_time,  department_code, department_name, clinic_room_code, clinic_room_name,  doctor_code, doctor_name, doctor_title_code, doctor_title, doctor_spec,  doctor_sess_type_code, doctor_sess_type, service_code, service_name,  fee, reg_fee, checkup_fee, service_fee, other_fee, available_number_str,  admit_address_string, admit_time_range, note, time_range_flag, schedule_status,  available_total_num, available_left_num ) VALUES ( 'SCH_DOC_DEPT001_3_20260323_1', '2026-03-23', '1', '1', '上午', '08:00', '12:00', 'DEPT001', '内科', 'ROOM_DEPT001_1', '内科门诊5诊室', 'DOC_DEPT001_3', '何芳', '03', '主治医师', '心衰康复', '1', '专家门诊', 'SRV_001', '主治医师挂号费', '15.00', '15.00', '0.00', '0.00', '0.00', '1,2,3,4,6,8,10,11,13,15', '主楼1层内科候诊区', '08:00-12:00', '请提前15分钟候诊', '0', '1', '15', '14' );
INSERT INTO doctor_schedule ( m_code, service_date, week_day, session_code, session_name, start_time, end_time,  department_code, department_name, clinic_room_code, clinic_room_name,  doctor_code, doctor_name, doctor_title_code, doctor_title, doctor_spec,  doctor_sess_type_code, doctor_sess_type, service_code, service_name,  fee, reg_fee, checkup_fee, service_fee, other_fee, available_number_str,  admit_address_string, admit_time_range, note, time_range_flag, schedule_status,  available_total_num, available_left_num ) VALUES ( 'SCH_DOC_DEPT001_3_20260324_2', '2026-03-24', '2', '2', '下午', '13:30', '17:30', 'DEPT001', '内科', 'ROOM_DEPT001_5', '内科门诊5诊室', 'DOC_DEPT001_3', '何芳', '03', '主治医师', '心衰康复', '1', '专家门诊', 'SRV_001', '主治医师挂号费', '50.00', '50.00', '0.00', '0.00', '0.00', '1,2,3,5,7,8,9,10,11,12,13,14,15', '主楼4层内科候诊区', '13:30-17:30', '请提前15分钟候诊', '0', '1', '17', '17' );
INSERT INTO doctor_schedule ( m_code, service_date, week_day, session_code, session_name, start_time, end_time,  department_code, department_name, clinic_room_code, clinic_room_name,  doctor_code, doctor_name, doctor_title_code, doctor_title, doctor_spec,  doctor_sess_type_code, doctor_sess_type, service_code, service_name,  fee, reg_fee, checkup_fee, service_fee, other_fee, available_number_str,  admit_address_string, admit_time_range, note, time_range_flag, schedule_status,  available_total_num, available_left_num ) VALUES ( 'SCH_DOC_DEPT001_3_20260325_2', '2026-03-25', '3', '2', '下午', '13:30', '17:30', 'DEPT001', '内科', 'ROOM_DEPT001_4', '内科门诊1诊室', 'DOC_DEPT001_3', '何芳', '03', '主治医师', '心衰康复', '1', '专家门诊', 'SRV_001', '主治医师挂号费', '15.00', '15.00', '0.00', '0.00', '0.00', '1,3,4,6,7,10,12,13,15,16,17,18,19,21,22,23,24,25,27,28', '主楼5层内科候诊区', '13:30-17:30', '请提前15分钟候诊', '0', '1', '28', '19' );
INSERT INTO doctor_schedule ( m_code, service_date, week_day, session_code, session_name, start_time, end_time,  department_code, department_name, clinic_room_code, clinic_room_name,  doctor_code, doctor_name, doctor_title_code, doctor_title, doctor_spec,  doctor_sess_type_code, doctor_sess_type, service_code, service_name,  fee, reg_fee, checkup_fee, service_fee, other_fee, available_number_str,  admit_address_string, admit_time_range, note, time_range_flag, schedule_status,  available_total_num, available_left_num ) VALUES ( 'SCH_DOC_DEPT001_3_20260326_1', '2026-03-26', '4', '1', '上午', '08:00', '12:00', 'DEPT001', '内科', 'ROOM_DEPT001_5', '内科门诊4诊室', 'DOC_DEPT001_3', '何芳', '03', '主治医师', '心衰康复', '1', '专家门诊', 'SRV_001', '主治医师挂号费', '20.00', '20.00', '0.00', '0.00', '0.00', '1,2,3,4,5,7,8,9,12,13,14,15,17,18,19', '主楼3层内科候诊区', '08:00-12:00', '请提前15分钟候诊', '0', '1', '19', '4' );
INSERT INTO doctor_schedule ( m_code, service_date, week_day, session_code, session_name, start_time, end_time,  department_code, department_name, clinic_room_code, clinic_room_name,  doctor_code, doctor_name, doctor_title_code, doctor_title, doctor_spec,  doctor_sess_type_code, doctor_sess_type, service_code, service_name,  fee, reg_fee, checkup_fee, service_fee, other_fee, available_number_str,  admit_address_string, admit_time_range, note, time_range_flag, schedule_status,  available_total_num, available_left_num ) VALUES ( 'SCH_DOC_DEPT001_3_20260326_2', '2026-03-26', '4', '2', '下午', '13:30', '17:30', 'DEPT001', '内科', 'ROOM_DEPT001_3', '内科门诊2诊室', 'DOC_DEPT001_3', '何芳', '03', '主治医师', '心衰康复', '1', '专家门诊', 'SRV_001', '主治医师挂号费', '20.00', '20.00', '0.00', '0.00', '0.00', '2,3,4,5,6,7,9,10,11,12,13,15,17,19,20,22,23,24,25,26', '主楼3层内科候诊区', '13:30-17:30', '请提前15分钟候诊', '0', '1', '26', '13' );
INSERT INTO doctor_schedule ( m_code, service_date, week_day, session_code, session_name, start_time, end_time,  department_code, department_name, clinic_room_code, clinic_room_name,  doctor_code, doctor_name, doctor_title_code, doctor_title, doctor_spec,  doctor_sess_type_code, doctor_sess_type, service_code, service_name,  fee, reg_fee, checkup_fee, service_fee, other_fee, available_number_str,  admit_address_string, admit_time_range, note, time_range_flag, schedule_status,  available_total_num, available_left_num ) VALUES ( 'SCH_DOC_DEPT001_3_20260327_1', '2026-03-27', '5', '1', '上午', '08:00', '12:00', 'DEPT001', '内科', 'ROOM_DEPT001_4', '内科门诊3诊室', 'DOC_DEPT001_3', '何芳', '03', '主治医师', '心衰康复', '1', '专家门诊', 'SRV_001', '主治医师挂号费', '50.00', '50.00', '0.00', '0.00', '0.00', '1,2,3,4,5,6,8,9,11,13,15,16,17,18,21,23,24,25,27,28,29,30', '主楼6层内科候诊区', '08:00-12:00', '请提前15分钟候诊', '0', '1', '30', '28' );
INSERT INTO doctor_schedule ( m_code, service_date, week_day, session_code, session_name, start_time, end_time,  department_code, department_name, clinic_room_code, clinic_room_name,  doctor_code, doctor_name, doctor_title_code, doctor_title, doctor_spec,  doctor_sess_type_code, doctor_sess_type, service_code, service_name,  fee, reg_fee, checkup_fee, service_fee, other_fee, available_number_str,  admit_address_string, admit_time_range, note, time_range_flag, schedule_status,  available_total_num, available_left_num ) VALUES ( 'SCH_DOC_DEPT001_3_20260327_2', '2026-03-27', '5', '2', '下午', '13:30', '17:30', 'DEPT001', '内科', 'ROOM_DEPT001_1', '内科门诊5诊室', 'DOC_DEPT001_3', '何芳', '03', '主治医师', '心衰康复', '1', '专家门诊', 'SRV_001', '主治医师挂号费', '15.00', '15.00', '0.00', '0.00', '0.00', '3,5,6,7,9,10,11,12,15,16,17,19,20,21,22,24,26,29,30,31,32,33,34,35,36,37,38', '主楼6层内科候诊区', '13:30-17:30', '请提前15分钟候诊', '0', '1', '39', '24' );
INSERT INTO doctor_schedule ( m_code, service_date, week_day, session_code, session_name, start_time, end_time,  department_code, department_name, clinic_room_code, clinic_room_name,  doctor_code, doctor_name, doctor_title_code, doctor_title, doctor_spec,  doctor_sess_type_code, doctor_sess_type, service_code, service_name,  fee, reg_fee, checkup_fee, service_fee, other_fee, available_number_str,  admit_address_string, admit_time_range, note, time_range_flag, schedule_status,  available_total_num, available_left_num ) VALUES ( 'SCH_DOC_DEPT001_3_20260328_1', '2026-03-28', '6', '1', '上午', '08:00', '12:00', 'DEPT001', '内科', 'ROOM_DEPT001_2', '内科门诊2诊室', 'DOC_DEPT001_3', '何芳', '03', '主治医师', '心衰康复', '1', '专家门诊', 'SRV_001', '主治医师挂号费', '15.00', '15.00', '0.00', '0.00', '0.00', '2,3,6,7,8,10,11,13,15,17,19,21,22,24,25,26,27,28', '主楼3层内科候诊区', '08:00-12:00', '请提前15分钟候诊', '0', '1', '28', '17' );
INSERT INTO doctor_schedule ( m_code, service_date, week_day, session_code, session_name, start_time, end_time,  department_code, department_name, clinic_room_code, clinic_room_name,  doctor_code, doctor_name, doctor_title_code, doctor_title, doctor_spec,  doctor_sess_type_code, doctor_sess_type, service_code, service_name,  fee, reg_fee, checkup_fee, service_fee, other_fee, available_number_str,  admit_address_string, admit_time_range, note, time_range_flag, schedule_status,  available_total_num, available_left_num ) VALUES ( 'SCH_DOC_DEPT001_3_20260328_2', '2026-03-28', '6', '2', '下午', '13:30', '17:30', 'DEPT001', '内科', 'ROOM_DEPT001_1', '内科门诊2诊室', 'DOC_DEPT001_3', '何芳', '03', '主治医师', '心衰康复', '1', '专家门诊', 'SRV_001', '主治医师挂号费', '50.00', '50.00', '0.00', '0.00', '0.00', '1,2,3,4,5,6,7,9,10,12,14,15,16,17,21,23,24,25,26,28,29,30,31,32,36,37,38', '主楼6层内科候诊区', '13:30-17:30', '请提前15分钟候诊', '0', '1', '38', '32' );
INSERT INTO doctor_schedule ( m_code, service_date, week_day, session_code, session_name, start_time, end_time,  department_code, department_name, clinic_room_code, clinic_room_name,  doctor_code, doctor_name, doctor_title_code, doctor_title, doctor_spec,  doctor_sess_type_code, doctor_sess_type, service_code, service_name,  fee, reg_fee, checkup_fee, service_fee, other_fee, available_number_str,  admit_address_string, admit_time_range, note, time_range_flag, schedule_status,  available_total_num, available_left_num ) VALUES ( 'SCH_DOC_DEPT001_3_20260329_2', '2026-03-29', '7', '2', '下午', '13:30', '17:30', 'DEPT001', '内科', 'ROOM_DEPT001_1', '内科门诊2诊室', 'DOC_DEPT001_3', '何芳', '03', '主治医师', '心衰康复', '1', '专家门诊', 'SRV_001', '主治医师挂号费', '50.00', '50.00', '0.00', '0.00', '0.00', '1,3,4,5,6,7,8,12,13,14,16,17,22,27,29', '主楼1层内科候诊区', '13:30-17:30', '请提前15分钟候诊', '0', '1', '29', '25' );
INSERT INTO doctor (doctor_code, doctor_name, department_code, title, specialty, doctor_des, doctor_image) VALUES ('DOC_DEPT001_4', '李霞', 'DEPT001', '主任医师', '内科疑难杂症', '李霞主任医师，从事内科临床工作13年，具备深厚的临床背景。她长期致力于内科疑难杂症的诊疗，已成功治愈数千例相关患者。', 'doc_DOC_DEPT001_4.png');
INSERT INTO doctor_schedule ( m_code, service_date, week_day, session_code, session_name, start_time, end_time,  department_code, department_name, clinic_room_code, clinic_room_name,  doctor_code, doctor_name, doctor_title_code, doctor_title, doctor_spec,  doctor_sess_type_code, doctor_sess_type, service_code, service_name,  fee, reg_fee, checkup_fee, service_fee, other_fee, available_number_str,  admit_address_string, admit_time_range, note, time_range_flag, schedule_status,  available_total_num, available_left_num ) VALUES ( 'SCH_DOC_DEPT001_4_20260316_2', '2026-03-16', '1', '2', '下午', '13:30', '17:30', 'DEPT001', '内科', 'ROOM_DEPT001_5', '内科门诊4诊室', 'DOC_DEPT001_4', '李霞', '01', '主任医师', '内科疑难杂症', '1', '专家门诊', 'SRV_001', '主任医师挂号费', '20.00', '20.00', '0.00', '0.00', '0.00', '1,3,4,5,6,7,8,10,12,13,14', '主楼6层内科候诊区', '13:30-17:30', '请提前15分钟候诊', '0', '1', '15', '8' );
INSERT INTO doctor_schedule ( m_code, service_date, week_day, session_code, session_name, start_time, end_time,  department_code, department_name, clinic_room_code, clinic_room_name,  doctor_code, doctor_name, doctor_title_code, doctor_title, doctor_spec,  doctor_sess_type_code, doctor_sess_type, service_code, service_name,  fee, reg_fee, checkup_fee, service_fee, other_fee, available_number_str,  admit_address_string, admit_time_range, note, time_range_flag, schedule_status,  available_total_num, available_left_num ) VALUES ( 'SCH_DOC_DEPT001_4_20260316_1', '2026-03-16', '1', '1', '上午', '08:00', '12:00', 'DEPT001', '内科', 'ROOM_DEPT001_4', '内科门诊4诊室', 'DOC_DEPT001_4', '李霞', '01', '主任医师', '内科疑难杂症', '1', '专家门诊', 'SRV_001', '主任医师挂号费', '50.00', '50.00', '0.00', '0.00', '0.00', '1,2,3,6,9,11,17,19,20,21,22,23,24,25,26', '主楼2层内科候诊区', '08:00-12:00', '请提前15分钟候诊', '0', '1', '26', '25' );
INSERT INTO doctor_schedule ( m_code, service_date, week_day, session_code, session_name, start_time, end_time,  department_code, department_name, clinic_room_code, clinic_room_name,  doctor_code, doctor_name, doctor_title_code, doctor_title, doctor_spec,  doctor_sess_type_code, doctor_sess_type, service_code, service_name,  fee, reg_fee, checkup_fee, service_fee, other_fee, available_number_str,  admit_address_string, admit_time_range, note, time_range_flag, schedule_status,  available_total_num, available_left_num ) VALUES ( 'SCH_DOC_DEPT001_4_20260317_1', '2026-03-17', '2', '1', '上午', '08:00', '12:00', 'DEPT001', '内科', 'ROOM_DEPT001_3', '内科门诊5诊室', 'DOC_DEPT001_4', '李霞', '01', '主任医师', '内科疑难杂症', '1', '专家门诊', 'SRV_001', '主任医师挂号费', '15.00', '15.00', '0.00', '0.00', '0.00', '1,3,4,5,6,8,9,13,14,15,16,17,20,21,22', '主楼3层内科候诊区', '08:00-12:00', '请提前15分钟候诊', '0', '1', '22', '18' );
INSERT INTO doctor_schedule ( m_code, service_date, week_day, session_code, session_name, start_time, end_time,  department_code, department_name, clinic_room_code, clinic_room_name,  doctor_code, doctor_name, doctor_title_code, doctor_title, doctor_spec,  doctor_sess_type_code, doctor_sess_type, service_code, service_name,  fee, reg_fee, checkup_fee, service_fee, other_fee, available_number_str,  admit_address_string, admit_time_range, note, time_range_flag, schedule_status,  available_total_num, available_left_num ) VALUES ( 'SCH_DOC_DEPT001_4_20260318_1', '2026-03-18', '3', '1', '上午', '08:00', '12:00', 'DEPT001', '内科', 'ROOM_DEPT001_1', '内科门诊2诊室', 'DOC_DEPT001_4', '李霞', '01', '主任医师', '内科疑难杂症', '1', '专家门诊', 'SRV_001', '主任医师挂号费', '20.00', '20.00', '0.00', '0.00', '0.00', '1,5,6,7,8,11,12,13,16,17,18,19,20,22,24,25,26,27,29,30,31', '主楼4层内科候诊区', '08:00-12:00', '请提前15分钟候诊', '0', '1', '32', '26' );
INSERT INTO doctor_schedule ( m_code, service_date, week_day, session_code, session_name, start_time, end_time,  department_code, department_name, clinic_room_code, clinic_room_name,  doctor_code, doctor_name, doctor_title_code, doctor_title, doctor_spec,  doctor_sess_type_code, doctor_sess_type, service_code, service_name,  fee, reg_fee, checkup_fee, service_fee, other_fee, available_number_str,  admit_address_string, admit_time_range, note, time_range_flag, schedule_status,  available_total_num, available_left_num ) VALUES ( 'SCH_DOC_DEPT001_4_20260319_1', '2026-03-19', '4', '1', '上午', '08:00', '12:00', 'DEPT001', '内科', 'ROOM_DEPT001_1', '内科门诊5诊室', 'DOC_DEPT001_4', '李霞', '01', '主任医师', '内科疑难杂症', '1', '专家门诊', 'SRV_001', '主任医师挂号费', '15.00', '15.00', '0.00', '0.00', '0.00', '1,6,7,8,9,10,11,12,13,14,16,17,19,20,23,24,25,26,27,28,29,31', '主楼4层内科候诊区', '08:00-12:00', '请提前15分钟候诊', '0', '1', '31', '26' );
INSERT INTO doctor_schedule ( m_code, service_date, week_day, session_code, session_name, start_time, end_time,  department_code, department_name, clinic_room_code, clinic_room_name,  doctor_code, doctor_name, doctor_title_code, doctor_title, doctor_spec,  doctor_sess_type_code, doctor_sess_type, service_code, service_name,  fee, reg_fee, checkup_fee, service_fee, other_fee, available_number_str,  admit_address_string, admit_time_range, note, time_range_flag, schedule_status,  available_total_num, available_left_num ) VALUES ( 'SCH_DOC_DEPT001_4_20260319_2', '2026-03-19', '4', '2', '下午', '13:30', '17:30', 'DEPT001', '内科', 'ROOM_DEPT001_5', '内科门诊4诊室', 'DOC_DEPT001_4', '李霞', '01', '主任医师', '内科疑难杂症', '1', '专家门诊', 'SRV_001', '主任医师挂号费', '15.00', '15.00', '0.00', '0.00', '0.00', '1,2,4,7,9,10,11,12,14,15,17,18,20,21,23,24,25,26,28,29,30,31', '主楼4层内科候诊区', '13:30-17:30', '请提前15分钟候诊', '0', '1', '32', '14' );
INSERT INTO doctor_schedule ( m_code, service_date, week_day, session_code, session_name, start_time, end_time,  department_code, department_name, clinic_room_code, clinic_room_name,  doctor_code, doctor_name, doctor_title_code, doctor_title, doctor_spec,  doctor_sess_type_code, doctor_sess_type, service_code, service_name,  fee, reg_fee, checkup_fee, service_fee, other_fee, available_number_str,  admit_address_string, admit_time_range, note, time_range_flag, schedule_status,  available_total_num, available_left_num ) VALUES ( 'SCH_DOC_DEPT001_4_20260320_2', '2026-03-20', '5', '2', '下午', '13:30', '17:30', 'DEPT001', '内科', 'ROOM_DEPT001_3', '内科门诊2诊室', 'DOC_DEPT001_4', '李霞', '01', '主任医师', '内科疑难杂症', '1', '专家门诊', 'SRV_001', '主任医师挂号费', '20.00', '20.00', '0.00', '0.00', '0.00', '1,2,6,7,9,10,11,12,13,14,16,17,18,19,20,21,22,23,25,26,27,28,29,30,31,32', '主楼4层内科候诊区', '13:30-17:30', '请提前15分钟候诊', '0', '1', '32', '19' );
INSERT INTO doctor_schedule ( m_code, service_date, week_day, session_code, session_name, start_time, end_time,  department_code, department_name, clinic_room_code, clinic_room_name,  doctor_code, doctor_name, doctor_title_code, doctor_title, doctor_spec,  doctor_sess_type_code, doctor_sess_type, service_code, service_name,  fee, reg_fee, checkup_fee, service_fee, other_fee, available_number_str,  admit_address_string, admit_time_range, note, time_range_flag, schedule_status,  available_total_num, available_left_num ) VALUES ( 'SCH_DOC_DEPT001_4_20260322_1', '2026-03-22', '7', '1', '上午', '08:00', '12:00', 'DEPT001', '内科', 'ROOM_DEPT001_4', '内科门诊4诊室', 'DOC_DEPT001_4', '李霞', '01', '主任医师', '内科疑难杂症', '1', '专家门诊', 'SRV_001', '主任医师挂号费', '15.00', '15.00', '0.00', '0.00', '0.00', '1,3,4,6,8,9,11,12,14,15,16,17,18,19,21,22,23,24,25,26,29,30', '主楼3层内科候诊区', '08:00-12:00', '请提前15分钟候诊', '0', '1', '30', '17' );
INSERT INTO doctor_schedule ( m_code, service_date, week_day, session_code, session_name, start_time, end_time,  department_code, department_name, clinic_room_code, clinic_room_name,  doctor_code, doctor_name, doctor_title_code, doctor_title, doctor_spec,  doctor_sess_type_code, doctor_sess_type, service_code, service_name,  fee, reg_fee, checkup_fee, service_fee, other_fee, available_number_str,  admit_address_string, admit_time_range, note, time_range_flag, schedule_status,  available_total_num, available_left_num ) VALUES ( 'SCH_DOC_DEPT001_4_20260323_1', '2026-03-23', '1', '1', '上午', '08:00', '12:00', 'DEPT001', '内科', 'ROOM_DEPT001_5', '内科门诊2诊室', 'DOC_DEPT001_4', '李霞', '01', '主任医师', '内科疑难杂症', '1', '专家门诊', 'SRV_001', '主任医师挂号费', '20.00', '20.00', '0.00', '0.00', '0.00', '1,6,8,9,10,11,12,13,16,18,20,21,22,25,26,27,28,29,30,31,32,33,36,37,38,39', '主楼2层内科候诊区', '08:00-12:00', '请提前15分钟候诊', '0', '1', '39', '18' );
INSERT INTO doctor_schedule ( m_code, service_date, week_day, session_code, session_name, start_time, end_time,  department_code, department_name, clinic_room_code, clinic_room_name,  doctor_code, doctor_name, doctor_title_code, doctor_title, doctor_spec,  doctor_sess_type_code, doctor_sess_type, service_code, service_name,  fee, reg_fee, checkup_fee, service_fee, other_fee, available_number_str,  admit_address_string, admit_time_range, note, time_range_flag, schedule_status,  available_total_num, available_left_num ) VALUES ( 'SCH_DOC_DEPT001_4_20260323_2', '2026-03-23', '1', '2', '下午', '13:30', '17:30', 'DEPT001', '内科', 'ROOM_DEPT001_2', '内科门诊1诊室', 'DOC_DEPT001_4', '李霞', '01', '主任医师', '内科疑难杂症', '1', '专家门诊', 'SRV_001', '主任医师挂号费', '15.00', '15.00', '0.00', '0.00', '0.00', '1,2,3,4,5,6,9,10,11,13,15,16,17,18,19,20,21,22,23', '主楼2层内科候诊区', '13:30-17:30', '请提前15分钟候诊', '0', '1', '24', '6' );
INSERT INTO doctor_schedule ( m_code, service_date, week_day, session_code, session_name, start_time, end_time,  department_code, department_name, clinic_room_code, clinic_room_name,  doctor_code, doctor_name, doctor_title_code, doctor_title, doctor_spec,  doctor_sess_type_code, doctor_sess_type, service_code, service_name,  fee, reg_fee, checkup_fee, service_fee, other_fee, available_number_str,  admit_address_string, admit_time_range, note, time_range_flag, schedule_status,  available_total_num, available_left_num ) VALUES ( 'SCH_DOC_DEPT001_4_20260324_2', '2026-03-24', '2', '2', '下午', '13:30', '17:30', 'DEPT001', '内科', 'ROOM_DEPT001_5', '内科门诊4诊室', 'DOC_DEPT001_4', '李霞', '01', '主任医师', '内科疑难杂症', '1', '专家门诊', 'SRV_001', '主任医师挂号费', '15.00', '15.00', '0.00', '0.00', '0.00', '1,3,6,7,8,10,11,12,13,14,15,18,21,22,24,27', '主楼1层内科候诊区', '13:30-17:30', '请提前15分钟候诊', '0', '1', '29', '19' );
INSERT INTO doctor_schedule ( m_code, service_date, week_day, session_code, session_name, start_time, end_time,  department_code, department_name, clinic_room_code, clinic_room_name,  doctor_code, doctor_name, doctor_title_code, doctor_title, doctor_spec,  doctor_sess_type_code, doctor_sess_type, service_code, service_name,  fee, reg_fee, checkup_fee, service_fee, other_fee, available_number_str,  admit_address_string, admit_time_range, note, time_range_flag, schedule_status,  available_total_num, available_left_num ) VALUES ( 'SCH_DOC_DEPT001_4_20260324_1', '2026-03-24', '2', '1', '上午', '08:00', '12:00', 'DEPT001', '内科', 'ROOM_DEPT001_4', '内科门诊3诊室', 'DOC_DEPT001_4', '李霞', '01', '主任医师', '内科疑难杂症', '1', '专家门诊', 'SRV_001', '主任医师挂号费', '15.00', '15.00', '0.00', '0.00', '0.00', '1,2,4,5,6,8,12,13,15,17', '主楼6层内科候诊区', '08:00-12:00', '请提前15分钟候诊', '0', '1', '18', '16' );
INSERT INTO doctor_schedule ( m_code, service_date, week_day, session_code, session_name, start_time, end_time,  department_code, department_name, clinic_room_code, clinic_room_name,  doctor_code, doctor_name, doctor_title_code, doctor_title, doctor_spec,  doctor_sess_type_code, doctor_sess_type, service_code, service_name,  fee, reg_fee, checkup_fee, service_fee, other_fee, available_number_str,  admit_address_string, admit_time_range, note, time_range_flag, schedule_status,  available_total_num, available_left_num ) VALUES ( 'SCH_DOC_DEPT001_4_20260325_1', '2026-03-25', '3', '1', '上午', '08:00', '12:00', 'DEPT001', '内科', 'ROOM_DEPT001_1', '内科门诊5诊室', 'DOC_DEPT001_4', '李霞', '01', '主任医师', '内科疑难杂症', '1', '专家门诊', 'SRV_001', '主任医师挂号费', '15.00', '15.00', '0.00', '0.00', '0.00', '1,2,3,7,8,9,11,13,15,18,19,20,21,22', '主楼3层内科候诊区', '08:00-12:00', '请提前15分钟候诊', '0', '1', '23', '12' );
INSERT INTO doctor_schedule ( m_code, service_date, week_day, session_code, session_name, start_time, end_time,  department_code, department_name, clinic_room_code, clinic_room_name,  doctor_code, doctor_name, doctor_title_code, doctor_title, doctor_spec,  doctor_sess_type_code, doctor_sess_type, service_code, service_name,  fee, reg_fee, checkup_fee, service_fee, other_fee, available_number_str,  admit_address_string, admit_time_range, note, time_range_flag, schedule_status,  available_total_num, available_left_num ) VALUES ( 'SCH_DOC_DEPT001_4_20260325_2', '2026-03-25', '3', '2', '下午', '13:30', '17:30', 'DEPT001', '内科', 'ROOM_DEPT001_5', '内科门诊5诊室', 'DOC_DEPT001_4', '李霞', '01', '主任医师', '内科疑难杂症', '1', '专家门诊', 'SRV_001', '主任医师挂号费', '20.00', '20.00', '0.00', '0.00', '0.00', '1,2,3,4,5,7,8,9,11,13,14,15,16', '主楼2层内科候诊区', '13:30-17:30', '请提前15分钟候诊', '0', '1', '16', '7' );
INSERT INTO doctor_schedule ( m_code, service_date, week_day, session_code, session_name, start_time, end_time,  department_code, department_name, clinic_room_code, clinic_room_name,  doctor_code, doctor_name, doctor_title_code, doctor_title, doctor_spec,  doctor_sess_type_code, doctor_sess_type, service_code, service_name,  fee, reg_fee, checkup_fee, service_fee, other_fee, available_number_str,  admit_address_string, admit_time_range, note, time_range_flag, schedule_status,  available_total_num, available_left_num ) VALUES ( 'SCH_DOC_DEPT001_4_20260326_1', '2026-03-26', '4', '1', '上午', '08:00', '12:00', 'DEPT001', '内科', 'ROOM_DEPT001_4', '内科门诊5诊室', 'DOC_DEPT001_4', '李霞', '01', '主任医师', '内科疑难杂症', '1', '专家门诊', 'SRV_001', '主任医师挂号费', '50.00', '50.00', '0.00', '0.00', '0.00', '3,4,5,7,8,9,11,12,13,14,17,18,19,20', '主楼6层内科候诊区', '08:00-12:00', '请提前15分钟候诊', '0', '1', '20', '13' );
INSERT INTO doctor_schedule ( m_code, service_date, week_day, session_code, session_name, start_time, end_time,  department_code, department_name, clinic_room_code, clinic_room_name,  doctor_code, doctor_name, doctor_title_code, doctor_title, doctor_spec,  doctor_sess_type_code, doctor_sess_type, service_code, service_name,  fee, reg_fee, checkup_fee, service_fee, other_fee, available_number_str,  admit_address_string, admit_time_range, note, time_range_flag, schedule_status,  available_total_num, available_left_num ) VALUES ( 'SCH_DOC_DEPT001_4_20260327_1', '2026-03-27', '5', '1', '上午', '08:00', '12:00', 'DEPT001', '内科', 'ROOM_DEPT001_1', '内科门诊5诊室', 'DOC_DEPT001_4', '李霞', '01', '主任医师', '内科疑难杂症', '1', '专家门诊', 'SRV_001', '主任医师挂号费', '50.00', '50.00', '0.00', '0.00', '0.00', '1,2,3,5,6,7,8,10,11,13,16,18,19,20,21,22', '主楼3层内科候诊区', '08:00-12:00', '请提前15分钟候诊', '0', '1', '26', '15' );
INSERT INTO doctor_schedule ( m_code, service_date, week_day, session_code, session_name, start_time, end_time,  department_code, department_name, clinic_room_code, clinic_room_name,  doctor_code, doctor_name, doctor_title_code, doctor_title, doctor_spec,  doctor_sess_type_code, doctor_sess_type, service_code, service_name,  fee, reg_fee, checkup_fee, service_fee, other_fee, available_number_str,  admit_address_string, admit_time_range, note, time_range_flag, schedule_status,  available_total_num, available_left_num ) VALUES ( 'SCH_DOC_DEPT001_4_20260327_2', '2026-03-27', '5', '2', '下午', '13:30', '17:30', 'DEPT001', '内科', 'ROOM_DEPT001_3', '内科门诊5诊室', 'DOC_DEPT001_4', '李霞', '01', '主任医师', '内科疑难杂症', '1', '专家门诊', 'SRV_001', '主任医师挂号费', '20.00', '20.00', '0.00', '0.00', '0.00', '2,4,5,6,7,10,11,12,13,15,17,18,19,20,21,23,24,25,29,30,31', '主楼2层内科候诊区', '13:30-17:30', '请提前15分钟候诊', '0', '1', '31', '20' );
INSERT INTO doctor_schedule ( m_code, service_date, week_day, session_code, session_name, start_time, end_time,  department_code, department_name, clinic_room_code, clinic_room_name,  doctor_code, doctor_name, doctor_title_code, doctor_title, doctor_spec,  doctor_sess_type_code, doctor_sess_type, service_code, service_name,  fee, reg_fee, checkup_fee, service_fee, other_fee, available_number_str,  admit_address_string, admit_time_range, note, time_range_flag, schedule_status,  available_total_num, available_left_num ) VALUES ( 'SCH_DOC_DEPT001_4_20260328_1', '2026-03-28', '6', '1', '上午', '08:00', '12:00', 'DEPT001', '内科', 'ROOM_DEPT001_2', '内科门诊2诊室', 'DOC_DEPT001_4', '李霞', '01', '主任医师', '内科疑难杂症', '1', '专家门诊', 'SRV_001', '主任医师挂号费', '50.00', '50.00', '0.00', '0.00', '0.00', '1,2,3,5,6,7,10,11,12,14,15,16,17,18,19,23,24,25,27,28,29,30,31,32,34,35,36,38', '主楼2层内科候诊区', '08:00-12:00', '请提前15分钟候诊', '0', '1', '38', '18' );
INSERT INTO doctor_schedule ( m_code, service_date, week_day, session_code, session_name, start_time, end_time,  department_code, department_name, clinic_room_code, clinic_room_name,  doctor_code, doctor_name, doctor_title_code, doctor_title, doctor_spec,  doctor_sess_type_code, doctor_sess_type, service_code, service_name,  fee, reg_fee, checkup_fee, service_fee, other_fee, available_number_str,  admit_address_string, admit_time_range, note, time_range_flag, schedule_status,  available_total_num, available_left_num ) VALUES ( 'SCH_DOC_DEPT001_4_20260328_2', '2026-03-28', '6', '2', '下午', '13:30', '17:30', 'DEPT001', '内科', 'ROOM_DEPT001_2', '内科门诊5诊室', 'DOC_DEPT001_4', '李霞', '01', '主任医师', '内科疑难杂症', '1', '专家门诊', 'SRV_001', '主任医师挂号费', '15.00', '15.00', '0.00', '0.00', '0.00', '2,3,4,6,7,8,9,10,11,12,13,16,17,18,20,21,23,25,26', '主楼6层内科候诊区', '13:30-17:30', '请提前15分钟候诊', '0', '1', '26', '24' );
INSERT INTO doctor (doctor_code, doctor_name, department_code, title, specialty, doctor_des, doctor_image) VALUES ('DOC_DEPT001_5', '孙伟', 'DEPT001', '主治医师', '老年慢性病', '孙伟主治医师，从事内科临床工作29年，经验丰富。她擅长老年慢性病的诊疗，已成功治愈数千例相关患者。', 'doc_DOC_DEPT001_5.png');
INSERT INTO doctor_schedule ( m_code, service_date, week_day, session_code, session_name, start_time, end_time,  department_code, department_name, clinic_room_code, clinic_room_name,  doctor_code, doctor_name, doctor_title_code, doctor_title, doctor_spec,  doctor_sess_type_code, doctor_sess_type, service_code, service_name,  fee, reg_fee, checkup_fee, service_fee, other_fee, available_number_str,  admit_address_string, admit_time_range, note, time_range_flag, schedule_status,  available_total_num, available_left_num ) VALUES ( 'SCH_DOC_DEPT001_5_20260316_2', '2026-03-16', '1', '2', '下午', '13:30', '17:30', 'DEPT001', '内科', 'ROOM_DEPT001_3', '内科门诊5诊室', 'DOC_DEPT001_5', '孙伟', '03', '主治医师', '老年慢性病', '1', '专家门诊', 'SRV_001', '主治医师挂号费', '20.00', '20.00', '0.00', '0.00', '0.00', '3,4,5,6,7,9,12,13,14,15,16,17,18,19,20,22', '主楼5层内科候诊区', '13:30-17:30', '请提前15分钟候诊', '0', '1', '23', '10' );
INSERT INTO doctor_schedule ( m_code, service_date, week_day, session_code, session_name, start_time, end_time,  department_code, department_name, clinic_room_code, clinic_room_name,  doctor_code, doctor_name, doctor_title_code, doctor_title, doctor_spec,  doctor_sess_type_code, doctor_sess_type, service_code, service_name,  fee, reg_fee, checkup_fee, service_fee, other_fee, available_number_str,  admit_address_string, admit_time_range, note, time_range_flag, schedule_status,  available_total_num, available_left_num ) VALUES ( 'SCH_DOC_DEPT001_5_20260316_1', '2026-03-16', '1', '1', '上午', '08:00', '12:00', 'DEPT001', '内科', 'ROOM_DEPT001_2', '内科门诊1诊室', 'DOC_DEPT001_5', '孙伟', '03', '主治医师', '老年慢性病', '1', '专家门诊', 'SRV_001', '主治医师挂号费', '50.00', '50.00', '0.00', '0.00', '0.00', '3,6,9,10,11,13,14,15,16,18,19,20,21,22,24,27', '主楼3层内科候诊区', '08:00-12:00', '请提前15分钟候诊', '0', '1', '27', '13' );
INSERT INTO doctor_schedule ( m_code, service_date, week_day, session_code, session_name, start_time, end_time,  department_code, department_name, clinic_room_code, clinic_room_name,  doctor_code, doctor_name, doctor_title_code, doctor_title, doctor_spec,  doctor_sess_type_code, doctor_sess_type, service_code, service_name,  fee, reg_fee, checkup_fee, service_fee, other_fee, available_number_str,  admit_address_string, admit_time_range, note, time_range_flag, schedule_status,  available_total_num, available_left_num ) VALUES ( 'SCH_DOC_DEPT001_5_20260317_1', '2026-03-17', '2', '1', '上午', '08:00', '12:00', 'DEPT001', '内科', 'ROOM_DEPT001_3', '内科门诊2诊室', 'DOC_DEPT001_5', '孙伟', '03', '主治医师', '老年慢性病', '1', '专家门诊', 'SRV_001', '主治医师挂号费', '15.00', '15.00', '0.00', '0.00', '0.00', '2,3,5,7,8,9,10,11,12,14,19,21,23,25,28,30,31,32', '主楼3层内科候诊区', '08:00-12:00', '请提前15分钟候诊', '0', '1', '32', '14' );
INSERT INTO doctor_schedule ( m_code, service_date, week_day, session_code, session_name, start_time, end_time,  department_code, department_name, clinic_room_code, clinic_room_name,  doctor_code, doctor_name, doctor_title_code, doctor_title, doctor_spec,  doctor_sess_type_code, doctor_sess_type, service_code, service_name,  fee, reg_fee, checkup_fee, service_fee, other_fee, available_number_str,  admit_address_string, admit_time_range, note, time_range_flag, schedule_status,  available_total_num, available_left_num ) VALUES ( 'SCH_DOC_DEPT001_5_20260317_2', '2026-03-17', '2', '2', '下午', '13:30', '17:30', 'DEPT001', '内科', 'ROOM_DEPT001_5', '内科门诊3诊室', 'DOC_DEPT001_5', '孙伟', '03', '主治医师', '老年慢性病', '1', '专家门诊', 'SRV_001', '主治医师挂号费', '15.00', '15.00', '0.00', '0.00', '0.00', '1,3,4,8,9,11,12,13,17,18,19,20,21,22,23,24,25,26,27,28,30,31,32,33,34,37,38', '主楼2层内科候诊区', '13:30-17:30', '请提前15分钟候诊', '0', '1', '38', '38' );
INSERT INTO doctor_schedule ( m_code, service_date, week_day, session_code, session_name, start_time, end_time,  department_code, department_name, clinic_room_code, clinic_room_name,  doctor_code, doctor_name, doctor_title_code, doctor_title, doctor_spec,  doctor_sess_type_code, doctor_sess_type, service_code, service_name,  fee, reg_fee, checkup_fee, service_fee, other_fee, available_number_str,  admit_address_string, admit_time_range, note, time_range_flag, schedule_status,  available_total_num, available_left_num ) VALUES ( 'SCH_DOC_DEPT001_5_20260318_2', '2026-03-18', '3', '2', '下午', '13:30', '17:30', 'DEPT001', '内科', 'ROOM_DEPT001_5', '内科门诊5诊室', 'DOC_DEPT001_5', '孙伟', '03', '主治医师', '老年慢性病', '1', '专家门诊', 'SRV_001', '主治医师挂号费', '15.00', '15.00', '0.00', '0.00', '0.00', '1,2,3,4,8,9,10,11,12,13,14,16,17,18,19,21,22,23,24,26,29,30', '主楼1层内科候诊区', '13:30-17:30', '请提前15分钟候诊', '0', '1', '30', '7' );
INSERT INTO doctor_schedule ( m_code, service_date, week_day, session_code, session_name, start_time, end_time,  department_code, department_name, clinic_room_code, clinic_room_name,  doctor_code, doctor_name, doctor_title_code, doctor_title, doctor_spec,  doctor_sess_type_code, doctor_sess_type, service_code, service_name,  fee, reg_fee, checkup_fee, service_fee, other_fee, available_number_str,  admit_address_string, admit_time_range, note, time_range_flag, schedule_status,  available_total_num, available_left_num ) VALUES ( 'SCH_DOC_DEPT001_5_20260318_1', '2026-03-18', '3', '1', '上午', '08:00', '12:00', 'DEPT001', '内科', 'ROOM_DEPT001_3', '内科门诊2诊室', 'DOC_DEPT001_5', '孙伟', '03', '主治医师', '老年慢性病', '1', '专家门诊', 'SRV_001', '主治医师挂号费', '15.00', '15.00', '0.00', '0.00', '0.00', '3,4,5,6,8,9,10,11,12,14,15,16,17,19,20,21,22,23', '主楼1层内科候诊区', '08:00-12:00', '请提前15分钟候诊', '0', '1', '23', '12' );
INSERT INTO doctor_schedule ( m_code, service_date, week_day, session_code, session_name, start_time, end_time,  department_code, department_name, clinic_room_code, clinic_room_name,  doctor_code, doctor_name, doctor_title_code, doctor_title, doctor_spec,  doctor_sess_type_code, doctor_sess_type, service_code, service_name,  fee, reg_fee, checkup_fee, service_fee, other_fee, available_number_str,  admit_address_string, admit_time_range, note, time_range_flag, schedule_status,  available_total_num, available_left_num ) VALUES ( 'SCH_DOC_DEPT001_5_20260319_1', '2026-03-19', '4', '1', '上午', '08:00', '12:00', 'DEPT001', '内科', 'ROOM_DEPT001_1', '内科门诊5诊室', 'DOC_DEPT001_5', '孙伟', '03', '主治医师', '老年慢性病', '1', '专家门诊', 'SRV_001', '主治医师挂号费', '20.00', '20.00', '0.00', '0.00', '0.00', '2,3,4,6,8,9,10,12,13,15,16,18,19,20,21,22,23', '主楼1层内科候诊区', '08:00-12:00', '请提前15分钟候诊', '0', '1', '25', '5' );
INSERT INTO doctor_schedule ( m_code, service_date, week_day, session_code, session_name, start_time, end_time,  department_code, department_name, clinic_room_code, clinic_room_name,  doctor_code, doctor_name, doctor_title_code, doctor_title, doctor_spec,  doctor_sess_type_code, doctor_sess_type, service_code, service_name,  fee, reg_fee, checkup_fee, service_fee, other_fee, available_number_str,  admit_address_string, admit_time_range, note, time_range_flag, schedule_status,  available_total_num, available_left_num ) VALUES ( 'SCH_DOC_DEPT001_5_20260320_1', '2026-03-20', '5', '1', '上午', '08:00', '12:00', 'DEPT001', '内科', 'ROOM_DEPT001_3', '内科门诊2诊室', 'DOC_DEPT001_5', '孙伟', '03', '主治医师', '老年慢性病', '1', '专家门诊', 'SRV_001', '主治医师挂号费', '20.00', '20.00', '0.00', '0.00', '0.00', '1,3,6,7,11,12,13,14,15,17,19,20,21,22,23,24,25,27,28', '主楼1层内科候诊区', '08:00-12:00', '请提前15分钟候诊', '0', '1', '28', '15' );
INSERT INTO doctor_schedule ( m_code, service_date, week_day, session_code, session_name, start_time, end_time,  department_code, department_name, clinic_room_code, clinic_room_name,  doctor_code, doctor_name, doctor_title_code, doctor_title, doctor_spec,  doctor_sess_type_code, doctor_sess_type, service_code, service_name,  fee, reg_fee, checkup_fee, service_fee, other_fee, available_number_str,  admit_address_string, admit_time_range, note, time_range_flag, schedule_status,  available_total_num, available_left_num ) VALUES ( 'SCH_DOC_DEPT001_5_20260321_1', '2026-03-21', '6', '1', '上午', '08:00', '12:00', 'DEPT001', '内科', 'ROOM_DEPT001_2', '内科门诊4诊室', 'DOC_DEPT001_5', '孙伟', '03', '主治医师', '老年慢性病', '1', '专家门诊', 'SRV_001', '主治医师挂号费', '15.00', '15.00', '0.00', '0.00', '0.00', '2,3,5,6,7,8,9,12,13,14,16,18,20,21,22,23,24,26,27,28,30,31,32,33,34', '主楼5层内科候诊区', '08:00-12:00', '请提前15分钟候诊', '0', '1', '35', '13' );
INSERT INTO doctor_schedule ( m_code, service_date, week_day, session_code, session_name, start_time, end_time,  department_code, department_name, clinic_room_code, clinic_room_name,  doctor_code, doctor_name, doctor_title_code, doctor_title, doctor_spec,  doctor_sess_type_code, doctor_sess_type, service_code, service_name,  fee, reg_fee, checkup_fee, service_fee, other_fee, available_number_str,  admit_address_string, admit_time_range, note, time_range_flag, schedule_status,  available_total_num, available_left_num ) VALUES ( 'SCH_DOC_DEPT001_5_20260322_2', '2026-03-22', '7', '2', '下午', '13:30', '17:30', 'DEPT001', '内科', 'ROOM_DEPT001_3', '内科门诊2诊室', 'DOC_DEPT001_5', '孙伟', '03', '主治医师', '老年慢性病', '1', '专家门诊', 'SRV_001', '主治医师挂号费', '15.00', '15.00', '0.00', '0.00', '0.00', '1,2,4,6,7,8,9,10,12,13,17,18,19,21', '主楼5层内科候诊区', '13:30-17:30', '请提前15分钟候诊', '0', '1', '21', '10' );
INSERT INTO doctor_schedule ( m_code, service_date, week_day, session_code, session_name, start_time, end_time,  department_code, department_name, clinic_room_code, clinic_room_name,  doctor_code, doctor_name, doctor_title_code, doctor_title, doctor_spec,  doctor_sess_type_code, doctor_sess_type, service_code, service_name,  fee, reg_fee, checkup_fee, service_fee, other_fee, available_number_str,  admit_address_string, admit_time_range, note, time_range_flag, schedule_status,  available_total_num, available_left_num ) VALUES ( 'SCH_DOC_DEPT001_5_20260323_2', '2026-03-23', '1', '2', '下午', '13:30', '17:30', 'DEPT001', '内科', 'ROOM_DEPT001_1', '内科门诊3诊室', 'DOC_DEPT001_5', '孙伟', '03', '主治医师', '老年慢性病', '1', '专家门诊', 'SRV_001', '主治医师挂号费', '15.00', '15.00', '0.00', '0.00', '0.00', '2,3,4,5,7,8,11,15,16,18,19,20,21,22,23,24,25,29,30,31', '主楼4层内科候诊区', '13:30-17:30', '请提前15分钟候诊', '0', '1', '31', '10' );
INSERT INTO doctor_schedule ( m_code, service_date, week_day, session_code, session_name, start_time, end_time,  department_code, department_name, clinic_room_code, clinic_room_name,  doctor_code, doctor_name, doctor_title_code, doctor_title, doctor_spec,  doctor_sess_type_code, doctor_sess_type, service_code, service_name,  fee, reg_fee, checkup_fee, service_fee, other_fee, available_number_str,  admit_address_string, admit_time_range, note, time_range_flag, schedule_status,  available_total_num, available_left_num ) VALUES ( 'SCH_DOC_DEPT001_5_20260326_2', '2026-03-26', '4', '2', '下午', '13:30', '17:30', 'DEPT001', '内科', 'ROOM_DEPT001_5', '内科门诊2诊室', 'DOC_DEPT001_5', '孙伟', '03', '主治医师', '老年慢性病', '1', '专家门诊', 'SRV_001', '主治医师挂号费', '50.00', '50.00', '0.00', '0.00', '0.00', '1,2,3,5,6,8,9,10,11,14,15,16,17,18,21', '主楼2层内科候诊区', '13:30-17:30', '请提前15分钟候诊', '0', '1', '21', '8' );
INSERT INTO doctor_schedule ( m_code, service_date, week_day, session_code, session_name, start_time, end_time,  department_code, department_name, clinic_room_code, clinic_room_name,  doctor_code, doctor_name, doctor_title_code, doctor_title, doctor_spec,  doctor_sess_type_code, doctor_sess_type, service_code, service_name,  fee, reg_fee, checkup_fee, service_fee, other_fee, available_number_str,  admit_address_string, admit_time_range, note, time_range_flag, schedule_status,  available_total_num, available_left_num ) VALUES ( 'SCH_DOC_DEPT001_5_20260327_2', '2026-03-27', '5', '2', '下午', '13:30', '17:30', 'DEPT001', '内科', 'ROOM_DEPT001_1', '内科门诊3诊室', 'DOC_DEPT001_5', '孙伟', '03', '主治医师', '老年慢性病', '1', '专家门诊', 'SRV_001', '主治医师挂号费', '50.00', '50.00', '0.00', '0.00', '0.00', '2,3,4,5,6,8,9,10,11,12,13,15,16,18', '主楼2层内科候诊区', '13:30-17:30', '请提前15分钟候诊', '0', '1', '19', '13' );
INSERT INTO doctor_schedule ( m_code, service_date, week_day, session_code, session_name, start_time, end_time,  department_code, department_name, clinic_room_code, clinic_room_name,  doctor_code, doctor_name, doctor_title_code, doctor_title, doctor_spec,  doctor_sess_type_code, doctor_sess_type, service_code, service_name,  fee, reg_fee, checkup_fee, service_fee, other_fee, available_number_str,  admit_address_string, admit_time_range, note, time_range_flag, schedule_status,  available_total_num, available_left_num ) VALUES ( 'SCH_DOC_DEPT001_5_20260327_1', '2026-03-27', '5', '1', '上午', '08:00', '12:00', 'DEPT001', '内科', 'ROOM_DEPT001_2', '内科门诊5诊室', 'DOC_DEPT001_5', '孙伟', '03', '主治医师', '老年慢性病', '1', '专家门诊', 'SRV_001', '主治医师挂号费', '50.00', '50.00', '0.00', '0.00', '0.00', '1,2,3,4,7,9,10,11,12,15,16,17,19,20,21,23', '主楼4层内科候诊区', '08:00-12:00', '请提前15分钟候诊', '0', '1', '23', '12' );
INSERT INTO doctor_schedule ( m_code, service_date, week_day, session_code, session_name, start_time, end_time,  department_code, department_name, clinic_room_code, clinic_room_name,  doctor_code, doctor_name, doctor_title_code, doctor_title, doctor_spec,  doctor_sess_type_code, doctor_sess_type, service_code, service_name,  fee, reg_fee, checkup_fee, service_fee, other_fee, available_number_str,  admit_address_string, admit_time_range, note, time_range_flag, schedule_status,  available_total_num, available_left_num ) VALUES ( 'SCH_DOC_DEPT001_5_20260329_1', '2026-03-29', '7', '1', '上午', '08:00', '12:00', 'DEPT001', '内科', 'ROOM_DEPT001_5', '内科门诊1诊室', 'DOC_DEPT001_5', '孙伟', '03', '主治医师', '老年慢性病', '1', '专家门诊', 'SRV_001', '主治医师挂号费', '20.00', '20.00', '0.00', '0.00', '0.00', '2,3,6,8,9,11,13,16,18,19,20', '主楼6层内科候诊区', '08:00-12:00', '请提前15分钟候诊', '0', '1', '20', '10' );
INSERT INTO doctor (doctor_code, doctor_name, department_code, title, specialty, doctor_des, doctor_image) VALUES ('DOC_DEPT002_1', '何超', 'DEPT002', '主任医师', '微创胆囊切除', '何超主任医师，从事外科临床工作25年，经验丰富。他长期致力于微创胆囊切除的诊疗，已成功治愈数千例相关患者。', 'doc_DOC_DEPT002_1.png');
INSERT INTO doctor_schedule ( m_code, service_date, week_day, session_code, session_name, start_time, end_time,  department_code, department_name, clinic_room_code, clinic_room_name,  doctor_code, doctor_name, doctor_title_code, doctor_title, doctor_spec,  doctor_sess_type_code, doctor_sess_type, service_code, service_name,  fee, reg_fee, checkup_fee, service_fee, other_fee, available_number_str,  admit_address_string, admit_time_range, note, time_range_flag, schedule_status,  available_total_num, available_left_num ) VALUES ( 'SCH_DOC_DEPT002_1_20260316_2', '2026-03-16', '1', '2', '下午', '13:30', '17:30', 'DEPT002', '外科', 'ROOM_DEPT002_1', '外科门诊5诊室', 'DOC_DEPT002_1', '何超', '01', '主任医师', '微创胆囊切除', '1', '专家门诊', 'SRV_001', '主任医师挂号费', '20.00', '20.00', '0.00', '0.00', '0.00', '2,3,4,5,6,9,10,11,13,14,15', '主楼4层外科候诊区', '13:30-17:30', '请提前15分钟候诊', '0', '1', '15', '7' );
INSERT INTO doctor_schedule ( m_code, service_date, week_day, session_code, session_name, start_time, end_time,  department_code, department_name, clinic_room_code, clinic_room_name,  doctor_code, doctor_name, doctor_title_code, doctor_title, doctor_spec,  doctor_sess_type_code, doctor_sess_type, service_code, service_name,  fee, reg_fee, checkup_fee, service_fee, other_fee, available_number_str,  admit_address_string, admit_time_range, note, time_range_flag, schedule_status,  available_total_num, available_left_num ) VALUES ( 'SCH_DOC_DEPT002_1_20260317_1', '2026-03-17', '2', '1', '上午', '08:00', '12:00', 'DEPT002', '外科', 'ROOM_DEPT002_2', '外科门诊3诊室', 'DOC_DEPT002_1', '何超', '01', '主任医师', '微创胆囊切除', '1', '专家门诊', 'SRV_001', '主任医师挂号费', '50.00', '50.00', '0.00', '0.00', '0.00', '1,3,5,8,9,10,11,12,13,14,15,16,18,19', '主楼4层外科候诊区', '08:00-12:00', '请提前15分钟候诊', '0', '1', '19', '13' );
INSERT INTO doctor_schedule ( m_code, service_date, week_day, session_code, session_name, start_time, end_time,  department_code, department_name, clinic_room_code, clinic_room_name,  doctor_code, doctor_name, doctor_title_code, doctor_title, doctor_spec,  doctor_sess_type_code, doctor_sess_type, service_code, service_name,  fee, reg_fee, checkup_fee, service_fee, other_fee, available_number_str,  admit_address_string, admit_time_range, note, time_range_flag, schedule_status,  available_total_num, available_left_num ) VALUES ( 'SCH_DOC_DEPT002_1_20260317_2', '2026-03-17', '2', '2', '下午', '13:30', '17:30', 'DEPT002', '外科', 'ROOM_DEPT002_3', '外科门诊5诊室', 'DOC_DEPT002_1', '何超', '01', '主任医师', '微创胆囊切除', '1', '专家门诊', 'SRV_001', '主任医师挂号费', '50.00', '50.00', '0.00', '0.00', '0.00', '1,2,4,6,7,8,9,10,12,13,14,16,18,19,20', '主楼4层外科候诊区', '13:30-17:30', '请提前15分钟候诊', '0', '1', '21', '12' );
INSERT INTO doctor_schedule ( m_code, service_date, week_day, session_code, session_name, start_time, end_time,  department_code, department_name, clinic_room_code, clinic_room_name,  doctor_code, doctor_name, doctor_title_code, doctor_title, doctor_spec,  doctor_sess_type_code, doctor_sess_type, service_code, service_name,  fee, reg_fee, checkup_fee, service_fee, other_fee, available_number_str,  admit_address_string, admit_time_range, note, time_range_flag, schedule_status,  available_total_num, available_left_num ) VALUES ( 'SCH_DOC_DEPT002_1_20260319_2', '2026-03-19', '4', '2', '下午', '13:30', '17:30', 'DEPT002', '外科', 'ROOM_DEPT002_2', '外科门诊4诊室', 'DOC_DEPT002_1', '何超', '01', '主任医师', '微创胆囊切除', '1', '专家门诊', 'SRV_001', '主任医师挂号费', '50.00', '50.00', '0.00', '0.00', '0.00', '1,3,4,5,6,7,8,9,11,12,13,14,15,16,17,19,21,22,23,24,26', '主楼3层外科候诊区', '13:30-17:30', '请提前15分钟候诊', '0', '1', '26', '21' );
INSERT INTO doctor_schedule ( m_code, service_date, week_day, session_code, session_name, start_time, end_time,  department_code, department_name, clinic_room_code, clinic_room_name,  doctor_code, doctor_name, doctor_title_code, doctor_title, doctor_spec,  doctor_sess_type_code, doctor_sess_type, service_code, service_name,  fee, reg_fee, checkup_fee, service_fee, other_fee, available_number_str,  admit_address_string, admit_time_range, note, time_range_flag, schedule_status,  available_total_num, available_left_num ) VALUES ( 'SCH_DOC_DEPT002_1_20260320_2', '2026-03-20', '5', '2', '下午', '13:30', '17:30', 'DEPT002', '外科', 'ROOM_DEPT002_4', '外科门诊2诊室', 'DOC_DEPT002_1', '何超', '01', '主任医师', '微创胆囊切除', '1', '专家门诊', 'SRV_001', '主任医师挂号费', '50.00', '50.00', '0.00', '0.00', '0.00', '2,3,4,5,6,7,8,9,11,12,13,14,16,17,18,19,20,21,22,26,28,29,30,31,32,33,34,36,37,38', '主楼5层外科候诊区', '13:30-17:30', '请提前15分钟候诊', '0', '1', '38', '36' );
INSERT INTO doctor_schedule ( m_code, service_date, week_day, session_code, session_name, start_time, end_time,  department_code, department_name, clinic_room_code, clinic_room_name,  doctor_code, doctor_name, doctor_title_code, doctor_title, doctor_spec,  doctor_sess_type_code, doctor_sess_type, service_code, service_name,  fee, reg_fee, checkup_fee, service_fee, other_fee, available_number_str,  admit_address_string, admit_time_range, note, time_range_flag, schedule_status,  available_total_num, available_left_num ) VALUES ( 'SCH_DOC_DEPT002_1_20260321_1', '2026-03-21', '6', '1', '上午', '08:00', '12:00', 'DEPT002', '外科', 'ROOM_DEPT002_2', '外科门诊1诊室', 'DOC_DEPT002_1', '何超', '01', '主任医师', '微创胆囊切除', '1', '专家门诊', 'SRV_001', '主任医师挂号费', '50.00', '50.00', '0.00', '0.00', '0.00', '2,3,4,5,6,7,9,10,11,13,14,15,16,17', '主楼6层外科候诊区', '08:00-12:00', '请提前15分钟候诊', '0', '1', '17', '6' );
INSERT INTO doctor_schedule ( m_code, service_date, week_day, session_code, session_name, start_time, end_time,  department_code, department_name, clinic_room_code, clinic_room_name,  doctor_code, doctor_name, doctor_title_code, doctor_title, doctor_spec,  doctor_sess_type_code, doctor_sess_type, service_code, service_name,  fee, reg_fee, checkup_fee, service_fee, other_fee, available_number_str,  admit_address_string, admit_time_range, note, time_range_flag, schedule_status,  available_total_num, available_left_num ) VALUES ( 'SCH_DOC_DEPT002_1_20260321_2', '2026-03-21', '6', '2', '下午', '13:30', '17:30', 'DEPT002', '外科', 'ROOM_DEPT002_3', '外科门诊3诊室', 'DOC_DEPT002_1', '何超', '01', '主任医师', '微创胆囊切除', '1', '专家门诊', 'SRV_001', '主任医师挂号费', '50.00', '50.00', '0.00', '0.00', '0.00', '1,2,5,7,8,9,10,11,12,13,14,16,17,18,19,20,21,22', '主楼3层外科候诊区', '13:30-17:30', '请提前15分钟候诊', '0', '1', '22', '5' );
INSERT INTO doctor_schedule ( m_code, service_date, week_day, session_code, session_name, start_time, end_time,  department_code, department_name, clinic_room_code, clinic_room_name,  doctor_code, doctor_name, doctor_title_code, doctor_title, doctor_spec,  doctor_sess_type_code, doctor_sess_type, service_code, service_name,  fee, reg_fee, checkup_fee, service_fee, other_fee, available_number_str,  admit_address_string, admit_time_range, note, time_range_flag, schedule_status,  available_total_num, available_left_num ) VALUES ( 'SCH_DOC_DEPT002_1_20260322_1', '2026-03-22', '7', '1', '上午', '08:00', '12:00', 'DEPT002', '外科', 'ROOM_DEPT002_5', '外科门诊3诊室', 'DOC_DEPT002_1', '何超', '01', '主任医师', '微创胆囊切除', '1', '专家门诊', 'SRV_001', '主任医师挂号费', '20.00', '20.00', '0.00', '0.00', '0.00', '1,2,4,5,6,8,9,10,12,14,15,16,18,19,20,21,22,23,24,25,26,27,28,30,31,32,33,34,35,36,37,39', '主楼5层外科候诊区', '08:00-12:00', '请提前15分钟候诊', '0', '1', '40', '19' );
INSERT INTO doctor_schedule ( m_code, service_date, week_day, session_code, session_name, start_time, end_time,  department_code, department_name, clinic_room_code, clinic_room_name,  doctor_code, doctor_name, doctor_title_code, doctor_title, doctor_spec,  doctor_sess_type_code, doctor_sess_type, service_code, service_name,  fee, reg_fee, checkup_fee, service_fee, other_fee, available_number_str,  admit_address_string, admit_time_range, note, time_range_flag, schedule_status,  available_total_num, available_left_num ) VALUES ( 'SCH_DOC_DEPT002_1_20260322_2', '2026-03-22', '7', '2', '下午', '13:30', '17:30', 'DEPT002', '外科', 'ROOM_DEPT002_2', '外科门诊1诊室', 'DOC_DEPT002_1', '何超', '01', '主任医师', '微创胆囊切除', '1', '专家门诊', 'SRV_001', '主任医师挂号费', '20.00', '20.00', '0.00', '0.00', '0.00', '1,2,3,5,6,7,8,9,10,11,12,14,15,16,20,21,22,26,28,29', '主楼1层外科候诊区', '13:30-17:30', '请提前15分钟候诊', '0', '1', '29', '27' );
INSERT INTO doctor_schedule ( m_code, service_date, week_day, session_code, session_name, start_time, end_time,  department_code, department_name, clinic_room_code, clinic_room_name,  doctor_code, doctor_name, doctor_title_code, doctor_title, doctor_spec,  doctor_sess_type_code, doctor_sess_type, service_code, service_name,  fee, reg_fee, checkup_fee, service_fee, other_fee, available_number_str,  admit_address_string, admit_time_range, note, time_range_flag, schedule_status,  available_total_num, available_left_num ) VALUES ( 'SCH_DOC_DEPT002_1_20260323_2', '2026-03-23', '1', '2', '下午', '13:30', '17:30', 'DEPT002', '外科', 'ROOM_DEPT002_4', '外科门诊2诊室', 'DOC_DEPT002_1', '何超', '01', '主任医师', '微创胆囊切除', '1', '专家门诊', 'SRV_001', '主任医师挂号费', '50.00', '50.00', '0.00', '0.00', '0.00', '2,3,4,5,7,8,9,10,11,12,13,14,16,17,18,19,21', '主楼3层外科候诊区', '13:30-17:30', '请提前15分钟候诊', '0', '1', '22', '12' );
INSERT INTO doctor_schedule ( m_code, service_date, week_day, session_code, session_name, start_time, end_time,  department_code, department_name, clinic_room_code, clinic_room_name,  doctor_code, doctor_name, doctor_title_code, doctor_title, doctor_spec,  doctor_sess_type_code, doctor_sess_type, service_code, service_name,  fee, reg_fee, checkup_fee, service_fee, other_fee, available_number_str,  admit_address_string, admit_time_range, note, time_range_flag, schedule_status,  available_total_num, available_left_num ) VALUES ( 'SCH_DOC_DEPT002_1_20260324_2', '2026-03-24', '2', '2', '下午', '13:30', '17:30', 'DEPT002', '外科', 'ROOM_DEPT002_3', '外科门诊3诊室', 'DOC_DEPT002_1', '何超', '01', '主任医师', '微创胆囊切除', '1', '专家门诊', 'SRV_001', '主任医师挂号费', '20.00', '20.00', '0.00', '0.00', '0.00', '1,2,3,4,5,6,7,8,11,13,14,15,16,17,18,19,20,21,23,24,25', '主楼3层外科候诊区', '13:30-17:30', '请提前15分钟候诊', '0', '1', '25', '15' );
INSERT INTO doctor_schedule ( m_code, service_date, week_day, session_code, session_name, start_time, end_time,  department_code, department_name, clinic_room_code, clinic_room_name,  doctor_code, doctor_name, doctor_title_code, doctor_title, doctor_spec,  doctor_sess_type_code, doctor_sess_type, service_code, service_name,  fee, reg_fee, checkup_fee, service_fee, other_fee, available_number_str,  admit_address_string, admit_time_range, note, time_range_flag, schedule_status,  available_total_num, available_left_num ) VALUES ( 'SCH_DOC_DEPT002_1_20260327_1', '2026-03-27', '5', '1', '上午', '08:00', '12:00', 'DEPT002', '外科', 'ROOM_DEPT002_2', '外科门诊2诊室', 'DOC_DEPT002_1', '何超', '01', '主任医师', '微创胆囊切除', '1', '专家门诊', 'SRV_001', '主任医师挂号费', '20.00', '20.00', '0.00', '0.00', '0.00', '1,2,3,4,7,9,11,12,13,14,16,17,18,19,21,23,25,27,28,29,30,31,32,34,35,36', '主楼2层外科候诊区', '08:00-12:00', '请提前15分钟候诊', '0', '1', '36', '11' );
INSERT INTO doctor_schedule ( m_code, service_date, week_day, session_code, session_name, start_time, end_time,  department_code, department_name, clinic_room_code, clinic_room_name,  doctor_code, doctor_name, doctor_title_code, doctor_title, doctor_spec,  doctor_sess_type_code, doctor_sess_type, service_code, service_name,  fee, reg_fee, checkup_fee, service_fee, other_fee, available_number_str,  admit_address_string, admit_time_range, note, time_range_flag, schedule_status,  available_total_num, available_left_num ) VALUES ( 'SCH_DOC_DEPT002_1_20260328_1', '2026-03-28', '6', '1', '上午', '08:00', '12:00', 'DEPT002', '外科', 'ROOM_DEPT002_1', '外科门诊5诊室', 'DOC_DEPT002_1', '何超', '01', '主任医师', '微创胆囊切除', '1', '专家门诊', 'SRV_001', '主任医师挂号费', '15.00', '15.00', '0.00', '0.00', '0.00', '1,2,5,6,7,9,10,11,12,13,14,15,16,17,19,20,21,23,24,25', '主楼5层外科候诊区', '08:00-12:00', '请提前15分钟候诊', '0', '1', '26', '20' );
INSERT INTO doctor (doctor_code, doctor_name, department_code, title, specialty, doctor_des, doctor_image) VALUES ('DOC_DEPT002_2', '林军', 'DEPT002', '副主任医师', '急腹症救治', '林军副主任医师，从事外科临床工作30年，专业严谨。她擅长急腹症救治的诊疗，已成功治愈数千例相关患者。', 'doc_DOC_DEPT002_2.png');
INSERT INTO doctor_schedule ( m_code, service_date, week_day, session_code, session_name, start_time, end_time,  department_code, department_name, clinic_room_code, clinic_room_name,  doctor_code, doctor_name, doctor_title_code, doctor_title, doctor_spec,  doctor_sess_type_code, doctor_sess_type, service_code, service_name,  fee, reg_fee, checkup_fee, service_fee, other_fee, available_number_str,  admit_address_string, admit_time_range, note, time_range_flag, schedule_status,  available_total_num, available_left_num ) VALUES ( 'SCH_DOC_DEPT002_2_20260317_1', '2026-03-17', '2', '1', '上午', '08:00', '12:00', 'DEPT002', '外科', 'ROOM_DEPT002_2', '外科门诊1诊室', 'DOC_DEPT002_2', '林军', '02', '副主任医师', '急腹症救治', '1', '专家门诊', 'SRV_001', '副主任医师挂号费', '50.00', '50.00', '0.00', '0.00', '0.00', '1,2,3,4,5,6,7,8,10,12,14,16,17,20,21,22,24,26,27,28,29,30,31', '主楼2层外科候诊区', '08:00-12:00', '请提前15分钟候诊', '0', '1', '34', '31' );
INSERT INTO doctor_schedule ( m_code, service_date, week_day, session_code, session_name, start_time, end_time,  department_code, department_name, clinic_room_code, clinic_room_name,  doctor_code, doctor_name, doctor_title_code, doctor_title, doctor_spec,  doctor_sess_type_code, doctor_sess_type, service_code, service_name,  fee, reg_fee, checkup_fee, service_fee, other_fee, available_number_str,  admit_address_string, admit_time_range, note, time_range_flag, schedule_status,  available_total_num, available_left_num ) VALUES ( 'SCH_DOC_DEPT002_2_20260317_2', '2026-03-17', '2', '2', '下午', '13:30', '17:30', 'DEPT002', '外科', 'ROOM_DEPT002_3', '外科门诊2诊室', 'DOC_DEPT002_2', '林军', '02', '副主任医师', '急腹症救治', '1', '专家门诊', 'SRV_001', '副主任医师挂号费', '20.00', '20.00', '0.00', '0.00', '0.00', '1,3,4,5,6,9,10,11,12,13,16,17,18,19,20,22,23,24', '主楼6层外科候诊区', '13:30-17:30', '请提前15分钟候诊', '0', '1', '25', '5' );
INSERT INTO doctor_schedule ( m_code, service_date, week_day, session_code, session_name, start_time, end_time,  department_code, department_name, clinic_room_code, clinic_room_name,  doctor_code, doctor_name, doctor_title_code, doctor_title, doctor_spec,  doctor_sess_type_code, doctor_sess_type, service_code, service_name,  fee, reg_fee, checkup_fee, service_fee, other_fee, available_number_str,  admit_address_string, admit_time_range, note, time_range_flag, schedule_status,  available_total_num, available_left_num ) VALUES ( 'SCH_DOC_DEPT002_2_20260318_1', '2026-03-18', '3', '1', '上午', '08:00', '12:00', 'DEPT002', '外科', 'ROOM_DEPT002_3', '外科门诊2诊室', 'DOC_DEPT002_2', '林军', '02', '副主任医师', '急腹症救治', '1', '专家门诊', 'SRV_001', '副主任医师挂号费', '50.00', '50.00', '0.00', '0.00', '0.00', '1,4,5,7,8,9,10,11,12,13,14,15,16,18,20,21,22', '主楼6层外科候诊区', '08:00-12:00', '请提前15分钟候诊', '0', '1', '22', '21' );
INSERT INTO doctor_schedule ( m_code, service_date, week_day, session_code, session_name, start_time, end_time,  department_code, department_name, clinic_room_code, clinic_room_name,  doctor_code, doctor_name, doctor_title_code, doctor_title, doctor_spec,  doctor_sess_type_code, doctor_sess_type, service_code, service_name,  fee, reg_fee, checkup_fee, service_fee, other_fee, available_number_str,  admit_address_string, admit_time_range, note, time_range_flag, schedule_status,  available_total_num, available_left_num ) VALUES ( 'SCH_DOC_DEPT002_2_20260318_2', '2026-03-18', '3', '2', '下午', '13:30', '17:30', 'DEPT002', '外科', 'ROOM_DEPT002_3', '外科门诊2诊室', 'DOC_DEPT002_2', '林军', '02', '副主任医师', '急腹症救治', '1', '专家门诊', 'SRV_001', '副主任医师挂号费', '50.00', '50.00', '0.00', '0.00', '0.00', '1,2,5,7,8,9,10,11,12,13,15,16,17,18,20,21,22,23,24,25,27,28,29', '主楼3层外科候诊区', '13:30-17:30', '请提前15分钟候诊', '0', '1', '30', '24' );
INSERT INTO doctor_schedule ( m_code, service_date, week_day, session_code, session_name, start_time, end_time,  department_code, department_name, clinic_room_code, clinic_room_name,  doctor_code, doctor_name, doctor_title_code, doctor_title, doctor_spec,  doctor_sess_type_code, doctor_sess_type, service_code, service_name,  fee, reg_fee, checkup_fee, service_fee, other_fee, available_number_str,  admit_address_string, admit_time_range, note, time_range_flag, schedule_status,  available_total_num, available_left_num ) VALUES ( 'SCH_DOC_DEPT002_2_20260319_2', '2026-03-19', '4', '2', '下午', '13:30', '17:30', 'DEPT002', '外科', 'ROOM_DEPT002_3', '外科门诊1诊室', 'DOC_DEPT002_2', '林军', '02', '副主任医师', '急腹症救治', '1', '专家门诊', 'SRV_001', '副主任医师挂号费', '20.00', '20.00', '0.00', '0.00', '0.00', '1,2,3,5,6,8,9,10,12,13,14', '主楼6层外科候诊区', '13:30-17:30', '请提前15分钟候诊', '0', '1', '15', '12' );
INSERT INTO doctor_schedule ( m_code, service_date, week_day, session_code, session_name, start_time, end_time,  department_code, department_name, clinic_room_code, clinic_room_name,  doctor_code, doctor_name, doctor_title_code, doctor_title, doctor_spec,  doctor_sess_type_code, doctor_sess_type, service_code, service_name,  fee, reg_fee, checkup_fee, service_fee, other_fee, available_number_str,  admit_address_string, admit_time_range, note, time_range_flag, schedule_status,  available_total_num, available_left_num ) VALUES ( 'SCH_DOC_DEPT002_2_20260322_1', '2026-03-22', '7', '1', '上午', '08:00', '12:00', 'DEPT002', '外科', 'ROOM_DEPT002_2', '外科门诊3诊室', 'DOC_DEPT002_2', '林军', '02', '副主任医师', '急腹症救治', '1', '专家门诊', 'SRV_001', '副主任医师挂号费', '15.00', '15.00', '0.00', '0.00', '0.00', '1,2,3,5,6,8,9,10,11,12,14,16,18,20,21,23,25', '主楼2层外科候诊区', '08:00-12:00', '请提前15分钟候诊', '0', '1', '25', '20' );
INSERT INTO doctor_schedule ( m_code, service_date, week_day, session_code, session_name, start_time, end_time,  department_code, department_name, clinic_room_code, clinic_room_name,  doctor_code, doctor_name, doctor_title_code, doctor_title, doctor_spec,  doctor_sess_type_code, doctor_sess_type, service_code, service_name,  fee, reg_fee, checkup_fee, service_fee, other_fee, available_number_str,  admit_address_string, admit_time_range, note, time_range_flag, schedule_status,  available_total_num, available_left_num ) VALUES ( 'SCH_DOC_DEPT002_2_20260322_2', '2026-03-22', '7', '2', '下午', '13:30', '17:30', 'DEPT002', '外科', 'ROOM_DEPT002_1', '外科门诊3诊室', 'DOC_DEPT002_2', '林军', '02', '副主任医师', '急腹症救治', '1', '专家门诊', 'SRV_001', '副主任医师挂号费', '20.00', '20.00', '0.00', '0.00', '0.00', '1,2,3,5,6,7,8,11,12,15', '主楼3层外科候诊区', '13:30-17:30', '请提前15分钟候诊', '0', '1', '15', '9' );
INSERT INTO doctor_schedule ( m_code, service_date, week_day, session_code, session_name, start_time, end_time,  department_code, department_name, clinic_room_code, clinic_room_name,  doctor_code, doctor_name, doctor_title_code, doctor_title, doctor_spec,  doctor_sess_type_code, doctor_sess_type, service_code, service_name,  fee, reg_fee, checkup_fee, service_fee, other_fee, available_number_str,  admit_address_string, admit_time_range, note, time_range_flag, schedule_status,  available_total_num, available_left_num ) VALUES ( 'SCH_DOC_DEPT002_2_20260324_1', '2026-03-24', '2', '1', '上午', '08:00', '12:00', 'DEPT002', '外科', 'ROOM_DEPT002_4', '外科门诊2诊室', 'DOC_DEPT002_2', '林军', '02', '副主任医师', '急腹症救治', '1', '专家门诊', 'SRV_001', '副主任医师挂号费', '50.00', '50.00', '0.00', '0.00', '0.00', '1,2,3,4,6,7,8,11,13,14,15,17,20,21,22,23,24,26,28,30,31,32,34,35', '主楼3层外科候诊区', '08:00-12:00', '请提前15分钟候诊', '0', '1', '35', '28' );
INSERT INTO doctor_schedule ( m_code, service_date, week_day, session_code, session_name, start_time, end_time,  department_code, department_name, clinic_room_code, clinic_room_name,  doctor_code, doctor_name, doctor_title_code, doctor_title, doctor_spec,  doctor_sess_type_code, doctor_sess_type, service_code, service_name,  fee, reg_fee, checkup_fee, service_fee, other_fee, available_number_str,  admit_address_string, admit_time_range, note, time_range_flag, schedule_status,  available_total_num, available_left_num ) VALUES ( 'SCH_DOC_DEPT002_2_20260325_2', '2026-03-25', '3', '2', '下午', '13:30', '17:30', 'DEPT002', '外科', 'ROOM_DEPT002_5', '外科门诊3诊室', 'DOC_DEPT002_2', '林军', '02', '副主任医师', '急腹症救治', '1', '专家门诊', 'SRV_001', '副主任医师挂号费', '50.00', '50.00', '0.00', '0.00', '0.00', '2,3,4,5,6,8,9,11,12,15', '主楼6层外科候诊区', '13:30-17:30', '请提前15分钟候诊', '0', '1', '17', '10' );
INSERT INTO doctor_schedule ( m_code, service_date, week_day, session_code, session_name, start_time, end_time,  department_code, department_name, clinic_room_code, clinic_room_name,  doctor_code, doctor_name, doctor_title_code, doctor_title, doctor_spec,  doctor_sess_type_code, doctor_sess_type, service_code, service_name,  fee, reg_fee, checkup_fee, service_fee, other_fee, available_number_str,  admit_address_string, admit_time_range, note, time_range_flag, schedule_status,  available_total_num, available_left_num ) VALUES ( 'SCH_DOC_DEPT002_2_20260325_1', '2026-03-25', '3', '1', '上午', '08:00', '12:00', 'DEPT002', '外科', 'ROOM_DEPT002_1', '外科门诊2诊室', 'DOC_DEPT002_2', '林军', '02', '副主任医师', '急腹症救治', '1', '专家门诊', 'SRV_001', '副主任医师挂号费', '50.00', '50.00', '0.00', '0.00', '0.00', '1,2,3,4,5,6,7,8,9,10,12,15,17,19,20,21,22,24,27,28,30,32,33,34', '主楼3层外科候诊区', '08:00-12:00', '请提前15分钟候诊', '0', '1', '34', '12' );
INSERT INTO doctor_schedule ( m_code, service_date, week_day, session_code, session_name, start_time, end_time,  department_code, department_name, clinic_room_code, clinic_room_name,  doctor_code, doctor_name, doctor_title_code, doctor_title, doctor_spec,  doctor_sess_type_code, doctor_sess_type, service_code, service_name,  fee, reg_fee, checkup_fee, service_fee, other_fee, available_number_str,  admit_address_string, admit_time_range, note, time_range_flag, schedule_status,  available_total_num, available_left_num ) VALUES ( 'SCH_DOC_DEPT002_2_20260326_2', '2026-03-26', '4', '2', '下午', '13:30', '17:30', 'DEPT002', '外科', 'ROOM_DEPT002_4', '外科门诊5诊室', 'DOC_DEPT002_2', '林军', '02', '副主任医师', '急腹症救治', '1', '专家门诊', 'SRV_001', '副主任医师挂号费', '50.00', '50.00', '0.00', '0.00', '0.00', '1,2,4,5,7,10,11,12,13,15,19,20,21,23,24,26,27,28,29,30,31,32', '主楼6层外科候诊区', '13:30-17:30', '请提前15分钟候诊', '0', '1', '32', '16' );
INSERT INTO doctor_schedule ( m_code, service_date, week_day, session_code, session_name, start_time, end_time,  department_code, department_name, clinic_room_code, clinic_room_name,  doctor_code, doctor_name, doctor_title_code, doctor_title, doctor_spec,  doctor_sess_type_code, doctor_sess_type, service_code, service_name,  fee, reg_fee, checkup_fee, service_fee, other_fee, available_number_str,  admit_address_string, admit_time_range, note, time_range_flag, schedule_status,  available_total_num, available_left_num ) VALUES ( 'SCH_DOC_DEPT002_2_20260326_1', '2026-03-26', '4', '1', '上午', '08:00', '12:00', 'DEPT002', '外科', 'ROOM_DEPT002_3', '外科门诊4诊室', 'DOC_DEPT002_2', '林军', '02', '副主任医师', '急腹症救治', '1', '专家门诊', 'SRV_001', '副主任医师挂号费', '50.00', '50.00', '0.00', '0.00', '0.00', '1,2,3,5,8,9,10,11,12,13,14,15', '主楼2层外科候诊区', '08:00-12:00', '请提前15分钟候诊', '0', '1', '15', '15' );
INSERT INTO doctor_schedule ( m_code, service_date, week_day, session_code, session_name, start_time, end_time,  department_code, department_name, clinic_room_code, clinic_room_name,  doctor_code, doctor_name, doctor_title_code, doctor_title, doctor_spec,  doctor_sess_type_code, doctor_sess_type, service_code, service_name,  fee, reg_fee, checkup_fee, service_fee, other_fee, available_number_str,  admit_address_string, admit_time_range, note, time_range_flag, schedule_status,  available_total_num, available_left_num ) VALUES ( 'SCH_DOC_DEPT002_2_20260327_1', '2026-03-27', '5', '1', '上午', '08:00', '12:00', 'DEPT002', '外科', 'ROOM_DEPT002_1', '外科门诊5诊室', 'DOC_DEPT002_2', '林军', '02', '副主任医师', '急腹症救治', '1', '专家门诊', 'SRV_001', '副主任医师挂号费', '15.00', '15.00', '0.00', '0.00', '0.00', '1,2,3,4,5,6,8,9,10,11,13,14,16,17,18,19', '主楼1层外科候诊区', '08:00-12:00', '请提前15分钟候诊', '0', '1', '19', '16' );
INSERT INTO doctor_schedule ( m_code, service_date, week_day, session_code, session_name, start_time, end_time,  department_code, department_name, clinic_room_code, clinic_room_name,  doctor_code, doctor_name, doctor_title_code, doctor_title, doctor_spec,  doctor_sess_type_code, doctor_sess_type, service_code, service_name,  fee, reg_fee, checkup_fee, service_fee, other_fee, available_number_str,  admit_address_string, admit_time_range, note, time_range_flag, schedule_status,  available_total_num, available_left_num ) VALUES ( 'SCH_DOC_DEPT002_2_20260328_1', '2026-03-28', '6', '1', '上午', '08:00', '12:00', 'DEPT002', '外科', 'ROOM_DEPT002_5', '外科门诊3诊室', 'DOC_DEPT002_2', '林军', '02', '副主任医师', '急腹症救治', '1', '专家门诊', 'SRV_001', '副主任医师挂号费', '50.00', '50.00', '0.00', '0.00', '0.00', '1,2,3,4,6,7,8,9,10,12,13,14,17', '主楼3层外科候诊区', '08:00-12:00', '请提前15分钟候诊', '0', '1', '17', '7' );
INSERT INTO doctor_schedule ( m_code, service_date, week_day, session_code, session_name, start_time, end_time,  department_code, department_name, clinic_room_code, clinic_room_name,  doctor_code, doctor_name, doctor_title_code, doctor_title, doctor_spec,  doctor_sess_type_code, doctor_sess_type, service_code, service_name,  fee, reg_fee, checkup_fee, service_fee, other_fee, available_number_str,  admit_address_string, admit_time_range, note, time_range_flag, schedule_status,  available_total_num, available_left_num ) VALUES ( 'SCH_DOC_DEPT002_2_20260329_2', '2026-03-29', '7', '2', '下午', '13:30', '17:30', 'DEPT002', '外科', 'ROOM_DEPT002_3', '外科门诊5诊室', 'DOC_DEPT002_2', '林军', '02', '副主任医师', '急腹症救治', '1', '专家门诊', 'SRV_001', '副主任医师挂号费', '20.00', '20.00', '0.00', '0.00', '0.00', '1,2,3,4,5,7,11,12,14,15,16,17,18,19,20,21,22,23,25,26,27,28,29,30,31,32,33,34,35', '主楼2层外科候诊区', '13:30-17:30', '请提前15分钟候诊', '0', '1', '35', '14' );
INSERT INTO doctor (doctor_code, doctor_name, department_code, title, specialty, doctor_des, doctor_image) VALUES ('DOC_DEPT002_3', '何伟', 'DEPT002', '主任医师', '腹腔镜手术', '何伟主任医师，从事外科临床工作6年，待人亲切。他专注于腹腔镜手术的诊疗，已成功治愈数千例相关患者。', 'doc_DOC_DEPT002_3.png');
INSERT INTO doctor_schedule ( m_code, service_date, week_day, session_code, session_name, start_time, end_time,  department_code, department_name, clinic_room_code, clinic_room_name,  doctor_code, doctor_name, doctor_title_code, doctor_title, doctor_spec,  doctor_sess_type_code, doctor_sess_type, service_code, service_name,  fee, reg_fee, checkup_fee, service_fee, other_fee, available_number_str,  admit_address_string, admit_time_range, note, time_range_flag, schedule_status,  available_total_num, available_left_num ) VALUES ( 'SCH_DOC_DEPT002_3_20260316_1', '2026-03-16', '1', '1', '上午', '08:00', '12:00', 'DEPT002', '外科', 'ROOM_DEPT002_1', '外科门诊2诊室', 'DOC_DEPT002_3', '何伟', '01', '主任医师', '腹腔镜手术', '1', '专家门诊', 'SRV_001', '主任医师挂号费', '15.00', '15.00', '0.00', '0.00', '0.00', '1,2,3,4,5,7,8,10,11,13,14,15,16,18,19,21,22', '主楼1层外科候诊区', '08:00-12:00', '请提前15分钟候诊', '0', '1', '22', '13' );
INSERT INTO doctor_schedule ( m_code, service_date, week_day, session_code, session_name, start_time, end_time,  department_code, department_name, clinic_room_code, clinic_room_name,  doctor_code, doctor_name, doctor_title_code, doctor_title, doctor_spec,  doctor_sess_type_code, doctor_sess_type, service_code, service_name,  fee, reg_fee, checkup_fee, service_fee, other_fee, available_number_str,  admit_address_string, admit_time_range, note, time_range_flag, schedule_status,  available_total_num, available_left_num ) VALUES ( 'SCH_DOC_DEPT002_3_20260316_2', '2026-03-16', '1', '2', '下午', '13:30', '17:30', 'DEPT002', '外科', 'ROOM_DEPT002_5', '外科门诊1诊室', 'DOC_DEPT002_3', '何伟', '01', '主任医师', '腹腔镜手术', '1', '专家门诊', 'SRV_001', '主任医师挂号费', '50.00', '50.00', '0.00', '0.00', '0.00', '1,2,3,4,6,8,10,12,14,15,16,17,18,20,21,22,24', '主楼6层外科候诊区', '13:30-17:30', '请提前15分钟候诊', '0', '1', '24', '14' );
INSERT INTO doctor_schedule ( m_code, service_date, week_day, session_code, session_name, start_time, end_time,  department_code, department_name, clinic_room_code, clinic_room_name,  doctor_code, doctor_name, doctor_title_code, doctor_title, doctor_spec,  doctor_sess_type_code, doctor_sess_type, service_code, service_name,  fee, reg_fee, checkup_fee, service_fee, other_fee, available_number_str,  admit_address_string, admit_time_range, note, time_range_flag, schedule_status,  available_total_num, available_left_num ) VALUES ( 'SCH_DOC_DEPT002_3_20260317_2', '2026-03-17', '2', '2', '下午', '13:30', '17:30', 'DEPT002', '外科', 'ROOM_DEPT002_2', '外科门诊1诊室', 'DOC_DEPT002_3', '何伟', '01', '主任医师', '腹腔镜手术', '1', '专家门诊', 'SRV_001', '主任医师挂号费', '50.00', '50.00', '0.00', '0.00', '0.00', '1,2,3,4,5,6,7,9,10,11,16,17,18,19,20,21,22,25,27,28,30,31,32', '主楼2层外科候诊区', '13:30-17:30', '请提前15分钟候诊', '0', '1', '32', '14' );
INSERT INTO doctor_schedule ( m_code, service_date, week_day, session_code, session_name, start_time, end_time,  department_code, department_name, clinic_room_code, clinic_room_name,  doctor_code, doctor_name, doctor_title_code, doctor_title, doctor_spec,  doctor_sess_type_code, doctor_sess_type, service_code, service_name,  fee, reg_fee, checkup_fee, service_fee, other_fee, available_number_str,  admit_address_string, admit_time_range, note, time_range_flag, schedule_status,  available_total_num, available_left_num ) VALUES ( 'SCH_DOC_DEPT002_3_20260318_2', '2026-03-18', '3', '2', '下午', '13:30', '17:30', 'DEPT002', '外科', 'ROOM_DEPT002_1', '外科门诊5诊室', 'DOC_DEPT002_3', '何伟', '01', '主任医师', '腹腔镜手术', '1', '专家门诊', 'SRV_001', '主任医师挂号费', '50.00', '50.00', '0.00', '0.00', '0.00', '1,2,4,6,7,8,9,10,11,13,14,16,17,18,19,20,21,22,24,26,27,28,29', '主楼5层外科候诊区', '13:30-17:30', '请提前15分钟候诊', '0', '1', '29', '18' );
INSERT INTO doctor_schedule ( m_code, service_date, week_day, session_code, session_name, start_time, end_time,  department_code, department_name, clinic_room_code, clinic_room_name,  doctor_code, doctor_name, doctor_title_code, doctor_title, doctor_spec,  doctor_sess_type_code, doctor_sess_type, service_code, service_name,  fee, reg_fee, checkup_fee, service_fee, other_fee, available_number_str,  admit_address_string, admit_time_range, note, time_range_flag, schedule_status,  available_total_num, available_left_num ) VALUES ( 'SCH_DOC_DEPT002_3_20260318_1', '2026-03-18', '3', '1', '上午', '08:00', '12:00', 'DEPT002', '外科', 'ROOM_DEPT002_5', '外科门诊2诊室', 'DOC_DEPT002_3', '何伟', '01', '主任医师', '腹腔镜手术', '1', '专家门诊', 'SRV_001', '主任医师挂号费', '15.00', '15.00', '0.00', '0.00', '0.00', '1,2,4,5,7,9,11,12,15,16,17,18,20,22,23,24,25,26,27,28', '主楼3层外科候诊区', '08:00-12:00', '请提前15分钟候诊', '0', '1', '28', '10' );
INSERT INTO doctor_schedule ( m_code, service_date, week_day, session_code, session_name, start_time, end_time,  department_code, department_name, clinic_room_code, clinic_room_name,  doctor_code, doctor_name, doctor_title_code, doctor_title, doctor_spec,  doctor_sess_type_code, doctor_sess_type, service_code, service_name,  fee, reg_fee, checkup_fee, service_fee, other_fee, available_number_str,  admit_address_string, admit_time_range, note, time_range_flag, schedule_status,  available_total_num, available_left_num ) VALUES ( 'SCH_DOC_DEPT002_3_20260319_1', '2026-03-19', '4', '1', '上午', '08:00', '12:00', 'DEPT002', '外科', 'ROOM_DEPT002_2', '外科门诊5诊室', 'DOC_DEPT002_3', '何伟', '01', '主任医师', '腹腔镜手术', '1', '专家门诊', 'SRV_001', '主任医师挂号费', '50.00', '50.00', '0.00', '0.00', '0.00', '1,2,3,5,6,7,8,10,11,14,15,16,18,19,20,21', '主楼4层外科候诊区', '08:00-12:00', '请提前15分钟候诊', '0', '1', '21', '15' );
INSERT INTO doctor_schedule ( m_code, service_date, week_day, session_code, session_name, start_time, end_time,  department_code, department_name, clinic_room_code, clinic_room_name,  doctor_code, doctor_name, doctor_title_code, doctor_title, doctor_spec,  doctor_sess_type_code, doctor_sess_type, service_code, service_name,  fee, reg_fee, checkup_fee, service_fee, other_fee, available_number_str,  admit_address_string, admit_time_range, note, time_range_flag, schedule_status,  available_total_num, available_left_num ) VALUES ( 'SCH_DOC_DEPT002_3_20260322_2', '2026-03-22', '7', '2', '下午', '13:30', '17:30', 'DEPT002', '外科', 'ROOM_DEPT002_3', '外科门诊5诊室', 'DOC_DEPT002_3', '何伟', '01', '主任医师', '腹腔镜手术', '1', '专家门诊', 'SRV_001', '主任医师挂号费', '20.00', '20.00', '0.00', '0.00', '0.00', '1,3,4,5,6,7,10,11,12,13,15,18,19,21,22,23,24,25,29,30', '主楼5层外科候诊区', '13:30-17:30', '请提前15分钟候诊', '0', '1', '30', '14' );
INSERT INTO doctor_schedule ( m_code, service_date, week_day, session_code, session_name, start_time, end_time,  department_code, department_name, clinic_room_code, clinic_room_name,  doctor_code, doctor_name, doctor_title_code, doctor_title, doctor_spec,  doctor_sess_type_code, doctor_sess_type, service_code, service_name,  fee, reg_fee, checkup_fee, service_fee, other_fee, available_number_str,  admit_address_string, admit_time_range, note, time_range_flag, schedule_status,  available_total_num, available_left_num ) VALUES ( 'SCH_DOC_DEPT002_3_20260323_1', '2026-03-23', '1', '1', '上午', '08:00', '12:00', 'DEPT002', '外科', 'ROOM_DEPT002_3', '外科门诊1诊室', 'DOC_DEPT002_3', '何伟', '01', '主任医师', '腹腔镜手术', '1', '专家门诊', 'SRV_001', '主任医师挂号费', '50.00', '50.00', '0.00', '0.00', '0.00', '1,3,4,5,6,7,8,9,10,11,12,15,16,17,21,22,23', '主楼4层外科候诊区', '08:00-12:00', '请提前15分钟候诊', '0', '1', '24', '11' );
INSERT INTO doctor_schedule ( m_code, service_date, week_day, session_code, session_name, start_time, end_time,  department_code, department_name, clinic_room_code, clinic_room_name,  doctor_code, doctor_name, doctor_title_code, doctor_title, doctor_spec,  doctor_sess_type_code, doctor_sess_type, service_code, service_name,  fee, reg_fee, checkup_fee, service_fee, other_fee, available_number_str,  admit_address_string, admit_time_range, note, time_range_flag, schedule_status,  available_total_num, available_left_num ) VALUES ( 'SCH_DOC_DEPT002_3_20260324_1', '2026-03-24', '2', '1', '上午', '08:00', '12:00', 'DEPT002', '外科', 'ROOM_DEPT002_5', '外科门诊5诊室', 'DOC_DEPT002_3', '何伟', '01', '主任医师', '腹腔镜手术', '1', '专家门诊', 'SRV_001', '主任医师挂号费', '15.00', '15.00', '0.00', '0.00', '0.00', '1,2,3,4,6,7,10,11,12,15', '主楼1层外科候诊区', '08:00-12:00', '请提前15分钟候诊', '0', '1', '15', '5' );
INSERT INTO doctor_schedule ( m_code, service_date, week_day, session_code, session_name, start_time, end_time,  department_code, department_name, clinic_room_code, clinic_room_name,  doctor_code, doctor_name, doctor_title_code, doctor_title, doctor_spec,  doctor_sess_type_code, doctor_sess_type, service_code, service_name,  fee, reg_fee, checkup_fee, service_fee, other_fee, available_number_str,  admit_address_string, admit_time_range, note, time_range_flag, schedule_status,  available_total_num, available_left_num ) VALUES ( 'SCH_DOC_DEPT002_3_20260326_2', '2026-03-26', '4', '2', '下午', '13:30', '17:30', 'DEPT002', '外科', 'ROOM_DEPT002_3', '外科门诊1诊室', 'DOC_DEPT002_3', '何伟', '01', '主任医师', '腹腔镜手术', '1', '专家门诊', 'SRV_001', '主任医师挂号费', '50.00', '50.00', '0.00', '0.00', '0.00', '1,3,4,6,7,8,10,11,12,13,15,16,17,18,19,20,21,22,25', '主楼3层外科候诊区', '13:30-17:30', '请提前15分钟候诊', '0', '1', '25', '17' );
INSERT INTO doctor_schedule ( m_code, service_date, week_day, session_code, session_name, start_time, end_time,  department_code, department_name, clinic_room_code, clinic_room_name,  doctor_code, doctor_name, doctor_title_code, doctor_title, doctor_spec,  doctor_sess_type_code, doctor_sess_type, service_code, service_name,  fee, reg_fee, checkup_fee, service_fee, other_fee, available_number_str,  admit_address_string, admit_time_range, note, time_range_flag, schedule_status,  available_total_num, available_left_num ) VALUES ( 'SCH_DOC_DEPT002_3_20260328_2', '2026-03-28', '6', '2', '下午', '13:30', '17:30', 'DEPT002', '外科', 'ROOM_DEPT002_3', '外科门诊4诊室', 'DOC_DEPT002_3', '何伟', '01', '主任医师', '腹腔镜手术', '1', '专家门诊', 'SRV_001', '主任医师挂号费', '50.00', '50.00', '0.00', '0.00', '0.00', '1,2,4,5,6,8,9,11,12,13,14,15,16,17,19,21,23,25,27,30,31,32,33,34', '主楼4层外科候诊区', '13:30-17:30', '请提前15分钟候诊', '0', '1', '34', '27' );
INSERT INTO doctor_schedule ( m_code, service_date, week_day, session_code, session_name, start_time, end_time,  department_code, department_name, clinic_room_code, clinic_room_name,  doctor_code, doctor_name, doctor_title_code, doctor_title, doctor_spec,  doctor_sess_type_code, doctor_sess_type, service_code, service_name,  fee, reg_fee, checkup_fee, service_fee, other_fee, available_number_str,  admit_address_string, admit_time_range, note, time_range_flag, schedule_status,  available_total_num, available_left_num ) VALUES ( 'SCH_DOC_DEPT002_3_20260328_1', '2026-03-28', '6', '1', '上午', '08:00', '12:00', 'DEPT002', '外科', 'ROOM_DEPT002_2', '外科门诊5诊室', 'DOC_DEPT002_3', '何伟', '01', '主任医师', '腹腔镜手术', '1', '专家门诊', 'SRV_001', '主任医师挂号费', '20.00', '20.00', '0.00', '0.00', '0.00', '1,2,3,4,5,6,7,10,11,12,13,15', '主楼6层外科候诊区', '08:00-12:00', '请提前15分钟候诊', '0', '1', '16', '8' );
INSERT INTO doctor_schedule ( m_code, service_date, week_day, session_code, session_name, start_time, end_time,  department_code, department_name, clinic_room_code, clinic_room_name,  doctor_code, doctor_name, doctor_title_code, doctor_title, doctor_spec,  doctor_sess_type_code, doctor_sess_type, service_code, service_name,  fee, reg_fee, checkup_fee, service_fee, other_fee, available_number_str,  admit_address_string, admit_time_range, note, time_range_flag, schedule_status,  available_total_num, available_left_num ) VALUES ( 'SCH_DOC_DEPT002_3_20260329_1', '2026-03-29', '7', '1', '上午', '08:00', '12:00', 'DEPT002', '外科', 'ROOM_DEPT002_5', '外科门诊3诊室', 'DOC_DEPT002_3', '何伟', '01', '主任医师', '腹腔镜手术', '1', '专家门诊', 'SRV_001', '主任医师挂号费', '20.00', '20.00', '0.00', '0.00', '0.00', '1,2,3,4,6,7,8,9,10,12,13,14,17,19,20,21,22', '主楼3层外科候诊区', '08:00-12:00', '请提前15分钟候诊', '0', '1', '22', '15' );
INSERT INTO doctor (doctor_code, doctor_name, department_code, title, specialty, doctor_des, doctor_image) VALUES ('DOC_DEPT002_4', '黄芳', 'DEPT002', '副主任医师', '甲状腺结节手术', '黄芳副主任医师，从事外科临床工作9年，具备深厚的临床背景。她专注于甲状腺结节手术的诊疗，已成功治愈数千例相关患者。', 'doc_DOC_DEPT002_4.png');
INSERT INTO doctor_schedule ( m_code, service_date, week_day, session_code, session_name, start_time, end_time,  department_code, department_name, clinic_room_code, clinic_room_name,  doctor_code, doctor_name, doctor_title_code, doctor_title, doctor_spec,  doctor_sess_type_code, doctor_sess_type, service_code, service_name,  fee, reg_fee, checkup_fee, service_fee, other_fee, available_number_str,  admit_address_string, admit_time_range, note, time_range_flag, schedule_status,  available_total_num, available_left_num ) VALUES ( 'SCH_DOC_DEPT002_4_20260316_2', '2026-03-16', '1', '2', '下午', '13:30', '17:30', 'DEPT002', '外科', 'ROOM_DEPT002_3', '外科门诊1诊室', 'DOC_DEPT002_4', '黄芳', '02', '副主任医师', '甲状腺结节手术', '1', '专家门诊', 'SRV_001', '副主任医师挂号费', '20.00', '20.00', '0.00', '0.00', '0.00', '2,3,5,6,7,8,9,11,12,13,14,16,17,18,19', '主楼2层外科候诊区', '13:30-17:30', '请提前15分钟候诊', '0', '1', '22', '20' );
INSERT INTO doctor_schedule ( m_code, service_date, week_day, session_code, session_name, start_time, end_time,  department_code, department_name, clinic_room_code, clinic_room_name,  doctor_code, doctor_name, doctor_title_code, doctor_title, doctor_spec,  doctor_sess_type_code, doctor_sess_type, service_code, service_name,  fee, reg_fee, checkup_fee, service_fee, other_fee, available_number_str,  admit_address_string, admit_time_range, note, time_range_flag, schedule_status,  available_total_num, available_left_num ) VALUES ( 'SCH_DOC_DEPT002_4_20260316_1', '2026-03-16', '1', '1', '上午', '08:00', '12:00', 'DEPT002', '外科', 'ROOM_DEPT002_3', '外科门诊3诊室', 'DOC_DEPT002_4', '黄芳', '02', '副主任医师', '甲状腺结节手术', '1', '专家门诊', 'SRV_001', '副主任医师挂号费', '15.00', '15.00', '0.00', '0.00', '0.00', '1,3,4,5,8,12,13,14,15,17,18,20,21,22,25,26,27,29', '主楼6层外科候诊区', '08:00-12:00', '请提前15分钟候诊', '0', '1', '31', '27' );
INSERT INTO doctor_schedule ( m_code, service_date, week_day, session_code, session_name, start_time, end_time,  department_code, department_name, clinic_room_code, clinic_room_name,  doctor_code, doctor_name, doctor_title_code, doctor_title, doctor_spec,  doctor_sess_type_code, doctor_sess_type, service_code, service_name,  fee, reg_fee, checkup_fee, service_fee, other_fee, available_number_str,  admit_address_string, admit_time_range, note, time_range_flag, schedule_status,  available_total_num, available_left_num ) VALUES ( 'SCH_DOC_DEPT002_4_20260317_1', '2026-03-17', '2', '1', '上午', '08:00', '12:00', 'DEPT002', '外科', 'ROOM_DEPT002_4', '外科门诊3诊室', 'DOC_DEPT002_4', '黄芳', '02', '副主任医师', '甲状腺结节手术', '1', '专家门诊', 'SRV_001', '副主任医师挂号费', '20.00', '20.00', '0.00', '0.00', '0.00', '1,2,3,4,6,9,10,11,13,15,16,18,19,20,22,23', '主楼2层外科候诊区', '08:00-12:00', '请提前15分钟候诊', '0', '1', '23', '19' );
INSERT INTO doctor_schedule ( m_code, service_date, week_day, session_code, session_name, start_time, end_time,  department_code, department_name, clinic_room_code, clinic_room_name,  doctor_code, doctor_name, doctor_title_code, doctor_title, doctor_spec,  doctor_sess_type_code, doctor_sess_type, service_code, service_name,  fee, reg_fee, checkup_fee, service_fee, other_fee, available_number_str,  admit_address_string, admit_time_range, note, time_range_flag, schedule_status,  available_total_num, available_left_num ) VALUES ( 'SCH_DOC_DEPT002_4_20260317_2', '2026-03-17', '2', '2', '下午', '13:30', '17:30', 'DEPT002', '外科', 'ROOM_DEPT002_3', '外科门诊1诊室', 'DOC_DEPT002_4', '黄芳', '02', '副主任医师', '甲状腺结节手术', '1', '专家门诊', 'SRV_001', '副主任医师挂号费', '50.00', '50.00', '0.00', '0.00', '0.00', '1,2,5,6,7,9,10,11,14,15,16,17,20,21,22,23,24,25,26,27,28,29,31,32,34,35,36,37', '主楼2层外科候诊区', '13:30-17:30', '请提前15分钟候诊', '0', '1', '37', '13' );
INSERT INTO doctor_schedule ( m_code, service_date, week_day, session_code, session_name, start_time, end_time,  department_code, department_name, clinic_room_code, clinic_room_name,  doctor_code, doctor_name, doctor_title_code, doctor_title, doctor_spec,  doctor_sess_type_code, doctor_sess_type, service_code, service_name,  fee, reg_fee, checkup_fee, service_fee, other_fee, available_number_str,  admit_address_string, admit_time_range, note, time_range_flag, schedule_status,  available_total_num, available_left_num ) VALUES ( 'SCH_DOC_DEPT002_4_20260318_2', '2026-03-18', '3', '2', '下午', '13:30', '17:30', 'DEPT002', '外科', 'ROOM_DEPT002_3', '外科门诊4诊室', 'DOC_DEPT002_4', '黄芳', '02', '副主任医师', '甲状腺结节手术', '1', '专家门诊', 'SRV_001', '副主任医师挂号费', '15.00', '15.00', '0.00', '0.00', '0.00', '1,2,3,8,10,11,12,13,15,16,17,21,22,23,24,25,26,28,29,30,32,33,34,35,36,38,39,40', '主楼3层外科候诊区', '13:30-17:30', '请提前15分钟候诊', '0', '1', '40', '37' );
INSERT INTO doctor_schedule ( m_code, service_date, week_day, session_code, session_name, start_time, end_time,  department_code, department_name, clinic_room_code, clinic_room_name,  doctor_code, doctor_name, doctor_title_code, doctor_title, doctor_spec,  doctor_sess_type_code, doctor_sess_type, service_code, service_name,  fee, reg_fee, checkup_fee, service_fee, other_fee, available_number_str,  admit_address_string, admit_time_range, note, time_range_flag, schedule_status,  available_total_num, available_left_num ) VALUES ( 'SCH_DOC_DEPT002_4_20260318_1', '2026-03-18', '3', '1', '上午', '08:00', '12:00', 'DEPT002', '外科', 'ROOM_DEPT002_1', '外科门诊4诊室', 'DOC_DEPT002_4', '黄芳', '02', '副主任医师', '甲状腺结节手术', '1', '专家门诊', 'SRV_001', '副主任医师挂号费', '20.00', '20.00', '0.00', '0.00', '0.00', '1,2,3,4,5,6,7,8,9,10,12,13,14,16,17,18', '主楼3层外科候诊区', '08:00-12:00', '请提前15分钟候诊', '0', '1', '20', '15' );
INSERT INTO doctor_schedule ( m_code, service_date, week_day, session_code, session_name, start_time, end_time,  department_code, department_name, clinic_room_code, clinic_room_name,  doctor_code, doctor_name, doctor_title_code, doctor_title, doctor_spec,  doctor_sess_type_code, doctor_sess_type, service_code, service_name,  fee, reg_fee, checkup_fee, service_fee, other_fee, available_number_str,  admit_address_string, admit_time_range, note, time_range_flag, schedule_status,  available_total_num, available_left_num ) VALUES ( 'SCH_DOC_DEPT002_4_20260319_2', '2026-03-19', '4', '2', '下午', '13:30', '17:30', 'DEPT002', '外科', 'ROOM_DEPT002_4', '外科门诊5诊室', 'DOC_DEPT002_4', '黄芳', '02', '副主任医师', '甲状腺结节手术', '1', '专家门诊', 'SRV_001', '副主任医师挂号费', '50.00', '50.00', '0.00', '0.00', '0.00', '1,3,4,5,6,8,10,11,12,13,14,15,17,18,19,20,21,23', '主楼6层外科候诊区', '13:30-17:30', '请提前15分钟候诊', '0', '1', '24', '11' );
INSERT INTO doctor_schedule ( m_code, service_date, week_day, session_code, session_name, start_time, end_time,  department_code, department_name, clinic_room_code, clinic_room_name,  doctor_code, doctor_name, doctor_title_code, doctor_title, doctor_spec,  doctor_sess_type_code, doctor_sess_type, service_code, service_name,  fee, reg_fee, checkup_fee, service_fee, other_fee, available_number_str,  admit_address_string, admit_time_range, note, time_range_flag, schedule_status,  available_total_num, available_left_num ) VALUES ( 'SCH_DOC_DEPT002_4_20260320_1', '2026-03-20', '5', '1', '上午', '08:00', '12:00', 'DEPT002', '外科', 'ROOM_DEPT002_4', '外科门诊1诊室', 'DOC_DEPT002_4', '黄芳', '02', '副主任医师', '甲状腺结节手术', '1', '专家门诊', 'SRV_001', '副主任医师挂号费', '20.00', '20.00', '0.00', '0.00', '0.00', '1,4,7,8,9,13,14,16,17,18', '主楼2层外科候诊区', '08:00-12:00', '请提前15分钟候诊', '0', '1', '18', '18' );
INSERT INTO doctor_schedule ( m_code, service_date, week_day, session_code, session_name, start_time, end_time,  department_code, department_name, clinic_room_code, clinic_room_name,  doctor_code, doctor_name, doctor_title_code, doctor_title, doctor_spec,  doctor_sess_type_code, doctor_sess_type, service_code, service_name,  fee, reg_fee, checkup_fee, service_fee, other_fee, available_number_str,  admit_address_string, admit_time_range, note, time_range_flag, schedule_status,  available_total_num, available_left_num ) VALUES ( 'SCH_DOC_DEPT002_4_20260321_1', '2026-03-21', '6', '1', '上午', '08:00', '12:00', 'DEPT002', '外科', 'ROOM_DEPT002_3', '外科门诊1诊室', 'DOC_DEPT002_4', '黄芳', '02', '副主任医师', '甲状腺结节手术', '1', '专家门诊', 'SRV_001', '副主任医师挂号费', '50.00', '50.00', '0.00', '0.00', '0.00', '2,4,6,7,8,9,10,11,13,15,17,18,19,20,21,22,23,25,26,27,28,29,30,31,32,33,36,37,38', '主楼1层外科候诊区', '08:00-12:00', '请提前15分钟候诊', '0', '1', '38', '37' );
INSERT INTO doctor_schedule ( m_code, service_date, week_day, session_code, session_name, start_time, end_time,  department_code, department_name, clinic_room_code, clinic_room_name,  doctor_code, doctor_name, doctor_title_code, doctor_title, doctor_spec,  doctor_sess_type_code, doctor_sess_type, service_code, service_name,  fee, reg_fee, checkup_fee, service_fee, other_fee, available_number_str,  admit_address_string, admit_time_range, note, time_range_flag, schedule_status,  available_total_num, available_left_num ) VALUES ( 'SCH_DOC_DEPT002_4_20260321_2', '2026-03-21', '6', '2', '下午', '13:30', '17:30', 'DEPT002', '外科', 'ROOM_DEPT002_5', '外科门诊3诊室', 'DOC_DEPT002_4', '黄芳', '02', '副主任医师', '甲状腺结节手术', '1', '专家门诊', 'SRV_001', '副主任医师挂号费', '15.00', '15.00', '0.00', '0.00', '0.00', '1,4,5,6,10,11,12,13,16,17,19,20,21,22,25,26,28,30,32,34', '主楼2层外科候诊区', '13:30-17:30', '请提前15分钟候诊', '0', '1', '34', '21' );
INSERT INTO doctor_schedule ( m_code, service_date, week_day, session_code, session_name, start_time, end_time,  department_code, department_name, clinic_room_code, clinic_room_name,  doctor_code, doctor_name, doctor_title_code, doctor_title, doctor_spec,  doctor_sess_type_code, doctor_sess_type, service_code, service_name,  fee, reg_fee, checkup_fee, service_fee, other_fee, available_number_str,  admit_address_string, admit_time_range, note, time_range_flag, schedule_status,  available_total_num, available_left_num ) VALUES ( 'SCH_DOC_DEPT002_4_20260322_2', '2026-03-22', '7', '2', '下午', '13:30', '17:30', 'DEPT002', '外科', 'ROOM_DEPT002_1', '外科门诊1诊室', 'DOC_DEPT002_4', '黄芳', '02', '副主任医师', '甲状腺结节手术', '1', '专家门诊', 'SRV_001', '副主任医师挂号费', '20.00', '20.00', '0.00', '0.00', '0.00', '1,2,3,5,6,7,8,9,10,12,15,16,17,19', '主楼4层外科候诊区', '13:30-17:30', '请提前15分钟候诊', '0', '1', '20', '15' );
INSERT INTO doctor_schedule ( m_code, service_date, week_day, session_code, session_name, start_time, end_time,  department_code, department_name, clinic_room_code, clinic_room_name,  doctor_code, doctor_name, doctor_title_code, doctor_title, doctor_spec,  doctor_sess_type_code, doctor_sess_type, service_code, service_name,  fee, reg_fee, checkup_fee, service_fee, other_fee, available_number_str,  admit_address_string, admit_time_range, note, time_range_flag, schedule_status,  available_total_num, available_left_num ) VALUES ( 'SCH_DOC_DEPT002_4_20260323_1', '2026-03-23', '1', '1', '上午', '08:00', '12:00', 'DEPT002', '外科', 'ROOM_DEPT002_4', '外科门诊2诊室', 'DOC_DEPT002_4', '黄芳', '02', '副主任医师', '甲状腺结节手术', '1', '专家门诊', 'SRV_001', '副主任医师挂号费', '20.00', '20.00', '0.00', '0.00', '0.00', '2,3,5,7,9,10,11,13,15,16,18,19,20,21,23,26,27,28,29,31,32', '主楼6层外科候诊区', '08:00-12:00', '请提前15分钟候诊', '0', '1', '32', '28' );
INSERT INTO doctor_schedule ( m_code, service_date, week_day, session_code, session_name, start_time, end_time,  department_code, department_name, clinic_room_code, clinic_room_name,  doctor_code, doctor_name, doctor_title_code, doctor_title, doctor_spec,  doctor_sess_type_code, doctor_sess_type, service_code, service_name,  fee, reg_fee, checkup_fee, service_fee, other_fee, available_number_str,  admit_address_string, admit_time_range, note, time_range_flag, schedule_status,  available_total_num, available_left_num ) VALUES ( 'SCH_DOC_DEPT002_4_20260323_2', '2026-03-23', '1', '2', '下午', '13:30', '17:30', 'DEPT002', '外科', 'ROOM_DEPT002_1', '外科门诊4诊室', 'DOC_DEPT002_4', '黄芳', '02', '副主任医师', '甲状腺结节手术', '1', '专家门诊', 'SRV_001', '副主任医师挂号费', '50.00', '50.00', '0.00', '0.00', '0.00', '1,2,3,4,6,7,8,9,10,12,13,14,16,17,18,21,22', '主楼1层外科候诊区', '13:30-17:30', '请提前15分钟候诊', '0', '1', '22', '17' );
INSERT INTO doctor_schedule ( m_code, service_date, week_day, session_code, session_name, start_time, end_time,  department_code, department_name, clinic_room_code, clinic_room_name,  doctor_code, doctor_name, doctor_title_code, doctor_title, doctor_spec,  doctor_sess_type_code, doctor_sess_type, service_code, service_name,  fee, reg_fee, checkup_fee, service_fee, other_fee, available_number_str,  admit_address_string, admit_time_range, note, time_range_flag, schedule_status,  available_total_num, available_left_num ) VALUES ( 'SCH_DOC_DEPT002_4_20260324_1', '2026-03-24', '2', '1', '上午', '08:00', '12:00', 'DEPT002', '外科', 'ROOM_DEPT002_5', '外科门诊2诊室', 'DOC_DEPT002_4', '黄芳', '02', '副主任医师', '甲状腺结节手术', '1', '专家门诊', 'SRV_001', '副主任医师挂号费', '20.00', '20.00', '0.00', '0.00', '0.00', '1,2,3,4,5,7,8,10,11,12,13,14,15,16,17,18,19,20', '主楼5层外科候诊区', '08:00-12:00', '请提前15分钟候诊', '0', '1', '20', '16' );
INSERT INTO doctor_schedule ( m_code, service_date, week_day, session_code, session_name, start_time, end_time,  department_code, department_name, clinic_room_code, clinic_room_name,  doctor_code, doctor_name, doctor_title_code, doctor_title, doctor_spec,  doctor_sess_type_code, doctor_sess_type, service_code, service_name,  fee, reg_fee, checkup_fee, service_fee, other_fee, available_number_str,  admit_address_string, admit_time_range, note, time_range_flag, schedule_status,  available_total_num, available_left_num ) VALUES ( 'SCH_DOC_DEPT002_4_20260324_2', '2026-03-24', '2', '2', '下午', '13:30', '17:30', 'DEPT002', '外科', 'ROOM_DEPT002_2', '外科门诊1诊室', 'DOC_DEPT002_4', '黄芳', '02', '副主任医师', '甲状腺结节手术', '1', '专家门诊', 'SRV_001', '副主任医师挂号费', '20.00', '20.00', '0.00', '0.00', '0.00', '1,2,3,6,8,10,11,14,16,17,18,19,21,22,23,25,27,28', '主楼6层外科候诊区', '13:30-17:30', '请提前15分钟候诊', '0', '1', '28', '10' );
INSERT INTO doctor_schedule ( m_code, service_date, week_day, session_code, session_name, start_time, end_time,  department_code, department_name, clinic_room_code, clinic_room_name,  doctor_code, doctor_name, doctor_title_code, doctor_title, doctor_spec,  doctor_sess_type_code, doctor_sess_type, service_code, service_name,  fee, reg_fee, checkup_fee, service_fee, other_fee, available_number_str,  admit_address_string, admit_time_range, note, time_range_flag, schedule_status,  available_total_num, available_left_num ) VALUES ( 'SCH_DOC_DEPT002_4_20260325_2', '2026-03-25', '3', '2', '下午', '13:30', '17:30', 'DEPT002', '外科', 'ROOM_DEPT002_4', '外科门诊5诊室', 'DOC_DEPT002_4', '黄芳', '02', '副主任医师', '甲状腺结节手术', '1', '专家门诊', 'SRV_001', '副主任医师挂号费', '20.00', '20.00', '0.00', '0.00', '0.00', '1,2,3,5,6,8,9,12,14,15,16,17,19,21,22,23,24,26,27,29,30', '主楼5层外科候诊区', '13:30-17:30', '请提前15分钟候诊', '0', '1', '30', '18' );
INSERT INTO doctor_schedule ( m_code, service_date, week_day, session_code, session_name, start_time, end_time,  department_code, department_name, clinic_room_code, clinic_room_name,  doctor_code, doctor_name, doctor_title_code, doctor_title, doctor_spec,  doctor_sess_type_code, doctor_sess_type, service_code, service_name,  fee, reg_fee, checkup_fee, service_fee, other_fee, available_number_str,  admit_address_string, admit_time_range, note, time_range_flag, schedule_status,  available_total_num, available_left_num ) VALUES ( 'SCH_DOC_DEPT002_4_20260325_1', '2026-03-25', '3', '1', '上午', '08:00', '12:00', 'DEPT002', '外科', 'ROOM_DEPT002_2', '外科门诊3诊室', 'DOC_DEPT002_4', '黄芳', '02', '副主任医师', '甲状腺结节手术', '1', '专家门诊', 'SRV_001', '副主任医师挂号费', '15.00', '15.00', '0.00', '0.00', '0.00', '1,2,3,5,6,7,10,11,12,13,14,16,17,18,19,20,21', '主楼3层外科候诊区', '08:00-12:00', '请提前15分钟候诊', '0', '1', '21', '14' );
INSERT INTO doctor_schedule ( m_code, service_date, week_day, session_code, session_name, start_time, end_time,  department_code, department_name, clinic_room_code, clinic_room_name,  doctor_code, doctor_name, doctor_title_code, doctor_title, doctor_spec,  doctor_sess_type_code, doctor_sess_type, service_code, service_name,  fee, reg_fee, checkup_fee, service_fee, other_fee, available_number_str,  admit_address_string, admit_time_range, note, time_range_flag, schedule_status,  available_total_num, available_left_num ) VALUES ( 'SCH_DOC_DEPT002_4_20260326_1', '2026-03-26', '4', '1', '上午', '08:00', '12:00', 'DEPT002', '外科', 'ROOM_DEPT002_3', '外科门诊3诊室', 'DOC_DEPT002_4', '黄芳', '02', '副主任医师', '甲状腺结节手术', '1', '专家门诊', 'SRV_001', '副主任医师挂号费', '20.00', '20.00', '0.00', '0.00', '0.00', '1,3,4,5,8,9,10,11,12,14,16,17,18,19,20,21', '主楼4层外科候诊区', '08:00-12:00', '请提前15分钟候诊', '0', '1', '21', '12' );
INSERT INTO doctor_schedule ( m_code, service_date, week_day, session_code, session_name, start_time, end_time,  department_code, department_name, clinic_room_code, clinic_room_name,  doctor_code, doctor_name, doctor_title_code, doctor_title, doctor_spec,  doctor_sess_type_code, doctor_sess_type, service_code, service_name,  fee, reg_fee, checkup_fee, service_fee, other_fee, available_number_str,  admit_address_string, admit_time_range, note, time_range_flag, schedule_status,  available_total_num, available_left_num ) VALUES ( 'SCH_DOC_DEPT002_4_20260326_2', '2026-03-26', '4', '2', '下午', '13:30', '17:30', 'DEPT002', '外科', 'ROOM_DEPT002_5', '外科门诊4诊室', 'DOC_DEPT002_4', '黄芳', '02', '副主任医师', '甲状腺结节手术', '1', '专家门诊', 'SRV_001', '副主任医师挂号费', '50.00', '50.00', '0.00', '0.00', '0.00', '1,4,6,7,9,12,13,14,15,17,18,19', '主楼4层外科候诊区', '13:30-17:30', '请提前15分钟候诊', '0', '1', '19', '10' );
INSERT INTO doctor_schedule ( m_code, service_date, week_day, session_code, session_name, start_time, end_time,  department_code, department_name, clinic_room_code, clinic_room_name,  doctor_code, doctor_name, doctor_title_code, doctor_title, doctor_spec,  doctor_sess_type_code, doctor_sess_type, service_code, service_name,  fee, reg_fee, checkup_fee, service_fee, other_fee, available_number_str,  admit_address_string, admit_time_range, note, time_range_flag, schedule_status,  available_total_num, available_left_num ) VALUES ( 'SCH_DOC_DEPT002_4_20260328_1', '2026-03-28', '6', '1', '上午', '08:00', '12:00', 'DEPT002', '外科', 'ROOM_DEPT002_2', '外科门诊5诊室', 'DOC_DEPT002_4', '黄芳', '02', '副主任医师', '甲状腺结节手术', '1', '专家门诊', 'SRV_001', '副主任医师挂号费', '20.00', '20.00', '0.00', '0.00', '0.00', '1,3,4,5,6,8,9,10,12,13,14,16,17,18,19,20,21,22,24', '主楼5层外科候诊区', '08:00-12:00', '请提前15分钟候诊', '0', '1', '24', '16' );
INSERT INTO doctor_schedule ( m_code, service_date, week_day, session_code, session_name, start_time, end_time,  department_code, department_name, clinic_room_code, clinic_room_name,  doctor_code, doctor_name, doctor_title_code, doctor_title, doctor_spec,  doctor_sess_type_code, doctor_sess_type, service_code, service_name,  fee, reg_fee, checkup_fee, service_fee, other_fee, available_number_str,  admit_address_string, admit_time_range, note, time_range_flag, schedule_status,  available_total_num, available_left_num ) VALUES ( 'SCH_DOC_DEPT002_4_20260328_2', '2026-03-28', '6', '2', '下午', '13:30', '17:30', 'DEPT002', '外科', 'ROOM_DEPT002_1', '外科门诊1诊室', 'DOC_DEPT002_4', '黄芳', '02', '副主任医师', '甲状腺结节手术', '1', '专家门诊', 'SRV_001', '副主任医师挂号费', '20.00', '20.00', '0.00', '0.00', '0.00', '3,4,6,7,10,12,13,15,17,18,19,20,21', '主楼6层外科候诊区', '13:30-17:30', '请提前15分钟候诊', '0', '1', '21', '21' );
INSERT INTO doctor_schedule ( m_code, service_date, week_day, session_code, session_name, start_time, end_time,  department_code, department_name, clinic_room_code, clinic_room_name,  doctor_code, doctor_name, doctor_title_code, doctor_title, doctor_spec,  doctor_sess_type_code, doctor_sess_type, service_code, service_name,  fee, reg_fee, checkup_fee, service_fee, other_fee, available_number_str,  admit_address_string, admit_time_range, note, time_range_flag, schedule_status,  available_total_num, available_left_num ) VALUES ( 'SCH_DOC_DEPT002_4_20260329_1', '2026-03-29', '7', '1', '上午', '08:00', '12:00', 'DEPT002', '外科', 'ROOM_DEPT002_2', '外科门诊3诊室', 'DOC_DEPT002_4', '黄芳', '02', '副主任医师', '甲状腺结节手术', '1', '专家门诊', 'SRV_001', '副主任医师挂号费', '15.00', '15.00', '0.00', '0.00', '0.00', '2,3,4,6,7,8,10,11,12,14,16,17,20,21,22', '主楼3层外科候诊区', '08:00-12:00', '请提前15分钟候诊', '0', '1', '22', '14' );
INSERT INTO doctor_schedule ( m_code, service_date, week_day, session_code, session_name, start_time, end_time,  department_code, department_name, clinic_room_code, clinic_room_name,  doctor_code, doctor_name, doctor_title_code, doctor_title, doctor_spec,  doctor_sess_type_code, doctor_sess_type, service_code, service_name,  fee, reg_fee, checkup_fee, service_fee, other_fee, available_number_str,  admit_address_string, admit_time_range, note, time_range_flag, schedule_status,  available_total_num, available_left_num ) VALUES ( 'SCH_DOC_DEPT002_4_20260329_2', '2026-03-29', '7', '2', '下午', '13:30', '17:30', 'DEPT002', '外科', 'ROOM_DEPT002_4', '外科门诊4诊室', 'DOC_DEPT002_4', '黄芳', '02', '副主任医师', '甲状腺结节手术', '1', '专家门诊', 'SRV_001', '副主任医师挂号费', '15.00', '15.00', '0.00', '0.00', '0.00', '1,3,4,7,8,9,10,12,13,15,17,20,21,22,23,25', '主楼1层外科候诊区', '13:30-17:30', '请提前15分钟候诊', '0', '1', '25', '6' );
INSERT INTO doctor (doctor_code, doctor_name, department_code, title, specialty, doctor_des, doctor_image) VALUES ('DOC_DEPT002_5', '郭超', 'DEPT002', '副主任医师', '疝气分级修补', '郭超副主任医师，从事外科临床工作19年，专业严谨。她专注于疝气分级修补的诊疗，已成功治愈数千例相关患者。', 'doc_DOC_DEPT002_5.png');
INSERT INTO doctor_schedule ( m_code, service_date, week_day, session_code, session_name, start_time, end_time,  department_code, department_name, clinic_room_code, clinic_room_name,  doctor_code, doctor_name, doctor_title_code, doctor_title, doctor_spec,  doctor_sess_type_code, doctor_sess_type, service_code, service_name,  fee, reg_fee, checkup_fee, service_fee, other_fee, available_number_str,  admit_address_string, admit_time_range, note, time_range_flag, schedule_status,  available_total_num, available_left_num ) VALUES ( 'SCH_DOC_DEPT002_5_20260316_2', '2026-03-16', '1', '2', '下午', '13:30', '17:30', 'DEPT002', '外科', 'ROOM_DEPT002_3', '外科门诊1诊室', 'DOC_DEPT002_5', '郭超', '02', '副主任医师', '疝气分级修补', '1', '专家门诊', 'SRV_001', '副主任医师挂号费', '20.00', '20.00', '0.00', '0.00', '0.00', '1,2,4,6,7,10,11,12,15,16', '主楼6层外科候诊区', '13:30-17:30', '请提前15分钟候诊', '0', '1', '19', '6' );
INSERT INTO doctor_schedule ( m_code, service_date, week_day, session_code, session_name, start_time, end_time,  department_code, department_name, clinic_room_code, clinic_room_name,  doctor_code, doctor_name, doctor_title_code, doctor_title, doctor_spec,  doctor_sess_type_code, doctor_sess_type, service_code, service_name,  fee, reg_fee, checkup_fee, service_fee, other_fee, available_number_str,  admit_address_string, admit_time_range, note, time_range_flag, schedule_status,  available_total_num, available_left_num ) VALUES ( 'SCH_DOC_DEPT002_5_20260316_1', '2026-03-16', '1', '1', '上午', '08:00', '12:00', 'DEPT002', '外科', 'ROOM_DEPT002_5', '外科门诊2诊室', 'DOC_DEPT002_5', '郭超', '02', '副主任医师', '疝气分级修补', '1', '专家门诊', 'SRV_001', '副主任医师挂号费', '20.00', '20.00', '0.00', '0.00', '0.00', '2,5,7,9,11,13,14,15,16,19,20,21,22', '主楼3层外科候诊区', '08:00-12:00', '请提前15分钟候诊', '0', '1', '23', '22' );
INSERT INTO doctor_schedule ( m_code, service_date, week_day, session_code, session_name, start_time, end_time,  department_code, department_name, clinic_room_code, clinic_room_name,  doctor_code, doctor_name, doctor_title_code, doctor_title, doctor_spec,  doctor_sess_type_code, doctor_sess_type, service_code, service_name,  fee, reg_fee, checkup_fee, service_fee, other_fee, available_number_str,  admit_address_string, admit_time_range, note, time_range_flag, schedule_status,  available_total_num, available_left_num ) VALUES ( 'SCH_DOC_DEPT002_5_20260317_2', '2026-03-17', '2', '2', '下午', '13:30', '17:30', 'DEPT002', '外科', 'ROOM_DEPT002_2', '外科门诊4诊室', 'DOC_DEPT002_5', '郭超', '02', '副主任医师', '疝气分级修补', '1', '专家门诊', 'SRV_001', '副主任医师挂号费', '20.00', '20.00', '0.00', '0.00', '0.00', '1,2,3,4,5,6,8,9,10,11,12,13,14,15,18,19,21,23,24,26,27,28,29,30,31,32,33,34,36', '主楼5层外科候诊区', '13:30-17:30', '请提前15分钟候诊', '0', '1', '36', '25' );
INSERT INTO doctor_schedule ( m_code, service_date, week_day, session_code, session_name, start_time, end_time,  department_code, department_name, clinic_room_code, clinic_room_name,  doctor_code, doctor_name, doctor_title_code, doctor_title, doctor_spec,  doctor_sess_type_code, doctor_sess_type, service_code, service_name,  fee, reg_fee, checkup_fee, service_fee, other_fee, available_number_str,  admit_address_string, admit_time_range, note, time_range_flag, schedule_status,  available_total_num, available_left_num ) VALUES ( 'SCH_DOC_DEPT002_5_20260317_1', '2026-03-17', '2', '1', '上午', '08:00', '12:00', 'DEPT002', '外科', 'ROOM_DEPT002_3', '外科门诊2诊室', 'DOC_DEPT002_5', '郭超', '02', '副主任医师', '疝气分级修补', '1', '专家门诊', 'SRV_001', '副主任医师挂号费', '20.00', '20.00', '0.00', '0.00', '0.00', '2,4,9,11,12,13,14,15,16,18,19,21,23,26', '主楼6层外科候诊区', '08:00-12:00', '请提前15分钟候诊', '0', '1', '27', '16' );
INSERT INTO doctor_schedule ( m_code, service_date, week_day, session_code, session_name, start_time, end_time,  department_code, department_name, clinic_room_code, clinic_room_name,  doctor_code, doctor_name, doctor_title_code, doctor_title, doctor_spec,  doctor_sess_type_code, doctor_sess_type, service_code, service_name,  fee, reg_fee, checkup_fee, service_fee, other_fee, available_number_str,  admit_address_string, admit_time_range, note, time_range_flag, schedule_status,  available_total_num, available_left_num ) VALUES ( 'SCH_DOC_DEPT002_5_20260318_1', '2026-03-18', '3', '1', '上午', '08:00', '12:00', 'DEPT002', '外科', 'ROOM_DEPT002_5', '外科门诊1诊室', 'DOC_DEPT002_5', '郭超', '02', '副主任医师', '疝气分级修补', '1', '专家门诊', 'SRV_001', '副主任医师挂号费', '20.00', '20.00', '0.00', '0.00', '0.00', '2,3,4,5,6,8,9,10,11,13,15,16', '主楼5层外科候诊区', '08:00-12:00', '请提前15分钟候诊', '0', '1', '17', '12' );
INSERT INTO doctor_schedule ( m_code, service_date, week_day, session_code, session_name, start_time, end_time,  department_code, department_name, clinic_room_code, clinic_room_name,  doctor_code, doctor_name, doctor_title_code, doctor_title, doctor_spec,  doctor_sess_type_code, doctor_sess_type, service_code, service_name,  fee, reg_fee, checkup_fee, service_fee, other_fee, available_number_str,  admit_address_string, admit_time_range, note, time_range_flag, schedule_status,  available_total_num, available_left_num ) VALUES ( 'SCH_DOC_DEPT002_5_20260318_2', '2026-03-18', '3', '2', '下午', '13:30', '17:30', 'DEPT002', '外科', 'ROOM_DEPT002_5', '外科门诊1诊室', 'DOC_DEPT002_5', '郭超', '02', '副主任医师', '疝气分级修补', '1', '专家门诊', 'SRV_001', '副主任医师挂号费', '20.00', '20.00', '0.00', '0.00', '0.00', '1,3,4,5,6,7,9,10,11,12,14,15,16', '主楼1层外科候诊区', '13:30-17:30', '请提前15分钟候诊', '0', '1', '17', '17' );
INSERT INTO doctor_schedule ( m_code, service_date, week_day, session_code, session_name, start_time, end_time,  department_code, department_name, clinic_room_code, clinic_room_name,  doctor_code, doctor_name, doctor_title_code, doctor_title, doctor_spec,  doctor_sess_type_code, doctor_sess_type, service_code, service_name,  fee, reg_fee, checkup_fee, service_fee, other_fee, available_number_str,  admit_address_string, admit_time_range, note, time_range_flag, schedule_status,  available_total_num, available_left_num ) VALUES ( 'SCH_DOC_DEPT002_5_20260319_1', '2026-03-19', '4', '1', '上午', '08:00', '12:00', 'DEPT002', '外科', 'ROOM_DEPT002_2', '外科门诊5诊室', 'DOC_DEPT002_5', '郭超', '02', '副主任医师', '疝气分级修补', '1', '专家门诊', 'SRV_001', '副主任医师挂号费', '20.00', '20.00', '0.00', '0.00', '0.00', '1,2,5,6,7,8,9,10,11,12,14,15,16,18,19,20,21,23,24,25,27,28,29,30,33,34,36,38', '主楼6层外科候诊区', '08:00-12:00', '请提前15分钟候诊', '0', '1', '38', '24' );
INSERT INTO doctor_schedule ( m_code, service_date, week_day, session_code, session_name, start_time, end_time,  department_code, department_name, clinic_room_code, clinic_room_name,  doctor_code, doctor_name, doctor_title_code, doctor_title, doctor_spec,  doctor_sess_type_code, doctor_sess_type, service_code, service_name,  fee, reg_fee, checkup_fee, service_fee, other_fee, available_number_str,  admit_address_string, admit_time_range, note, time_range_flag, schedule_status,  available_total_num, available_left_num ) VALUES ( 'SCH_DOC_DEPT002_5_20260319_2', '2026-03-19', '4', '2', '下午', '13:30', '17:30', 'DEPT002', '外科', 'ROOM_DEPT002_3', '外科门诊1诊室', 'DOC_DEPT002_5', '郭超', '02', '副主任医师', '疝气分级修补', '1', '专家门诊', 'SRV_001', '副主任医师挂号费', '50.00', '50.00', '0.00', '0.00', '0.00', '1,2,4,5,6,10,11,12,13,14,15,16,18,20,22,23,24,25,26,28,30', '主楼4层外科候诊区', '13:30-17:30', '请提前15分钟候诊', '0', '1', '32', '7' );
INSERT INTO doctor_schedule ( m_code, service_date, week_day, session_code, session_name, start_time, end_time,  department_code, department_name, clinic_room_code, clinic_room_name,  doctor_code, doctor_name, doctor_title_code, doctor_title, doctor_spec,  doctor_sess_type_code, doctor_sess_type, service_code, service_name,  fee, reg_fee, checkup_fee, service_fee, other_fee, available_number_str,  admit_address_string, admit_time_range, note, time_range_flag, schedule_status,  available_total_num, available_left_num ) VALUES ( 'SCH_DOC_DEPT002_5_20260323_1', '2026-03-23', '1', '1', '上午', '08:00', '12:00', 'DEPT002', '外科', 'ROOM_DEPT002_3', '外科门诊5诊室', 'DOC_DEPT002_5', '郭超', '02', '副主任医师', '疝气分级修补', '1', '专家门诊', 'SRV_001', '副主任医师挂号费', '15.00', '15.00', '0.00', '0.00', '0.00', '1,2,4,5,6,9,10,11,12,15,17,18,20,21,22', '主楼6层外科候诊区', '08:00-12:00', '请提前15分钟候诊', '0', '1', '22', '10' );
INSERT INTO doctor_schedule ( m_code, service_date, week_day, session_code, session_name, start_time, end_time,  department_code, department_name, clinic_room_code, clinic_room_name,  doctor_code, doctor_name, doctor_title_code, doctor_title, doctor_spec,  doctor_sess_type_code, doctor_sess_type, service_code, service_name,  fee, reg_fee, checkup_fee, service_fee, other_fee, available_number_str,  admit_address_string, admit_time_range, note, time_range_flag, schedule_status,  available_total_num, available_left_num ) VALUES ( 'SCH_DOC_DEPT002_5_20260323_2', '2026-03-23', '1', '2', '下午', '13:30', '17:30', 'DEPT002', '外科', 'ROOM_DEPT002_2', '外科门诊5诊室', 'DOC_DEPT002_5', '郭超', '02', '副主任医师', '疝气分级修补', '1', '专家门诊', 'SRV_001', '副主任医师挂号费', '15.00', '15.00', '0.00', '0.00', '0.00', '1,3,4,7,10,11,12,13,14,15,16', '主楼4层外科候诊区', '13:30-17:30', '请提前15分钟候诊', '0', '1', '17', '13' );
INSERT INTO doctor_schedule ( m_code, service_date, week_day, session_code, session_name, start_time, end_time,  department_code, department_name, clinic_room_code, clinic_room_name,  doctor_code, doctor_name, doctor_title_code, doctor_title, doctor_spec,  doctor_sess_type_code, doctor_sess_type, service_code, service_name,  fee, reg_fee, checkup_fee, service_fee, other_fee, available_number_str,  admit_address_string, admit_time_range, note, time_range_flag, schedule_status,  available_total_num, available_left_num ) VALUES ( 'SCH_DOC_DEPT002_5_20260324_2', '2026-03-24', '2', '2', '下午', '13:30', '17:30', 'DEPT002', '外科', 'ROOM_DEPT002_2', '外科门诊2诊室', 'DOC_DEPT002_5', '郭超', '02', '副主任医师', '疝气分级修补', '1', '专家门诊', 'SRV_001', '副主任医师挂号费', '50.00', '50.00', '0.00', '0.00', '0.00', '1,2,5,6,7,8,10,12,13,15,16,17,19', '主楼6层外科候诊区', '13:30-17:30', '请提前15分钟候诊', '0', '1', '22', '19' );
INSERT INTO doctor_schedule ( m_code, service_date, week_day, session_code, session_name, start_time, end_time,  department_code, department_name, clinic_room_code, clinic_room_name,  doctor_code, doctor_name, doctor_title_code, doctor_title, doctor_spec,  doctor_sess_type_code, doctor_sess_type, service_code, service_name,  fee, reg_fee, checkup_fee, service_fee, other_fee, available_number_str,  admit_address_string, admit_time_range, note, time_range_flag, schedule_status,  available_total_num, available_left_num ) VALUES ( 'SCH_DOC_DEPT002_5_20260324_1', '2026-03-24', '2', '1', '上午', '08:00', '12:00', 'DEPT002', '外科', 'ROOM_DEPT002_3', '外科门诊4诊室', 'DOC_DEPT002_5', '郭超', '02', '副主任医师', '疝气分级修补', '1', '专家门诊', 'SRV_001', '副主任医师挂号费', '15.00', '15.00', '0.00', '0.00', '0.00', '2,3,6,7,9,10,11,12,13,14,15,16,17,18,19,21,22,23', '主楼1层外科候诊区', '08:00-12:00', '请提前15分钟候诊', '0', '1', '25', '15' );
INSERT INTO doctor_schedule ( m_code, service_date, week_day, session_code, session_name, start_time, end_time,  department_code, department_name, clinic_room_code, clinic_room_name,  doctor_code, doctor_name, doctor_title_code, doctor_title, doctor_spec,  doctor_sess_type_code, doctor_sess_type, service_code, service_name,  fee, reg_fee, checkup_fee, service_fee, other_fee, available_number_str,  admit_address_string, admit_time_range, note, time_range_flag, schedule_status,  available_total_num, available_left_num ) VALUES ( 'SCH_DOC_DEPT002_5_20260325_1', '2026-03-25', '3', '1', '上午', '08:00', '12:00', 'DEPT002', '外科', 'ROOM_DEPT002_3', '外科门诊3诊室', 'DOC_DEPT002_5', '郭超', '02', '副主任医师', '疝气分级修补', '1', '专家门诊', 'SRV_001', '副主任医师挂号费', '15.00', '15.00', '0.00', '0.00', '0.00', '1,3,4,5,8,10,11,12,13,14,15,18,19,20,21,22,23,24,25,26,27', '主楼4层外科候诊区', '08:00-12:00', '请提前15分钟候诊', '0', '1', '27', '9' );
INSERT INTO doctor_schedule ( m_code, service_date, week_day, session_code, session_name, start_time, end_time,  department_code, department_name, clinic_room_code, clinic_room_name,  doctor_code, doctor_name, doctor_title_code, doctor_title, doctor_spec,  doctor_sess_type_code, doctor_sess_type, service_code, service_name,  fee, reg_fee, checkup_fee, service_fee, other_fee, available_number_str,  admit_address_string, admit_time_range, note, time_range_flag, schedule_status,  available_total_num, available_left_num ) VALUES ( 'SCH_DOC_DEPT002_5_20260326_1', '2026-03-26', '4', '1', '上午', '08:00', '12:00', 'DEPT002', '外科', 'ROOM_DEPT002_2', '外科门诊3诊室', 'DOC_DEPT002_5', '郭超', '02', '副主任医师', '疝气分级修补', '1', '专家门诊', 'SRV_001', '副主任医师挂号费', '50.00', '50.00', '0.00', '0.00', '0.00', '2,3,4,6,8,9,10,11,12,13,14,15,16,17,18,19', '主楼5层外科候诊区', '08:00-12:00', '请提前15分钟候诊', '0', '1', '19', '13' );
INSERT INTO doctor_schedule ( m_code, service_date, week_day, session_code, session_name, start_time, end_time,  department_code, department_name, clinic_room_code, clinic_room_name,  doctor_code, doctor_name, doctor_title_code, doctor_title, doctor_spec,  doctor_sess_type_code, doctor_sess_type, service_code, service_name,  fee, reg_fee, checkup_fee, service_fee, other_fee, available_number_str,  admit_address_string, admit_time_range, note, time_range_flag, schedule_status,  available_total_num, available_left_num ) VALUES ( 'SCH_DOC_DEPT002_5_20260327_2', '2026-03-27', '5', '2', '下午', '13:30', '17:30', 'DEPT002', '外科', 'ROOM_DEPT002_5', '外科门诊2诊室', 'DOC_DEPT002_5', '郭超', '02', '副主任医师', '疝气分级修补', '1', '专家门诊', 'SRV_001', '副主任医师挂号费', '15.00', '15.00', '0.00', '0.00', '0.00', '1,2,3,4,5,7,8,9,10,11,13,14,16,18,19,20,21,22,23,26,29,30,31,32,34,35,36,37', '主楼4层外科候诊区', '13:30-17:30', '请提前15分钟候诊', '0', '1', '37', '9' );
INSERT INTO doctor_schedule ( m_code, service_date, week_day, session_code, session_name, start_time, end_time,  department_code, department_name, clinic_room_code, clinic_room_name,  doctor_code, doctor_name, doctor_title_code, doctor_title, doctor_spec,  doctor_sess_type_code, doctor_sess_type, service_code, service_name,  fee, reg_fee, checkup_fee, service_fee, other_fee, available_number_str,  admit_address_string, admit_time_range, note, time_range_flag, schedule_status,  available_total_num, available_left_num ) VALUES ( 'SCH_DOC_DEPT002_5_20260327_1', '2026-03-27', '5', '1', '上午', '08:00', '12:00', 'DEPT002', '外科', 'ROOM_DEPT002_5', '外科门诊5诊室', 'DOC_DEPT002_5', '郭超', '02', '副主任医师', '疝气分级修补', '1', '专家门诊', 'SRV_001', '副主任医师挂号费', '50.00', '50.00', '0.00', '0.00', '0.00', '3,4,7,8,9,12,14,15,16,21,24,25,26,27,28,30,31,32,33,35,37,38', '主楼1层外科候诊区', '08:00-12:00', '请提前15分钟候诊', '0', '1', '38', '15' );
INSERT INTO doctor_schedule ( m_code, service_date, week_day, session_code, session_name, start_time, end_time,  department_code, department_name, clinic_room_code, clinic_room_name,  doctor_code, doctor_name, doctor_title_code, doctor_title, doctor_spec,  doctor_sess_type_code, doctor_sess_type, service_code, service_name,  fee, reg_fee, checkup_fee, service_fee, other_fee, available_number_str,  admit_address_string, admit_time_range, note, time_range_flag, schedule_status,  available_total_num, available_left_num ) VALUES ( 'SCH_DOC_DEPT002_5_20260328_1', '2026-03-28', '6', '1', '上午', '08:00', '12:00', 'DEPT002', '外科', 'ROOM_DEPT002_3', '外科门诊2诊室', 'DOC_DEPT002_5', '郭超', '02', '副主任医师', '疝气分级修补', '1', '专家门诊', 'SRV_001', '副主任医师挂号费', '50.00', '50.00', '0.00', '0.00', '0.00', '1,3,4,6,7,8,9,10,11,12,13,14,15,16,18,19,20,21,25,27,28,31,32', '主楼1层外科候诊区', '08:00-12:00', '请提前15分钟候诊', '0', '1', '33', '21' );
INSERT INTO doctor_schedule ( m_code, service_date, week_day, session_code, session_name, start_time, end_time,  department_code, department_name, clinic_room_code, clinic_room_name,  doctor_code, doctor_name, doctor_title_code, doctor_title, doctor_spec,  doctor_sess_type_code, doctor_sess_type, service_code, service_name,  fee, reg_fee, checkup_fee, service_fee, other_fee, available_number_str,  admit_address_string, admit_time_range, note, time_range_flag, schedule_status,  available_total_num, available_left_num ) VALUES ( 'SCH_DOC_DEPT002_5_20260328_2', '2026-03-28', '6', '2', '下午', '13:30', '17:30', 'DEPT002', '外科', 'ROOM_DEPT002_2', '外科门诊2诊室', 'DOC_DEPT002_5', '郭超', '02', '副主任医师', '疝气分级修补', '1', '专家门诊', 'SRV_001', '副主任医师挂号费', '50.00', '50.00', '0.00', '0.00', '0.00', '1,2,3,4,6,9,11,12,13,15,16,17,18', '主楼1层外科候诊区', '13:30-17:30', '请提前15分钟候诊', '0', '1', '18', '6' );
INSERT INTO doctor_schedule ( m_code, service_date, week_day, session_code, session_name, start_time, end_time,  department_code, department_name, clinic_room_code, clinic_room_name,  doctor_code, doctor_name, doctor_title_code, doctor_title, doctor_spec,  doctor_sess_type_code, doctor_sess_type, service_code, service_name,  fee, reg_fee, checkup_fee, service_fee, other_fee, available_number_str,  admit_address_string, admit_time_range, note, time_range_flag, schedule_status,  available_total_num, available_left_num ) VALUES ( 'SCH_DOC_DEPT002_5_20260329_1', '2026-03-29', '7', '1', '上午', '08:00', '12:00', 'DEPT002', '外科', 'ROOM_DEPT002_1', '外科门诊5诊室', 'DOC_DEPT002_5', '郭超', '02', '副主任医师', '疝气分级修补', '1', '专家门诊', 'SRV_001', '副主任医师挂号费', '50.00', '50.00', '0.00', '0.00', '0.00', '1,3,5,7,8,9,10,11,12', '主楼6层外科候诊区', '08:00-12:00', '请提前15分钟候诊', '0', '1', '15', '13' );
INSERT INTO doctor_schedule ( m_code, service_date, week_day, session_code, session_name, start_time, end_time,  department_code, department_name, clinic_room_code, clinic_room_name,  doctor_code, doctor_name, doctor_title_code, doctor_title, doctor_spec,  doctor_sess_type_code, doctor_sess_type, service_code, service_name,  fee, reg_fee, checkup_fee, service_fee, other_fee, available_number_str,  admit_address_string, admit_time_range, note, time_range_flag, schedule_status,  available_total_num, available_left_num ) VALUES ( 'SCH_DOC_DEPT002_5_20260329_2', '2026-03-29', '7', '2', '下午', '13:30', '17:30', 'DEPT002', '外科', 'ROOM_DEPT002_4', '外科门诊1诊室', 'DOC_DEPT002_5', '郭超', '02', '副主任医师', '疝气分级修补', '1', '专家门诊', 'SRV_001', '副主任医师挂号费', '50.00', '50.00', '0.00', '0.00', '0.00', '1,4,5,6,7,9,10,12,14,15,17,19,20,22', '主楼4层外科候诊区', '13:30-17:30', '请提前15分钟候诊', '0', '1', '23', '14' );
INSERT INTO doctor (doctor_code, doctor_name, department_code, title, specialty, doctor_des, doctor_image) VALUES ('DOC_DEPT003_1', '陈娟', 'DEPT003', '主任医师', '小儿哮喘', '陈娟主任医师，从事儿科临床工作29年，专业严谨。她专注于小儿哮喘的诊疗，已成功治愈数千例相关患者。', 'doc_DOC_DEPT003_1.png');
INSERT INTO doctor_schedule ( m_code, service_date, week_day, session_code, session_name, start_time, end_time,  department_code, department_name, clinic_room_code, clinic_room_name,  doctor_code, doctor_name, doctor_title_code, doctor_title, doctor_spec,  doctor_sess_type_code, doctor_sess_type, service_code, service_name,  fee, reg_fee, checkup_fee, service_fee, other_fee, available_number_str,  admit_address_string, admit_time_range, note, time_range_flag, schedule_status,  available_total_num, available_left_num ) VALUES ( 'SCH_DOC_DEPT003_1_20260316_2', '2026-03-16', '1', '2', '下午', '13:30', '17:30', 'DEPT003', '儿科', 'ROOM_DEPT003_5', '儿科门诊3诊室', 'DOC_DEPT003_1', '陈娟', '01', '主任医师', '小儿哮喘', '1', '专家门诊', 'SRV_001', '主任医师挂号费', '50.00', '50.00', '0.00', '0.00', '0.00', '1,2,3,4,5,6,10,11,12,13,15,16,17,21,22,23,24,25,26,27', '主楼1层儿科候诊区', '13:30-17:30', '请提前15分钟候诊', '0', '1', '28', '18' );
INSERT INTO doctor_schedule ( m_code, service_date, week_day, session_code, session_name, start_time, end_time,  department_code, department_name, clinic_room_code, clinic_room_name,  doctor_code, doctor_name, doctor_title_code, doctor_title, doctor_spec,  doctor_sess_type_code, doctor_sess_type, service_code, service_name,  fee, reg_fee, checkup_fee, service_fee, other_fee, available_number_str,  admit_address_string, admit_time_range, note, time_range_flag, schedule_status,  available_total_num, available_left_num ) VALUES ( 'SCH_DOC_DEPT003_1_20260316_1', '2026-03-16', '1', '1', '上午', '08:00', '12:00', 'DEPT003', '儿科', 'ROOM_DEPT003_2', '儿科门诊3诊室', 'DOC_DEPT003_1', '陈娟', '01', '主任医师', '小儿哮喘', '1', '专家门诊', 'SRV_001', '主任医师挂号费', '15.00', '15.00', '0.00', '0.00', '0.00', '1,3,4,6,7,8,9,10,14,15,16,17,18,19,20,21,22', '主楼2层儿科候诊区', '08:00-12:00', '请提前15分钟候诊', '0', '1', '24', '21' );
INSERT INTO doctor_schedule ( m_code, service_date, week_day, session_code, session_name, start_time, end_time,  department_code, department_name, clinic_room_code, clinic_room_name,  doctor_code, doctor_name, doctor_title_code, doctor_title, doctor_spec,  doctor_sess_type_code, doctor_sess_type, service_code, service_name,  fee, reg_fee, checkup_fee, service_fee, other_fee, available_number_str,  admit_address_string, admit_time_range, note, time_range_flag, schedule_status,  available_total_num, available_left_num ) VALUES ( 'SCH_DOC_DEPT003_1_20260317_1', '2026-03-17', '2', '1', '上午', '08:00', '12:00', 'DEPT003', '儿科', 'ROOM_DEPT003_4', '儿科门诊1诊室', 'DOC_DEPT003_1', '陈娟', '01', '主任医师', '小儿哮喘', '1', '专家门诊', 'SRV_001', '主任医师挂号费', '20.00', '20.00', '0.00', '0.00', '0.00', '1,3,4,6,7,8,9,12,13,14,15,16,17,18,20,22,24,26,27,28,29,30,33,35,36', '主楼1层儿科候诊区', '08:00-12:00', '请提前15分钟候诊', '0', '1', '36', '9' );
INSERT INTO doctor_schedule ( m_code, service_date, week_day, session_code, session_name, start_time, end_time,  department_code, department_name, clinic_room_code, clinic_room_name,  doctor_code, doctor_name, doctor_title_code, doctor_title, doctor_spec,  doctor_sess_type_code, doctor_sess_type, service_code, service_name,  fee, reg_fee, checkup_fee, service_fee, other_fee, available_number_str,  admit_address_string, admit_time_range, note, time_range_flag, schedule_status,  available_total_num, available_left_num ) VALUES ( 'SCH_DOC_DEPT003_1_20260318_1', '2026-03-18', '3', '1', '上午', '08:00', '12:00', 'DEPT003', '儿科', 'ROOM_DEPT003_2', '儿科门诊4诊室', 'DOC_DEPT003_1', '陈娟', '01', '主任医师', '小儿哮喘', '1', '专家门诊', 'SRV_001', '主任医师挂号费', '50.00', '50.00', '0.00', '0.00', '0.00', '1,2,3,5,6,7,8,9,10,11,12,13,14,16', '主楼6层儿科候诊区', '08:00-12:00', '请提前15分钟候诊', '0', '1', '16', '15' );
INSERT INTO doctor_schedule ( m_code, service_date, week_day, session_code, session_name, start_time, end_time,  department_code, department_name, clinic_room_code, clinic_room_name,  doctor_code, doctor_name, doctor_title_code, doctor_title, doctor_spec,  doctor_sess_type_code, doctor_sess_type, service_code, service_name,  fee, reg_fee, checkup_fee, service_fee, other_fee, available_number_str,  admit_address_string, admit_time_range, note, time_range_flag, schedule_status,  available_total_num, available_left_num ) VALUES ( 'SCH_DOC_DEPT003_1_20260318_2', '2026-03-18', '3', '2', '下午', '13:30', '17:30', 'DEPT003', '儿科', 'ROOM_DEPT003_1', '儿科门诊1诊室', 'DOC_DEPT003_1', '陈娟', '01', '主任医师', '小儿哮喘', '1', '专家门诊', 'SRV_001', '主任医师挂号费', '15.00', '15.00', '0.00', '0.00', '0.00', '2,3,4,6,8,9,11,12,14,16,17,18,19', '主楼5层儿科候诊区', '13:30-17:30', '请提前15分钟候诊', '0', '1', '19', '9' );
INSERT INTO doctor_schedule ( m_code, service_date, week_day, session_code, session_name, start_time, end_time,  department_code, department_name, clinic_room_code, clinic_room_name,  doctor_code, doctor_name, doctor_title_code, doctor_title, doctor_spec,  doctor_sess_type_code, doctor_sess_type, service_code, service_name,  fee, reg_fee, checkup_fee, service_fee, other_fee, available_number_str,  admit_address_string, admit_time_range, note, time_range_flag, schedule_status,  available_total_num, available_left_num ) VALUES ( 'SCH_DOC_DEPT003_1_20260319_2', '2026-03-19', '4', '2', '下午', '13:30', '17:30', 'DEPT003', '儿科', 'ROOM_DEPT003_1', '儿科门诊1诊室', 'DOC_DEPT003_1', '陈娟', '01', '主任医师', '小儿哮喘', '1', '专家门诊', 'SRV_001', '主任医师挂号费', '50.00', '50.00', '0.00', '0.00', '0.00', '2,4,6,7,8,9,11,12,13', '主楼2层儿科候诊区', '13:30-17:30', '请提前15分钟候诊', '0', '1', '15', '5' );
INSERT INTO doctor_schedule ( m_code, service_date, week_day, session_code, session_name, start_time, end_time,  department_code, department_name, clinic_room_code, clinic_room_name,  doctor_code, doctor_name, doctor_title_code, doctor_title, doctor_spec,  doctor_sess_type_code, doctor_sess_type, service_code, service_name,  fee, reg_fee, checkup_fee, service_fee, other_fee, available_number_str,  admit_address_string, admit_time_range, note, time_range_flag, schedule_status,  available_total_num, available_left_num ) VALUES ( 'SCH_DOC_DEPT003_1_20260319_1', '2026-03-19', '4', '1', '上午', '08:00', '12:00', 'DEPT003', '儿科', 'ROOM_DEPT003_5', '儿科门诊1诊室', 'DOC_DEPT003_1', '陈娟', '01', '主任医师', '小儿哮喘', '1', '专家门诊', 'SRV_001', '主任医师挂号费', '50.00', '50.00', '0.00', '0.00', '0.00', '2,5,6,8,9,12,13,14,15,17', '主楼3层儿科候诊区', '08:00-12:00', '请提前15分钟候诊', '0', '1', '18', '11' );
INSERT INTO doctor_schedule ( m_code, service_date, week_day, session_code, session_name, start_time, end_time,  department_code, department_name, clinic_room_code, clinic_room_name,  doctor_code, doctor_name, doctor_title_code, doctor_title, doctor_spec,  doctor_sess_type_code, doctor_sess_type, service_code, service_name,  fee, reg_fee, checkup_fee, service_fee, other_fee, available_number_str,  admit_address_string, admit_time_range, note, time_range_flag, schedule_status,  available_total_num, available_left_num ) VALUES ( 'SCH_DOC_DEPT003_1_20260320_1', '2026-03-20', '5', '1', '上午', '08:00', '12:00', 'DEPT003', '儿科', 'ROOM_DEPT003_1', '儿科门诊3诊室', 'DOC_DEPT003_1', '陈娟', '01', '主任医师', '小儿哮喘', '1', '专家门诊', 'SRV_001', '主任医师挂号费', '20.00', '20.00', '0.00', '0.00', '0.00', '1,2,6,7,8,9,10,11,12,13,16,17,21', '主楼2层儿科候诊区', '08:00-12:00', '请提前15分钟候诊', '0', '1', '21', '21' );
INSERT INTO doctor_schedule ( m_code, service_date, week_day, session_code, session_name, start_time, end_time,  department_code, department_name, clinic_room_code, clinic_room_name,  doctor_code, doctor_name, doctor_title_code, doctor_title, doctor_spec,  doctor_sess_type_code, doctor_sess_type, service_code, service_name,  fee, reg_fee, checkup_fee, service_fee, other_fee, available_number_str,  admit_address_string, admit_time_range, note, time_range_flag, schedule_status,  available_total_num, available_left_num ) VALUES ( 'SCH_DOC_DEPT003_1_20260320_2', '2026-03-20', '5', '2', '下午', '13:30', '17:30', 'DEPT003', '儿科', 'ROOM_DEPT003_5', '儿科门诊2诊室', 'DOC_DEPT003_1', '陈娟', '01', '主任医师', '小儿哮喘', '1', '专家门诊', 'SRV_001', '主任医师挂号费', '50.00', '50.00', '0.00', '0.00', '0.00', '4,5,6,8,12,14,15,16,19,20,21,23', '主楼2层儿科候诊区', '13:30-17:30', '请提前15分钟候诊', '0', '1', '23', '20' );
INSERT INTO doctor_schedule ( m_code, service_date, week_day, session_code, session_name, start_time, end_time,  department_code, department_name, clinic_room_code, clinic_room_name,  doctor_code, doctor_name, doctor_title_code, doctor_title, doctor_spec,  doctor_sess_type_code, doctor_sess_type, service_code, service_name,  fee, reg_fee, checkup_fee, service_fee, other_fee, available_number_str,  admit_address_string, admit_time_range, note, time_range_flag, schedule_status,  available_total_num, available_left_num ) VALUES ( 'SCH_DOC_DEPT003_1_20260321_2', '2026-03-21', '6', '2', '下午', '13:30', '17:30', 'DEPT003', '儿科', 'ROOM_DEPT003_2', '儿科门诊3诊室', 'DOC_DEPT003_1', '陈娟', '01', '主任医师', '小儿哮喘', '1', '专家门诊', 'SRV_001', '主任医师挂号费', '20.00', '20.00', '0.00', '0.00', '0.00', '1,3,4,5,6,8,11,12,13,16,18,19,20,21,22,23,26,27', '主楼3层儿科候诊区', '13:30-17:30', '请提前15分钟候诊', '0', '1', '28', '6' );
INSERT INTO doctor_schedule ( m_code, service_date, week_day, session_code, session_name, start_time, end_time,  department_code, department_name, clinic_room_code, clinic_room_name,  doctor_code, doctor_name, doctor_title_code, doctor_title, doctor_spec,  doctor_sess_type_code, doctor_sess_type, service_code, service_name,  fee, reg_fee, checkup_fee, service_fee, other_fee, available_number_str,  admit_address_string, admit_time_range, note, time_range_flag, schedule_status,  available_total_num, available_left_num ) VALUES ( 'SCH_DOC_DEPT003_1_20260321_1', '2026-03-21', '6', '1', '上午', '08:00', '12:00', 'DEPT003', '儿科', 'ROOM_DEPT003_1', '儿科门诊4诊室', 'DOC_DEPT003_1', '陈娟', '01', '主任医师', '小儿哮喘', '1', '专家门诊', 'SRV_001', '主任医师挂号费', '15.00', '15.00', '0.00', '0.00', '0.00', '1,2,3,6,7,11,13,17,18,19,20,21,22,23,24', '主楼6层儿科候诊区', '08:00-12:00', '请提前15分钟候诊', '0', '1', '24', '10' );
INSERT INTO doctor_schedule ( m_code, service_date, week_day, session_code, session_name, start_time, end_time,  department_code, department_name, clinic_room_code, clinic_room_name,  doctor_code, doctor_name, doctor_title_code, doctor_title, doctor_spec,  doctor_sess_type_code, doctor_sess_type, service_code, service_name,  fee, reg_fee, checkup_fee, service_fee, other_fee, available_number_str,  admit_address_string, admit_time_range, note, time_range_flag, schedule_status,  available_total_num, available_left_num ) VALUES ( 'SCH_DOC_DEPT003_1_20260322_2', '2026-03-22', '7', '2', '下午', '13:30', '17:30', 'DEPT003', '儿科', 'ROOM_DEPT003_5', '儿科门诊2诊室', 'DOC_DEPT003_1', '陈娟', '01', '主任医师', '小儿哮喘', '1', '专家门诊', 'SRV_001', '主任医师挂号费', '50.00', '50.00', '0.00', '0.00', '0.00', '1,2,3,5,8,10,12,14,15,16,17,18,19,20,21,25,26,27,28,29,32,33,35,36,37', '主楼4层儿科候诊区', '13:30-17:30', '请提前15分钟候诊', '0', '1', '37', '16' );
INSERT INTO doctor_schedule ( m_code, service_date, week_day, session_code, session_name, start_time, end_time,  department_code, department_name, clinic_room_code, clinic_room_name,  doctor_code, doctor_name, doctor_title_code, doctor_title, doctor_spec,  doctor_sess_type_code, doctor_sess_type, service_code, service_name,  fee, reg_fee, checkup_fee, service_fee, other_fee, available_number_str,  admit_address_string, admit_time_range, note, time_range_flag, schedule_status,  available_total_num, available_left_num ) VALUES ( 'SCH_DOC_DEPT003_1_20260322_1', '2026-03-22', '7', '1', '上午', '08:00', '12:00', 'DEPT003', '儿科', 'ROOM_DEPT003_5', '儿科门诊3诊室', 'DOC_DEPT003_1', '陈娟', '01', '主任医师', '小儿哮喘', '1', '专家门诊', 'SRV_001', '主任医师挂号费', '50.00', '50.00', '0.00', '0.00', '0.00', '1,2,4,5,6,8,10,12,15,16,17,18,19,20,21,22,23,24,25,26,28,33,36,37,38', '主楼1层儿科候诊区', '08:00-12:00', '请提前15分钟候诊', '0', '1', '39', '10' );
INSERT INTO doctor_schedule ( m_code, service_date, week_day, session_code, session_name, start_time, end_time,  department_code, department_name, clinic_room_code, clinic_room_name,  doctor_code, doctor_name, doctor_title_code, doctor_title, doctor_spec,  doctor_sess_type_code, doctor_sess_type, service_code, service_name,  fee, reg_fee, checkup_fee, service_fee, other_fee, available_number_str,  admit_address_string, admit_time_range, note, time_range_flag, schedule_status,  available_total_num, available_left_num ) VALUES ( 'SCH_DOC_DEPT003_1_20260323_2', '2026-03-23', '1', '2', '下午', '13:30', '17:30', 'DEPT003', '儿科', 'ROOM_DEPT003_1', '儿科门诊2诊室', 'DOC_DEPT003_1', '陈娟', '01', '主任医师', '小儿哮喘', '1', '专家门诊', 'SRV_001', '主任医师挂号费', '50.00', '50.00', '0.00', '0.00', '0.00', '1,2,3,6,7,8,9,10,11,12,14,16,19,20,21,22', '主楼4层儿科候诊区', '13:30-17:30', '请提前15分钟候诊', '0', '1', '22', '9' );
INSERT INTO doctor_schedule ( m_code, service_date, week_day, session_code, session_name, start_time, end_time,  department_code, department_name, clinic_room_code, clinic_room_name,  doctor_code, doctor_name, doctor_title_code, doctor_title, doctor_spec,  doctor_sess_type_code, doctor_sess_type, service_code, service_name,  fee, reg_fee, checkup_fee, service_fee, other_fee, available_number_str,  admit_address_string, admit_time_range, note, time_range_flag, schedule_status,  available_total_num, available_left_num ) VALUES ( 'SCH_DOC_DEPT003_1_20260324_1', '2026-03-24', '2', '1', '上午', '08:00', '12:00', 'DEPT003', '儿科', 'ROOM_DEPT003_2', '儿科门诊5诊室', 'DOC_DEPT003_1', '陈娟', '01', '主任医师', '小儿哮喘', '1', '专家门诊', 'SRV_001', '主任医师挂号费', '50.00', '50.00', '0.00', '0.00', '0.00', '1,2,3,4,5,6,7,8,10,11,13,14,15,17,18,20,22,24,25,26,27,28,30,31,33,34,35,36,37,38,39,40', '主楼6层儿科候诊区', '08:00-12:00', '请提前15分钟候诊', '0', '1', '40', '31' );
INSERT INTO doctor_schedule ( m_code, service_date, week_day, session_code, session_name, start_time, end_time,  department_code, department_name, clinic_room_code, clinic_room_name,  doctor_code, doctor_name, doctor_title_code, doctor_title, doctor_spec,  doctor_sess_type_code, doctor_sess_type, service_code, service_name,  fee, reg_fee, checkup_fee, service_fee, other_fee, available_number_str,  admit_address_string, admit_time_range, note, time_range_flag, schedule_status,  available_total_num, available_left_num ) VALUES ( 'SCH_DOC_DEPT003_1_20260324_2', '2026-03-24', '2', '2', '下午', '13:30', '17:30', 'DEPT003', '儿科', 'ROOM_DEPT003_1', '儿科门诊1诊室', 'DOC_DEPT003_1', '陈娟', '01', '主任医师', '小儿哮喘', '1', '专家门诊', 'SRV_001', '主任医师挂号费', '15.00', '15.00', '0.00', '0.00', '0.00', '2,3,4,5,6,7,8,9,10,11,12,13,14,16,17,19,22,23,24,25,26', '主楼6层儿科候诊区', '13:30-17:30', '请提前15分钟候诊', '0', '1', '27', '14' );
INSERT INTO doctor_schedule ( m_code, service_date, week_day, session_code, session_name, start_time, end_time,  department_code, department_name, clinic_room_code, clinic_room_name,  doctor_code, doctor_name, doctor_title_code, doctor_title, doctor_spec,  doctor_sess_type_code, doctor_sess_type, service_code, service_name,  fee, reg_fee, checkup_fee, service_fee, other_fee, available_number_str,  admit_address_string, admit_time_range, note, time_range_flag, schedule_status,  available_total_num, available_left_num ) VALUES ( 'SCH_DOC_DEPT003_1_20260325_2', '2026-03-25', '3', '2', '下午', '13:30', '17:30', 'DEPT003', '儿科', 'ROOM_DEPT003_1', '儿科门诊1诊室', 'DOC_DEPT003_1', '陈娟', '01', '主任医师', '小儿哮喘', '1', '专家门诊', 'SRV_001', '主任医师挂号费', '20.00', '20.00', '0.00', '0.00', '0.00', '1,2,5,9,10,11,12,14,15,16,18,20,21,22,23,25', '主楼2层儿科候诊区', '13:30-17:30', '请提前15分钟候诊', '0', '1', '25', '15' );
INSERT INTO doctor_schedule ( m_code, service_date, week_day, session_code, session_name, start_time, end_time,  department_code, department_name, clinic_room_code, clinic_room_name,  doctor_code, doctor_name, doctor_title_code, doctor_title, doctor_spec,  doctor_sess_type_code, doctor_sess_type, service_code, service_name,  fee, reg_fee, checkup_fee, service_fee, other_fee, available_number_str,  admit_address_string, admit_time_range, note, time_range_flag, schedule_status,  available_total_num, available_left_num ) VALUES ( 'SCH_DOC_DEPT003_1_20260325_1', '2026-03-25', '3', '1', '上午', '08:00', '12:00', 'DEPT003', '儿科', 'ROOM_DEPT003_3', '儿科门诊3诊室', 'DOC_DEPT003_1', '陈娟', '01', '主任医师', '小儿哮喘', '1', '专家门诊', 'SRV_001', '主任医师挂号费', '20.00', '20.00', '0.00', '0.00', '0.00', '2,3,4,5,7,10,11,12,14,17,19,20,21,22,23,25,28,29,30,32,33,34,36', '主楼6层儿科候诊区', '08:00-12:00', '请提前15分钟候诊', '0', '1', '36', '16' );
INSERT INTO doctor_schedule ( m_code, service_date, week_day, session_code, session_name, start_time, end_time,  department_code, department_name, clinic_room_code, clinic_room_name,  doctor_code, doctor_name, doctor_title_code, doctor_title, doctor_spec,  doctor_sess_type_code, doctor_sess_type, service_code, service_name,  fee, reg_fee, checkup_fee, service_fee, other_fee, available_number_str,  admit_address_string, admit_time_range, note, time_range_flag, schedule_status,  available_total_num, available_left_num ) VALUES ( 'SCH_DOC_DEPT003_1_20260326_2', '2026-03-26', '4', '2', '下午', '13:30', '17:30', 'DEPT003', '儿科', 'ROOM_DEPT003_5', '儿科门诊3诊室', 'DOC_DEPT003_1', '陈娟', '01', '主任医师', '小儿哮喘', '1', '专家门诊', 'SRV_001', '主任医师挂号费', '50.00', '50.00', '0.00', '0.00', '0.00', '1,2,3,4,5,6,7,8,10,11,12,13,14,15,16', '主楼5层儿科候诊区', '13:30-17:30', '请提前15分钟候诊', '0', '1', '16', '5' );
INSERT INTO doctor_schedule ( m_code, service_date, week_day, session_code, session_name, start_time, end_time,  department_code, department_name, clinic_room_code, clinic_room_name,  doctor_code, doctor_name, doctor_title_code, doctor_title, doctor_spec,  doctor_sess_type_code, doctor_sess_type, service_code, service_name,  fee, reg_fee, checkup_fee, service_fee, other_fee, available_number_str,  admit_address_string, admit_time_range, note, time_range_flag, schedule_status,  available_total_num, available_left_num ) VALUES ( 'SCH_DOC_DEPT003_1_20260326_1', '2026-03-26', '4', '1', '上午', '08:00', '12:00', 'DEPT003', '儿科', 'ROOM_DEPT003_5', '儿科门诊1诊室', 'DOC_DEPT003_1', '陈娟', '01', '主任医师', '小儿哮喘', '1', '专家门诊', 'SRV_001', '主任医师挂号费', '15.00', '15.00', '0.00', '0.00', '0.00', '1,2,4,5,7,8,9,12,14,15,19,20,22,23,25,27,28,29,30,31,32', '主楼6层儿科候诊区', '08:00-12:00', '请提前15分钟候诊', '0', '1', '32', '18' );
INSERT INTO doctor_schedule ( m_code, service_date, week_day, session_code, session_name, start_time, end_time,  department_code, department_name, clinic_room_code, clinic_room_name,  doctor_code, doctor_name, doctor_title_code, doctor_title, doctor_spec,  doctor_sess_type_code, doctor_sess_type, service_code, service_name,  fee, reg_fee, checkup_fee, service_fee, other_fee, available_number_str,  admit_address_string, admit_time_range, note, time_range_flag, schedule_status,  available_total_num, available_left_num ) VALUES ( 'SCH_DOC_DEPT003_1_20260327_1', '2026-03-27', '5', '1', '上午', '08:00', '12:00', 'DEPT003', '儿科', 'ROOM_DEPT003_5', '儿科门诊4诊室', 'DOC_DEPT003_1', '陈娟', '01', '主任医师', '小儿哮喘', '1', '专家门诊', 'SRV_001', '主任医师挂号费', '50.00', '50.00', '0.00', '0.00', '0.00', '1,2,3,4,5,6,7,10,11,12,13,14,15,16,17,18,19,20,22,24,25,26,27,28,30,32', '主楼3层儿科候诊区', '08:00-12:00', '请提前15分钟候诊', '0', '1', '32', '22' );
INSERT INTO doctor_schedule ( m_code, service_date, week_day, session_code, session_name, start_time, end_time,  department_code, department_name, clinic_room_code, clinic_room_name,  doctor_code, doctor_name, doctor_title_code, doctor_title, doctor_spec,  doctor_sess_type_code, doctor_sess_type, service_code, service_name,  fee, reg_fee, checkup_fee, service_fee, other_fee, available_number_str,  admit_address_string, admit_time_range, note, time_range_flag, schedule_status,  available_total_num, available_left_num ) VALUES ( 'SCH_DOC_DEPT003_1_20260328_1', '2026-03-28', '6', '1', '上午', '08:00', '12:00', 'DEPT003', '儿科', 'ROOM_DEPT003_3', '儿科门诊3诊室', 'DOC_DEPT003_1', '陈娟', '01', '主任医师', '小儿哮喘', '1', '专家门诊', 'SRV_001', '主任医师挂号费', '50.00', '50.00', '0.00', '0.00', '0.00', '1,2,3,4,5,6,7,9,12,13,14,15,16,17,18,19,22,23,24,25,26,27,29,31,32,35,36,38,39', '主楼5层儿科候诊区', '08:00-12:00', '请提前15分钟候诊', '0', '1', '39', '13' );
INSERT INTO doctor_schedule ( m_code, service_date, week_day, session_code, session_name, start_time, end_time,  department_code, department_name, clinic_room_code, clinic_room_name,  doctor_code, doctor_name, doctor_title_code, doctor_title, doctor_spec,  doctor_sess_type_code, doctor_sess_type, service_code, service_name,  fee, reg_fee, checkup_fee, service_fee, other_fee, available_number_str,  admit_address_string, admit_time_range, note, time_range_flag, schedule_status,  available_total_num, available_left_num ) VALUES ( 'SCH_DOC_DEPT003_1_20260328_2', '2026-03-28', '6', '2', '下午', '13:30', '17:30', 'DEPT003', '儿科', 'ROOM_DEPT003_1', '儿科门诊2诊室', 'DOC_DEPT003_1', '陈娟', '01', '主任医师', '小儿哮喘', '1', '专家门诊', 'SRV_001', '主任医师挂号费', '20.00', '20.00', '0.00', '0.00', '0.00', '1,2,3,4,5,7,8,9,12,13,14,15,17,19,21,22,24,25,27,29,30,31,32,34,35,36', '主楼1层儿科候诊区', '13:30-17:30', '请提前15分钟候诊', '0', '1', '36', '22' );
INSERT INTO doctor_schedule ( m_code, service_date, week_day, session_code, session_name, start_time, end_time,  department_code, department_name, clinic_room_code, clinic_room_name,  doctor_code, doctor_name, doctor_title_code, doctor_title, doctor_spec,  doctor_sess_type_code, doctor_sess_type, service_code, service_name,  fee, reg_fee, checkup_fee, service_fee, other_fee, available_number_str,  admit_address_string, admit_time_range, note, time_range_flag, schedule_status,  available_total_num, available_left_num ) VALUES ( 'SCH_DOC_DEPT003_1_20260329_1', '2026-03-29', '7', '1', '上午', '08:00', '12:00', 'DEPT003', '儿科', 'ROOM_DEPT003_4', '儿科门诊5诊室', 'DOC_DEPT003_1', '陈娟', '01', '主任医师', '小儿哮喘', '1', '专家门诊', 'SRV_001', '主任医师挂号费', '20.00', '20.00', '0.00', '0.00', '0.00', '1,2,4,6,7,9,10,12,14,16,17,18,20,22,23,24,25,26,27,28,29,30,32,33,35', '主楼2层儿科候诊区', '08:00-12:00', '请提前15分钟候诊', '0', '1', '35', '22' );
INSERT INTO doctor_schedule ( m_code, service_date, week_day, session_code, session_name, start_time, end_time,  department_code, department_name, clinic_room_code, clinic_room_name,  doctor_code, doctor_name, doctor_title_code, doctor_title, doctor_spec,  doctor_sess_type_code, doctor_sess_type, service_code, service_name,  fee, reg_fee, checkup_fee, service_fee, other_fee, available_number_str,  admit_address_string, admit_time_range, note, time_range_flag, schedule_status,  available_total_num, available_left_num ) VALUES ( 'SCH_DOC_DEPT003_1_20260329_2', '2026-03-29', '7', '2', '下午', '13:30', '17:30', 'DEPT003', '儿科', 'ROOM_DEPT003_3', '儿科门诊2诊室', 'DOC_DEPT003_1', '陈娟', '01', '主任医师', '小儿哮喘', '1', '专家门诊', 'SRV_001', '主任医师挂号费', '50.00', '50.00', '0.00', '0.00', '0.00', '1,2,4,5,6,7,8,9,10,12,14,15,16,17,18,19,20,22,23,24,25,26,27,28,31,32,34,35,36,37,38', '主楼5层儿科候诊区', '13:30-17:30', '请提前15分钟候诊', '0', '1', '38', '32' );
INSERT INTO doctor (doctor_code, doctor_name, department_code, title, specialty, doctor_des, doctor_image) VALUES ('DOC_DEPT003_2', '孙刚', 'DEPT003', '副主任医师', '新生儿黄疸治疗', '孙刚副主任医师，从事儿科临床工作16年，专业严谨。他专注于新生儿黄疸治疗的诊疗，已成功治愈数千例相关患者。', 'doc_DOC_DEPT003_2.png');
INSERT INTO doctor_schedule ( m_code, service_date, week_day, session_code, session_name, start_time, end_time,  department_code, department_name, clinic_room_code, clinic_room_name,  doctor_code, doctor_name, doctor_title_code, doctor_title, doctor_spec,  doctor_sess_type_code, doctor_sess_type, service_code, service_name,  fee, reg_fee, checkup_fee, service_fee, other_fee, available_number_str,  admit_address_string, admit_time_range, note, time_range_flag, schedule_status,  available_total_num, available_left_num ) VALUES ( 'SCH_DOC_DEPT003_2_20260316_1', '2026-03-16', '1', '1', '上午', '08:00', '12:00', 'DEPT003', '儿科', 'ROOM_DEPT003_1', '儿科门诊2诊室', 'DOC_DEPT003_2', '孙刚', '02', '副主任医师', '新生儿黄疸治疗', '1', '专家门诊', 'SRV_001', '副主任医师挂号费', '15.00', '15.00', '0.00', '0.00', '0.00', '1,2,3,5,6,7,9,10,11,12,15,17,20,22,23', '主楼6层儿科候诊区', '08:00-12:00', '请提前15分钟候诊', '0', '1', '24', '12' );
INSERT INTO doctor_schedule ( m_code, service_date, week_day, session_code, session_name, start_time, end_time,  department_code, department_name, clinic_room_code, clinic_room_name,  doctor_code, doctor_name, doctor_title_code, doctor_title, doctor_spec,  doctor_sess_type_code, doctor_sess_type, service_code, service_name,  fee, reg_fee, checkup_fee, service_fee, other_fee, available_number_str,  admit_address_string, admit_time_range, note, time_range_flag, schedule_status,  available_total_num, available_left_num ) VALUES ( 'SCH_DOC_DEPT003_2_20260317_2', '2026-03-17', '2', '2', '下午', '13:30', '17:30', 'DEPT003', '儿科', 'ROOM_DEPT003_4', '儿科门诊1诊室', 'DOC_DEPT003_2', '孙刚', '02', '副主任医师', '新生儿黄疸治疗', '1', '专家门诊', 'SRV_001', '副主任医师挂号费', '20.00', '20.00', '0.00', '0.00', '0.00', '1,4,5,6,7,8,9,10,12,15,16,18,20,21,22,23,24,25,27,28,29,30,31', '主楼3层儿科候诊区', '13:30-17:30', '请提前15分钟候诊', '0', '1', '31', '18' );
INSERT INTO doctor_schedule ( m_code, service_date, week_day, session_code, session_name, start_time, end_time,  department_code, department_name, clinic_room_code, clinic_room_name,  doctor_code, doctor_name, doctor_title_code, doctor_title, doctor_spec,  doctor_sess_type_code, doctor_sess_type, service_code, service_name,  fee, reg_fee, checkup_fee, service_fee, other_fee, available_number_str,  admit_address_string, admit_time_range, note, time_range_flag, schedule_status,  available_total_num, available_left_num ) VALUES ( 'SCH_DOC_DEPT003_2_20260317_1', '2026-03-17', '2', '1', '上午', '08:00', '12:00', 'DEPT003', '儿科', 'ROOM_DEPT003_1', '儿科门诊2诊室', 'DOC_DEPT003_2', '孙刚', '02', '副主任医师', '新生儿黄疸治疗', '1', '专家门诊', 'SRV_001', '副主任医师挂号费', '50.00', '50.00', '0.00', '0.00', '0.00', '1,2,3,5,6,7,8,10,11,12,14,15,17,20,21,22', '主楼4层儿科候诊区', '08:00-12:00', '请提前15分钟候诊', '0', '1', '23', '11' );
INSERT INTO doctor_schedule ( m_code, service_date, week_day, session_code, session_name, start_time, end_time,  department_code, department_name, clinic_room_code, clinic_room_name,  doctor_code, doctor_name, doctor_title_code, doctor_title, doctor_spec,  doctor_sess_type_code, doctor_sess_type, service_code, service_name,  fee, reg_fee, checkup_fee, service_fee, other_fee, available_number_str,  admit_address_string, admit_time_range, note, time_range_flag, schedule_status,  available_total_num, available_left_num ) VALUES ( 'SCH_DOC_DEPT003_2_20260318_1', '2026-03-18', '3', '1', '上午', '08:00', '12:00', 'DEPT003', '儿科', 'ROOM_DEPT003_3', '儿科门诊1诊室', 'DOC_DEPT003_2', '孙刚', '02', '副主任医师', '新生儿黄疸治疗', '1', '专家门诊', 'SRV_001', '副主任医师挂号费', '50.00', '50.00', '0.00', '0.00', '0.00', '1,2,3,4,5,6,7,10,11,12,13,14,15,17,19,20,22', '主楼3层儿科候诊区', '08:00-12:00', '请提前15分钟候诊', '0', '1', '23', '14' );
INSERT INTO doctor_schedule ( m_code, service_date, week_day, session_code, session_name, start_time, end_time,  department_code, department_name, clinic_room_code, clinic_room_name,  doctor_code, doctor_name, doctor_title_code, doctor_title, doctor_spec,  doctor_sess_type_code, doctor_sess_type, service_code, service_name,  fee, reg_fee, checkup_fee, service_fee, other_fee, available_number_str,  admit_address_string, admit_time_range, note, time_range_flag, schedule_status,  available_total_num, available_left_num ) VALUES ( 'SCH_DOC_DEPT003_2_20260320_2', '2026-03-20', '5', '2', '下午', '13:30', '17:30', 'DEPT003', '儿科', 'ROOM_DEPT003_2', '儿科门诊4诊室', 'DOC_DEPT003_2', '孙刚', '02', '副主任医师', '新生儿黄疸治疗', '1', '专家门诊', 'SRV_001', '副主任医师挂号费', '15.00', '15.00', '0.00', '0.00', '0.00', '1,3,4,7,8,9,10,11,12,13,14,15,16,17,20,23,24,25,27,28,29,31,32,34,35', '主楼2层儿科候诊区', '13:30-17:30', '请提前15分钟候诊', '0', '1', '35', '8' );
INSERT INTO doctor_schedule ( m_code, service_date, week_day, session_code, session_name, start_time, end_time,  department_code, department_name, clinic_room_code, clinic_room_name,  doctor_code, doctor_name, doctor_title_code, doctor_title, doctor_spec,  doctor_sess_type_code, doctor_sess_type, service_code, service_name,  fee, reg_fee, checkup_fee, service_fee, other_fee, available_number_str,  admit_address_string, admit_time_range, note, time_range_flag, schedule_status,  available_total_num, available_left_num ) VALUES ( 'SCH_DOC_DEPT003_2_20260321_2', '2026-03-21', '6', '2', '下午', '13:30', '17:30', 'DEPT003', '儿科', 'ROOM_DEPT003_4', '儿科门诊2诊室', 'DOC_DEPT003_2', '孙刚', '02', '副主任医师', '新生儿黄疸治疗', '1', '专家门诊', 'SRV_001', '副主任医师挂号费', '15.00', '15.00', '0.00', '0.00', '0.00', '1,2,3,5,6,7,8,10,12,14,15,16,17,18,19,20,21,22,23', '主楼3层儿科候诊区', '13:30-17:30', '请提前15分钟候诊', '0', '1', '23', '9' );
INSERT INTO doctor_schedule ( m_code, service_date, week_day, session_code, session_name, start_time, end_time,  department_code, department_name, clinic_room_code, clinic_room_name,  doctor_code, doctor_name, doctor_title_code, doctor_title, doctor_spec,  doctor_sess_type_code, doctor_sess_type, service_code, service_name,  fee, reg_fee, checkup_fee, service_fee, other_fee, available_number_str,  admit_address_string, admit_time_range, note, time_range_flag, schedule_status,  available_total_num, available_left_num ) VALUES ( 'SCH_DOC_DEPT003_2_20260322_2', '2026-03-22', '7', '2', '下午', '13:30', '17:30', 'DEPT003', '儿科', 'ROOM_DEPT003_3', '儿科门诊1诊室', 'DOC_DEPT003_2', '孙刚', '02', '副主任医师', '新生儿黄疸治疗', '1', '专家门诊', 'SRV_001', '副主任医师挂号费', '50.00', '50.00', '0.00', '0.00', '0.00', '1,5,6,7,8,9,10,12,13,14,15,17,18,19,20,22,23,24,26,27,28,29,30', '主楼2层儿科候诊区', '13:30-17:30', '请提前15分钟候诊', '0', '1', '31', '8' );
INSERT INTO doctor_schedule ( m_code, service_date, week_day, session_code, session_name, start_time, end_time,  department_code, department_name, clinic_room_code, clinic_room_name,  doctor_code, doctor_name, doctor_title_code, doctor_title, doctor_spec,  doctor_sess_type_code, doctor_sess_type, service_code, service_name,  fee, reg_fee, checkup_fee, service_fee, other_fee, available_number_str,  admit_address_string, admit_time_range, note, time_range_flag, schedule_status,  available_total_num, available_left_num ) VALUES ( 'SCH_DOC_DEPT003_2_20260323_1', '2026-03-23', '1', '1', '上午', '08:00', '12:00', 'DEPT003', '儿科', 'ROOM_DEPT003_1', '儿科门诊4诊室', 'DOC_DEPT003_2', '孙刚', '02', '副主任医师', '新生儿黄疸治疗', '1', '专家门诊', 'SRV_001', '副主任医师挂号费', '50.00', '50.00', '0.00', '0.00', '0.00', '3,6,7,8,9,10,12,14,15,16,17,18,19,20,21,22,23,24,25,26,30,32,33', '主楼1层儿科候诊区', '08:00-12:00', '请提前15分钟候诊', '0', '1', '33', '17' );
INSERT INTO doctor_schedule ( m_code, service_date, week_day, session_code, session_name, start_time, end_time,  department_code, department_name, clinic_room_code, clinic_room_name,  doctor_code, doctor_name, doctor_title_code, doctor_title, doctor_spec,  doctor_sess_type_code, doctor_sess_type, service_code, service_name,  fee, reg_fee, checkup_fee, service_fee, other_fee, available_number_str,  admit_address_string, admit_time_range, note, time_range_flag, schedule_status,  available_total_num, available_left_num ) VALUES ( 'SCH_DOC_DEPT003_2_20260323_2', '2026-03-23', '1', '2', '下午', '13:30', '17:30', 'DEPT003', '儿科', 'ROOM_DEPT003_3', '儿科门诊3诊室', 'DOC_DEPT003_2', '孙刚', '02', '副主任医师', '新生儿黄疸治疗', '1', '专家门诊', 'SRV_001', '副主任医师挂号费', '20.00', '20.00', '0.00', '0.00', '0.00', '1,3,8,9,10,12,14,15,16', '主楼6层儿科候诊区', '13:30-17:30', '请提前15分钟候诊', '0', '1', '17', '8' );
INSERT INTO doctor_schedule ( m_code, service_date, week_day, session_code, session_name, start_time, end_time,  department_code, department_name, clinic_room_code, clinic_room_name,  doctor_code, doctor_name, doctor_title_code, doctor_title, doctor_spec,  doctor_sess_type_code, doctor_sess_type, service_code, service_name,  fee, reg_fee, checkup_fee, service_fee, other_fee, available_number_str,  admit_address_string, admit_time_range, note, time_range_flag, schedule_status,  available_total_num, available_left_num ) VALUES ( 'SCH_DOC_DEPT003_2_20260324_1', '2026-03-24', '2', '1', '上午', '08:00', '12:00', 'DEPT003', '儿科', 'ROOM_DEPT003_1', '儿科门诊5诊室', 'DOC_DEPT003_2', '孙刚', '02', '副主任医师', '新生儿黄疸治疗', '1', '专家门诊', 'SRV_001', '副主任医师挂号费', '20.00', '20.00', '0.00', '0.00', '0.00', '1,2,6,7,9,10,11,12,13,14,15,19,20,22,23,24,25,27,29,30', '主楼3层儿科候诊区', '08:00-12:00', '请提前15分钟候诊', '0', '1', '30', '7' );
INSERT INTO doctor_schedule ( m_code, service_date, week_day, session_code, session_name, start_time, end_time,  department_code, department_name, clinic_room_code, clinic_room_name,  doctor_code, doctor_name, doctor_title_code, doctor_title, doctor_spec,  doctor_sess_type_code, doctor_sess_type, service_code, service_name,  fee, reg_fee, checkup_fee, service_fee, other_fee, available_number_str,  admit_address_string, admit_time_range, note, time_range_flag, schedule_status,  available_total_num, available_left_num ) VALUES ( 'SCH_DOC_DEPT003_2_20260324_2', '2026-03-24', '2', '2', '下午', '13:30', '17:30', 'DEPT003', '儿科', 'ROOM_DEPT003_4', '儿科门诊1诊室', 'DOC_DEPT003_2', '孙刚', '02', '副主任医师', '新生儿黄疸治疗', '1', '专家门诊', 'SRV_001', '副主任医师挂号费', '15.00', '15.00', '0.00', '0.00', '0.00', '2,3,5,6,7,8,9,10,11,14,16,17,18,19,20,23,24,25,27,28,29,30,32,34,35', '主楼4层儿科候诊区', '13:30-17:30', '请提前15分钟候诊', '0', '1', '35', '9' );
INSERT INTO doctor_schedule ( m_code, service_date, week_day, session_code, session_name, start_time, end_time,  department_code, department_name, clinic_room_code, clinic_room_name,  doctor_code, doctor_name, doctor_title_code, doctor_title, doctor_spec,  doctor_sess_type_code, doctor_sess_type, service_code, service_name,  fee, reg_fee, checkup_fee, service_fee, other_fee, available_number_str,  admit_address_string, admit_time_range, note, time_range_flag, schedule_status,  available_total_num, available_left_num ) VALUES ( 'SCH_DOC_DEPT003_2_20260326_2', '2026-03-26', '4', '2', '下午', '13:30', '17:30', 'DEPT003', '儿科', 'ROOM_DEPT003_2', '儿科门诊2诊室', 'DOC_DEPT003_2', '孙刚', '02', '副主任医师', '新生儿黄疸治疗', '1', '专家门诊', 'SRV_001', '副主任医师挂号费', '50.00', '50.00', '0.00', '0.00', '0.00', '1,2,3,4,7,8,9,12,13,14,17,18,19,21,22,24,25,26,27,29,30,31', '主楼5层儿科候诊区', '13:30-17:30', '请提前15分钟候诊', '0', '1', '32', '12' );
INSERT INTO doctor_schedule ( m_code, service_date, week_day, session_code, session_name, start_time, end_time,  department_code, department_name, clinic_room_code, clinic_room_name,  doctor_code, doctor_name, doctor_title_code, doctor_title, doctor_spec,  doctor_sess_type_code, doctor_sess_type, service_code, service_name,  fee, reg_fee, checkup_fee, service_fee, other_fee, available_number_str,  admit_address_string, admit_time_range, note, time_range_flag, schedule_status,  available_total_num, available_left_num ) VALUES ( 'SCH_DOC_DEPT003_2_20260327_1', '2026-03-27', '5', '1', '上午', '08:00', '12:00', 'DEPT003', '儿科', 'ROOM_DEPT003_4', '儿科门诊1诊室', 'DOC_DEPT003_2', '孙刚', '02', '副主任医师', '新生儿黄疸治疗', '1', '专家门诊', 'SRV_001', '副主任医师挂号费', '15.00', '15.00', '0.00', '0.00', '0.00', '2,3,4,7,10,11,13,14,16,17,18,19,20,21,22,24,26,27,29,30', '主楼1层儿科候诊区', '08:00-12:00', '请提前15分钟候诊', '0', '1', '31', '20' );
INSERT INTO doctor_schedule ( m_code, service_date, week_day, session_code, session_name, start_time, end_time,  department_code, department_name, clinic_room_code, clinic_room_name,  doctor_code, doctor_name, doctor_title_code, doctor_title, doctor_spec,  doctor_sess_type_code, doctor_sess_type, service_code, service_name,  fee, reg_fee, checkup_fee, service_fee, other_fee, available_number_str,  admit_address_string, admit_time_range, note, time_range_flag, schedule_status,  available_total_num, available_left_num ) VALUES ( 'SCH_DOC_DEPT003_2_20260329_2', '2026-03-29', '7', '2', '下午', '13:30', '17:30', 'DEPT003', '儿科', 'ROOM_DEPT003_3', '儿科门诊4诊室', 'DOC_DEPT003_2', '孙刚', '02', '副主任医师', '新生儿黄疸治疗', '1', '专家门诊', 'SRV_001', '副主任医师挂号费', '50.00', '50.00', '0.00', '0.00', '0.00', '2,3,4,5,6,7,8,9,10,12,13,14,15,16,17,18,19,20,22,23,24,25,26', '主楼1层儿科候诊区', '13:30-17:30', '请提前15分钟候诊', '0', '1', '26', '20' );
INSERT INTO doctor (doctor_code, doctor_name, department_code, title, specialty, doctor_des, doctor_image) VALUES ('DOC_DEPT003_3', '胡芳', 'DEPT003', '主任医师', '发育迟缓康复', '胡芳主任医师，从事儿科临床工作28年，经验丰富。她长期致力于发育迟缓康复的诊疗，已成功治愈数千例相关患者。', 'doc_DOC_DEPT003_3.png');
INSERT INTO doctor_schedule ( m_code, service_date, week_day, session_code, session_name, start_time, end_time,  department_code, department_name, clinic_room_code, clinic_room_name,  doctor_code, doctor_name, doctor_title_code, doctor_title, doctor_spec,  doctor_sess_type_code, doctor_sess_type, service_code, service_name,  fee, reg_fee, checkup_fee, service_fee, other_fee, available_number_str,  admit_address_string, admit_time_range, note, time_range_flag, schedule_status,  available_total_num, available_left_num ) VALUES ( 'SCH_DOC_DEPT003_3_20260316_1', '2026-03-16', '1', '1', '上午', '08:00', '12:00', 'DEPT003', '儿科', 'ROOM_DEPT003_4', '儿科门诊1诊室', 'DOC_DEPT003_3', '胡芳', '01', '主任医师', '发育迟缓康复', '1', '专家门诊', 'SRV_001', '主任医师挂号费', '15.00', '15.00', '0.00', '0.00', '0.00', '2,3,4,6,7,8,10,12,13,16,17,18,19,20,21,22,24,25,26,28,29,30,33,34,36,37', '主楼6层儿科候诊区', '08:00-12:00', '请提前15分钟候诊', '0', '1', '37', '15' );
INSERT INTO doctor_schedule ( m_code, service_date, week_day, session_code, session_name, start_time, end_time,  department_code, department_name, clinic_room_code, clinic_room_name,  doctor_code, doctor_name, doctor_title_code, doctor_title, doctor_spec,  doctor_sess_type_code, doctor_sess_type, service_code, service_name,  fee, reg_fee, checkup_fee, service_fee, other_fee, available_number_str,  admit_address_string, admit_time_range, note, time_range_flag, schedule_status,  available_total_num, available_left_num ) VALUES ( 'SCH_DOC_DEPT003_3_20260317_2', '2026-03-17', '2', '2', '下午', '13:30', '17:30', 'DEPT003', '儿科', 'ROOM_DEPT003_4', '儿科门诊2诊室', 'DOC_DEPT003_3', '胡芳', '01', '主任医师', '发育迟缓康复', '1', '专家门诊', 'SRV_001', '主任医师挂号费', '20.00', '20.00', '0.00', '0.00', '0.00', '1,3,4,5,6,8,13,16,18,19,20', '主楼6层儿科候诊区', '13:30-17:30', '请提前15分钟候诊', '0', '1', '20', '12' );
INSERT INTO doctor_schedule ( m_code, service_date, week_day, session_code, session_name, start_time, end_time,  department_code, department_name, clinic_room_code, clinic_room_name,  doctor_code, doctor_name, doctor_title_code, doctor_title, doctor_spec,  doctor_sess_type_code, doctor_sess_type, service_code, service_name,  fee, reg_fee, checkup_fee, service_fee, other_fee, available_number_str,  admit_address_string, admit_time_range, note, time_range_flag, schedule_status,  available_total_num, available_left_num ) VALUES ( 'SCH_DOC_DEPT003_3_20260317_1', '2026-03-17', '2', '1', '上午', '08:00', '12:00', 'DEPT003', '儿科', 'ROOM_DEPT003_2', '儿科门诊3诊室', 'DOC_DEPT003_3', '胡芳', '01', '主任医师', '发育迟缓康复', '1', '专家门诊', 'SRV_001', '主任医师挂号费', '15.00', '15.00', '0.00', '0.00', '0.00', '1,2,3,4,5,7,9,10,11,12,14,15,16,18,19,20,21,22,23,27,28,29,30,31,32,33,34', '主楼6层儿科候诊区', '08:00-12:00', '请提前15分钟候诊', '0', '1', '34', '12' );
INSERT INTO doctor_schedule ( m_code, service_date, week_day, session_code, session_name, start_time, end_time,  department_code, department_name, clinic_room_code, clinic_room_name,  doctor_code, doctor_name, doctor_title_code, doctor_title, doctor_spec,  doctor_sess_type_code, doctor_sess_type, service_code, service_name,  fee, reg_fee, checkup_fee, service_fee, other_fee, available_number_str,  admit_address_string, admit_time_range, note, time_range_flag, schedule_status,  available_total_num, available_left_num ) VALUES ( 'SCH_DOC_DEPT003_3_20260319_1', '2026-03-19', '4', '1', '上午', '08:00', '12:00', 'DEPT003', '儿科', 'ROOM_DEPT003_1', '儿科门诊4诊室', 'DOC_DEPT003_3', '胡芳', '01', '主任医师', '发育迟缓康复', '1', '专家门诊', 'SRV_001', '主任医师挂号费', '20.00', '20.00', '0.00', '0.00', '0.00', '2,3,5,12,15,17,18', '主楼2层儿科候诊区', '08:00-12:00', '请提前15分钟候诊', '0', '1', '18', '6' );
INSERT INTO doctor_schedule ( m_code, service_date, week_day, session_code, session_name, start_time, end_time,  department_code, department_name, clinic_room_code, clinic_room_name,  doctor_code, doctor_name, doctor_title_code, doctor_title, doctor_spec,  doctor_sess_type_code, doctor_sess_type, service_code, service_name,  fee, reg_fee, checkup_fee, service_fee, other_fee, available_number_str,  admit_address_string, admit_time_range, note, time_range_flag, schedule_status,  available_total_num, available_left_num ) VALUES ( 'SCH_DOC_DEPT003_3_20260321_2', '2026-03-21', '6', '2', '下午', '13:30', '17:30', 'DEPT003', '儿科', 'ROOM_DEPT003_3', '儿科门诊4诊室', 'DOC_DEPT003_3', '胡芳', '01', '主任医师', '发育迟缓康复', '1', '专家门诊', 'SRV_001', '主任医师挂号费', '50.00', '50.00', '0.00', '0.00', '0.00', '1,2,3,4,7,8,9,10,11,12,13,14,16,17,19,20,22,25,26,27,28,29,33', '主楼4层儿科候诊区', '13:30-17:30', '请提前15分钟候诊', '0', '1', '33', '16' );
INSERT INTO doctor_schedule ( m_code, service_date, week_day, session_code, session_name, start_time, end_time,  department_code, department_name, clinic_room_code, clinic_room_name,  doctor_code, doctor_name, doctor_title_code, doctor_title, doctor_spec,  doctor_sess_type_code, doctor_sess_type, service_code, service_name,  fee, reg_fee, checkup_fee, service_fee, other_fee, available_number_str,  admit_address_string, admit_time_range, note, time_range_flag, schedule_status,  available_total_num, available_left_num ) VALUES ( 'SCH_DOC_DEPT003_3_20260321_1', '2026-03-21', '6', '1', '上午', '08:00', '12:00', 'DEPT003', '儿科', 'ROOM_DEPT003_2', '儿科门诊5诊室', 'DOC_DEPT003_3', '胡芳', '01', '主任医师', '发育迟缓康复', '1', '专家门诊', 'SRV_001', '主任医师挂号费', '20.00', '20.00', '0.00', '0.00', '0.00', '1,2,3,5,6,8,11,12,17,18,19,20', '主楼1层儿科候诊区', '08:00-12:00', '请提前15分钟候诊', '0', '1', '20', '10' );
INSERT INTO doctor_schedule ( m_code, service_date, week_day, session_code, session_name, start_time, end_time,  department_code, department_name, clinic_room_code, clinic_room_name,  doctor_code, doctor_name, doctor_title_code, doctor_title, doctor_spec,  doctor_sess_type_code, doctor_sess_type, service_code, service_name,  fee, reg_fee, checkup_fee, service_fee, other_fee, available_number_str,  admit_address_string, admit_time_range, note, time_range_flag, schedule_status,  available_total_num, available_left_num ) VALUES ( 'SCH_DOC_DEPT003_3_20260323_2', '2026-03-23', '1', '2', '下午', '13:30', '17:30', 'DEPT003', '儿科', 'ROOM_DEPT003_3', '儿科门诊3诊室', 'DOC_DEPT003_3', '胡芳', '01', '主任医师', '发育迟缓康复', '1', '专家门诊', 'SRV_001', '主任医师挂号费', '20.00', '20.00', '0.00', '0.00', '0.00', '1,3,4,6,7,8,9,10,11,14,16,17,20,22,23,24,27,28,29,30,31,32,35,39', '主楼2层儿科候诊区', '13:30-17:30', '请提前15分钟候诊', '0', '1', '39', '26' );
INSERT INTO doctor_schedule ( m_code, service_date, week_day, session_code, session_name, start_time, end_time,  department_code, department_name, clinic_room_code, clinic_room_name,  doctor_code, doctor_name, doctor_title_code, doctor_title, doctor_spec,  doctor_sess_type_code, doctor_sess_type, service_code, service_name,  fee, reg_fee, checkup_fee, service_fee, other_fee, available_number_str,  admit_address_string, admit_time_range, note, time_range_flag, schedule_status,  available_total_num, available_left_num ) VALUES ( 'SCH_DOC_DEPT003_3_20260324_1', '2026-03-24', '2', '1', '上午', '08:00', '12:00', 'DEPT003', '儿科', 'ROOM_DEPT003_4', '儿科门诊2诊室', 'DOC_DEPT003_3', '胡芳', '01', '主任医师', '发育迟缓康复', '1', '专家门诊', 'SRV_001', '主任医师挂号费', '50.00', '50.00', '0.00', '0.00', '0.00', '1,2,6,7,8,9,10,12,13,14,15,16,17,18', '主楼3层儿科候诊区', '08:00-12:00', '请提前15分钟候诊', '0', '1', '18', '18' );
INSERT INTO doctor_schedule ( m_code, service_date, week_day, session_code, session_name, start_time, end_time,  department_code, department_name, clinic_room_code, clinic_room_name,  doctor_code, doctor_name, doctor_title_code, doctor_title, doctor_spec,  doctor_sess_type_code, doctor_sess_type, service_code, service_name,  fee, reg_fee, checkup_fee, service_fee, other_fee, available_number_str,  admit_address_string, admit_time_range, note, time_range_flag, schedule_status,  available_total_num, available_left_num ) VALUES ( 'SCH_DOC_DEPT003_3_20260324_2', '2026-03-24', '2', '2', '下午', '13:30', '17:30', 'DEPT003', '儿科', 'ROOM_DEPT003_2', '儿科门诊2诊室', 'DOC_DEPT003_3', '胡芳', '01', '主任医师', '发育迟缓康复', '1', '专家门诊', 'SRV_001', '主任医师挂号费', '15.00', '15.00', '0.00', '0.00', '0.00', '2,3,5,7,8,9,13,15,16,17,19,20,21,22', '主楼1层儿科候诊区', '13:30-17:30', '请提前15分钟候诊', '0', '1', '22', '17' );
INSERT INTO doctor_schedule ( m_code, service_date, week_day, session_code, session_name, start_time, end_time,  department_code, department_name, clinic_room_code, clinic_room_name,  doctor_code, doctor_name, doctor_title_code, doctor_title, doctor_spec,  doctor_sess_type_code, doctor_sess_type, service_code, service_name,  fee, reg_fee, checkup_fee, service_fee, other_fee, available_number_str,  admit_address_string, admit_time_range, note, time_range_flag, schedule_status,  available_total_num, available_left_num ) VALUES ( 'SCH_DOC_DEPT003_3_20260325_1', '2026-03-25', '3', '1', '上午', '08:00', '12:00', 'DEPT003', '儿科', 'ROOM_DEPT003_2', '儿科门诊5诊室', 'DOC_DEPT003_3', '胡芳', '01', '主任医师', '发育迟缓康复', '1', '专家门诊', 'SRV_001', '主任医师挂号费', '15.00', '15.00', '0.00', '0.00', '0.00', '2,3,4,6,9,10,15,17,19,20,23,25,26,27,28,29,30,31', '主楼3层儿科候诊区', '08:00-12:00', '请提前15分钟候诊', '0', '1', '31', '8' );
INSERT INTO doctor_schedule ( m_code, service_date, week_day, session_code, session_name, start_time, end_time,  department_code, department_name, clinic_room_code, clinic_room_name,  doctor_code, doctor_name, doctor_title_code, doctor_title, doctor_spec,  doctor_sess_type_code, doctor_sess_type, service_code, service_name,  fee, reg_fee, checkup_fee, service_fee, other_fee, available_number_str,  admit_address_string, admit_time_range, note, time_range_flag, schedule_status,  available_total_num, available_left_num ) VALUES ( 'SCH_DOC_DEPT003_3_20260325_2', '2026-03-25', '3', '2', '下午', '13:30', '17:30', 'DEPT003', '儿科', 'ROOM_DEPT003_3', '儿科门诊5诊室', 'DOC_DEPT003_3', '胡芳', '01', '主任医师', '发育迟缓康复', '1', '专家门诊', 'SRV_001', '主任医师挂号费', '15.00', '15.00', '0.00', '0.00', '0.00', '1,2,4,5,6,7,8,9,11,15,16,18,19,24,25,27,29,31,32,33,34', '主楼5层儿科候诊区', '13:30-17:30', '请提前15分钟候诊', '0', '1', '34', '21' );
INSERT INTO doctor_schedule ( m_code, service_date, week_day, session_code, session_name, start_time, end_time,  department_code, department_name, clinic_room_code, clinic_room_name,  doctor_code, doctor_name, doctor_title_code, doctor_title, doctor_spec,  doctor_sess_type_code, doctor_sess_type, service_code, service_name,  fee, reg_fee, checkup_fee, service_fee, other_fee, available_number_str,  admit_address_string, admit_time_range, note, time_range_flag, schedule_status,  available_total_num, available_left_num ) VALUES ( 'SCH_DOC_DEPT003_3_20260326_1', '2026-03-26', '4', '1', '上午', '08:00', '12:00', 'DEPT003', '儿科', 'ROOM_DEPT003_1', '儿科门诊4诊室', 'DOC_DEPT003_3', '胡芳', '01', '主任医师', '发育迟缓康复', '1', '专家门诊', 'SRV_001', '主任医师挂号费', '15.00', '15.00', '0.00', '0.00', '0.00', '2,3,4,6,8,9,10,13,14,18,19,20,22,24,25,26,27', '主楼3层儿科候诊区', '08:00-12:00', '请提前15分钟候诊', '0', '1', '27', '21' );
INSERT INTO doctor_schedule ( m_code, service_date, week_day, session_code, session_name, start_time, end_time,  department_code, department_name, clinic_room_code, clinic_room_name,  doctor_code, doctor_name, doctor_title_code, doctor_title, doctor_spec,  doctor_sess_type_code, doctor_sess_type, service_code, service_name,  fee, reg_fee, checkup_fee, service_fee, other_fee, available_number_str,  admit_address_string, admit_time_range, note, time_range_flag, schedule_status,  available_total_num, available_left_num ) VALUES ( 'SCH_DOC_DEPT003_3_20260329_1', '2026-03-29', '7', '1', '上午', '08:00', '12:00', 'DEPT003', '儿科', 'ROOM_DEPT003_2', '儿科门诊4诊室', 'DOC_DEPT003_3', '胡芳', '01', '主任医师', '发育迟缓康复', '1', '专家门诊', 'SRV_001', '主任医师挂号费', '15.00', '15.00', '0.00', '0.00', '0.00', '2,4,5,7,9,12,13,14,15,17,19,20', '主楼1层儿科候诊区', '08:00-12:00', '请提前15分钟候诊', '0', '1', '20', '17' );
INSERT INTO doctor (doctor_code, doctor_name, department_code, title, specialty, doctor_des, doctor_image) VALUES ('DOC_DEPT003_4', '吴娜', 'DEPT003', '副主任医师', '儿科感染性疾病', '吴娜副主任医师，从事儿科临床工作16年，医术精湛。她擅长儿科感染性疾病的诊疗，已成功治愈数千例相关患者。', 'doc_DOC_DEPT003_4.png');
INSERT INTO doctor_schedule ( m_code, service_date, week_day, session_code, session_name, start_time, end_time,  department_code, department_name, clinic_room_code, clinic_room_name,  doctor_code, doctor_name, doctor_title_code, doctor_title, doctor_spec,  doctor_sess_type_code, doctor_sess_type, service_code, service_name,  fee, reg_fee, checkup_fee, service_fee, other_fee, available_number_str,  admit_address_string, admit_time_range, note, time_range_flag, schedule_status,  available_total_num, available_left_num ) VALUES ( 'SCH_DOC_DEPT003_4_20260316_2', '2026-03-16', '1', '2', '下午', '13:30', '17:30', 'DEPT003', '儿科', 'ROOM_DEPT003_3', '儿科门诊5诊室', 'DOC_DEPT003_4', '吴娜', '02', '副主任医师', '儿科感染性疾病', '1', '专家门诊', 'SRV_001', '副主任医师挂号费', '20.00', '20.00', '0.00', '0.00', '0.00', '1,2,3,5,6,8,10,11,12,13,15,16,17,18,20,21,22,24,25,26,29', '主楼2层儿科候诊区', '13:30-17:30', '请提前15分钟候诊', '0', '1', '29', '10' );
INSERT INTO doctor_schedule ( m_code, service_date, week_day, session_code, session_name, start_time, end_time,  department_code, department_name, clinic_room_code, clinic_room_name,  doctor_code, doctor_name, doctor_title_code, doctor_title, doctor_spec,  doctor_sess_type_code, doctor_sess_type, service_code, service_name,  fee, reg_fee, checkup_fee, service_fee, other_fee, available_number_str,  admit_address_string, admit_time_range, note, time_range_flag, schedule_status,  available_total_num, available_left_num ) VALUES ( 'SCH_DOC_DEPT003_4_20260316_1', '2026-03-16', '1', '1', '上午', '08:00', '12:00', 'DEPT003', '儿科', 'ROOM_DEPT003_1', '儿科门诊1诊室', 'DOC_DEPT003_4', '吴娜', '02', '副主任医师', '儿科感染性疾病', '1', '专家门诊', 'SRV_001', '副主任医师挂号费', '15.00', '15.00', '0.00', '0.00', '0.00', '3,4,8,10,11,12,13,14,15,16,18,19,20,21,22,23,24', '主楼5层儿科候诊区', '08:00-12:00', '请提前15分钟候诊', '0', '1', '24', '12' );
INSERT INTO doctor_schedule ( m_code, service_date, week_day, session_code, session_name, start_time, end_time,  department_code, department_name, clinic_room_code, clinic_room_name,  doctor_code, doctor_name, doctor_title_code, doctor_title, doctor_spec,  doctor_sess_type_code, doctor_sess_type, service_code, service_name,  fee, reg_fee, checkup_fee, service_fee, other_fee, available_number_str,  admit_address_string, admit_time_range, note, time_range_flag, schedule_status,  available_total_num, available_left_num ) VALUES ( 'SCH_DOC_DEPT003_4_20260318_2', '2026-03-18', '3', '2', '下午', '13:30', '17:30', 'DEPT003', '儿科', 'ROOM_DEPT003_3', '儿科门诊4诊室', 'DOC_DEPT003_4', '吴娜', '02', '副主任医师', '儿科感染性疾病', '1', '专家门诊', 'SRV_001', '副主任医师挂号费', '15.00', '15.00', '0.00', '0.00', '0.00', '1,2,3,4,6,7,8,11,12,13,16,17,19,20,21,22,23,24,25,27,28,29,30,32,33,34,35', '主楼3层儿科候诊区', '13:30-17:30', '请提前15分钟候诊', '0', '1', '36', '31' );
INSERT INTO doctor_schedule ( m_code, service_date, week_day, session_code, session_name, start_time, end_time,  department_code, department_name, clinic_room_code, clinic_room_name,  doctor_code, doctor_name, doctor_title_code, doctor_title, doctor_spec,  doctor_sess_type_code, doctor_sess_type, service_code, service_name,  fee, reg_fee, checkup_fee, service_fee, other_fee, available_number_str,  admit_address_string, admit_time_range, note, time_range_flag, schedule_status,  available_total_num, available_left_num ) VALUES ( 'SCH_DOC_DEPT003_4_20260319_1', '2026-03-19', '4', '1', '上午', '08:00', '12:00', 'DEPT003', '儿科', 'ROOM_DEPT003_2', '儿科门诊5诊室', 'DOC_DEPT003_4', '吴娜', '02', '副主任医师', '儿科感染性疾病', '1', '专家门诊', 'SRV_001', '副主任医师挂号费', '50.00', '50.00', '0.00', '0.00', '0.00', '2,3,4,5,6,7,8,9,10,15,18,20,21,22,23,24,27,28,29,30,32,33,35,36,37', '主楼5层儿科候诊区', '08:00-12:00', '请提前15分钟候诊', '0', '1', '37', '8' );
INSERT INTO doctor_schedule ( m_code, service_date, week_day, session_code, session_name, start_time, end_time,  department_code, department_name, clinic_room_code, clinic_room_name,  doctor_code, doctor_name, doctor_title_code, doctor_title, doctor_spec,  doctor_sess_type_code, doctor_sess_type, service_code, service_name,  fee, reg_fee, checkup_fee, service_fee, other_fee, available_number_str,  admit_address_string, admit_time_range, note, time_range_flag, schedule_status,  available_total_num, available_left_num ) VALUES ( 'SCH_DOC_DEPT003_4_20260320_2', '2026-03-20', '5', '2', '下午', '13:30', '17:30', 'DEPT003', '儿科', 'ROOM_DEPT003_1', '儿科门诊1诊室', 'DOC_DEPT003_4', '吴娜', '02', '副主任医师', '儿科感染性疾病', '1', '专家门诊', 'SRV_001', '副主任医师挂号费', '20.00', '20.00', '0.00', '0.00', '0.00', '1,4,6,8,9,11,12,13,15,16,17,19,20,22,23,25,26', '主楼1层儿科候诊区', '13:30-17:30', '请提前15分钟候诊', '0', '1', '27', '9' );
INSERT INTO doctor_schedule ( m_code, service_date, week_day, session_code, session_name, start_time, end_time,  department_code, department_name, clinic_room_code, clinic_room_name,  doctor_code, doctor_name, doctor_title_code, doctor_title, doctor_spec,  doctor_sess_type_code, doctor_sess_type, service_code, service_name,  fee, reg_fee, checkup_fee, service_fee, other_fee, available_number_str,  admit_address_string, admit_time_range, note, time_range_flag, schedule_status,  available_total_num, available_left_num ) VALUES ( 'SCH_DOC_DEPT003_4_20260320_1', '2026-03-20', '5', '1', '上午', '08:00', '12:00', 'DEPT003', '儿科', 'ROOM_DEPT003_2', '儿科门诊1诊室', 'DOC_DEPT003_4', '吴娜', '02', '副主任医师', '儿科感染性疾病', '1', '专家门诊', 'SRV_001', '副主任医师挂号费', '50.00', '50.00', '0.00', '0.00', '0.00', '1,2,3,4,6,7,8,9,11,13,16,19,21,22,23,24,25,26,27', '主楼2层儿科候诊区', '08:00-12:00', '请提前15分钟候诊', '0', '1', '29', '18' );
INSERT INTO doctor_schedule ( m_code, service_date, week_day, session_code, session_name, start_time, end_time,  department_code, department_name, clinic_room_code, clinic_room_name,  doctor_code, doctor_name, doctor_title_code, doctor_title, doctor_spec,  doctor_sess_type_code, doctor_sess_type, service_code, service_name,  fee, reg_fee, checkup_fee, service_fee, other_fee, available_number_str,  admit_address_string, admit_time_range, note, time_range_flag, schedule_status,  available_total_num, available_left_num ) VALUES ( 'SCH_DOC_DEPT003_4_20260321_1', '2026-03-21', '6', '1', '上午', '08:00', '12:00', 'DEPT003', '儿科', 'ROOM_DEPT003_3', '儿科门诊5诊室', 'DOC_DEPT003_4', '吴娜', '02', '副主任医师', '儿科感染性疾病', '1', '专家门诊', 'SRV_001', '副主任医师挂号费', '20.00', '20.00', '0.00', '0.00', '0.00', '1,2,3,4,6,8,9,10,11,13,14,15,16,17,18,20,21,22,23,24,25', '主楼4层儿科候诊区', '08:00-12:00', '请提前15分钟候诊', '0', '1', '25', '8' );
INSERT INTO doctor_schedule ( m_code, service_date, week_day, session_code, session_name, start_time, end_time,  department_code, department_name, clinic_room_code, clinic_room_name,  doctor_code, doctor_name, doctor_title_code, doctor_title, doctor_spec,  doctor_sess_type_code, doctor_sess_type, service_code, service_name,  fee, reg_fee, checkup_fee, service_fee, other_fee, available_number_str,  admit_address_string, admit_time_range, note, time_range_flag, schedule_status,  available_total_num, available_left_num ) VALUES ( 'SCH_DOC_DEPT003_4_20260321_2', '2026-03-21', '6', '2', '下午', '13:30', '17:30', 'DEPT003', '儿科', 'ROOM_DEPT003_4', '儿科门诊1诊室', 'DOC_DEPT003_4', '吴娜', '02', '副主任医师', '儿科感染性疾病', '1', '专家门诊', 'SRV_001', '副主任医师挂号费', '50.00', '50.00', '0.00', '0.00', '0.00', '2,3,6,9,11,12,13,14,16,17,18,19,21,22,23,24,25,26,27,28,29,30,31,32,33,34,35,36', '主楼5层儿科候诊区', '13:30-17:30', '请提前15分钟候诊', '0', '1', '37', '20' );
INSERT INTO doctor_schedule ( m_code, service_date, week_day, session_code, session_name, start_time, end_time,  department_code, department_name, clinic_room_code, clinic_room_name,  doctor_code, doctor_name, doctor_title_code, doctor_title, doctor_spec,  doctor_sess_type_code, doctor_sess_type, service_code, service_name,  fee, reg_fee, checkup_fee, service_fee, other_fee, available_number_str,  admit_address_string, admit_time_range, note, time_range_flag, schedule_status,  available_total_num, available_left_num ) VALUES ( 'SCH_DOC_DEPT003_4_20260322_1', '2026-03-22', '7', '1', '上午', '08:00', '12:00', 'DEPT003', '儿科', 'ROOM_DEPT003_1', '儿科门诊1诊室', 'DOC_DEPT003_4', '吴娜', '02', '副主任医师', '儿科感染性疾病', '1', '专家门诊', 'SRV_001', '副主任医师挂号费', '20.00', '20.00', '0.00', '0.00', '0.00', '1,2,3,4,5,6,9,10,11,12,13,15,16,17,18,19,20,21,23', '主楼5层儿科候诊区', '08:00-12:00', '请提前15分钟候诊', '0', '1', '23', '10' );
INSERT INTO doctor_schedule ( m_code, service_date, week_day, session_code, session_name, start_time, end_time,  department_code, department_name, clinic_room_code, clinic_room_name,  doctor_code, doctor_name, doctor_title_code, doctor_title, doctor_spec,  doctor_sess_type_code, doctor_sess_type, service_code, service_name,  fee, reg_fee, checkup_fee, service_fee, other_fee, available_number_str,  admit_address_string, admit_time_range, note, time_range_flag, schedule_status,  available_total_num, available_left_num ) VALUES ( 'SCH_DOC_DEPT003_4_20260323_1', '2026-03-23', '1', '1', '上午', '08:00', '12:00', 'DEPT003', '儿科', 'ROOM_DEPT003_4', '儿科门诊2诊室', 'DOC_DEPT003_4', '吴娜', '02', '副主任医师', '儿科感染性疾病', '1', '专家门诊', 'SRV_001', '副主任医师挂号费', '15.00', '15.00', '0.00', '0.00', '0.00', '3,4,5,6,7,8,9,11,12,13,14,15,16,18,20,22,23,24,25,26,27,28,29', '主楼1层儿科候诊区', '08:00-12:00', '请提前15分钟候诊', '0', '1', '30', '17' );
INSERT INTO doctor_schedule ( m_code, service_date, week_day, session_code, session_name, start_time, end_time,  department_code, department_name, clinic_room_code, clinic_room_name,  doctor_code, doctor_name, doctor_title_code, doctor_title, doctor_spec,  doctor_sess_type_code, doctor_sess_type, service_code, service_name,  fee, reg_fee, checkup_fee, service_fee, other_fee, available_number_str,  admit_address_string, admit_time_range, note, time_range_flag, schedule_status,  available_total_num, available_left_num ) VALUES ( 'SCH_DOC_DEPT003_4_20260324_2', '2026-03-24', '2', '2', '下午', '13:30', '17:30', 'DEPT003', '儿科', 'ROOM_DEPT003_1', '儿科门诊5诊室', 'DOC_DEPT003_4', '吴娜', '02', '副主任医师', '儿科感染性疾病', '1', '专家门诊', 'SRV_001', '副主任医师挂号费', '20.00', '20.00', '0.00', '0.00', '0.00', '1,2,3,4,5,7,8,9,11,13,14,15,16,17,18,19,21,22,23,24,27,28,29,30,31,32,33,34,35,37,38', '主楼5层儿科候诊区', '13:30-17:30', '请提前15分钟候诊', '0', '1', '39', '29' );
INSERT INTO doctor_schedule ( m_code, service_date, week_day, session_code, session_name, start_time, end_time,  department_code, department_name, clinic_room_code, clinic_room_name,  doctor_code, doctor_name, doctor_title_code, doctor_title, doctor_spec,  doctor_sess_type_code, doctor_sess_type, service_code, service_name,  fee, reg_fee, checkup_fee, service_fee, other_fee, available_number_str,  admit_address_string, admit_time_range, note, time_range_flag, schedule_status,  available_total_num, available_left_num ) VALUES ( 'SCH_DOC_DEPT003_4_20260325_1', '2026-03-25', '3', '1', '上午', '08:00', '12:00', 'DEPT003', '儿科', 'ROOM_DEPT003_1', '儿科门诊2诊室', 'DOC_DEPT003_4', '吴娜', '02', '副主任医师', '儿科感染性疾病', '1', '专家门诊', 'SRV_001', '副主任医师挂号费', '50.00', '50.00', '0.00', '0.00', '0.00', '1,2,3,4,5,6,7,9,14,15', '主楼3层儿科候诊区', '08:00-12:00', '请提前15分钟候诊', '0', '1', '15', '15' );
INSERT INTO doctor_schedule ( m_code, service_date, week_day, session_code, session_name, start_time, end_time,  department_code, department_name, clinic_room_code, clinic_room_name,  doctor_code, doctor_name, doctor_title_code, doctor_title, doctor_spec,  doctor_sess_type_code, doctor_sess_type, service_code, service_name,  fee, reg_fee, checkup_fee, service_fee, other_fee, available_number_str,  admit_address_string, admit_time_range, note, time_range_flag, schedule_status,  available_total_num, available_left_num ) VALUES ( 'SCH_DOC_DEPT003_4_20260326_1', '2026-03-26', '4', '1', '上午', '08:00', '12:00', 'DEPT003', '儿科', 'ROOM_DEPT003_1', '儿科门诊1诊室', 'DOC_DEPT003_4', '吴娜', '02', '副主任医师', '儿科感染性疾病', '1', '专家门诊', 'SRV_001', '副主任医师挂号费', '20.00', '20.00', '0.00', '0.00', '0.00', '1,3,4,5,6,7,9,10,11,12,14,15,17,18,19,20,24,25,28,30', '主楼5层儿科候诊区', '08:00-12:00', '请提前15分钟候诊', '0', '1', '30', '25' );
INSERT INTO doctor_schedule ( m_code, service_date, week_day, session_code, session_name, start_time, end_time,  department_code, department_name, clinic_room_code, clinic_room_name,  doctor_code, doctor_name, doctor_title_code, doctor_title, doctor_spec,  doctor_sess_type_code, doctor_sess_type, service_code, service_name,  fee, reg_fee, checkup_fee, service_fee, other_fee, available_number_str,  admit_address_string, admit_time_range, note, time_range_flag, schedule_status,  available_total_num, available_left_num ) VALUES ( 'SCH_DOC_DEPT003_4_20260326_2', '2026-03-26', '4', '2', '下午', '13:30', '17:30', 'DEPT003', '儿科', 'ROOM_DEPT003_5', '儿科门诊3诊室', 'DOC_DEPT003_4', '吴娜', '02', '副主任医师', '儿科感染性疾病', '1', '专家门诊', 'SRV_001', '副主任医师挂号费', '20.00', '20.00', '0.00', '0.00', '0.00', '1,2,4,7,9,10,12,15,16,18,19,21,22,23,24,25,27,28,29,30,31', '主楼6层儿科候诊区', '13:30-17:30', '请提前15分钟候诊', '0', '1', '31', '16' );
INSERT INTO doctor_schedule ( m_code, service_date, week_day, session_code, session_name, start_time, end_time,  department_code, department_name, clinic_room_code, clinic_room_name,  doctor_code, doctor_name, doctor_title_code, doctor_title, doctor_spec,  doctor_sess_type_code, doctor_sess_type, service_code, service_name,  fee, reg_fee, checkup_fee, service_fee, other_fee, available_number_str,  admit_address_string, admit_time_range, note, time_range_flag, schedule_status,  available_total_num, available_left_num ) VALUES ( 'SCH_DOC_DEPT003_4_20260327_1', '2026-03-27', '5', '1', '上午', '08:00', '12:00', 'DEPT003', '儿科', 'ROOM_DEPT003_4', '儿科门诊1诊室', 'DOC_DEPT003_4', '吴娜', '02', '副主任医师', '儿科感染性疾病', '1', '专家门诊', 'SRV_001', '副主任医师挂号费', '15.00', '15.00', '0.00', '0.00', '0.00', '1,2,3,4,5,7,9,10,11,13,14,15,17,19,20,25,26,27,28,29', '主楼4层儿科候诊区', '08:00-12:00', '请提前15分钟候诊', '0', '1', '29', '16' );
INSERT INTO doctor_schedule ( m_code, service_date, week_day, session_code, session_name, start_time, end_time,  department_code, department_name, clinic_room_code, clinic_room_name,  doctor_code, doctor_name, doctor_title_code, doctor_title, doctor_spec,  doctor_sess_type_code, doctor_sess_type, service_code, service_name,  fee, reg_fee, checkup_fee, service_fee, other_fee, available_number_str,  admit_address_string, admit_time_range, note, time_range_flag, schedule_status,  available_total_num, available_left_num ) VALUES ( 'SCH_DOC_DEPT003_4_20260327_2', '2026-03-27', '5', '2', '下午', '13:30', '17:30', 'DEPT003', '儿科', 'ROOM_DEPT003_4', '儿科门诊2诊室', 'DOC_DEPT003_4', '吴娜', '02', '副主任医师', '儿科感染性疾病', '1', '专家门诊', 'SRV_001', '副主任医师挂号费', '20.00', '20.00', '0.00', '0.00', '0.00', '1,2,3,4,5,6,7,9,10,11,12,13,14,15,17,19,20,21,23,24,25,26,27,28,29,30', '主楼4层儿科候诊区', '13:30-17:30', '请提前15分钟候诊', '0', '1', '33', '9' );
INSERT INTO doctor_schedule ( m_code, service_date, week_day, session_code, session_name, start_time, end_time,  department_code, department_name, clinic_room_code, clinic_room_name,  doctor_code, doctor_name, doctor_title_code, doctor_title, doctor_spec,  doctor_sess_type_code, doctor_sess_type, service_code, service_name,  fee, reg_fee, checkup_fee, service_fee, other_fee, available_number_str,  admit_address_string, admit_time_range, note, time_range_flag, schedule_status,  available_total_num, available_left_num ) VALUES ( 'SCH_DOC_DEPT003_4_20260328_2', '2026-03-28', '6', '2', '下午', '13:30', '17:30', 'DEPT003', '儿科', 'ROOM_DEPT003_3', '儿科门诊1诊室', 'DOC_DEPT003_4', '吴娜', '02', '副主任医师', '儿科感染性疾病', '1', '专家门诊', 'SRV_001', '副主任医师挂号费', '50.00', '50.00', '0.00', '0.00', '0.00', '1,3,4,5,6,8,9,10,11,12,13,15,16,17,18,19', '主楼1层儿科候诊区', '13:30-17:30', '请提前15分钟候诊', '0', '1', '19', '17' );
INSERT INTO doctor (doctor_code, doctor_name, department_code, title, specialty, doctor_des, doctor_image) VALUES ('DOC_DEPT003_5', '吴强', 'DEPT003', '主治医师', '儿童营养与发育', '吴强主治医师，从事儿科临床工作29年，医术精湛。她擅长儿童营养与发育的诊疗，已成功治愈数千例相关患者。', 'doc_DOC_DEPT003_5.png');
INSERT INTO doctor_schedule ( m_code, service_date, week_day, session_code, session_name, start_time, end_time,  department_code, department_name, clinic_room_code, clinic_room_name,  doctor_code, doctor_name, doctor_title_code, doctor_title, doctor_spec,  doctor_sess_type_code, doctor_sess_type, service_code, service_name,  fee, reg_fee, checkup_fee, service_fee, other_fee, available_number_str,  admit_address_string, admit_time_range, note, time_range_flag, schedule_status,  available_total_num, available_left_num ) VALUES ( 'SCH_DOC_DEPT003_5_20260316_1', '2026-03-16', '1', '1', '上午', '08:00', '12:00', 'DEPT003', '儿科', 'ROOM_DEPT003_5', '儿科门诊4诊室', 'DOC_DEPT003_5', '吴强', '03', '主治医师', '儿童营养与发育', '1', '专家门诊', 'SRV_001', '主治医师挂号费', '50.00', '50.00', '0.00', '0.00', '0.00', '1,2,3,4,6,7,9,10,11,12,13,14,15,16,19,21,22,23,26,27,29', '主楼4层儿科候诊区', '08:00-12:00', '请提前15分钟候诊', '0', '1', '29', '9' );
INSERT INTO doctor_schedule ( m_code, service_date, week_day, session_code, session_name, start_time, end_time,  department_code, department_name, clinic_room_code, clinic_room_name,  doctor_code, doctor_name, doctor_title_code, doctor_title, doctor_spec,  doctor_sess_type_code, doctor_sess_type, service_code, service_name,  fee, reg_fee, checkup_fee, service_fee, other_fee, available_number_str,  admit_address_string, admit_time_range, note, time_range_flag, schedule_status,  available_total_num, available_left_num ) VALUES ( 'SCH_DOC_DEPT003_5_20260316_2', '2026-03-16', '1', '2', '下午', '13:30', '17:30', 'DEPT003', '儿科', 'ROOM_DEPT003_2', '儿科门诊2诊室', 'DOC_DEPT003_5', '吴强', '03', '主治医师', '儿童营养与发育', '1', '专家门诊', 'SRV_001', '主治医师挂号费', '20.00', '20.00', '0.00', '0.00', '0.00', '5,6,10,11,12,13,15,16,17,18,20,21,22,24,25,26,27,29,30,31,32', '主楼2层儿科候诊区', '13:30-17:30', '请提前15分钟候诊', '0', '1', '33', '11' );
INSERT INTO doctor_schedule ( m_code, service_date, week_day, session_code, session_name, start_time, end_time,  department_code, department_name, clinic_room_code, clinic_room_name,  doctor_code, doctor_name, doctor_title_code, doctor_title, doctor_spec,  doctor_sess_type_code, doctor_sess_type, service_code, service_name,  fee, reg_fee, checkup_fee, service_fee, other_fee, available_number_str,  admit_address_string, admit_time_range, note, time_range_flag, schedule_status,  available_total_num, available_left_num ) VALUES ( 'SCH_DOC_DEPT003_5_20260320_1', '2026-03-20', '5', '1', '上午', '08:00', '12:00', 'DEPT003', '儿科', 'ROOM_DEPT003_2', '儿科门诊1诊室', 'DOC_DEPT003_5', '吴强', '03', '主治医师', '儿童营养与发育', '1', '专家门诊', 'SRV_001', '主治医师挂号费', '20.00', '20.00', '0.00', '0.00', '0.00', '1,2,4,6,7,8,12,13,14,15,16,17,18,19,20,22,23,24,25,26,27,28,29,30,31,32,33,34', '主楼5层儿科候诊区', '08:00-12:00', '请提前15分钟候诊', '0', '1', '34', '17' );
INSERT INTO doctor_schedule ( m_code, service_date, week_day, session_code, session_name, start_time, end_time,  department_code, department_name, clinic_room_code, clinic_room_name,  doctor_code, doctor_name, doctor_title_code, doctor_title, doctor_spec,  doctor_sess_type_code, doctor_sess_type, service_code, service_name,  fee, reg_fee, checkup_fee, service_fee, other_fee, available_number_str,  admit_address_string, admit_time_range, note, time_range_flag, schedule_status,  available_total_num, available_left_num ) VALUES ( 'SCH_DOC_DEPT003_5_20260320_2', '2026-03-20', '5', '2', '下午', '13:30', '17:30', 'DEPT003', '儿科', 'ROOM_DEPT003_4', '儿科门诊2诊室', 'DOC_DEPT003_5', '吴强', '03', '主治医师', '儿童营养与发育', '1', '专家门诊', 'SRV_001', '主治医师挂号费', '50.00', '50.00', '0.00', '0.00', '0.00', '1,2,3,4,5,6,7,8,9,10,11,13,14,15,17,18,20,21', '主楼2层儿科候诊区', '13:30-17:30', '请提前15分钟候诊', '0', '1', '21', '10' );
INSERT INTO doctor_schedule ( m_code, service_date, week_day, session_code, session_name, start_time, end_time,  department_code, department_name, clinic_room_code, clinic_room_name,  doctor_code, doctor_name, doctor_title_code, doctor_title, doctor_spec,  doctor_sess_type_code, doctor_sess_type, service_code, service_name,  fee, reg_fee, checkup_fee, service_fee, other_fee, available_number_str,  admit_address_string, admit_time_range, note, time_range_flag, schedule_status,  available_total_num, available_left_num ) VALUES ( 'SCH_DOC_DEPT003_5_20260321_1', '2026-03-21', '6', '1', '上午', '08:00', '12:00', 'DEPT003', '儿科', 'ROOM_DEPT003_5', '儿科门诊5诊室', 'DOC_DEPT003_5', '吴强', '03', '主治医师', '儿童营养与发育', '1', '专家门诊', 'SRV_001', '主治医师挂号费', '20.00', '20.00', '0.00', '0.00', '0.00', '1,2,3,5,6,7,10,11,12,13,14,15,16,17,19,20,22,23,24,25,26,27,28,29,32,33,34,35,36,37,38', '主楼2层儿科候诊区', '08:00-12:00', '请提前15分钟候诊', '0', '1', '40', '26' );
INSERT INTO doctor_schedule ( m_code, service_date, week_day, session_code, session_name, start_time, end_time,  department_code, department_name, clinic_room_code, clinic_room_name,  doctor_code, doctor_name, doctor_title_code, doctor_title, doctor_spec,  doctor_sess_type_code, doctor_sess_type, service_code, service_name,  fee, reg_fee, checkup_fee, service_fee, other_fee, available_number_str,  admit_address_string, admit_time_range, note, time_range_flag, schedule_status,  available_total_num, available_left_num ) VALUES ( 'SCH_DOC_DEPT003_5_20260321_2', '2026-03-21', '6', '2', '下午', '13:30', '17:30', 'DEPT003', '儿科', 'ROOM_DEPT003_3', '儿科门诊4诊室', 'DOC_DEPT003_5', '吴强', '03', '主治医师', '儿童营养与发育', '1', '专家门诊', 'SRV_001', '主治医师挂号费', '15.00', '15.00', '0.00', '0.00', '0.00', '1,2,3,6,7,9,10,11,12,13,14,15', '主楼6层儿科候诊区', '13:30-17:30', '请提前15分钟候诊', '0', '1', '17', '10' );
INSERT INTO doctor_schedule ( m_code, service_date, week_day, session_code, session_name, start_time, end_time,  department_code, department_name, clinic_room_code, clinic_room_name,  doctor_code, doctor_name, doctor_title_code, doctor_title, doctor_spec,  doctor_sess_type_code, doctor_sess_type, service_code, service_name,  fee, reg_fee, checkup_fee, service_fee, other_fee, available_number_str,  admit_address_string, admit_time_range, note, time_range_flag, schedule_status,  available_total_num, available_left_num ) VALUES ( 'SCH_DOC_DEPT003_5_20260323_2', '2026-03-23', '1', '2', '下午', '13:30', '17:30', 'DEPT003', '儿科', 'ROOM_DEPT003_3', '儿科门诊4诊室', 'DOC_DEPT003_5', '吴强', '03', '主治医师', '儿童营养与发育', '1', '专家门诊', 'SRV_001', '主治医师挂号费', '20.00', '20.00', '0.00', '0.00', '0.00', '1,2,3,4,5,6,7,11,12,13,14,15,16,18,19,20,21,22,23,24,25,26,27,28,29,31,33,35,37,39,40', '主楼5层儿科候诊区', '13:30-17:30', '请提前15分钟候诊', '0', '1', '40', '10' );
INSERT INTO doctor_schedule ( m_code, service_date, week_day, session_code, session_name, start_time, end_time,  department_code, department_name, clinic_room_code, clinic_room_name,  doctor_code, doctor_name, doctor_title_code, doctor_title, doctor_spec,  doctor_sess_type_code, doctor_sess_type, service_code, service_name,  fee, reg_fee, checkup_fee, service_fee, other_fee, available_number_str,  admit_address_string, admit_time_range, note, time_range_flag, schedule_status,  available_total_num, available_left_num ) VALUES ( 'SCH_DOC_DEPT003_5_20260324_1', '2026-03-24', '2', '1', '上午', '08:00', '12:00', 'DEPT003', '儿科', 'ROOM_DEPT003_3', '儿科门诊4诊室', 'DOC_DEPT003_5', '吴强', '03', '主治医师', '儿童营养与发育', '1', '专家门诊', 'SRV_001', '主治医师挂号费', '15.00', '15.00', '0.00', '0.00', '0.00', '2,3,4,5,9,11,12,13,14,15,16,17,18,19,21,22,23,24,25,26,27,28', '主楼5层儿科候诊区', '08:00-12:00', '请提前15分钟候诊', '0', '1', '28', '26' );
INSERT INTO doctor_schedule ( m_code, service_date, week_day, session_code, session_name, start_time, end_time,  department_code, department_name, clinic_room_code, clinic_room_name,  doctor_code, doctor_name, doctor_title_code, doctor_title, doctor_spec,  doctor_sess_type_code, doctor_sess_type, service_code, service_name,  fee, reg_fee, checkup_fee, service_fee, other_fee, available_number_str,  admit_address_string, admit_time_range, note, time_range_flag, schedule_status,  available_total_num, available_left_num ) VALUES ( 'SCH_DOC_DEPT003_5_20260324_2', '2026-03-24', '2', '2', '下午', '13:30', '17:30', 'DEPT003', '儿科', 'ROOM_DEPT003_2', '儿科门诊1诊室', 'DOC_DEPT003_5', '吴强', '03', '主治医师', '儿童营养与发育', '1', '专家门诊', 'SRV_001', '主治医师挂号费', '50.00', '50.00', '0.00', '0.00', '0.00', '1,2,3,4,5,7,11,12,13,14,16,17,18,19', '主楼1层儿科候诊区', '13:30-17:30', '请提前15分钟候诊', '0', '1', '19', '10' );
INSERT INTO doctor_schedule ( m_code, service_date, week_day, session_code, session_name, start_time, end_time,  department_code, department_name, clinic_room_code, clinic_room_name,  doctor_code, doctor_name, doctor_title_code, doctor_title, doctor_spec,  doctor_sess_type_code, doctor_sess_type, service_code, service_name,  fee, reg_fee, checkup_fee, service_fee, other_fee, available_number_str,  admit_address_string, admit_time_range, note, time_range_flag, schedule_status,  available_total_num, available_left_num ) VALUES ( 'SCH_DOC_DEPT003_5_20260325_2', '2026-03-25', '3', '2', '下午', '13:30', '17:30', 'DEPT003', '儿科', 'ROOM_DEPT003_5', '儿科门诊1诊室', 'DOC_DEPT003_5', '吴强', '03', '主治医师', '儿童营养与发育', '1', '专家门诊', 'SRV_001', '主治医师挂号费', '15.00', '15.00', '0.00', '0.00', '0.00', '1,2,3,4,5,6,8,9,10,14,16,17,18,19,21,22,23,25,28,31,32', '主楼4层儿科候诊区', '13:30-17:30', '请提前15分钟候诊', '0', '1', '32', '10' );
INSERT INTO doctor_schedule ( m_code, service_date, week_day, session_code, session_name, start_time, end_time,  department_code, department_name, clinic_room_code, clinic_room_name,  doctor_code, doctor_name, doctor_title_code, doctor_title, doctor_spec,  doctor_sess_type_code, doctor_sess_type, service_code, service_name,  fee, reg_fee, checkup_fee, service_fee, other_fee, available_number_str,  admit_address_string, admit_time_range, note, time_range_flag, schedule_status,  available_total_num, available_left_num ) VALUES ( 'SCH_DOC_DEPT003_5_20260326_2', '2026-03-26', '4', '2', '下午', '13:30', '17:30', 'DEPT003', '儿科', 'ROOM_DEPT003_3', '儿科门诊5诊室', 'DOC_DEPT003_5', '吴强', '03', '主治医师', '儿童营养与发育', '1', '专家门诊', 'SRV_001', '主治医师挂号费', '20.00', '20.00', '0.00', '0.00', '0.00', '1,2,3,10,12,13,14,15,16,17,18,19,23,25,26,31,32,34,35,36,37,38,40', '主楼1层儿科候诊区', '13:30-17:30', '请提前15分钟候诊', '0', '1', '40', '12' );
INSERT INTO doctor_schedule ( m_code, service_date, week_day, session_code, session_name, start_time, end_time,  department_code, department_name, clinic_room_code, clinic_room_name,  doctor_code, doctor_name, doctor_title_code, doctor_title, doctor_spec,  doctor_sess_type_code, doctor_sess_type, service_code, service_name,  fee, reg_fee, checkup_fee, service_fee, other_fee, available_number_str,  admit_address_string, admit_time_range, note, time_range_flag, schedule_status,  available_total_num, available_left_num ) VALUES ( 'SCH_DOC_DEPT003_5_20260326_1', '2026-03-26', '4', '1', '上午', '08:00', '12:00', 'DEPT003', '儿科', 'ROOM_DEPT003_1', '儿科门诊4诊室', 'DOC_DEPT003_5', '吴强', '03', '主治医师', '儿童营养与发育', '1', '专家门诊', 'SRV_001', '主治医师挂号费', '20.00', '20.00', '0.00', '0.00', '0.00', '2,4,6,8,9,10,11,12,13,14,15,16,17', '主楼3层儿科候诊区', '08:00-12:00', '请提前15分钟候诊', '0', '1', '17', '11' );
INSERT INTO doctor_schedule ( m_code, service_date, week_day, session_code, session_name, start_time, end_time,  department_code, department_name, clinic_room_code, clinic_room_name,  doctor_code, doctor_name, doctor_title_code, doctor_title, doctor_spec,  doctor_sess_type_code, doctor_sess_type, service_code, service_name,  fee, reg_fee, checkup_fee, service_fee, other_fee, available_number_str,  admit_address_string, admit_time_range, note, time_range_flag, schedule_status,  available_total_num, available_left_num ) VALUES ( 'SCH_DOC_DEPT003_5_20260327_2', '2026-03-27', '5', '2', '下午', '13:30', '17:30', 'DEPT003', '儿科', 'ROOM_DEPT003_4', '儿科门诊3诊室', 'DOC_DEPT003_5', '吴强', '03', '主治医师', '儿童营养与发育', '1', '专家门诊', 'SRV_001', '主治医师挂号费', '20.00', '20.00', '0.00', '0.00', '0.00', '3,4,5,6,8,12,13,15,16,17,18,19', '主楼2层儿科候诊区', '13:30-17:30', '请提前15分钟候诊', '0', '1', '19', '18' );
INSERT INTO doctor_schedule ( m_code, service_date, week_day, session_code, session_name, start_time, end_time,  department_code, department_name, clinic_room_code, clinic_room_name,  doctor_code, doctor_name, doctor_title_code, doctor_title, doctor_spec,  doctor_sess_type_code, doctor_sess_type, service_code, service_name,  fee, reg_fee, checkup_fee, service_fee, other_fee, available_number_str,  admit_address_string, admit_time_range, note, time_range_flag, schedule_status,  available_total_num, available_left_num ) VALUES ( 'SCH_DOC_DEPT003_5_20260327_1', '2026-03-27', '5', '1', '上午', '08:00', '12:00', 'DEPT003', '儿科', 'ROOM_DEPT003_5', '儿科门诊3诊室', 'DOC_DEPT003_5', '吴强', '03', '主治医师', '儿童营养与发育', '1', '专家门诊', 'SRV_001', '主治医师挂号费', '20.00', '20.00', '0.00', '0.00', '0.00', '1,3,4,6,7,9,10,11,14,15,16,17,19,21,22,23', '主楼5层儿科候诊区', '08:00-12:00', '请提前15分钟候诊', '0', '1', '23', '7' );
INSERT INTO doctor_schedule ( m_code, service_date, week_day, session_code, session_name, start_time, end_time,  department_code, department_name, clinic_room_code, clinic_room_name,  doctor_code, doctor_name, doctor_title_code, doctor_title, doctor_spec,  doctor_sess_type_code, doctor_sess_type, service_code, service_name,  fee, reg_fee, checkup_fee, service_fee, other_fee, available_number_str,  admit_address_string, admit_time_range, note, time_range_flag, schedule_status,  available_total_num, available_left_num ) VALUES ( 'SCH_DOC_DEPT003_5_20260328_2', '2026-03-28', '6', '2', '下午', '13:30', '17:30', 'DEPT003', '儿科', 'ROOM_DEPT003_3', '儿科门诊4诊室', 'DOC_DEPT003_5', '吴强', '03', '主治医师', '儿童营养与发育', '1', '专家门诊', 'SRV_001', '主治医师挂号费', '20.00', '20.00', '0.00', '0.00', '0.00', '3,5,6,7,8,10,11,12,13,14,15,16,18,21', '主楼1层儿科候诊区', '13:30-17:30', '请提前15分钟候诊', '0', '1', '21', '19' );
INSERT INTO doctor_schedule ( m_code, service_date, week_day, session_code, session_name, start_time, end_time,  department_code, department_name, clinic_room_code, clinic_room_name,  doctor_code, doctor_name, doctor_title_code, doctor_title, doctor_spec,  doctor_sess_type_code, doctor_sess_type, service_code, service_name,  fee, reg_fee, checkup_fee, service_fee, other_fee, available_number_str,  admit_address_string, admit_time_range, note, time_range_flag, schedule_status,  available_total_num, available_left_num ) VALUES ( 'SCH_DOC_DEPT003_5_20260329_1', '2026-03-29', '7', '1', '上午', '08:00', '12:00', 'DEPT003', '儿科', 'ROOM_DEPT003_4', '儿科门诊2诊室', 'DOC_DEPT003_5', '吴强', '03', '主治医师', '儿童营养与发育', '1', '专家门诊', 'SRV_001', '主治医师挂号费', '15.00', '15.00', '0.00', '0.00', '0.00', '1,3,4,11,12,13,14,15,17', '主楼5层儿科候诊区', '08:00-12:00', '请提前15分钟候诊', '0', '1', '17', '7' );
INSERT INTO doctor (doctor_code, doctor_name, department_code, title, specialty, doctor_des, doctor_image) VALUES ('DOC_DEPT004_1', '胡洋', 'DEPT004', '主任医师', '产前遗传咨询', '胡洋主任医师，从事妇产科临床工作22年，医术精湛。他专注于产前遗传咨询的诊疗，已成功治愈数千例相关患者。', 'doc_DOC_DEPT004_1.png');
INSERT INTO doctor_schedule ( m_code, service_date, week_day, session_code, session_name, start_time, end_time,  department_code, department_name, clinic_room_code, clinic_room_name,  doctor_code, doctor_name, doctor_title_code, doctor_title, doctor_spec,  doctor_sess_type_code, doctor_sess_type, service_code, service_name,  fee, reg_fee, checkup_fee, service_fee, other_fee, available_number_str,  admit_address_string, admit_time_range, note, time_range_flag, schedule_status,  available_total_num, available_left_num ) VALUES ( 'SCH_DOC_DEPT004_1_20260316_2', '2026-03-16', '1', '2', '下午', '13:30', '17:30', 'DEPT004', '妇产科', 'ROOM_DEPT004_1', '妇产科门诊5诊室', 'DOC_DEPT004_1', '胡洋', '01', '主任医师', '产前遗传咨询', '1', '专家门诊', 'SRV_001', '主任医师挂号费', '50.00', '50.00', '0.00', '0.00', '0.00', '1,2,4,5,7,8,9,10,13,14,16,17,19,20,21,22', '主楼6层妇产科候诊区', '13:30-17:30', '请提前15分钟候诊', '0', '1', '25', '18' );
INSERT INTO doctor_schedule ( m_code, service_date, week_day, session_code, session_name, start_time, end_time,  department_code, department_name, clinic_room_code, clinic_room_name,  doctor_code, doctor_name, doctor_title_code, doctor_title, doctor_spec,  doctor_sess_type_code, doctor_sess_type, service_code, service_name,  fee, reg_fee, checkup_fee, service_fee, other_fee, available_number_str,  admit_address_string, admit_time_range, note, time_range_flag, schedule_status,  available_total_num, available_left_num ) VALUES ( 'SCH_DOC_DEPT004_1_20260317_2', '2026-03-17', '2', '2', '下午', '13:30', '17:30', 'DEPT004', '妇产科', 'ROOM_DEPT004_3', '妇产科门诊1诊室', 'DOC_DEPT004_1', '胡洋', '01', '主任医师', '产前遗传咨询', '1', '专家门诊', 'SRV_001', '主任医师挂号费', '15.00', '15.00', '0.00', '0.00', '0.00', '1,4,5,7,10,12,14,15,16,17,18,19,22,24,26,28,29,30,32,33,35,36,37,39', '主楼1层妇产科候诊区', '13:30-17:30', '请提前15分钟候诊', '0', '1', '40', '25' );
INSERT INTO doctor_schedule ( m_code, service_date, week_day, session_code, session_name, start_time, end_time,  department_code, department_name, clinic_room_code, clinic_room_name,  doctor_code, doctor_name, doctor_title_code, doctor_title, doctor_spec,  doctor_sess_type_code, doctor_sess_type, service_code, service_name,  fee, reg_fee, checkup_fee, service_fee, other_fee, available_number_str,  admit_address_string, admit_time_range, note, time_range_flag, schedule_status,  available_total_num, available_left_num ) VALUES ( 'SCH_DOC_DEPT004_1_20260317_1', '2026-03-17', '2', '1', '上午', '08:00', '12:00', 'DEPT004', '妇产科', 'ROOM_DEPT004_2', '妇产科门诊1诊室', 'DOC_DEPT004_1', '胡洋', '01', '主任医师', '产前遗传咨询', '1', '专家门诊', 'SRV_001', '主任医师挂号费', '50.00', '50.00', '0.00', '0.00', '0.00', '1,2,3,6,7,10,11,12,14,15,16,17,18,20,21,22,24,25,26,27,28,29,32,33,34,35', '主楼6层妇产科候诊区', '08:00-12:00', '请提前15分钟候诊', '0', '1', '35', '18' );
INSERT INTO doctor_schedule ( m_code, service_date, week_day, session_code, session_name, start_time, end_time,  department_code, department_name, clinic_room_code, clinic_room_name,  doctor_code, doctor_name, doctor_title_code, doctor_title, doctor_spec,  doctor_sess_type_code, doctor_sess_type, service_code, service_name,  fee, reg_fee, checkup_fee, service_fee, other_fee, available_number_str,  admit_address_string, admit_time_range, note, time_range_flag, schedule_status,  available_total_num, available_left_num ) VALUES ( 'SCH_DOC_DEPT004_1_20260319_1', '2026-03-19', '4', '1', '上午', '08:00', '12:00', 'DEPT004', '妇产科', 'ROOM_DEPT004_3', '妇产科门诊1诊室', 'DOC_DEPT004_1', '胡洋', '01', '主任医师', '产前遗传咨询', '1', '专家门诊', 'SRV_001', '主任医师挂号费', '15.00', '15.00', '0.00', '0.00', '0.00', '2,5,6,7,9,10,11,12,13,14,17,18,19,21,23,24,25,26,28,29,32,34,35,36,38', '主楼6层妇产科候诊区', '08:00-12:00', '请提前15分钟候诊', '0', '1', '39', '21' );
INSERT INTO doctor_schedule ( m_code, service_date, week_day, session_code, session_name, start_time, end_time,  department_code, department_name, clinic_room_code, clinic_room_name,  doctor_code, doctor_name, doctor_title_code, doctor_title, doctor_spec,  doctor_sess_type_code, doctor_sess_type, service_code, service_name,  fee, reg_fee, checkup_fee, service_fee, other_fee, available_number_str,  admit_address_string, admit_time_range, note, time_range_flag, schedule_status,  available_total_num, available_left_num ) VALUES ( 'SCH_DOC_DEPT004_1_20260320_2', '2026-03-20', '5', '2', '下午', '13:30', '17:30', 'DEPT004', '妇产科', 'ROOM_DEPT004_1', '妇产科门诊5诊室', 'DOC_DEPT004_1', '胡洋', '01', '主任医师', '产前遗传咨询', '1', '专家门诊', 'SRV_001', '主任医师挂号费', '50.00', '50.00', '0.00', '0.00', '0.00', '2,3,5,6,7,8,9,11,13,14,15,16,17', '主楼5层妇产科候诊区', '13:30-17:30', '请提前15分钟候诊', '0', '1', '17', '5' );
INSERT INTO doctor_schedule ( m_code, service_date, week_day, session_code, session_name, start_time, end_time,  department_code, department_name, clinic_room_code, clinic_room_name,  doctor_code, doctor_name, doctor_title_code, doctor_title, doctor_spec,  doctor_sess_type_code, doctor_sess_type, service_code, service_name,  fee, reg_fee, checkup_fee, service_fee, other_fee, available_number_str,  admit_address_string, admit_time_range, note, time_range_flag, schedule_status,  available_total_num, available_left_num ) VALUES ( 'SCH_DOC_DEPT004_1_20260320_1', '2026-03-20', '5', '1', '上午', '08:00', '12:00', 'DEPT004', '妇产科', 'ROOM_DEPT004_2', '妇产科门诊2诊室', 'DOC_DEPT004_1', '胡洋', '01', '主任医师', '产前遗传咨询', '1', '专家门诊', 'SRV_001', '主任医师挂号费', '20.00', '20.00', '0.00', '0.00', '0.00', '1,2,3,5,6,9,10,11,12,15,16,18,19,23,24,28,30,31,32,33,34,35,36,37,38', '主楼2层妇产科候诊区', '08:00-12:00', '请提前15分钟候诊', '0', '1', '38', '35' );
INSERT INTO doctor_schedule ( m_code, service_date, week_day, session_code, session_name, start_time, end_time,  department_code, department_name, clinic_room_code, clinic_room_name,  doctor_code, doctor_name, doctor_title_code, doctor_title, doctor_spec,  doctor_sess_type_code, doctor_sess_type, service_code, service_name,  fee, reg_fee, checkup_fee, service_fee, other_fee, available_number_str,  admit_address_string, admit_time_range, note, time_range_flag, schedule_status,  available_total_num, available_left_num ) VALUES ( 'SCH_DOC_DEPT004_1_20260323_2', '2026-03-23', '1', '2', '下午', '13:30', '17:30', 'DEPT004', '妇产科', 'ROOM_DEPT004_4', '妇产科门诊2诊室', 'DOC_DEPT004_1', '胡洋', '01', '主任医师', '产前遗传咨询', '1', '专家门诊', 'SRV_001', '主任医师挂号费', '15.00', '15.00', '0.00', '0.00', '0.00', '2,3,5,6,7,8,9,11,12,13,14,15,16,17,18,19,21,22', '主楼1层妇产科候诊区', '13:30-17:30', '请提前15分钟候诊', '0', '1', '22', '6' );
INSERT INTO doctor_schedule ( m_code, service_date, week_day, session_code, session_name, start_time, end_time,  department_code, department_name, clinic_room_code, clinic_room_name,  doctor_code, doctor_name, doctor_title_code, doctor_title, doctor_spec,  doctor_sess_type_code, doctor_sess_type, service_code, service_name,  fee, reg_fee, checkup_fee, service_fee, other_fee, available_number_str,  admit_address_string, admit_time_range, note, time_range_flag, schedule_status,  available_total_num, available_left_num ) VALUES ( 'SCH_DOC_DEPT004_1_20260324_2', '2026-03-24', '2', '2', '下午', '13:30', '17:30', 'DEPT004', '妇产科', 'ROOM_DEPT004_3', '妇产科门诊2诊室', 'DOC_DEPT004_1', '胡洋', '01', '主任医师', '产前遗传咨询', '1', '专家门诊', 'SRV_001', '主任医师挂号费', '50.00', '50.00', '0.00', '0.00', '0.00', '1,3,5,6,7,8,9,10,11,12,13,15,16,17,18', '主楼3层妇产科候诊区', '13:30-17:30', '请提前15分钟候诊', '0', '1', '18', '14' );
INSERT INTO doctor_schedule ( m_code, service_date, week_day, session_code, session_name, start_time, end_time,  department_code, department_name, clinic_room_code, clinic_room_name,  doctor_code, doctor_name, doctor_title_code, doctor_title, doctor_spec,  doctor_sess_type_code, doctor_sess_type, service_code, service_name,  fee, reg_fee, checkup_fee, service_fee, other_fee, available_number_str,  admit_address_string, admit_time_range, note, time_range_flag, schedule_status,  available_total_num, available_left_num ) VALUES ( 'SCH_DOC_DEPT004_1_20260324_1', '2026-03-24', '2', '1', '上午', '08:00', '12:00', 'DEPT004', '妇产科', 'ROOM_DEPT004_2', '妇产科门诊1诊室', 'DOC_DEPT004_1', '胡洋', '01', '主任医师', '产前遗传咨询', '1', '专家门诊', 'SRV_001', '主任医师挂号费', '15.00', '15.00', '0.00', '0.00', '0.00', '1,2,3,4,5,6,7,8,9,11,12,14,16,17,19,20,21', '主楼2层妇产科候诊区', '08:00-12:00', '请提前15分钟候诊', '0', '1', '21', '5' );
INSERT INTO doctor_schedule ( m_code, service_date, week_day, session_code, session_name, start_time, end_time,  department_code, department_name, clinic_room_code, clinic_room_name,  doctor_code, doctor_name, doctor_title_code, doctor_title, doctor_spec,  doctor_sess_type_code, doctor_sess_type, service_code, service_name,  fee, reg_fee, checkup_fee, service_fee, other_fee, available_number_str,  admit_address_string, admit_time_range, note, time_range_flag, schedule_status,  available_total_num, available_left_num ) VALUES ( 'SCH_DOC_DEPT004_1_20260325_2', '2026-03-25', '3', '2', '下午', '13:30', '17:30', 'DEPT004', '妇产科', 'ROOM_DEPT004_2', '妇产科门诊1诊室', 'DOC_DEPT004_1', '胡洋', '01', '主任医师', '产前遗传咨询', '1', '专家门诊', 'SRV_001', '主任医师挂号费', '15.00', '15.00', '0.00', '0.00', '0.00', '1,3,5,6,7,8,11,12,13,15,16,18,20,21,22,23', '主楼5层妇产科候诊区', '13:30-17:30', '请提前15分钟候诊', '0', '1', '23', '19' );
INSERT INTO doctor_schedule ( m_code, service_date, week_day, session_code, session_name, start_time, end_time,  department_code, department_name, clinic_room_code, clinic_room_name,  doctor_code, doctor_name, doctor_title_code, doctor_title, doctor_spec,  doctor_sess_type_code, doctor_sess_type, service_code, service_name,  fee, reg_fee, checkup_fee, service_fee, other_fee, available_number_str,  admit_address_string, admit_time_range, note, time_range_flag, schedule_status,  available_total_num, available_left_num ) VALUES ( 'SCH_DOC_DEPT004_1_20260325_1', '2026-03-25', '3', '1', '上午', '08:00', '12:00', 'DEPT004', '妇产科', 'ROOM_DEPT004_5', '妇产科门诊5诊室', 'DOC_DEPT004_1', '胡洋', '01', '主任医师', '产前遗传咨询', '1', '专家门诊', 'SRV_001', '主任医师挂号费', '15.00', '15.00', '0.00', '0.00', '0.00', '1,2,8,9,10,11,13,14,15,16,17,18,19,20,21,22,23', '主楼1层妇产科候诊区', '08:00-12:00', '请提前15分钟候诊', '0', '1', '25', '9' );
INSERT INTO doctor_schedule ( m_code, service_date, week_day, session_code, session_name, start_time, end_time,  department_code, department_name, clinic_room_code, clinic_room_name,  doctor_code, doctor_name, doctor_title_code, doctor_title, doctor_spec,  doctor_sess_type_code, doctor_sess_type, service_code, service_name,  fee, reg_fee, checkup_fee, service_fee, other_fee, available_number_str,  admit_address_string, admit_time_range, note, time_range_flag, schedule_status,  available_total_num, available_left_num ) VALUES ( 'SCH_DOC_DEPT004_1_20260327_1', '2026-03-27', '5', '1', '上午', '08:00', '12:00', 'DEPT004', '妇产科', 'ROOM_DEPT004_3', '妇产科门诊4诊室', 'DOC_DEPT004_1', '胡洋', '01', '主任医师', '产前遗传咨询', '1', '专家门诊', 'SRV_001', '主任医师挂号费', '20.00', '20.00', '0.00', '0.00', '0.00', '1,2,3,4,7,8,9,11,14,16,17,18,19,20,22,23,25,26,33,34,35,37,38,39,40', '主楼1层妇产科候诊区', '08:00-12:00', '请提前15分钟候诊', '0', '1', '40', '8' );
INSERT INTO doctor_schedule ( m_code, service_date, week_day, session_code, session_name, start_time, end_time,  department_code, department_name, clinic_room_code, clinic_room_name,  doctor_code, doctor_name, doctor_title_code, doctor_title, doctor_spec,  doctor_sess_type_code, doctor_sess_type, service_code, service_name,  fee, reg_fee, checkup_fee, service_fee, other_fee, available_number_str,  admit_address_string, admit_time_range, note, time_range_flag, schedule_status,  available_total_num, available_left_num ) VALUES ( 'SCH_DOC_DEPT004_1_20260327_2', '2026-03-27', '5', '2', '下午', '13:30', '17:30', 'DEPT004', '妇产科', 'ROOM_DEPT004_5', '妇产科门诊3诊室', 'DOC_DEPT004_1', '胡洋', '01', '主任医师', '产前遗传咨询', '1', '专家门诊', 'SRV_001', '主任医师挂号费', '15.00', '15.00', '0.00', '0.00', '0.00', '2,3,4,5,7,8,10,11,12,13,15,16,17,18,19,21,24,25,26,27,28,29,30,31,32,33,34,37,38,39,40', '主楼3层妇产科候诊区', '13:30-17:30', '请提前15分钟候诊', '0', '1', '40', '11' );
INSERT INTO doctor_schedule ( m_code, service_date, week_day, session_code, session_name, start_time, end_time,  department_code, department_name, clinic_room_code, clinic_room_name,  doctor_code, doctor_name, doctor_title_code, doctor_title, doctor_spec,  doctor_sess_type_code, doctor_sess_type, service_code, service_name,  fee, reg_fee, checkup_fee, service_fee, other_fee, available_number_str,  admit_address_string, admit_time_range, note, time_range_flag, schedule_status,  available_total_num, available_left_num ) VALUES ( 'SCH_DOC_DEPT004_1_20260329_1', '2026-03-29', '7', '1', '上午', '08:00', '12:00', 'DEPT004', '妇产科', 'ROOM_DEPT004_1', '妇产科门诊2诊室', 'DOC_DEPT004_1', '胡洋', '01', '主任医师', '产前遗传咨询', '1', '专家门诊', 'SRV_001', '主任医师挂号费', '50.00', '50.00', '0.00', '0.00', '0.00', '1,2,3,4,5,6,7,8,10,12,13,14,15,16,17,18,19,20,21,22,23,26,27,28,29,30,31,32,34,35', '主楼4层妇产科候诊区', '08:00-12:00', '请提前15分钟候诊', '0', '1', '35', '34' );
INSERT INTO doctor_schedule ( m_code, service_date, week_day, session_code, session_name, start_time, end_time,  department_code, department_name, clinic_room_code, clinic_room_name,  doctor_code, doctor_name, doctor_title_code, doctor_title, doctor_spec,  doctor_sess_type_code, doctor_sess_type, service_code, service_name,  fee, reg_fee, checkup_fee, service_fee, other_fee, available_number_str,  admit_address_string, admit_time_range, note, time_range_flag, schedule_status,  available_total_num, available_left_num ) VALUES ( 'SCH_DOC_DEPT004_1_20260329_2', '2026-03-29', '7', '2', '下午', '13:30', '17:30', 'DEPT004', '妇产科', 'ROOM_DEPT004_2', '妇产科门诊2诊室', 'DOC_DEPT004_1', '胡洋', '01', '主任医师', '产前遗传咨询', '1', '专家门诊', 'SRV_001', '主任医师挂号费', '15.00', '15.00', '0.00', '0.00', '0.00', '1,2,3,5,7,9,10,11,13,15,17,18,20,21,22,23,25,27,28,30', '主楼4层妇产科候诊区', '13:30-17:30', '请提前15分钟候诊', '0', '1', '33', '28' );
INSERT INTO doctor (doctor_code, doctor_name, department_code, title, specialty, doctor_des, doctor_image) VALUES ('DOC_DEPT004_2', '黄秀英', 'DEPT004', '副主任医师', '难产处理', '黄秀英副主任医师，从事妇产科临床工作21年，具备深厚的临床背景。他专注于难产处理的诊疗，已成功治愈数千例相关患者。', 'doc_DOC_DEPT004_2.png');
INSERT INTO doctor_schedule ( m_code, service_date, week_day, session_code, session_name, start_time, end_time,  department_code, department_name, clinic_room_code, clinic_room_name,  doctor_code, doctor_name, doctor_title_code, doctor_title, doctor_spec,  doctor_sess_type_code, doctor_sess_type, service_code, service_name,  fee, reg_fee, checkup_fee, service_fee, other_fee, available_number_str,  admit_address_string, admit_time_range, note, time_range_flag, schedule_status,  available_total_num, available_left_num ) VALUES ( 'SCH_DOC_DEPT004_2_20260316_2', '2026-03-16', '1', '2', '下午', '13:30', '17:30', 'DEPT004', '妇产科', 'ROOM_DEPT004_3', '妇产科门诊4诊室', 'DOC_DEPT004_2', '黄秀英', '02', '副主任医师', '难产处理', '1', '专家门诊', 'SRV_001', '副主任医师挂号费', '15.00', '15.00', '0.00', '0.00', '0.00', '1,3,4,5,6,8,10,12,13,17,20,22', '主楼5层妇产科候诊区', '13:30-17:30', '请提前15分钟候诊', '0', '1', '22', '17' );
INSERT INTO doctor_schedule ( m_code, service_date, week_day, session_code, session_name, start_time, end_time,  department_code, department_name, clinic_room_code, clinic_room_name,  doctor_code, doctor_name, doctor_title_code, doctor_title, doctor_spec,  doctor_sess_type_code, doctor_sess_type, service_code, service_name,  fee, reg_fee, checkup_fee, service_fee, other_fee, available_number_str,  admit_address_string, admit_time_range, note, time_range_flag, schedule_status,  available_total_num, available_left_num ) VALUES ( 'SCH_DOC_DEPT004_2_20260317_1', '2026-03-17', '2', '1', '上午', '08:00', '12:00', 'DEPT004', '妇产科', 'ROOM_DEPT004_4', '妇产科门诊3诊室', 'DOC_DEPT004_2', '黄秀英', '02', '副主任医师', '难产处理', '1', '专家门诊', 'SRV_001', '副主任医师挂号费', '20.00', '20.00', '0.00', '0.00', '0.00', '1,2,4,5,6,8,9,10,11,12,13,15,16', '主楼3层妇产科候诊区', '08:00-12:00', '请提前15分钟候诊', '0', '1', '16', '8' );
INSERT INTO doctor_schedule ( m_code, service_date, week_day, session_code, session_name, start_time, end_time,  department_code, department_name, clinic_room_code, clinic_room_name,  doctor_code, doctor_name, doctor_title_code, doctor_title, doctor_spec,  doctor_sess_type_code, doctor_sess_type, service_code, service_name,  fee, reg_fee, checkup_fee, service_fee, other_fee, available_number_str,  admit_address_string, admit_time_range, note, time_range_flag, schedule_status,  available_total_num, available_left_num ) VALUES ( 'SCH_DOC_DEPT004_2_20260317_2', '2026-03-17', '2', '2', '下午', '13:30', '17:30', 'DEPT004', '妇产科', 'ROOM_DEPT004_1', '妇产科门诊4诊室', 'DOC_DEPT004_2', '黄秀英', '02', '副主任医师', '难产处理', '1', '专家门诊', 'SRV_001', '副主任医师挂号费', '15.00', '15.00', '0.00', '0.00', '0.00', '1,2,6,10,11,12,13,14,16,17,18,19,20,23,24,25,29,30,31,32,33,35,37,38', '主楼3层妇产科候诊区', '13:30-17:30', '请提前15分钟候诊', '0', '1', '38', '37' );
INSERT INTO doctor_schedule ( m_code, service_date, week_day, session_code, session_name, start_time, end_time,  department_code, department_name, clinic_room_code, clinic_room_name,  doctor_code, doctor_name, doctor_title_code, doctor_title, doctor_spec,  doctor_sess_type_code, doctor_sess_type, service_code, service_name,  fee, reg_fee, checkup_fee, service_fee, other_fee, available_number_str,  admit_address_string, admit_time_range, note, time_range_flag, schedule_status,  available_total_num, available_left_num ) VALUES ( 'SCH_DOC_DEPT004_2_20260318_2', '2026-03-18', '3', '2', '下午', '13:30', '17:30', 'DEPT004', '妇产科', 'ROOM_DEPT004_4', '妇产科门诊2诊室', 'DOC_DEPT004_2', '黄秀英', '02', '副主任医师', '难产处理', '1', '专家门诊', 'SRV_001', '副主任医师挂号费', '50.00', '50.00', '0.00', '0.00', '0.00', '1,4,5,6,7,8,9,10,11,12,14,15,16,17,18,19,20,21,23,24,25,26,29,30,32', '主楼1层妇产科候诊区', '13:30-17:30', '请提前15分钟候诊', '0', '1', '33', '28' );
INSERT INTO doctor_schedule ( m_code, service_date, week_day, session_code, session_name, start_time, end_time,  department_code, department_name, clinic_room_code, clinic_room_name,  doctor_code, doctor_name, doctor_title_code, doctor_title, doctor_spec,  doctor_sess_type_code, doctor_sess_type, service_code, service_name,  fee, reg_fee, checkup_fee, service_fee, other_fee, available_number_str,  admit_address_string, admit_time_range, note, time_range_flag, schedule_status,  available_total_num, available_left_num ) VALUES ( 'SCH_DOC_DEPT004_2_20260319_2', '2026-03-19', '4', '2', '下午', '13:30', '17:30', 'DEPT004', '妇产科', 'ROOM_DEPT004_1', '妇产科门诊2诊室', 'DOC_DEPT004_2', '黄秀英', '02', '副主任医师', '难产处理', '1', '专家门诊', 'SRV_001', '副主任医师挂号费', '20.00', '20.00', '0.00', '0.00', '0.00', '1,2,3,4,5,6,7,8,9,10,11,12,13,14,15,18', '主楼6层妇产科候诊区', '13:30-17:30', '请提前15分钟候诊', '0', '1', '18', '14' );
INSERT INTO doctor_schedule ( m_code, service_date, week_day, session_code, session_name, start_time, end_time,  department_code, department_name, clinic_room_code, clinic_room_name,  doctor_code, doctor_name, doctor_title_code, doctor_title, doctor_spec,  doctor_sess_type_code, doctor_sess_type, service_code, service_name,  fee, reg_fee, checkup_fee, service_fee, other_fee, available_number_str,  admit_address_string, admit_time_range, note, time_range_flag, schedule_status,  available_total_num, available_left_num ) VALUES ( 'SCH_DOC_DEPT004_2_20260319_1', '2026-03-19', '4', '1', '上午', '08:00', '12:00', 'DEPT004', '妇产科', 'ROOM_DEPT004_1', '妇产科门诊2诊室', 'DOC_DEPT004_2', '黄秀英', '02', '副主任医师', '难产处理', '1', '专家门诊', 'SRV_001', '副主任医师挂号费', '20.00', '20.00', '0.00', '0.00', '0.00', '1,3,4,5,6,8,9,10,11,12,14,15,16,17,19,22,23,25,26,28,29,31,32,34,35,36', '主楼1层妇产科候诊区', '08:00-12:00', '请提前15分钟候诊', '0', '1', '37', '24' );
INSERT INTO doctor_schedule ( m_code, service_date, week_day, session_code, session_name, start_time, end_time,  department_code, department_name, clinic_room_code, clinic_room_name,  doctor_code, doctor_name, doctor_title_code, doctor_title, doctor_spec,  doctor_sess_type_code, doctor_sess_type, service_code, service_name,  fee, reg_fee, checkup_fee, service_fee, other_fee, available_number_str,  admit_address_string, admit_time_range, note, time_range_flag, schedule_status,  available_total_num, available_left_num ) VALUES ( 'SCH_DOC_DEPT004_2_20260320_1', '2026-03-20', '5', '1', '上午', '08:00', '12:00', 'DEPT004', '妇产科', 'ROOM_DEPT004_5', '妇产科门诊3诊室', 'DOC_DEPT004_2', '黄秀英', '02', '副主任医师', '难产处理', '1', '专家门诊', 'SRV_001', '副主任医师挂号费', '20.00', '20.00', '0.00', '0.00', '0.00', '3,4,5,6,7,8,9,11,12,16,18,21,24,25,26,27,29,31,34,35,38,39,40', '主楼2层妇产科候诊区', '08:00-12:00', '请提前15分钟候诊', '0', '1', '40', '22' );
INSERT INTO doctor_schedule ( m_code, service_date, week_day, session_code, session_name, start_time, end_time,  department_code, department_name, clinic_room_code, clinic_room_name,  doctor_code, doctor_name, doctor_title_code, doctor_title, doctor_spec,  doctor_sess_type_code, doctor_sess_type, service_code, service_name,  fee, reg_fee, checkup_fee, service_fee, other_fee, available_number_str,  admit_address_string, admit_time_range, note, time_range_flag, schedule_status,  available_total_num, available_left_num ) VALUES ( 'SCH_DOC_DEPT004_2_20260320_2', '2026-03-20', '5', '2', '下午', '13:30', '17:30', 'DEPT004', '妇产科', 'ROOM_DEPT004_1', '妇产科门诊2诊室', 'DOC_DEPT004_2', '黄秀英', '02', '副主任医师', '难产处理', '1', '专家门诊', 'SRV_001', '副主任医师挂号费', '20.00', '20.00', '0.00', '0.00', '0.00', '1,2,3,4,5,6,7,12,14,15,16,17', '主楼3层妇产科候诊区', '13:30-17:30', '请提前15分钟候诊', '0', '1', '17', '5' );
INSERT INTO doctor_schedule ( m_code, service_date, week_day, session_code, session_name, start_time, end_time,  department_code, department_name, clinic_room_code, clinic_room_name,  doctor_code, doctor_name, doctor_title_code, doctor_title, doctor_spec,  doctor_sess_type_code, doctor_sess_type, service_code, service_name,  fee, reg_fee, checkup_fee, service_fee, other_fee, available_number_str,  admit_address_string, admit_time_range, note, time_range_flag, schedule_status,  available_total_num, available_left_num ) VALUES ( 'SCH_DOC_DEPT004_2_20260321_1', '2026-03-21', '6', '1', '上午', '08:00', '12:00', 'DEPT004', '妇产科', 'ROOM_DEPT004_4', '妇产科门诊1诊室', 'DOC_DEPT004_2', '黄秀英', '02', '副主任医师', '难产处理', '1', '专家门诊', 'SRV_001', '副主任医师挂号费', '15.00', '15.00', '0.00', '0.00', '0.00', '6,8,10,11,12,13,15,16,17,21,23', '主楼4层妇产科候诊区', '08:00-12:00', '请提前15分钟候诊', '0', '1', '24', '16' );
INSERT INTO doctor_schedule ( m_code, service_date, week_day, session_code, session_name, start_time, end_time,  department_code, department_name, clinic_room_code, clinic_room_name,  doctor_code, doctor_name, doctor_title_code, doctor_title, doctor_spec,  doctor_sess_type_code, doctor_sess_type, service_code, service_name,  fee, reg_fee, checkup_fee, service_fee, other_fee, available_number_str,  admit_address_string, admit_time_range, note, time_range_flag, schedule_status,  available_total_num, available_left_num ) VALUES ( 'SCH_DOC_DEPT004_2_20260321_2', '2026-03-21', '6', '2', '下午', '13:30', '17:30', 'DEPT004', '妇产科', 'ROOM_DEPT004_3', '妇产科门诊1诊室', 'DOC_DEPT004_2', '黄秀英', '02', '副主任医师', '难产处理', '1', '专家门诊', 'SRV_001', '副主任医师挂号费', '50.00', '50.00', '0.00', '0.00', '0.00', '2,3,4,5,6,8,10,11,12,13,15,16,17,19,21,22,23,25,26,27,28,30,31,32,33,34', '主楼1层妇产科候诊区', '13:30-17:30', '请提前15分钟候诊', '0', '1', '34', '8' );
INSERT INTO doctor_schedule ( m_code, service_date, week_day, session_code, session_name, start_time, end_time,  department_code, department_name, clinic_room_code, clinic_room_name,  doctor_code, doctor_name, doctor_title_code, doctor_title, doctor_spec,  doctor_sess_type_code, doctor_sess_type, service_code, service_name,  fee, reg_fee, checkup_fee, service_fee, other_fee, available_number_str,  admit_address_string, admit_time_range, note, time_range_flag, schedule_status,  available_total_num, available_left_num ) VALUES ( 'SCH_DOC_DEPT004_2_20260322_2', '2026-03-22', '7', '2', '下午', '13:30', '17:30', 'DEPT004', '妇产科', 'ROOM_DEPT004_4', '妇产科门诊2诊室', 'DOC_DEPT004_2', '黄秀英', '02', '副主任医师', '难产处理', '1', '专家门诊', 'SRV_001', '副主任医师挂号费', '20.00', '20.00', '0.00', '0.00', '0.00', '1,2,5,6,7,8,10,12,14', '主楼1层妇产科候诊区', '13:30-17:30', '请提前15分钟候诊', '0', '1', '16', '4' );
INSERT INTO doctor_schedule ( m_code, service_date, week_day, session_code, session_name, start_time, end_time,  department_code, department_name, clinic_room_code, clinic_room_name,  doctor_code, doctor_name, doctor_title_code, doctor_title, doctor_spec,  doctor_sess_type_code, doctor_sess_type, service_code, service_name,  fee, reg_fee, checkup_fee, service_fee, other_fee, available_number_str,  admit_address_string, admit_time_range, note, time_range_flag, schedule_status,  available_total_num, available_left_num ) VALUES ( 'SCH_DOC_DEPT004_2_20260322_1', '2026-03-22', '7', '1', '上午', '08:00', '12:00', 'DEPT004', '妇产科', 'ROOM_DEPT004_1', '妇产科门诊5诊室', 'DOC_DEPT004_2', '黄秀英', '02', '副主任医师', '难产处理', '1', '专家门诊', 'SRV_001', '副主任医师挂号费', '20.00', '20.00', '0.00', '0.00', '0.00', '2,3,5,8,9,11,12,13,15,16,17,19,20,21,23,24,26,28,29,30,32,33,34,35,37', '主楼1层妇产科候诊区', '08:00-12:00', '请提前15分钟候诊', '0', '1', '37', '27' );
INSERT INTO doctor_schedule ( m_code, service_date, week_day, session_code, session_name, start_time, end_time,  department_code, department_name, clinic_room_code, clinic_room_name,  doctor_code, doctor_name, doctor_title_code, doctor_title, doctor_spec,  doctor_sess_type_code, doctor_sess_type, service_code, service_name,  fee, reg_fee, checkup_fee, service_fee, other_fee, available_number_str,  admit_address_string, admit_time_range, note, time_range_flag, schedule_status,  available_total_num, available_left_num ) VALUES ( 'SCH_DOC_DEPT004_2_20260324_1', '2026-03-24', '2', '1', '上午', '08:00', '12:00', 'DEPT004', '妇产科', 'ROOM_DEPT004_4', '妇产科门诊3诊室', 'DOC_DEPT004_2', '黄秀英', '02', '副主任医师', '难产处理', '1', '专家门诊', 'SRV_001', '副主任医师挂号费', '15.00', '15.00', '0.00', '0.00', '0.00', '1,2,3,5,6,7,10,11,12,14,15,16,17,18,19,20,22,25,28,29,31,34,35,36,37,38', '主楼6层妇产科候诊区', '08:00-12:00', '请提前15分钟候诊', '0', '1', '38', '19' );
INSERT INTO doctor_schedule ( m_code, service_date, week_day, session_code, session_name, start_time, end_time,  department_code, department_name, clinic_room_code, clinic_room_name,  doctor_code, doctor_name, doctor_title_code, doctor_title, doctor_spec,  doctor_sess_type_code, doctor_sess_type, service_code, service_name,  fee, reg_fee, checkup_fee, service_fee, other_fee, available_number_str,  admit_address_string, admit_time_range, note, time_range_flag, schedule_status,  available_total_num, available_left_num ) VALUES ( 'SCH_DOC_DEPT004_2_20260324_2', '2026-03-24', '2', '2', '下午', '13:30', '17:30', 'DEPT004', '妇产科', 'ROOM_DEPT004_3', '妇产科门诊5诊室', 'DOC_DEPT004_2', '黄秀英', '02', '副主任医师', '难产处理', '1', '专家门诊', 'SRV_001', '副主任医师挂号费', '20.00', '20.00', '0.00', '0.00', '0.00', '1,2,3,5,6,10,12,13,14,15,16,17', '主楼4层妇产科候诊区', '13:30-17:30', '请提前15分钟候诊', '0', '1', '17', '7' );
INSERT INTO doctor_schedule ( m_code, service_date, week_day, session_code, session_name, start_time, end_time,  department_code, department_name, clinic_room_code, clinic_room_name,  doctor_code, doctor_name, doctor_title_code, doctor_title, doctor_spec,  doctor_sess_type_code, doctor_sess_type, service_code, service_name,  fee, reg_fee, checkup_fee, service_fee, other_fee, available_number_str,  admit_address_string, admit_time_range, note, time_range_flag, schedule_status,  available_total_num, available_left_num ) VALUES ( 'SCH_DOC_DEPT004_2_20260325_2', '2026-03-25', '3', '2', '下午', '13:30', '17:30', 'DEPT004', '妇产科', 'ROOM_DEPT004_1', '妇产科门诊4诊室', 'DOC_DEPT004_2', '黄秀英', '02', '副主任医师', '难产处理', '1', '专家门诊', 'SRV_001', '副主任医师挂号费', '50.00', '50.00', '0.00', '0.00', '0.00', '1,2,3,4,5,6,7,8,9,10,11,12,13,14,15,16,18,20,22,24', '主楼3层妇产科候诊区', '13:30-17:30', '请提前15分钟候诊', '0', '1', '24', '17' );
INSERT INTO doctor_schedule ( m_code, service_date, week_day, session_code, session_name, start_time, end_time,  department_code, department_name, clinic_room_code, clinic_room_name,  doctor_code, doctor_name, doctor_title_code, doctor_title, doctor_spec,  doctor_sess_type_code, doctor_sess_type, service_code, service_name,  fee, reg_fee, checkup_fee, service_fee, other_fee, available_number_str,  admit_address_string, admit_time_range, note, time_range_flag, schedule_status,  available_total_num, available_left_num ) VALUES ( 'SCH_DOC_DEPT004_2_20260326_1', '2026-03-26', '4', '1', '上午', '08:00', '12:00', 'DEPT004', '妇产科', 'ROOM_DEPT004_2', '妇产科门诊4诊室', 'DOC_DEPT004_2', '黄秀英', '02', '副主任医师', '难产处理', '1', '专家门诊', 'SRV_001', '副主任医师挂号费', '50.00', '50.00', '0.00', '0.00', '0.00', '2,4,5,6,7,8,9,10,11,13,14,16', '主楼5层妇产科候诊区', '08:00-12:00', '请提前15分钟候诊', '0', '1', '16', '9' );
INSERT INTO doctor_schedule ( m_code, service_date, week_day, session_code, session_name, start_time, end_time,  department_code, department_name, clinic_room_code, clinic_room_name,  doctor_code, doctor_name, doctor_title_code, doctor_title, doctor_spec,  doctor_sess_type_code, doctor_sess_type, service_code, service_name,  fee, reg_fee, checkup_fee, service_fee, other_fee, available_number_str,  admit_address_string, admit_time_range, note, time_range_flag, schedule_status,  available_total_num, available_left_num ) VALUES ( 'SCH_DOC_DEPT004_2_20260326_2', '2026-03-26', '4', '2', '下午', '13:30', '17:30', 'DEPT004', '妇产科', 'ROOM_DEPT004_5', '妇产科门诊1诊室', 'DOC_DEPT004_2', '黄秀英', '02', '副主任医师', '难产处理', '1', '专家门诊', 'SRV_001', '副主任医师挂号费', '20.00', '20.00', '0.00', '0.00', '0.00', '1,2,3,4,6,8,12,13,14,18,19,20,21,23,24,26,27', '主楼2层妇产科候诊区', '13:30-17:30', '请提前15分钟候诊', '0', '1', '27', '9' );
INSERT INTO doctor_schedule ( m_code, service_date, week_day, session_code, session_name, start_time, end_time,  department_code, department_name, clinic_room_code, clinic_room_name,  doctor_code, doctor_name, doctor_title_code, doctor_title, doctor_spec,  doctor_sess_type_code, doctor_sess_type, service_code, service_name,  fee, reg_fee, checkup_fee, service_fee, other_fee, available_number_str,  admit_address_string, admit_time_range, note, time_range_flag, schedule_status,  available_total_num, available_left_num ) VALUES ( 'SCH_DOC_DEPT004_2_20260327_1', '2026-03-27', '5', '1', '上午', '08:00', '12:00', 'DEPT004', '妇产科', 'ROOM_DEPT004_3', '妇产科门诊2诊室', 'DOC_DEPT004_2', '黄秀英', '02', '副主任医师', '难产处理', '1', '专家门诊', 'SRV_001', '副主任医师挂号费', '20.00', '20.00', '0.00', '0.00', '0.00', '1,4,5,8,9,10,11,13,14,15,16,17,18,22,23,24,25,26,27,28,30', '主楼4层妇产科候诊区', '08:00-12:00', '请提前15分钟候诊', '0', '1', '30', '20' );
INSERT INTO doctor_schedule ( m_code, service_date, week_day, session_code, session_name, start_time, end_time,  department_code, department_name, clinic_room_code, clinic_room_name,  doctor_code, doctor_name, doctor_title_code, doctor_title, doctor_spec,  doctor_sess_type_code, doctor_sess_type, service_code, service_name,  fee, reg_fee, checkup_fee, service_fee, other_fee, available_number_str,  admit_address_string, admit_time_range, note, time_range_flag, schedule_status,  available_total_num, available_left_num ) VALUES ( 'SCH_DOC_DEPT004_2_20260328_1', '2026-03-28', '6', '1', '上午', '08:00', '12:00', 'DEPT004', '妇产科', 'ROOM_DEPT004_4', '妇产科门诊4诊室', 'DOC_DEPT004_2', '黄秀英', '02', '副主任医师', '难产处理', '1', '专家门诊', 'SRV_001', '副主任医师挂号费', '20.00', '20.00', '0.00', '0.00', '0.00', '3,4,5,6,7,8,9,10,11,12,13,14,15,17,18,19,20,21,23,24,25,26,27,29,32,33,34,35,36', '主楼2层妇产科候诊区', '08:00-12:00', '请提前15分钟候诊', '0', '1', '38', '35' );
INSERT INTO doctor_schedule ( m_code, service_date, week_day, session_code, session_name, start_time, end_time,  department_code, department_name, clinic_room_code, clinic_room_name,  doctor_code, doctor_name, doctor_title_code, doctor_title, doctor_spec,  doctor_sess_type_code, doctor_sess_type, service_code, service_name,  fee, reg_fee, checkup_fee, service_fee, other_fee, available_number_str,  admit_address_string, admit_time_range, note, time_range_flag, schedule_status,  available_total_num, available_left_num ) VALUES ( 'SCH_DOC_DEPT004_2_20260329_1', '2026-03-29', '7', '1', '上午', '08:00', '12:00', 'DEPT004', '妇产科', 'ROOM_DEPT004_5', '妇产科门诊4诊室', 'DOC_DEPT004_2', '黄秀英', '02', '副主任医师', '难产处理', '1', '专家门诊', 'SRV_001', '副主任医师挂号费', '50.00', '50.00', '0.00', '0.00', '0.00', '1,2,3,4,5,6,7,8,9,10,11,12,13,17,19,22,23,24,26,28,29', '主楼5层妇产科候诊区', '08:00-12:00', '请提前15分钟候诊', '0', '1', '31', '25' );
INSERT INTO doctor (doctor_code, doctor_name, department_code, title, specialty, doctor_des, doctor_image) VALUES ('DOC_DEPT004_3', '罗洋', 'DEPT004', '副主任医师', '不孕不育症', '罗洋副主任医师，从事妇产科临床工作8年，医术精湛。她专注于不孕不育症的诊疗，已成功治愈数千例相关患者。', 'doc_DOC_DEPT004_3.png');
INSERT INTO doctor_schedule ( m_code, service_date, week_day, session_code, session_name, start_time, end_time,  department_code, department_name, clinic_room_code, clinic_room_name,  doctor_code, doctor_name, doctor_title_code, doctor_title, doctor_spec,  doctor_sess_type_code, doctor_sess_type, service_code, service_name,  fee, reg_fee, checkup_fee, service_fee, other_fee, available_number_str,  admit_address_string, admit_time_range, note, time_range_flag, schedule_status,  available_total_num, available_left_num ) VALUES ( 'SCH_DOC_DEPT004_3_20260316_1', '2026-03-16', '1', '1', '上午', '08:00', '12:00', 'DEPT004', '妇产科', 'ROOM_DEPT004_2', '妇产科门诊5诊室', 'DOC_DEPT004_3', '罗洋', '02', '副主任医师', '不孕不育症', '1', '专家门诊', 'SRV_001', '副主任医师挂号费', '20.00', '20.00', '0.00', '0.00', '0.00', '1,2,5,6,8,9,10,12,14,16,17,18,22,23,24,25,26,28,31,32,33,34', '主楼6层妇产科候诊区', '08:00-12:00', '请提前15分钟候诊', '0', '1', '34', '22' );
INSERT INTO doctor_schedule ( m_code, service_date, week_day, session_code, session_name, start_time, end_time,  department_code, department_name, clinic_room_code, clinic_room_name,  doctor_code, doctor_name, doctor_title_code, doctor_title, doctor_spec,  doctor_sess_type_code, doctor_sess_type, service_code, service_name,  fee, reg_fee, checkup_fee, service_fee, other_fee, available_number_str,  admit_address_string, admit_time_range, note, time_range_flag, schedule_status,  available_total_num, available_left_num ) VALUES ( 'SCH_DOC_DEPT004_3_20260316_2', '2026-03-16', '1', '2', '下午', '13:30', '17:30', 'DEPT004', '妇产科', 'ROOM_DEPT004_1', '妇产科门诊2诊室', 'DOC_DEPT004_3', '罗洋', '02', '副主任医师', '不孕不育症', '1', '专家门诊', 'SRV_001', '副主任医师挂号费', '20.00', '20.00', '0.00', '0.00', '0.00', '1,2,3,4,6,7,8,9,10,11,12,13,14,15,16,18,19,20,21,22,23,25,26,27,30,31,33,34,35,37,39', '主楼5层妇产科候诊区', '13:30-17:30', '请提前15分钟候诊', '0', '1', '39', '25' );
INSERT INTO doctor_schedule ( m_code, service_date, week_day, session_code, session_name, start_time, end_time,  department_code, department_name, clinic_room_code, clinic_room_name,  doctor_code, doctor_name, doctor_title_code, doctor_title, doctor_spec,  doctor_sess_type_code, doctor_sess_type, service_code, service_name,  fee, reg_fee, checkup_fee, service_fee, other_fee, available_number_str,  admit_address_string, admit_time_range, note, time_range_flag, schedule_status,  available_total_num, available_left_num ) VALUES ( 'SCH_DOC_DEPT004_3_20260317_2', '2026-03-17', '2', '2', '下午', '13:30', '17:30', 'DEPT004', '妇产科', 'ROOM_DEPT004_3', '妇产科门诊2诊室', 'DOC_DEPT004_3', '罗洋', '02', '副主任医师', '不孕不育症', '1', '专家门诊', 'SRV_001', '副主任医师挂号费', '50.00', '50.00', '0.00', '0.00', '0.00', '1,2,3,4,5,6,8,9,10,11,13,16,17,19,20', '主楼6层妇产科候诊区', '13:30-17:30', '请提前15分钟候诊', '0', '1', '20', '15' );
INSERT INTO doctor_schedule ( m_code, service_date, week_day, session_code, session_name, start_time, end_time,  department_code, department_name, clinic_room_code, clinic_room_name,  doctor_code, doctor_name, doctor_title_code, doctor_title, doctor_spec,  doctor_sess_type_code, doctor_sess_type, service_code, service_name,  fee, reg_fee, checkup_fee, service_fee, other_fee, available_number_str,  admit_address_string, admit_time_range, note, time_range_flag, schedule_status,  available_total_num, available_left_num ) VALUES ( 'SCH_DOC_DEPT004_3_20260317_1', '2026-03-17', '2', '1', '上午', '08:00', '12:00', 'DEPT004', '妇产科', 'ROOM_DEPT004_2', '妇产科门诊2诊室', 'DOC_DEPT004_3', '罗洋', '02', '副主任医师', '不孕不育症', '1', '专家门诊', 'SRV_001', '副主任医师挂号费', '20.00', '20.00', '0.00', '0.00', '0.00', '1,3,5,6,10,11,13,14,15', '主楼6层妇产科候诊区', '08:00-12:00', '请提前15分钟候诊', '0', '1', '15', '9' );
INSERT INTO doctor_schedule ( m_code, service_date, week_day, session_code, session_name, start_time, end_time,  department_code, department_name, clinic_room_code, clinic_room_name,  doctor_code, doctor_name, doctor_title_code, doctor_title, doctor_spec,  doctor_sess_type_code, doctor_sess_type, service_code, service_name,  fee, reg_fee, checkup_fee, service_fee, other_fee, available_number_str,  admit_address_string, admit_time_range, note, time_range_flag, schedule_status,  available_total_num, available_left_num ) VALUES ( 'SCH_DOC_DEPT004_3_20260318_1', '2026-03-18', '3', '1', '上午', '08:00', '12:00', 'DEPT004', '妇产科', 'ROOM_DEPT004_2', '妇产科门诊4诊室', 'DOC_DEPT004_3', '罗洋', '02', '副主任医师', '不孕不育症', '1', '专家门诊', 'SRV_001', '副主任医师挂号费', '20.00', '20.00', '0.00', '0.00', '0.00', '1,2,3,4,5,6,7,9,10,11,12,14,15,17,18,20,21,22,23,24,25,26,27,28,30,31,32', '主楼4层妇产科候诊区', '08:00-12:00', '请提前15分钟候诊', '0', '1', '32', '17' );
INSERT INTO doctor_schedule ( m_code, service_date, week_day, session_code, session_name, start_time, end_time,  department_code, department_name, clinic_room_code, clinic_room_name,  doctor_code, doctor_name, doctor_title_code, doctor_title, doctor_spec,  doctor_sess_type_code, doctor_sess_type, service_code, service_name,  fee, reg_fee, checkup_fee, service_fee, other_fee, available_number_str,  admit_address_string, admit_time_range, note, time_range_flag, schedule_status,  available_total_num, available_left_num ) VALUES ( 'SCH_DOC_DEPT004_3_20260319_2', '2026-03-19', '4', '2', '下午', '13:30', '17:30', 'DEPT004', '妇产科', 'ROOM_DEPT004_3', '妇产科门诊1诊室', 'DOC_DEPT004_3', '罗洋', '02', '副主任医师', '不孕不育症', '1', '专家门诊', 'SRV_001', '副主任医师挂号费', '15.00', '15.00', '0.00', '0.00', '0.00', '3,5,6,8,9,11,13,18,22,24,28,29', '主楼1层妇产科候诊区', '13:30-17:30', '请提前15分钟候诊', '0', '1', '29', '27' );
INSERT INTO doctor_schedule ( m_code, service_date, week_day, session_code, session_name, start_time, end_time,  department_code, department_name, clinic_room_code, clinic_room_name,  doctor_code, doctor_name, doctor_title_code, doctor_title, doctor_spec,  doctor_sess_type_code, doctor_sess_type, service_code, service_name,  fee, reg_fee, checkup_fee, service_fee, other_fee, available_number_str,  admit_address_string, admit_time_range, note, time_range_flag, schedule_status,  available_total_num, available_left_num ) VALUES ( 'SCH_DOC_DEPT004_3_20260320_1', '2026-03-20', '5', '1', '上午', '08:00', '12:00', 'DEPT004', '妇产科', 'ROOM_DEPT004_3', '妇产科门诊3诊室', 'DOC_DEPT004_3', '罗洋', '02', '副主任医师', '不孕不育症', '1', '专家门诊', 'SRV_001', '副主任医师挂号费', '15.00', '15.00', '0.00', '0.00', '0.00', '1,2,4,6,8,10,11,13,14,15,16,17,18,19,20,21', '主楼5层妇产科候诊区', '08:00-12:00', '请提前15分钟候诊', '0', '1', '21', '17' );
INSERT INTO doctor_schedule ( m_code, service_date, week_day, session_code, session_name, start_time, end_time,  department_code, department_name, clinic_room_code, clinic_room_name,  doctor_code, doctor_name, doctor_title_code, doctor_title, doctor_spec,  doctor_sess_type_code, doctor_sess_type, service_code, service_name,  fee, reg_fee, checkup_fee, service_fee, other_fee, available_number_str,  admit_address_string, admit_time_range, note, time_range_flag, schedule_status,  available_total_num, available_left_num ) VALUES ( 'SCH_DOC_DEPT004_3_20260320_2', '2026-03-20', '5', '2', '下午', '13:30', '17:30', 'DEPT004', '妇产科', 'ROOM_DEPT004_2', '妇产科门诊5诊室', 'DOC_DEPT004_3', '罗洋', '02', '副主任医师', '不孕不育症', '1', '专家门诊', 'SRV_001', '副主任医师挂号费', '50.00', '50.00', '0.00', '0.00', '0.00', '1,4,6,7,9,11,14,15,16,17,18', '主楼5层妇产科候诊区', '13:30-17:30', '请提前15分钟候诊', '0', '1', '19', '6' );
INSERT INTO doctor_schedule ( m_code, service_date, week_day, session_code, session_name, start_time, end_time,  department_code, department_name, clinic_room_code, clinic_room_name,  doctor_code, doctor_name, doctor_title_code, doctor_title, doctor_spec,  doctor_sess_type_code, doctor_sess_type, service_code, service_name,  fee, reg_fee, checkup_fee, service_fee, other_fee, available_number_str,  admit_address_string, admit_time_range, note, time_range_flag, schedule_status,  available_total_num, available_left_num ) VALUES ( 'SCH_DOC_DEPT004_3_20260321_1', '2026-03-21', '6', '1', '上午', '08:00', '12:00', 'DEPT004', '妇产科', 'ROOM_DEPT004_3', '妇产科门诊5诊室', 'DOC_DEPT004_3', '罗洋', '02', '副主任医师', '不孕不育症', '1', '专家门诊', 'SRV_001', '副主任医师挂号费', '15.00', '15.00', '0.00', '0.00', '0.00', '2,4,6,12,13,14,15,17,18,19,20', '主楼1层妇产科候诊区', '08:00-12:00', '请提前15分钟候诊', '0', '1', '20', '15' );
INSERT INTO doctor_schedule ( m_code, service_date, week_day, session_code, session_name, start_time, end_time,  department_code, department_name, clinic_room_code, clinic_room_name,  doctor_code, doctor_name, doctor_title_code, doctor_title, doctor_spec,  doctor_sess_type_code, doctor_sess_type, service_code, service_name,  fee, reg_fee, checkup_fee, service_fee, other_fee, available_number_str,  admit_address_string, admit_time_range, note, time_range_flag, schedule_status,  available_total_num, available_left_num ) VALUES ( 'SCH_DOC_DEPT004_3_20260322_2', '2026-03-22', '7', '2', '下午', '13:30', '17:30', 'DEPT004', '妇产科', 'ROOM_DEPT004_1', '妇产科门诊2诊室', 'DOC_DEPT004_3', '罗洋', '02', '副主任医师', '不孕不育症', '1', '专家门诊', 'SRV_001', '副主任医师挂号费', '50.00', '50.00', '0.00', '0.00', '0.00', '1,2,4,5,10,11,14,15,16,18,19,21,22,23', '主楼1层妇产科候诊区', '13:30-17:30', '请提前15分钟候诊', '0', '1', '24', '23' );
INSERT INTO doctor_schedule ( m_code, service_date, week_day, session_code, session_name, start_time, end_time,  department_code, department_name, clinic_room_code, clinic_room_name,  doctor_code, doctor_name, doctor_title_code, doctor_title, doctor_spec,  doctor_sess_type_code, doctor_sess_type, service_code, service_name,  fee, reg_fee, checkup_fee, service_fee, other_fee, available_number_str,  admit_address_string, admit_time_range, note, time_range_flag, schedule_status,  available_total_num, available_left_num ) VALUES ( 'SCH_DOC_DEPT004_3_20260322_1', '2026-03-22', '7', '1', '上午', '08:00', '12:00', 'DEPT004', '妇产科', 'ROOM_DEPT004_2', '妇产科门诊5诊室', 'DOC_DEPT004_3', '罗洋', '02', '副主任医师', '不孕不育症', '1', '专家门诊', 'SRV_001', '副主任医师挂号费', '15.00', '15.00', '0.00', '0.00', '0.00', '1,3,4,5,6,7,8,11,12,14,16,17,18,22,23,24,25,26,28,29,30', '主楼4层妇产科候诊区', '08:00-12:00', '请提前15分钟候诊', '0', '1', '30', '22' );
INSERT INTO doctor_schedule ( m_code, service_date, week_day, session_code, session_name, start_time, end_time,  department_code, department_name, clinic_room_code, clinic_room_name,  doctor_code, doctor_name, doctor_title_code, doctor_title, doctor_spec,  doctor_sess_type_code, doctor_sess_type, service_code, service_name,  fee, reg_fee, checkup_fee, service_fee, other_fee, available_number_str,  admit_address_string, admit_time_range, note, time_range_flag, schedule_status,  available_total_num, available_left_num ) VALUES ( 'SCH_DOC_DEPT004_3_20260326_1', '2026-03-26', '4', '1', '上午', '08:00', '12:00', 'DEPT004', '妇产科', 'ROOM_DEPT004_1', '妇产科门诊3诊室', 'DOC_DEPT004_3', '罗洋', '02', '副主任医师', '不孕不育症', '1', '专家门诊', 'SRV_001', '副主任医师挂号费', '50.00', '50.00', '0.00', '0.00', '0.00', '1,2,3,4,5,7,9,11,12,13,16,18,19,20,21,22,24,25,27,28,29,30,31,34', '主楼3层妇产科候诊区', '08:00-12:00', '请提前15分钟候诊', '0', '1', '34', '12' );
INSERT INTO doctor_schedule ( m_code, service_date, week_day, session_code, session_name, start_time, end_time,  department_code, department_name, clinic_room_code, clinic_room_name,  doctor_code, doctor_name, doctor_title_code, doctor_title, doctor_spec,  doctor_sess_type_code, doctor_sess_type, service_code, service_name,  fee, reg_fee, checkup_fee, service_fee, other_fee, available_number_str,  admit_address_string, admit_time_range, note, time_range_flag, schedule_status,  available_total_num, available_left_num ) VALUES ( 'SCH_DOC_DEPT004_3_20260327_1', '2026-03-27', '5', '1', '上午', '08:00', '12:00', 'DEPT004', '妇产科', 'ROOM_DEPT004_5', '妇产科门诊3诊室', 'DOC_DEPT004_3', '罗洋', '02', '副主任医师', '不孕不育症', '1', '专家门诊', 'SRV_001', '副主任医师挂号费', '15.00', '15.00', '0.00', '0.00', '0.00', '3,5,6,7,8,9,10,11,12,14,16,17,18,20,21,22,23,25,26,28,29,30,33,34', '主楼6层妇产科候诊区', '08:00-12:00', '请提前15分钟候诊', '0', '1', '34', '18' );
INSERT INTO doctor_schedule ( m_code, service_date, week_day, session_code, session_name, start_time, end_time,  department_code, department_name, clinic_room_code, clinic_room_name,  doctor_code, doctor_name, doctor_title_code, doctor_title, doctor_spec,  doctor_sess_type_code, doctor_sess_type, service_code, service_name,  fee, reg_fee, checkup_fee, service_fee, other_fee, available_number_str,  admit_address_string, admit_time_range, note, time_range_flag, schedule_status,  available_total_num, available_left_num ) VALUES ( 'SCH_DOC_DEPT004_3_20260327_2', '2026-03-27', '5', '2', '下午', '13:30', '17:30', 'DEPT004', '妇产科', 'ROOM_DEPT004_4', '妇产科门诊1诊室', 'DOC_DEPT004_3', '罗洋', '02', '副主任医师', '不孕不育症', '1', '专家门诊', 'SRV_001', '副主任医师挂号费', '50.00', '50.00', '0.00', '0.00', '0.00', '2,3,6,7,8,9,11,12,15,17,18,19,20,21,23,24,25,26,27,28,29,30,31,32,33,36,38,39,40', '主楼6层妇产科候诊区', '13:30-17:30', '请提前15分钟候诊', '0', '1', '40', '27' );
INSERT INTO doctor_schedule ( m_code, service_date, week_day, session_code, session_name, start_time, end_time,  department_code, department_name, clinic_room_code, clinic_room_name,  doctor_code, doctor_name, doctor_title_code, doctor_title, doctor_spec,  doctor_sess_type_code, doctor_sess_type, service_code, service_name,  fee, reg_fee, checkup_fee, service_fee, other_fee, available_number_str,  admit_address_string, admit_time_range, note, time_range_flag, schedule_status,  available_total_num, available_left_num ) VALUES ( 'SCH_DOC_DEPT004_3_20260328_2', '2026-03-28', '6', '2', '下午', '13:30', '17:30', 'DEPT004', '妇产科', 'ROOM_DEPT004_4', '妇产科门诊2诊室', 'DOC_DEPT004_3', '罗洋', '02', '副主任医师', '不孕不育症', '1', '专家门诊', 'SRV_001', '副主任医师挂号费', '20.00', '20.00', '0.00', '0.00', '0.00', '1,4,5,6,7,12,14,15,16,17,19,21,22,24,25,29,30,31,32', '主楼4层妇产科候诊区', '13:30-17:30', '请提前15分钟候诊', '0', '1', '32', '15' );
INSERT INTO doctor_schedule ( m_code, service_date, week_day, session_code, session_name, start_time, end_time,  department_code, department_name, clinic_room_code, clinic_room_name,  doctor_code, doctor_name, doctor_title_code, doctor_title, doctor_spec,  doctor_sess_type_code, doctor_sess_type, service_code, service_name,  fee, reg_fee, checkup_fee, service_fee, other_fee, available_number_str,  admit_address_string, admit_time_range, note, time_range_flag, schedule_status,  available_total_num, available_left_num ) VALUES ( 'SCH_DOC_DEPT004_3_20260329_1', '2026-03-29', '7', '1', '上午', '08:00', '12:00', 'DEPT004', '妇产科', 'ROOM_DEPT004_4', '妇产科门诊1诊室', 'DOC_DEPT004_3', '罗洋', '02', '副主任医师', '不孕不育症', '1', '专家门诊', 'SRV_001', '副主任医师挂号费', '50.00', '50.00', '0.00', '0.00', '0.00', '2,4,5,8,10,12,14,15,16,17,18,19,20,23,26', '主楼1层妇产科候诊区', '08:00-12:00', '请提前15分钟候诊', '0', '1', '26', '6' );
INSERT INTO doctor (doctor_code, doctor_name, department_code, title, specialty, doctor_des, doctor_image) VALUES ('DOC_DEPT004_4', '徐明', 'DEPT004', '主任医师', '子宫肌瘤微创治疗', '徐明主任医师，从事妇产科临床工作21年，待人亲切。她擅长子宫肌瘤微创治疗的诊疗，已成功治愈数千例相关患者。', 'doc_DOC_DEPT004_4.png');
INSERT INTO doctor_schedule ( m_code, service_date, week_day, session_code, session_name, start_time, end_time,  department_code, department_name, clinic_room_code, clinic_room_name,  doctor_code, doctor_name, doctor_title_code, doctor_title, doctor_spec,  doctor_sess_type_code, doctor_sess_type, service_code, service_name,  fee, reg_fee, checkup_fee, service_fee, other_fee, available_number_str,  admit_address_string, admit_time_range, note, time_range_flag, schedule_status,  available_total_num, available_left_num ) VALUES ( 'SCH_DOC_DEPT004_4_20260316_2', '2026-03-16', '1', '2', '下午', '13:30', '17:30', 'DEPT004', '妇产科', 'ROOM_DEPT004_4', '妇产科门诊4诊室', 'DOC_DEPT004_4', '徐明', '01', '主任医师', '子宫肌瘤微创治疗', '1', '专家门诊', 'SRV_001', '主任医师挂号费', '50.00', '50.00', '0.00', '0.00', '0.00', '1,2,3,5,7,8,9,11,12,13,14,15,16,18,19,21,22,25,28,32', '主楼3层妇产科候诊区', '13:30-17:30', '请提前15分钟候诊', '0', '1', '33', '15' );
INSERT INTO doctor_schedule ( m_code, service_date, week_day, session_code, session_name, start_time, end_time,  department_code, department_name, clinic_room_code, clinic_room_name,  doctor_code, doctor_name, doctor_title_code, doctor_title, doctor_spec,  doctor_sess_type_code, doctor_sess_type, service_code, service_name,  fee, reg_fee, checkup_fee, service_fee, other_fee, available_number_str,  admit_address_string, admit_time_range, note, time_range_flag, schedule_status,  available_total_num, available_left_num ) VALUES ( 'SCH_DOC_DEPT004_4_20260316_1', '2026-03-16', '1', '1', '上午', '08:00', '12:00', 'DEPT004', '妇产科', 'ROOM_DEPT004_5', '妇产科门诊3诊室', 'DOC_DEPT004_4', '徐明', '01', '主任医师', '子宫肌瘤微创治疗', '1', '专家门诊', 'SRV_001', '主任医师挂号费', '15.00', '15.00', '0.00', '0.00', '0.00', '1,3,4,5,6,7,9,10,11,13,14,15', '主楼6层妇产科候诊区', '08:00-12:00', '请提前15分钟候诊', '0', '1', '15', '15' );
INSERT INTO doctor_schedule ( m_code, service_date, week_day, session_code, session_name, start_time, end_time,  department_code, department_name, clinic_room_code, clinic_room_name,  doctor_code, doctor_name, doctor_title_code, doctor_title, doctor_spec,  doctor_sess_type_code, doctor_sess_type, service_code, service_name,  fee, reg_fee, checkup_fee, service_fee, other_fee, available_number_str,  admit_address_string, admit_time_range, note, time_range_flag, schedule_status,  available_total_num, available_left_num ) VALUES ( 'SCH_DOC_DEPT004_4_20260317_2', '2026-03-17', '2', '2', '下午', '13:30', '17:30', 'DEPT004', '妇产科', 'ROOM_DEPT004_1', '妇产科门诊1诊室', 'DOC_DEPT004_4', '徐明', '01', '主任医师', '子宫肌瘤微创治疗', '1', '专家门诊', 'SRV_001', '主任医师挂号费', '50.00', '50.00', '0.00', '0.00', '0.00', '2,3,4,6,7,8,9,11,13,14,15,19,20,21,22,23,24,27', '主楼2层妇产科候诊区', '13:30-17:30', '请提前15分钟候诊', '0', '1', '28', '11' );
INSERT INTO doctor_schedule ( m_code, service_date, week_day, session_code, session_name, start_time, end_time,  department_code, department_name, clinic_room_code, clinic_room_name,  doctor_code, doctor_name, doctor_title_code, doctor_title, doctor_spec,  doctor_sess_type_code, doctor_sess_type, service_code, service_name,  fee, reg_fee, checkup_fee, service_fee, other_fee, available_number_str,  admit_address_string, admit_time_range, note, time_range_flag, schedule_status,  available_total_num, available_left_num ) VALUES ( 'SCH_DOC_DEPT004_4_20260318_1', '2026-03-18', '3', '1', '上午', '08:00', '12:00', 'DEPT004', '妇产科', 'ROOM_DEPT004_4', '妇产科门诊3诊室', 'DOC_DEPT004_4', '徐明', '01', '主任医师', '子宫肌瘤微创治疗', '1', '专家门诊', 'SRV_001', '主任医师挂号费', '50.00', '50.00', '0.00', '0.00', '0.00', '1,2,4,5,7,8,9,10,11,13,16,17,18', '主楼3层妇产科候诊区', '08:00-12:00', '请提前15分钟候诊', '0', '1', '18', '11' );
INSERT INTO doctor_schedule ( m_code, service_date, week_day, session_code, session_name, start_time, end_time,  department_code, department_name, clinic_room_code, clinic_room_name,  doctor_code, doctor_name, doctor_title_code, doctor_title, doctor_spec,  doctor_sess_type_code, doctor_sess_type, service_code, service_name,  fee, reg_fee, checkup_fee, service_fee, other_fee, available_number_str,  admit_address_string, admit_time_range, note, time_range_flag, schedule_status,  available_total_num, available_left_num ) VALUES ( 'SCH_DOC_DEPT004_4_20260319_2', '2026-03-19', '4', '2', '下午', '13:30', '17:30', 'DEPT004', '妇产科', 'ROOM_DEPT004_2', '妇产科门诊3诊室', 'DOC_DEPT004_4', '徐明', '01', '主任医师', '子宫肌瘤微创治疗', '1', '专家门诊', 'SRV_001', '主任医师挂号费', '20.00', '20.00', '0.00', '0.00', '0.00', '1,2,3,4,6,7,8,9,10,11,12,13,14,15,16,17,18,19,20,21,22,24,25,26', '主楼1层妇产科候诊区', '13:30-17:30', '请提前15分钟候诊', '0', '1', '27', '12' );
INSERT INTO doctor_schedule ( m_code, service_date, week_day, session_code, session_name, start_time, end_time,  department_code, department_name, clinic_room_code, clinic_room_name,  doctor_code, doctor_name, doctor_title_code, doctor_title, doctor_spec,  doctor_sess_type_code, doctor_sess_type, service_code, service_name,  fee, reg_fee, checkup_fee, service_fee, other_fee, available_number_str,  admit_address_string, admit_time_range, note, time_range_flag, schedule_status,  available_total_num, available_left_num ) VALUES ( 'SCH_DOC_DEPT004_4_20260320_2', '2026-03-20', '5', '2', '下午', '13:30', '17:30', 'DEPT004', '妇产科', 'ROOM_DEPT004_4', '妇产科门诊3诊室', 'DOC_DEPT004_4', '徐明', '01', '主任医师', '子宫肌瘤微创治疗', '1', '专家门诊', 'SRV_001', '主任医师挂号费', '50.00', '50.00', '0.00', '0.00', '0.00', '1,2,3,4,5,7,9,12,16,17,18,19', '主楼2层妇产科候诊区', '13:30-17:30', '请提前15分钟候诊', '0', '1', '19', '8' );
INSERT INTO doctor_schedule ( m_code, service_date, week_day, session_code, session_name, start_time, end_time,  department_code, department_name, clinic_room_code, clinic_room_name,  doctor_code, doctor_name, doctor_title_code, doctor_title, doctor_spec,  doctor_sess_type_code, doctor_sess_type, service_code, service_name,  fee, reg_fee, checkup_fee, service_fee, other_fee, available_number_str,  admit_address_string, admit_time_range, note, time_range_flag, schedule_status,  available_total_num, available_left_num ) VALUES ( 'SCH_DOC_DEPT004_4_20260321_1', '2026-03-21', '6', '1', '上午', '08:00', '12:00', 'DEPT004', '妇产科', 'ROOM_DEPT004_3', '妇产科门诊3诊室', 'DOC_DEPT004_4', '徐明', '01', '主任医师', '子宫肌瘤微创治疗', '1', '专家门诊', 'SRV_001', '主任医师挂号费', '15.00', '15.00', '0.00', '0.00', '0.00', '2,3,4,5,6,7,8,10,13,14,15,18,19,20,21,23,25,26,27,28,29,30,31,32,34,35', '主楼1层妇产科候诊区', '08:00-12:00', '请提前15分钟候诊', '0', '1', '35', '12' );
INSERT INTO doctor_schedule ( m_code, service_date, week_day, session_code, session_name, start_time, end_time,  department_code, department_name, clinic_room_code, clinic_room_name,  doctor_code, doctor_name, doctor_title_code, doctor_title, doctor_spec,  doctor_sess_type_code, doctor_sess_type, service_code, service_name,  fee, reg_fee, checkup_fee, service_fee, other_fee, available_number_str,  admit_address_string, admit_time_range, note, time_range_flag, schedule_status,  available_total_num, available_left_num ) VALUES ( 'SCH_DOC_DEPT004_4_20260321_2', '2026-03-21', '6', '2', '下午', '13:30', '17:30', 'DEPT004', '妇产科', 'ROOM_DEPT004_4', '妇产科门诊2诊室', 'DOC_DEPT004_4', '徐明', '01', '主任医师', '子宫肌瘤微创治疗', '1', '专家门诊', 'SRV_001', '主任医师挂号费', '15.00', '15.00', '0.00', '0.00', '0.00', '3,4,5,6,7,9,10,12,13,14,15,16,19', '主楼4层妇产科候诊区', '13:30-17:30', '请提前15分钟候诊', '0', '1', '20', '5' );
INSERT INTO doctor_schedule ( m_code, service_date, week_day, session_code, session_name, start_time, end_time,  department_code, department_name, clinic_room_code, clinic_room_name,  doctor_code, doctor_name, doctor_title_code, doctor_title, doctor_spec,  doctor_sess_type_code, doctor_sess_type, service_code, service_name,  fee, reg_fee, checkup_fee, service_fee, other_fee, available_number_str,  admit_address_string, admit_time_range, note, time_range_flag, schedule_status,  available_total_num, available_left_num ) VALUES ( 'SCH_DOC_DEPT004_4_20260322_2', '2026-03-22', '7', '2', '下午', '13:30', '17:30', 'DEPT004', '妇产科', 'ROOM_DEPT004_4', '妇产科门诊2诊室', 'DOC_DEPT004_4', '徐明', '01', '主任医师', '子宫肌瘤微创治疗', '1', '专家门诊', 'SRV_001', '主任医师挂号费', '50.00', '50.00', '0.00', '0.00', '0.00', '1,2,3,4,5,6,7,9,10,11,12,13,14,15', '主楼6层妇产科候诊区', '13:30-17:30', '请提前15分钟候诊', '0', '1', '15', '8' );
INSERT INTO doctor_schedule ( m_code, service_date, week_day, session_code, session_name, start_time, end_time,  department_code, department_name, clinic_room_code, clinic_room_name,  doctor_code, doctor_name, doctor_title_code, doctor_title, doctor_spec,  doctor_sess_type_code, doctor_sess_type, service_code, service_name,  fee, reg_fee, checkup_fee, service_fee, other_fee, available_number_str,  admit_address_string, admit_time_range, note, time_range_flag, schedule_status,  available_total_num, available_left_num ) VALUES ( 'SCH_DOC_DEPT004_4_20260323_1', '2026-03-23', '1', '1', '上午', '08:00', '12:00', 'DEPT004', '妇产科', 'ROOM_DEPT004_1', '妇产科门诊5诊室', 'DOC_DEPT004_4', '徐明', '01', '主任医师', '子宫肌瘤微创治疗', '1', '专家门诊', 'SRV_001', '主任医师挂号费', '50.00', '50.00', '0.00', '0.00', '0.00', '1,2,3,4,5,6,7,8,10,11,12,14,15,17', '主楼4层妇产科候诊区', '08:00-12:00', '请提前15分钟候诊', '0', '1', '17', '4' );
INSERT INTO doctor_schedule ( m_code, service_date, week_day, session_code, session_name, start_time, end_time,  department_code, department_name, clinic_room_code, clinic_room_name,  doctor_code, doctor_name, doctor_title_code, doctor_title, doctor_spec,  doctor_sess_type_code, doctor_sess_type, service_code, service_name,  fee, reg_fee, checkup_fee, service_fee, other_fee, available_number_str,  admit_address_string, admit_time_range, note, time_range_flag, schedule_status,  available_total_num, available_left_num ) VALUES ( 'SCH_DOC_DEPT004_4_20260324_2', '2026-03-24', '2', '2', '下午', '13:30', '17:30', 'DEPT004', '妇产科', 'ROOM_DEPT004_1', '妇产科门诊2诊室', 'DOC_DEPT004_4', '徐明', '01', '主任医师', '子宫肌瘤微创治疗', '1', '专家门诊', 'SRV_001', '主任医师挂号费', '20.00', '20.00', '0.00', '0.00', '0.00', '5,7,8,9,12,13,14,15,16,17,18,19,22,23,25', '主楼4层妇产科候诊区', '13:30-17:30', '请提前15分钟候诊', '0', '1', '25', '20' );
INSERT INTO doctor_schedule ( m_code, service_date, week_day, session_code, session_name, start_time, end_time,  department_code, department_name, clinic_room_code, clinic_room_name,  doctor_code, doctor_name, doctor_title_code, doctor_title, doctor_spec,  doctor_sess_type_code, doctor_sess_type, service_code, service_name,  fee, reg_fee, checkup_fee, service_fee, other_fee, available_number_str,  admit_address_string, admit_time_range, note, time_range_flag, schedule_status,  available_total_num, available_left_num ) VALUES ( 'SCH_DOC_DEPT004_4_20260324_1', '2026-03-24', '2', '1', '上午', '08:00', '12:00', 'DEPT004', '妇产科', 'ROOM_DEPT004_3', '妇产科门诊3诊室', 'DOC_DEPT004_4', '徐明', '01', '主任医师', '子宫肌瘤微创治疗', '1', '专家门诊', 'SRV_001', '主任医师挂号费', '20.00', '20.00', '0.00', '0.00', '0.00', '1,2,4,5,6,7,9,10,12,14,16,17,18,19,20,21,22,23,24,25,26,27,29,30,31,32,33,34,36,37,38,39,40', '主楼3层妇产科候诊区', '08:00-12:00', '请提前15分钟候诊', '0', '1', '40', '13' );
INSERT INTO doctor_schedule ( m_code, service_date, week_day, session_code, session_name, start_time, end_time,  department_code, department_name, clinic_room_code, clinic_room_name,  doctor_code, doctor_name, doctor_title_code, doctor_title, doctor_spec,  doctor_sess_type_code, doctor_sess_type, service_code, service_name,  fee, reg_fee, checkup_fee, service_fee, other_fee, available_number_str,  admit_address_string, admit_time_range, note, time_range_flag, schedule_status,  available_total_num, available_left_num ) VALUES ( 'SCH_DOC_DEPT004_4_20260325_1', '2026-03-25', '3', '1', '上午', '08:00', '12:00', 'DEPT004', '妇产科', 'ROOM_DEPT004_3', '妇产科门诊1诊室', 'DOC_DEPT004_4', '徐明', '01', '主任医师', '子宫肌瘤微创治疗', '1', '专家门诊', 'SRV_001', '主任医师挂号费', '15.00', '15.00', '0.00', '0.00', '0.00', '1,3,7,8,9,10,11,13,16', '主楼1层妇产科候诊区', '08:00-12:00', '请提前15分钟候诊', '0', '1', '16', '12' );
INSERT INTO doctor_schedule ( m_code, service_date, week_day, session_code, session_name, start_time, end_time,  department_code, department_name, clinic_room_code, clinic_room_name,  doctor_code, doctor_name, doctor_title_code, doctor_title, doctor_spec,  doctor_sess_type_code, doctor_sess_type, service_code, service_name,  fee, reg_fee, checkup_fee, service_fee, other_fee, available_number_str,  admit_address_string, admit_time_range, note, time_range_flag, schedule_status,  available_total_num, available_left_num ) VALUES ( 'SCH_DOC_DEPT004_4_20260325_2', '2026-03-25', '3', '2', '下午', '13:30', '17:30', 'DEPT004', '妇产科', 'ROOM_DEPT004_4', '妇产科门诊5诊室', 'DOC_DEPT004_4', '徐明', '01', '主任医师', '子宫肌瘤微创治疗', '1', '专家门诊', 'SRV_001', '主任医师挂号费', '50.00', '50.00', '0.00', '0.00', '0.00', '1,3,4,8,9,10,11,12,13,14,15,16,17,18,19,20,22,23,24,25,27,29,34', '主楼5层妇产科候诊区', '13:30-17:30', '请提前15分钟候诊', '0', '1', '35', '35' );
INSERT INTO doctor_schedule ( m_code, service_date, week_day, session_code, session_name, start_time, end_time,  department_code, department_name, clinic_room_code, clinic_room_name,  doctor_code, doctor_name, doctor_title_code, doctor_title, doctor_spec,  doctor_sess_type_code, doctor_sess_type, service_code, service_name,  fee, reg_fee, checkup_fee, service_fee, other_fee, available_number_str,  admit_address_string, admit_time_range, note, time_range_flag, schedule_status,  available_total_num, available_left_num ) VALUES ( 'SCH_DOC_DEPT004_4_20260326_2', '2026-03-26', '4', '2', '下午', '13:30', '17:30', 'DEPT004', '妇产科', 'ROOM_DEPT004_3', '妇产科门诊5诊室', 'DOC_DEPT004_4', '徐明', '01', '主任医师', '子宫肌瘤微创治疗', '1', '专家门诊', 'SRV_001', '主任医师挂号费', '15.00', '15.00', '0.00', '0.00', '0.00', '1,5,6,7,9,16,18,21,23,24', '主楼3层妇产科候诊区', '13:30-17:30', '请提前15分钟候诊', '0', '1', '30', '20' );
INSERT INTO doctor_schedule ( m_code, service_date, week_day, session_code, session_name, start_time, end_time,  department_code, department_name, clinic_room_code, clinic_room_name,  doctor_code, doctor_name, doctor_title_code, doctor_title, doctor_spec,  doctor_sess_type_code, doctor_sess_type, service_code, service_name,  fee, reg_fee, checkup_fee, service_fee, other_fee, available_number_str,  admit_address_string, admit_time_range, note, time_range_flag, schedule_status,  available_total_num, available_left_num ) VALUES ( 'SCH_DOC_DEPT004_4_20260326_1', '2026-03-26', '4', '1', '上午', '08:00', '12:00', 'DEPT004', '妇产科', 'ROOM_DEPT004_5', '妇产科门诊2诊室', 'DOC_DEPT004_4', '徐明', '01', '主任医师', '子宫肌瘤微创治疗', '1', '专家门诊', 'SRV_001', '主任医师挂号费', '20.00', '20.00', '0.00', '0.00', '0.00', '1,2,3,4,5,7,8,9,11,13,14,15,16,18,19,21,23', '主楼4层妇产科候诊区', '08:00-12:00', '请提前15分钟候诊', '0', '1', '23', '17' );
INSERT INTO doctor_schedule ( m_code, service_date, week_day, session_code, session_name, start_time, end_time,  department_code, department_name, clinic_room_code, clinic_room_name,  doctor_code, doctor_name, doctor_title_code, doctor_title, doctor_spec,  doctor_sess_type_code, doctor_sess_type, service_code, service_name,  fee, reg_fee, checkup_fee, service_fee, other_fee, available_number_str,  admit_address_string, admit_time_range, note, time_range_flag, schedule_status,  available_total_num, available_left_num ) VALUES ( 'SCH_DOC_DEPT004_4_20260327_2', '2026-03-27', '5', '2', '下午', '13:30', '17:30', 'DEPT004', '妇产科', 'ROOM_DEPT004_3', '妇产科门诊4诊室', 'DOC_DEPT004_4', '徐明', '01', '主任医师', '子宫肌瘤微创治疗', '1', '专家门诊', 'SRV_001', '主任医师挂号费', '50.00', '50.00', '0.00', '0.00', '0.00', '1,3,5,7,9,10,11,12,13,14,16,18,19,20,21,23,26,30', '主楼1层妇产科候诊区', '13:30-17:30', '请提前15分钟候诊', '0', '1', '30', '15' );
INSERT INTO doctor_schedule ( m_code, service_date, week_day, session_code, session_name, start_time, end_time,  department_code, department_name, clinic_room_code, clinic_room_name,  doctor_code, doctor_name, doctor_title_code, doctor_title, doctor_spec,  doctor_sess_type_code, doctor_sess_type, service_code, service_name,  fee, reg_fee, checkup_fee, service_fee, other_fee, available_number_str,  admit_address_string, admit_time_range, note, time_range_flag, schedule_status,  available_total_num, available_left_num ) VALUES ( 'SCH_DOC_DEPT004_4_20260327_1', '2026-03-27', '5', '1', '上午', '08:00', '12:00', 'DEPT004', '妇产科', 'ROOM_DEPT004_1', '妇产科门诊5诊室', 'DOC_DEPT004_4', '徐明', '01', '主任医师', '子宫肌瘤微创治疗', '1', '专家门诊', 'SRV_001', '主任医师挂号费', '20.00', '20.00', '0.00', '0.00', '0.00', '2,3,4,5,6,8,9,10,13,14,16,17,18,20', '主楼4层妇产科候诊区', '08:00-12:00', '请提前15分钟候诊', '0', '1', '20', '13' );
INSERT INTO doctor_schedule ( m_code, service_date, week_day, session_code, session_name, start_time, end_time,  department_code, department_name, clinic_room_code, clinic_room_name,  doctor_code, doctor_name, doctor_title_code, doctor_title, doctor_spec,  doctor_sess_type_code, doctor_sess_type, service_code, service_name,  fee, reg_fee, checkup_fee, service_fee, other_fee, available_number_str,  admit_address_string, admit_time_range, note, time_range_flag, schedule_status,  available_total_num, available_left_num ) VALUES ( 'SCH_DOC_DEPT004_4_20260328_1', '2026-03-28', '6', '1', '上午', '08:00', '12:00', 'DEPT004', '妇产科', 'ROOM_DEPT004_2', '妇产科门诊5诊室', 'DOC_DEPT004_4', '徐明', '01', '主任医师', '子宫肌瘤微创治疗', '1', '专家门诊', 'SRV_001', '主任医师挂号费', '50.00', '50.00', '0.00', '0.00', '0.00', '2,5,7,11,12,14,16,17,18,19,21,23,24,25,30', '主楼2层妇产科候诊区', '08:00-12:00', '请提前15分钟候诊', '0', '1', '30', '12' );
INSERT INTO doctor (doctor_code, doctor_name, department_code, title, specialty, doctor_des, doctor_image) VALUES ('DOC_DEPT004_5', '赵秀英', 'DEPT004', '主任医师', '围产期并发症管理', '赵秀英主任医师，从事妇产科临床工作6年，医术精湛。他长期致力于围产期并发症管理的诊疗，已成功治愈数千例相关患者。', 'doc_DOC_DEPT004_5.png');
INSERT INTO doctor_schedule ( m_code, service_date, week_day, session_code, session_name, start_time, end_time,  department_code, department_name, clinic_room_code, clinic_room_name,  doctor_code, doctor_name, doctor_title_code, doctor_title, doctor_spec,  doctor_sess_type_code, doctor_sess_type, service_code, service_name,  fee, reg_fee, checkup_fee, service_fee, other_fee, available_number_str,  admit_address_string, admit_time_range, note, time_range_flag, schedule_status,  available_total_num, available_left_num ) VALUES ( 'SCH_DOC_DEPT004_5_20260317_2', '2026-03-17', '2', '2', '下午', '13:30', '17:30', 'DEPT004', '妇产科', 'ROOM_DEPT004_3', '妇产科门诊5诊室', 'DOC_DEPT004_5', '赵秀英', '01', '主任医师', '围产期并发症管理', '1', '专家门诊', 'SRV_001', '主任医师挂号费', '20.00', '20.00', '0.00', '0.00', '0.00', '1,2,3,4,5,8,12,13,14,16,17,18', '主楼6层妇产科候诊区', '13:30-17:30', '请提前15分钟候诊', '0', '1', '19', '17' );
INSERT INTO doctor_schedule ( m_code, service_date, week_day, session_code, session_name, start_time, end_time,  department_code, department_name, clinic_room_code, clinic_room_name,  doctor_code, doctor_name, doctor_title_code, doctor_title, doctor_spec,  doctor_sess_type_code, doctor_sess_type, service_code, service_name,  fee, reg_fee, checkup_fee, service_fee, other_fee, available_number_str,  admit_address_string, admit_time_range, note, time_range_flag, schedule_status,  available_total_num, available_left_num ) VALUES ( 'SCH_DOC_DEPT004_5_20260319_2', '2026-03-19', '4', '2', '下午', '13:30', '17:30', 'DEPT004', '妇产科', 'ROOM_DEPT004_3', '妇产科门诊3诊室', 'DOC_DEPT004_5', '赵秀英', '01', '主任医师', '围产期并发症管理', '1', '专家门诊', 'SRV_001', '主任医师挂号费', '20.00', '20.00', '0.00', '0.00', '0.00', '1,2,3,5,6,7,9,10,11,12,13,14', '主楼3层妇产科候诊区', '13:30-17:30', '请提前15分钟候诊', '0', '1', '15', '15' );
INSERT INTO doctor_schedule ( m_code, service_date, week_day, session_code, session_name, start_time, end_time,  department_code, department_name, clinic_room_code, clinic_room_name,  doctor_code, doctor_name, doctor_title_code, doctor_title, doctor_spec,  doctor_sess_type_code, doctor_sess_type, service_code, service_name,  fee, reg_fee, checkup_fee, service_fee, other_fee, available_number_str,  admit_address_string, admit_time_range, note, time_range_flag, schedule_status,  available_total_num, available_left_num ) VALUES ( 'SCH_DOC_DEPT004_5_20260319_1', '2026-03-19', '4', '1', '上午', '08:00', '12:00', 'DEPT004', '妇产科', 'ROOM_DEPT004_3', '妇产科门诊4诊室', 'DOC_DEPT004_5', '赵秀英', '01', '主任医师', '围产期并发症管理', '1', '专家门诊', 'SRV_001', '主任医师挂号费', '20.00', '20.00', '0.00', '0.00', '0.00', '1,2,6,7,9,10,12,13,14,15,17,19,20,21,22,23,24,25,26,27,28,29', '主楼5层妇产科候诊区', '08:00-12:00', '请提前15分钟候诊', '0', '1', '29', '12' );
INSERT INTO doctor_schedule ( m_code, service_date, week_day, session_code, session_name, start_time, end_time,  department_code, department_name, clinic_room_code, clinic_room_name,  doctor_code, doctor_name, doctor_title_code, doctor_title, doctor_spec,  doctor_sess_type_code, doctor_sess_type, service_code, service_name,  fee, reg_fee, checkup_fee, service_fee, other_fee, available_number_str,  admit_address_string, admit_time_range, note, time_range_flag, schedule_status,  available_total_num, available_left_num ) VALUES ( 'SCH_DOC_DEPT004_5_20260320_2', '2026-03-20', '5', '2', '下午', '13:30', '17:30', 'DEPT004', '妇产科', 'ROOM_DEPT004_1', '妇产科门诊4诊室', 'DOC_DEPT004_5', '赵秀英', '01', '主任医师', '围产期并发症管理', '1', '专家门诊', 'SRV_001', '主任医师挂号费', '50.00', '50.00', '0.00', '0.00', '0.00', '1,4,6,9,10,13,14,16,17,18,19,20,21,22,23,25,28,29,30,31,32,33', '主楼5层妇产科候诊区', '13:30-17:30', '请提前15分钟候诊', '0', '1', '33', '31' );
INSERT INTO doctor_schedule ( m_code, service_date, week_day, session_code, session_name, start_time, end_time,  department_code, department_name, clinic_room_code, clinic_room_name,  doctor_code, doctor_name, doctor_title_code, doctor_title, doctor_spec,  doctor_sess_type_code, doctor_sess_type, service_code, service_name,  fee, reg_fee, checkup_fee, service_fee, other_fee, available_number_str,  admit_address_string, admit_time_range, note, time_range_flag, schedule_status,  available_total_num, available_left_num ) VALUES ( 'SCH_DOC_DEPT004_5_20260321_2', '2026-03-21', '6', '2', '下午', '13:30', '17:30', 'DEPT004', '妇产科', 'ROOM_DEPT004_2', '妇产科门诊1诊室', 'DOC_DEPT004_5', '赵秀英', '01', '主任医师', '围产期并发症管理', '1', '专家门诊', 'SRV_001', '主任医师挂号费', '20.00', '20.00', '0.00', '0.00', '0.00', '1,2,4,6,9,10,11,12,14,15,16,17,18,19,21,22,23,25', '主楼1层妇产科候诊区', '13:30-17:30', '请提前15分钟候诊', '0', '1', '27', '24' );
INSERT INTO doctor_schedule ( m_code, service_date, week_day, session_code, session_name, start_time, end_time,  department_code, department_name, clinic_room_code, clinic_room_name,  doctor_code, doctor_name, doctor_title_code, doctor_title, doctor_spec,  doctor_sess_type_code, doctor_sess_type, service_code, service_name,  fee, reg_fee, checkup_fee, service_fee, other_fee, available_number_str,  admit_address_string, admit_time_range, note, time_range_flag, schedule_status,  available_total_num, available_left_num ) VALUES ( 'SCH_DOC_DEPT004_5_20260322_2', '2026-03-22', '7', '2', '下午', '13:30', '17:30', 'DEPT004', '妇产科', 'ROOM_DEPT004_1', '妇产科门诊2诊室', 'DOC_DEPT004_5', '赵秀英', '01', '主任医师', '围产期并发症管理', '1', '专家门诊', 'SRV_001', '主任医师挂号费', '20.00', '20.00', '0.00', '0.00', '0.00', '2,4,5,6,7,8,9,10,11,12,13,17,18,21,23,25,26,27,29,32,34,35', '主楼4层妇产科候诊区', '13:30-17:30', '请提前15分钟候诊', '0', '1', '35', '16' );
INSERT INTO doctor_schedule ( m_code, service_date, week_day, session_code, session_name, start_time, end_time,  department_code, department_name, clinic_room_code, clinic_room_name,  doctor_code, doctor_name, doctor_title_code, doctor_title, doctor_spec,  doctor_sess_type_code, doctor_sess_type, service_code, service_name,  fee, reg_fee, checkup_fee, service_fee, other_fee, available_number_str,  admit_address_string, admit_time_range, note, time_range_flag, schedule_status,  available_total_num, available_left_num ) VALUES ( 'SCH_DOC_DEPT004_5_20260322_1', '2026-03-22', '7', '1', '上午', '08:00', '12:00', 'DEPT004', '妇产科', 'ROOM_DEPT004_3', '妇产科门诊2诊室', 'DOC_DEPT004_5', '赵秀英', '01', '主任医师', '围产期并发症管理', '1', '专家门诊', 'SRV_001', '主任医师挂号费', '50.00', '50.00', '0.00', '0.00', '0.00', '1,2,4,5,6,7,8,11,12,13,14,15,17,18,19,20,21,22,23,24,25,26,27,28,29,30,31,32,33,34,35,36', '主楼6层妇产科候诊区', '08:00-12:00', '请提前15分钟候诊', '0', '1', '37', '8' );
INSERT INTO doctor_schedule ( m_code, service_date, week_day, session_code, session_name, start_time, end_time,  department_code, department_name, clinic_room_code, clinic_room_name,  doctor_code, doctor_name, doctor_title_code, doctor_title, doctor_spec,  doctor_sess_type_code, doctor_sess_type, service_code, service_name,  fee, reg_fee, checkup_fee, service_fee, other_fee, available_number_str,  admit_address_string, admit_time_range, note, time_range_flag, schedule_status,  available_total_num, available_left_num ) VALUES ( 'SCH_DOC_DEPT004_5_20260323_2', '2026-03-23', '1', '2', '下午', '13:30', '17:30', 'DEPT004', '妇产科', 'ROOM_DEPT004_1', '妇产科门诊2诊室', 'DOC_DEPT004_5', '赵秀英', '01', '主任医师', '围产期并发症管理', '1', '专家门诊', 'SRV_001', '主任医师挂号费', '50.00', '50.00', '0.00', '0.00', '0.00', '1,2,3,4,5,6,7,9,11,12,13,14,15,16,19,20,21,23,24,25,26,28,30,31,32,35,36,37', '主楼6层妇产科候诊区', '13:30-17:30', '请提前15分钟候诊', '0', '1', '38', '14' );
INSERT INTO doctor_schedule ( m_code, service_date, week_day, session_code, session_name, start_time, end_time,  department_code, department_name, clinic_room_code, clinic_room_name,  doctor_code, doctor_name, doctor_title_code, doctor_title, doctor_spec,  doctor_sess_type_code, doctor_sess_type, service_code, service_name,  fee, reg_fee, checkup_fee, service_fee, other_fee, available_number_str,  admit_address_string, admit_time_range, note, time_range_flag, schedule_status,  available_total_num, available_left_num ) VALUES ( 'SCH_DOC_DEPT004_5_20260323_1', '2026-03-23', '1', '1', '上午', '08:00', '12:00', 'DEPT004', '妇产科', 'ROOM_DEPT004_1', '妇产科门诊1诊室', 'DOC_DEPT004_5', '赵秀英', '01', '主任医师', '围产期并发症管理', '1', '专家门诊', 'SRV_001', '主任医师挂号费', '50.00', '50.00', '0.00', '0.00', '0.00', '1,2,3,4,5,6,9,10,11,12,13,15,16,17,18,20,21,25,26,27,28', '主楼1层妇产科候诊区', '08:00-12:00', '请提前15分钟候诊', '0', '1', '28', '12' );
INSERT INTO doctor_schedule ( m_code, service_date, week_day, session_code, session_name, start_time, end_time,  department_code, department_name, clinic_room_code, clinic_room_name,  doctor_code, doctor_name, doctor_title_code, doctor_title, doctor_spec,  doctor_sess_type_code, doctor_sess_type, service_code, service_name,  fee, reg_fee, checkup_fee, service_fee, other_fee, available_number_str,  admit_address_string, admit_time_range, note, time_range_flag, schedule_status,  available_total_num, available_left_num ) VALUES ( 'SCH_DOC_DEPT004_5_20260324_1', '2026-03-24', '2', '1', '上午', '08:00', '12:00', 'DEPT004', '妇产科', 'ROOM_DEPT004_5', '妇产科门诊1诊室', 'DOC_DEPT004_5', '赵秀英', '01', '主任医师', '围产期并发症管理', '1', '专家门诊', 'SRV_001', '主任医师挂号费', '15.00', '15.00', '0.00', '0.00', '0.00', '1,2,3,4,5,7,8,10,11,12,13,14,15,16,17,18,21,22,27,29,30,31,33,35,36', '主楼1层妇产科候诊区', '08:00-12:00', '请提前15分钟候诊', '0', '1', '36', '17' );
INSERT INTO doctor_schedule ( m_code, service_date, week_day, session_code, session_name, start_time, end_time,  department_code, department_name, clinic_room_code, clinic_room_name,  doctor_code, doctor_name, doctor_title_code, doctor_title, doctor_spec,  doctor_sess_type_code, doctor_sess_type, service_code, service_name,  fee, reg_fee, checkup_fee, service_fee, other_fee, available_number_str,  admit_address_string, admit_time_range, note, time_range_flag, schedule_status,  available_total_num, available_left_num ) VALUES ( 'SCH_DOC_DEPT004_5_20260326_2', '2026-03-26', '4', '2', '下午', '13:30', '17:30', 'DEPT004', '妇产科', 'ROOM_DEPT004_5', '妇产科门诊1诊室', 'DOC_DEPT004_5', '赵秀英', '01', '主任医师', '围产期并发症管理', '1', '专家门诊', 'SRV_001', '主任医师挂号费', '15.00', '15.00', '0.00', '0.00', '0.00', '3,4,5,6,8,10,11,12,13,16,17,18,19,20,21,22,23,24,25,26,27,28,29,30,31,32,35,36', '主楼4层妇产科候诊区', '13:30-17:30', '请提前15分钟候诊', '0', '1', '37', '32' );
INSERT INTO doctor_schedule ( m_code, service_date, week_day, session_code, session_name, start_time, end_time,  department_code, department_name, clinic_room_code, clinic_room_name,  doctor_code, doctor_name, doctor_title_code, doctor_title, doctor_spec,  doctor_sess_type_code, doctor_sess_type, service_code, service_name,  fee, reg_fee, checkup_fee, service_fee, other_fee, available_number_str,  admit_address_string, admit_time_range, note, time_range_flag, schedule_status,  available_total_num, available_left_num ) VALUES ( 'SCH_DOC_DEPT004_5_20260326_1', '2026-03-26', '4', '1', '上午', '08:00', '12:00', 'DEPT004', '妇产科', 'ROOM_DEPT004_2', '妇产科门诊4诊室', 'DOC_DEPT004_5', '赵秀英', '01', '主任医师', '围产期并发症管理', '1', '专家门诊', 'SRV_001', '主任医师挂号费', '20.00', '20.00', '0.00', '0.00', '0.00', '1,2,3,4,6,10,11,13,14,16,18', '主楼4层妇产科候诊区', '08:00-12:00', '请提前15分钟候诊', '0', '1', '19', '11' );
INSERT INTO doctor_schedule ( m_code, service_date, week_day, session_code, session_name, start_time, end_time,  department_code, department_name, clinic_room_code, clinic_room_name,  doctor_code, doctor_name, doctor_title_code, doctor_title, doctor_spec,  doctor_sess_type_code, doctor_sess_type, service_code, service_name,  fee, reg_fee, checkup_fee, service_fee, other_fee, available_number_str,  admit_address_string, admit_time_range, note, time_range_flag, schedule_status,  available_total_num, available_left_num ) VALUES ( 'SCH_DOC_DEPT004_5_20260327_1', '2026-03-27', '5', '1', '上午', '08:00', '12:00', 'DEPT004', '妇产科', 'ROOM_DEPT004_5', '妇产科门诊2诊室', 'DOC_DEPT004_5', '赵秀英', '01', '主任医师', '围产期并发症管理', '1', '专家门诊', 'SRV_001', '主任医师挂号费', '20.00', '20.00', '0.00', '0.00', '0.00', '1,3,4,5,8,9,10,11,13,14,15,16,17,18,19,20,21,23,24,25,26,27', '主楼5层妇产科候诊区', '08:00-12:00', '请提前15分钟候诊', '0', '1', '27', '21' );
INSERT INTO doctor_schedule ( m_code, service_date, week_day, session_code, session_name, start_time, end_time,  department_code, department_name, clinic_room_code, clinic_room_name,  doctor_code, doctor_name, doctor_title_code, doctor_title, doctor_spec,  doctor_sess_type_code, doctor_sess_type, service_code, service_name,  fee, reg_fee, checkup_fee, service_fee, other_fee, available_number_str,  admit_address_string, admit_time_range, note, time_range_flag, schedule_status,  available_total_num, available_left_num ) VALUES ( 'SCH_DOC_DEPT004_5_20260329_2', '2026-03-29', '7', '2', '下午', '13:30', '17:30', 'DEPT004', '妇产科', 'ROOM_DEPT004_4', '妇产科门诊1诊室', 'DOC_DEPT004_5', '赵秀英', '01', '主任医师', '围产期并发症管理', '1', '专家门诊', 'SRV_001', '主任医师挂号费', '50.00', '50.00', '0.00', '0.00', '0.00', '1,2,3,4,5,7,9,10,11,12,13,14,16,18,21,22,23,25,26,27,28,29,30,31,32,33,34', '主楼5层妇产科候诊区', '13:30-17:30', '请提前15分钟候诊', '0', '1', '34', '11' );
INSERT INTO doctor (doctor_code, doctor_name, department_code, title, specialty, doctor_des, doctor_image) VALUES ('DOC_DEPT005_1', '林超', 'DEPT005', '副主任医师', '白内障超声乳化', '林超副主任医师，从事眼科临床工作30年，待人亲切。她长期致力于白内障超声乳化的诊疗，已成功治愈数千例相关患者。', 'doc_DOC_DEPT005_1.png');
INSERT INTO doctor_schedule ( m_code, service_date, week_day, session_code, session_name, start_time, end_time,  department_code, department_name, clinic_room_code, clinic_room_name,  doctor_code, doctor_name, doctor_title_code, doctor_title, doctor_spec,  doctor_sess_type_code, doctor_sess_type, service_code, service_name,  fee, reg_fee, checkup_fee, service_fee, other_fee, available_number_str,  admit_address_string, admit_time_range, note, time_range_flag, schedule_status,  available_total_num, available_left_num ) VALUES ( 'SCH_DOC_DEPT005_1_20260317_1', '2026-03-17', '2', '1', '上午', '08:00', '12:00', 'DEPT005', '眼科', 'ROOM_DEPT005_4', '眼科门诊1诊室', 'DOC_DEPT005_1', '林超', '02', '副主任医师', '白内障超声乳化', '1', '专家门诊', 'SRV_001', '副主任医师挂号费', '15.00', '15.00', '0.00', '0.00', '0.00', '2,5,8,10,11,12,13,15,16,17,19,22,23,24,26,27,28,29,30,31,32,33,34,35', '主楼4层眼科候诊区', '08:00-12:00', '请提前15分钟候诊', '0', '1', '35', '23' );
INSERT INTO doctor_schedule ( m_code, service_date, week_day, session_code, session_name, start_time, end_time,  department_code, department_name, clinic_room_code, clinic_room_name,  doctor_code, doctor_name, doctor_title_code, doctor_title, doctor_spec,  doctor_sess_type_code, doctor_sess_type, service_code, service_name,  fee, reg_fee, checkup_fee, service_fee, other_fee, available_number_str,  admit_address_string, admit_time_range, note, time_range_flag, schedule_status,  available_total_num, available_left_num ) VALUES ( 'SCH_DOC_DEPT005_1_20260317_2', '2026-03-17', '2', '2', '下午', '13:30', '17:30', 'DEPT005', '眼科', 'ROOM_DEPT005_4', '眼科门诊1诊室', 'DOC_DEPT005_1', '林超', '02', '副主任医师', '白内障超声乳化', '1', '专家门诊', 'SRV_001', '副主任医师挂号费', '15.00', '15.00', '0.00', '0.00', '0.00', '1,2,3,4,7,8,11,12,13,14,15,16,17,18,20,22,23,24,25,26,27,28,29,30', '主楼6层眼科候诊区', '13:30-17:30', '请提前15分钟候诊', '0', '1', '30', '24' );
INSERT INTO doctor_schedule ( m_code, service_date, week_day, session_code, session_name, start_time, end_time,  department_code, department_name, clinic_room_code, clinic_room_name,  doctor_code, doctor_name, doctor_title_code, doctor_title, doctor_spec,  doctor_sess_type_code, doctor_sess_type, service_code, service_name,  fee, reg_fee, checkup_fee, service_fee, other_fee, available_number_str,  admit_address_string, admit_time_range, note, time_range_flag, schedule_status,  available_total_num, available_left_num ) VALUES ( 'SCH_DOC_DEPT005_1_20260318_2', '2026-03-18', '3', '2', '下午', '13:30', '17:30', 'DEPT005', '眼科', 'ROOM_DEPT005_3', '眼科门诊1诊室', 'DOC_DEPT005_1', '林超', '02', '副主任医师', '白内障超声乳化', '1', '专家门诊', 'SRV_001', '副主任医师挂号费', '20.00', '20.00', '0.00', '0.00', '0.00', '1,2,3,4,5,6,7,8,9,10,11,12,14,15', '主楼5层眼科候诊区', '13:30-17:30', '请提前15分钟候诊', '0', '1', '15', '9' );
INSERT INTO doctor_schedule ( m_code, service_date, week_day, session_code, session_name, start_time, end_time,  department_code, department_name, clinic_room_code, clinic_room_name,  doctor_code, doctor_name, doctor_title_code, doctor_title, doctor_spec,  doctor_sess_type_code, doctor_sess_type, service_code, service_name,  fee, reg_fee, checkup_fee, service_fee, other_fee, available_number_str,  admit_address_string, admit_time_range, note, time_range_flag, schedule_status,  available_total_num, available_left_num ) VALUES ( 'SCH_DOC_DEPT005_1_20260320_1', '2026-03-20', '5', '1', '上午', '08:00', '12:00', 'DEPT005', '眼科', 'ROOM_DEPT005_5', '眼科门诊2诊室', 'DOC_DEPT005_1', '林超', '02', '副主任医师', '白内障超声乳化', '1', '专家门诊', 'SRV_001', '副主任医师挂号费', '15.00', '15.00', '0.00', '0.00', '0.00', '1,2,3,4,5,6,7,8,10,12,13,16,17,19,20,22', '主楼2层眼科候诊区', '08:00-12:00', '请提前15分钟候诊', '0', '1', '22', '12' );
INSERT INTO doctor_schedule ( m_code, service_date, week_day, session_code, session_name, start_time, end_time,  department_code, department_name, clinic_room_code, clinic_room_name,  doctor_code, doctor_name, doctor_title_code, doctor_title, doctor_spec,  doctor_sess_type_code, doctor_sess_type, service_code, service_name,  fee, reg_fee, checkup_fee, service_fee, other_fee, available_number_str,  admit_address_string, admit_time_range, note, time_range_flag, schedule_status,  available_total_num, available_left_num ) VALUES ( 'SCH_DOC_DEPT005_1_20260320_2', '2026-03-20', '5', '2', '下午', '13:30', '17:30', 'DEPT005', '眼科', 'ROOM_DEPT005_3', '眼科门诊1诊室', 'DOC_DEPT005_1', '林超', '02', '副主任医师', '白内障超声乳化', '1', '专家门诊', 'SRV_001', '副主任医师挂号费', '15.00', '15.00', '0.00', '0.00', '0.00', '1,2,3,6,7,8,14,15,16,17,18,20,21,22', '主楼6层眼科候诊区', '13:30-17:30', '请提前15分钟候诊', '0', '1', '23', '23' );
INSERT INTO doctor_schedule ( m_code, service_date, week_day, session_code, session_name, start_time, end_time,  department_code, department_name, clinic_room_code, clinic_room_name,  doctor_code, doctor_name, doctor_title_code, doctor_title, doctor_spec,  doctor_sess_type_code, doctor_sess_type, service_code, service_name,  fee, reg_fee, checkup_fee, service_fee, other_fee, available_number_str,  admit_address_string, admit_time_range, note, time_range_flag, schedule_status,  available_total_num, available_left_num ) VALUES ( 'SCH_DOC_DEPT005_1_20260321_2', '2026-03-21', '6', '2', '下午', '13:30', '17:30', 'DEPT005', '眼科', 'ROOM_DEPT005_3', '眼科门诊3诊室', 'DOC_DEPT005_1', '林超', '02', '副主任医师', '白内障超声乳化', '1', '专家门诊', 'SRV_001', '副主任医师挂号费', '20.00', '20.00', '0.00', '0.00', '0.00', '1,3,5,6,7,8,9,10,11,13,14,15', '主楼6层眼科候诊区', '13:30-17:30', '请提前15分钟候诊', '0', '1', '16', '9' );
INSERT INTO doctor_schedule ( m_code, service_date, week_day, session_code, session_name, start_time, end_time,  department_code, department_name, clinic_room_code, clinic_room_name,  doctor_code, doctor_name, doctor_title_code, doctor_title, doctor_spec,  doctor_sess_type_code, doctor_sess_type, service_code, service_name,  fee, reg_fee, checkup_fee, service_fee, other_fee, available_number_str,  admit_address_string, admit_time_range, note, time_range_flag, schedule_status,  available_total_num, available_left_num ) VALUES ( 'SCH_DOC_DEPT005_1_20260322_2', '2026-03-22', '7', '2', '下午', '13:30', '17:30', 'DEPT005', '眼科', 'ROOM_DEPT005_4', '眼科门诊2诊室', 'DOC_DEPT005_1', '林超', '02', '副主任医师', '白内障超声乳化', '1', '专家门诊', 'SRV_001', '副主任医师挂号费', '50.00', '50.00', '0.00', '0.00', '0.00', '1,2,3,4,5,6,7,9,10,11,13,14,15,17,18,19,21,22,23,24,25,26,27,28,29,30,32,33,35', '主楼5层眼科候诊区', '13:30-17:30', '请提前15分钟候诊', '0', '1', '38', '30' );
INSERT INTO doctor_schedule ( m_code, service_date, week_day, session_code, session_name, start_time, end_time,  department_code, department_name, clinic_room_code, clinic_room_name,  doctor_code, doctor_name, doctor_title_code, doctor_title, doctor_spec,  doctor_sess_type_code, doctor_sess_type, service_code, service_name,  fee, reg_fee, checkup_fee, service_fee, other_fee, available_number_str,  admit_address_string, admit_time_range, note, time_range_flag, schedule_status,  available_total_num, available_left_num ) VALUES ( 'SCH_DOC_DEPT005_1_20260323_2', '2026-03-23', '1', '2', '下午', '13:30', '17:30', 'DEPT005', '眼科', 'ROOM_DEPT005_4', '眼科门诊5诊室', 'DOC_DEPT005_1', '林超', '02', '副主任医师', '白内障超声乳化', '1', '专家门诊', 'SRV_001', '副主任医师挂号费', '50.00', '50.00', '0.00', '0.00', '0.00', '1,2,3,4,5,6,8,9,10,11,14,15,17,18,19,21,24,25,26,27,28,29,30', '主楼5层眼科候诊区', '13:30-17:30', '请提前15分钟候诊', '0', '1', '30', '7' );
INSERT INTO doctor_schedule ( m_code, service_date, week_day, session_code, session_name, start_time, end_time,  department_code, department_name, clinic_room_code, clinic_room_name,  doctor_code, doctor_name, doctor_title_code, doctor_title, doctor_spec,  doctor_sess_type_code, doctor_sess_type, service_code, service_name,  fee, reg_fee, checkup_fee, service_fee, other_fee, available_number_str,  admit_address_string, admit_time_range, note, time_range_flag, schedule_status,  available_total_num, available_left_num ) VALUES ( 'SCH_DOC_DEPT005_1_20260324_2', '2026-03-24', '2', '2', '下午', '13:30', '17:30', 'DEPT005', '眼科', 'ROOM_DEPT005_2', '眼科门诊2诊室', 'DOC_DEPT005_1', '林超', '02', '副主任医师', '白内障超声乳化', '1', '专家门诊', 'SRV_001', '副主任医师挂号费', '50.00', '50.00', '0.00', '0.00', '0.00', '2,3,4,5,6,7,9,11,13', '主楼2层眼科候诊区', '13:30-17:30', '请提前15分钟候诊', '0', '1', '15', '9' );
INSERT INTO doctor_schedule ( m_code, service_date, week_day, session_code, session_name, start_time, end_time,  department_code, department_name, clinic_room_code, clinic_room_name,  doctor_code, doctor_name, doctor_title_code, doctor_title, doctor_spec,  doctor_sess_type_code, doctor_sess_type, service_code, service_name,  fee, reg_fee, checkup_fee, service_fee, other_fee, available_number_str,  admit_address_string, admit_time_range, note, time_range_flag, schedule_status,  available_total_num, available_left_num ) VALUES ( 'SCH_DOC_DEPT005_1_20260324_1', '2026-03-24', '2', '1', '上午', '08:00', '12:00', 'DEPT005', '眼科', 'ROOM_DEPT005_3', '眼科门诊1诊室', 'DOC_DEPT005_1', '林超', '02', '副主任医师', '白内障超声乳化', '1', '专家门诊', 'SRV_001', '副主任医师挂号费', '50.00', '50.00', '0.00', '0.00', '0.00', '1,2,5,6,8,9,11,12,15,16,17,18,19,21,22,24,26,27,31,32,33', '主楼2层眼科候诊区', '08:00-12:00', '请提前15分钟候诊', '0', '1', '35', '8' );
INSERT INTO doctor_schedule ( m_code, service_date, week_day, session_code, session_name, start_time, end_time,  department_code, department_name, clinic_room_code, clinic_room_name,  doctor_code, doctor_name, doctor_title_code, doctor_title, doctor_spec,  doctor_sess_type_code, doctor_sess_type, service_code, service_name,  fee, reg_fee, checkup_fee, service_fee, other_fee, available_number_str,  admit_address_string, admit_time_range, note, time_range_flag, schedule_status,  available_total_num, available_left_num ) VALUES ( 'SCH_DOC_DEPT005_1_20260326_2', '2026-03-26', '4', '2', '下午', '13:30', '17:30', 'DEPT005', '眼科', 'ROOM_DEPT005_4', '眼科门诊2诊室', 'DOC_DEPT005_1', '林超', '02', '副主任医师', '白内障超声乳化', '1', '专家门诊', 'SRV_001', '副主任医师挂号费', '50.00', '50.00', '0.00', '0.00', '0.00', '2,4,5,8,9,10,11,12,17,18,20,21,22,23,26', '主楼2层眼科候诊区', '13:30-17:30', '请提前15分钟候诊', '0', '1', '26', '23' );
INSERT INTO doctor_schedule ( m_code, service_date, week_day, session_code, session_name, start_time, end_time,  department_code, department_name, clinic_room_code, clinic_room_name,  doctor_code, doctor_name, doctor_title_code, doctor_title, doctor_spec,  doctor_sess_type_code, doctor_sess_type, service_code, service_name,  fee, reg_fee, checkup_fee, service_fee, other_fee, available_number_str,  admit_address_string, admit_time_range, note, time_range_flag, schedule_status,  available_total_num, available_left_num ) VALUES ( 'SCH_DOC_DEPT005_1_20260326_1', '2026-03-26', '4', '1', '上午', '08:00', '12:00', 'DEPT005', '眼科', 'ROOM_DEPT005_3', '眼科门诊1诊室', 'DOC_DEPT005_1', '林超', '02', '副主任医师', '白内障超声乳化', '1', '专家门诊', 'SRV_001', '副主任医师挂号费', '20.00', '20.00', '0.00', '0.00', '0.00', '2,3,5,12,18,19,20,21,22,24', '主楼5层眼科候诊区', '08:00-12:00', '请提前15分钟候诊', '0', '1', '24', '11' );
INSERT INTO doctor_schedule ( m_code, service_date, week_day, session_code, session_name, start_time, end_time,  department_code, department_name, clinic_room_code, clinic_room_name,  doctor_code, doctor_name, doctor_title_code, doctor_title, doctor_spec,  doctor_sess_type_code, doctor_sess_type, service_code, service_name,  fee, reg_fee, checkup_fee, service_fee, other_fee, available_number_str,  admit_address_string, admit_time_range, note, time_range_flag, schedule_status,  available_total_num, available_left_num ) VALUES ( 'SCH_DOC_DEPT005_1_20260327_2', '2026-03-27', '5', '2', '下午', '13:30', '17:30', 'DEPT005', '眼科', 'ROOM_DEPT005_5', '眼科门诊3诊室', 'DOC_DEPT005_1', '林超', '02', '副主任医师', '白内障超声乳化', '1', '专家门诊', 'SRV_001', '副主任医师挂号费', '15.00', '15.00', '0.00', '0.00', '0.00', '4,6,7,9,10,11,12,14,15,16,17,19,20,21,22', '主楼6层眼科候诊区', '13:30-17:30', '请提前15分钟候诊', '0', '1', '23', '9' );
INSERT INTO doctor_schedule ( m_code, service_date, week_day, session_code, session_name, start_time, end_time,  department_code, department_name, clinic_room_code, clinic_room_name,  doctor_code, doctor_name, doctor_title_code, doctor_title, doctor_spec,  doctor_sess_type_code, doctor_sess_type, service_code, service_name,  fee, reg_fee, checkup_fee, service_fee, other_fee, available_number_str,  admit_address_string, admit_time_range, note, time_range_flag, schedule_status,  available_total_num, available_left_num ) VALUES ( 'SCH_DOC_DEPT005_1_20260328_1', '2026-03-28', '6', '1', '上午', '08:00', '12:00', 'DEPT005', '眼科', 'ROOM_DEPT005_1', '眼科门诊2诊室', 'DOC_DEPT005_1', '林超', '02', '副主任医师', '白内障超声乳化', '1', '专家门诊', 'SRV_001', '副主任医师挂号费', '50.00', '50.00', '0.00', '0.00', '0.00', '1,2,3,5,6,7,10,11,12,13,14,15,16,17,18,19,20,22,23,24,25,27,28,29,30,32,33', '主楼2层眼科候诊区', '08:00-12:00', '请提前15分钟候诊', '0', '1', '33', '8' );
INSERT INTO doctor_schedule ( m_code, service_date, week_day, session_code, session_name, start_time, end_time,  department_code, department_name, clinic_room_code, clinic_room_name,  doctor_code, doctor_name, doctor_title_code, doctor_title, doctor_spec,  doctor_sess_type_code, doctor_sess_type, service_code, service_name,  fee, reg_fee, checkup_fee, service_fee, other_fee, available_number_str,  admit_address_string, admit_time_range, note, time_range_flag, schedule_status,  available_total_num, available_left_num ) VALUES ( 'SCH_DOC_DEPT005_1_20260329_1', '2026-03-29', '7', '1', '上午', '08:00', '12:00', 'DEPT005', '眼科', 'ROOM_DEPT005_3', '眼科门诊1诊室', 'DOC_DEPT005_1', '林超', '02', '副主任医师', '白内障超声乳化', '1', '专家门诊', 'SRV_001', '副主任医师挂号费', '20.00', '20.00', '0.00', '0.00', '0.00', '1,2,5,7,9,10,11,12,13,14,15,16,17,21', '主楼5层眼科候诊区', '08:00-12:00', '请提前15分钟候诊', '0', '1', '21', '8' );
INSERT INTO doctor_schedule ( m_code, service_date, week_day, session_code, session_name, start_time, end_time,  department_code, department_name, clinic_room_code, clinic_room_name,  doctor_code, doctor_name, doctor_title_code, doctor_title, doctor_spec,  doctor_sess_type_code, doctor_sess_type, service_code, service_name,  fee, reg_fee, checkup_fee, service_fee, other_fee, available_number_str,  admit_address_string, admit_time_range, note, time_range_flag, schedule_status,  available_total_num, available_left_num ) VALUES ( 'SCH_DOC_DEPT005_1_20260329_2', '2026-03-29', '7', '2', '下午', '13:30', '17:30', 'DEPT005', '眼科', 'ROOM_DEPT005_5', '眼科门诊5诊室', 'DOC_DEPT005_1', '林超', '02', '副主任医师', '白内障超声乳化', '1', '专家门诊', 'SRV_001', '副主任医师挂号费', '50.00', '50.00', '0.00', '0.00', '0.00', '3,4,5,6,8,10,11,12,13,15,16,17,18,19,20,22,23,24,25,26,27', '主楼3层眼科候诊区', '13:30-17:30', '请提前15分钟候诊', '0', '1', '27', '25' );
INSERT INTO doctor (doctor_code, doctor_name, department_code, title, specialty, doctor_des, doctor_image) VALUES ('DOC_DEPT005_2', '朱伟', 'DEPT005', '主任医师', '青少年近视防控', '朱伟主任医师，从事眼科临床工作18年，专业严谨。她擅长青少年近视防控的诊疗，已成功治愈数千例相关患者。', 'doc_DOC_DEPT005_2.png');
INSERT INTO doctor_schedule ( m_code, service_date, week_day, session_code, session_name, start_time, end_time,  department_code, department_name, clinic_room_code, clinic_room_name,  doctor_code, doctor_name, doctor_title_code, doctor_title, doctor_spec,  doctor_sess_type_code, doctor_sess_type, service_code, service_name,  fee, reg_fee, checkup_fee, service_fee, other_fee, available_number_str,  admit_address_string, admit_time_range, note, time_range_flag, schedule_status,  available_total_num, available_left_num ) VALUES ( 'SCH_DOC_DEPT005_2_20260316_1', '2026-03-16', '1', '1', '上午', '08:00', '12:00', 'DEPT005', '眼科', 'ROOM_DEPT005_1', '眼科门诊5诊室', 'DOC_DEPT005_2', '朱伟', '01', '主任医师', '青少年近视防控', '1', '专家门诊', 'SRV_001', '主任医师挂号费', '15.00', '15.00', '0.00', '0.00', '0.00', '1,3,4,5,6,8,9,12,14,15,16,17,19,21,23,24,25,26,27,28,29,30,31,32,33,34,35,36,37,38', '主楼3层眼科候诊区', '08:00-12:00', '请提前15分钟候诊', '0', '1', '40', '37' );
INSERT INTO doctor_schedule ( m_code, service_date, week_day, session_code, session_name, start_time, end_time,  department_code, department_name, clinic_room_code, clinic_room_name,  doctor_code, doctor_name, doctor_title_code, doctor_title, doctor_spec,  doctor_sess_type_code, doctor_sess_type, service_code, service_name,  fee, reg_fee, checkup_fee, service_fee, other_fee, available_number_str,  admit_address_string, admit_time_range, note, time_range_flag, schedule_status,  available_total_num, available_left_num ) VALUES ( 'SCH_DOC_DEPT005_2_20260317_2', '2026-03-17', '2', '2', '下午', '13:30', '17:30', 'DEPT005', '眼科', 'ROOM_DEPT005_1', '眼科门诊5诊室', 'DOC_DEPT005_2', '朱伟', '01', '主任医师', '青少年近视防控', '1', '专家门诊', 'SRV_001', '主任医师挂号费', '50.00', '50.00', '0.00', '0.00', '0.00', '1,2,3,6,12,13,14,16,18,19', '主楼2层眼科候诊区', '13:30-17:30', '请提前15分钟候诊', '0', '1', '20', '17' );
INSERT INTO doctor_schedule ( m_code, service_date, week_day, session_code, session_name, start_time, end_time,  department_code, department_name, clinic_room_code, clinic_room_name,  doctor_code, doctor_name, doctor_title_code, doctor_title, doctor_spec,  doctor_sess_type_code, doctor_sess_type, service_code, service_name,  fee, reg_fee, checkup_fee, service_fee, other_fee, available_number_str,  admit_address_string, admit_time_range, note, time_range_flag, schedule_status,  available_total_num, available_left_num ) VALUES ( 'SCH_DOC_DEPT005_2_20260317_1', '2026-03-17', '2', '1', '上午', '08:00', '12:00', 'DEPT005', '眼科', 'ROOM_DEPT005_1', '眼科门诊4诊室', 'DOC_DEPT005_2', '朱伟', '01', '主任医师', '青少年近视防控', '1', '专家门诊', 'SRV_001', '主任医师挂号费', '20.00', '20.00', '0.00', '0.00', '0.00', '1,3,4,5,6,7,8,9,10,14,17,18,19,21,22,24', '主楼3层眼科候诊区', '08:00-12:00', '请提前15分钟候诊', '0', '1', '25', '20' );
INSERT INTO doctor_schedule ( m_code, service_date, week_day, session_code, session_name, start_time, end_time,  department_code, department_name, clinic_room_code, clinic_room_name,  doctor_code, doctor_name, doctor_title_code, doctor_title, doctor_spec,  doctor_sess_type_code, doctor_sess_type, service_code, service_name,  fee, reg_fee, checkup_fee, service_fee, other_fee, available_number_str,  admit_address_string, admit_time_range, note, time_range_flag, schedule_status,  available_total_num, available_left_num ) VALUES ( 'SCH_DOC_DEPT005_2_20260319_1', '2026-03-19', '4', '1', '上午', '08:00', '12:00', 'DEPT005', '眼科', 'ROOM_DEPT005_1', '眼科门诊4诊室', 'DOC_DEPT005_2', '朱伟', '01', '主任医师', '青少年近视防控', '1', '专家门诊', 'SRV_001', '主任医师挂号费', '20.00', '20.00', '0.00', '0.00', '0.00', '1,3,4,5,6,7,8,9,11,13,15,16', '主楼1层眼科候诊区', '08:00-12:00', '请提前15分钟候诊', '0', '1', '16', '16' );
INSERT INTO doctor_schedule ( m_code, service_date, week_day, session_code, session_name, start_time, end_time,  department_code, department_name, clinic_room_code, clinic_room_name,  doctor_code, doctor_name, doctor_title_code, doctor_title, doctor_spec,  doctor_sess_type_code, doctor_sess_type, service_code, service_name,  fee, reg_fee, checkup_fee, service_fee, other_fee, available_number_str,  admit_address_string, admit_time_range, note, time_range_flag, schedule_status,  available_total_num, available_left_num ) VALUES ( 'SCH_DOC_DEPT005_2_20260319_2', '2026-03-19', '4', '2', '下午', '13:30', '17:30', 'DEPT005', '眼科', 'ROOM_DEPT005_5', '眼科门诊2诊室', 'DOC_DEPT005_2', '朱伟', '01', '主任医师', '青少年近视防控', '1', '专家门诊', 'SRV_001', '主任医师挂号费', '20.00', '20.00', '0.00', '0.00', '0.00', '1,2,3,4,5,6,9,10,11,12,13,15,17,21', '主楼4层眼科候诊区', '13:30-17:30', '请提前15分钟候诊', '0', '1', '22', '12' );
INSERT INTO doctor_schedule ( m_code, service_date, week_day, session_code, session_name, start_time, end_time,  department_code, department_name, clinic_room_code, clinic_room_name,  doctor_code, doctor_name, doctor_title_code, doctor_title, doctor_spec,  doctor_sess_type_code, doctor_sess_type, service_code, service_name,  fee, reg_fee, checkup_fee, service_fee, other_fee, available_number_str,  admit_address_string, admit_time_range, note, time_range_flag, schedule_status,  available_total_num, available_left_num ) VALUES ( 'SCH_DOC_DEPT005_2_20260320_2', '2026-03-20', '5', '2', '下午', '13:30', '17:30', 'DEPT005', '眼科', 'ROOM_DEPT005_4', '眼科门诊5诊室', 'DOC_DEPT005_2', '朱伟', '01', '主任医师', '青少年近视防控', '1', '专家门诊', 'SRV_001', '主任医师挂号费', '20.00', '20.00', '0.00', '0.00', '0.00', '1,2,3,4,5,6,7,9,10,12,14,15,17,18,19,20,21,22,27,29', '主楼6层眼科候诊区', '13:30-17:30', '请提前15分钟候诊', '0', '1', '29', '28' );
INSERT INTO doctor_schedule ( m_code, service_date, week_day, session_code, session_name, start_time, end_time,  department_code, department_name, clinic_room_code, clinic_room_name,  doctor_code, doctor_name, doctor_title_code, doctor_title, doctor_spec,  doctor_sess_type_code, doctor_sess_type, service_code, service_name,  fee, reg_fee, checkup_fee, service_fee, other_fee, available_number_str,  admit_address_string, admit_time_range, note, time_range_flag, schedule_status,  available_total_num, available_left_num ) VALUES ( 'SCH_DOC_DEPT005_2_20260321_2', '2026-03-21', '6', '2', '下午', '13:30', '17:30', 'DEPT005', '眼科', 'ROOM_DEPT005_3', '眼科门诊2诊室', 'DOC_DEPT005_2', '朱伟', '01', '主任医师', '青少年近视防控', '1', '专家门诊', 'SRV_001', '主任医师挂号费', '15.00', '15.00', '0.00', '0.00', '0.00', '1,3,4,5,7,8,9,11,12,14,15,16,17,18,20,23,25,26,27,28,31', '主楼5层眼科候诊区', '13:30-17:30', '请提前15分钟候诊', '0', '1', '31', '18' );
INSERT INTO doctor_schedule ( m_code, service_date, week_day, session_code, session_name, start_time, end_time,  department_code, department_name, clinic_room_code, clinic_room_name,  doctor_code, doctor_name, doctor_title_code, doctor_title, doctor_spec,  doctor_sess_type_code, doctor_sess_type, service_code, service_name,  fee, reg_fee, checkup_fee, service_fee, other_fee, available_number_str,  admit_address_string, admit_time_range, note, time_range_flag, schedule_status,  available_total_num, available_left_num ) VALUES ( 'SCH_DOC_DEPT005_2_20260321_1', '2026-03-21', '6', '1', '上午', '08:00', '12:00', 'DEPT005', '眼科', 'ROOM_DEPT005_3', '眼科门诊3诊室', 'DOC_DEPT005_2', '朱伟', '01', '主任医师', '青少年近视防控', '1', '专家门诊', 'SRV_001', '主任医师挂号费', '50.00', '50.00', '0.00', '0.00', '0.00', '1,2,3,4,5,6,7,10,11,12,13,14,15,18,19,21,23,24', '主楼4层眼科候诊区', '08:00-12:00', '请提前15分钟候诊', '0', '1', '24', '13' );
INSERT INTO doctor_schedule ( m_code, service_date, week_day, session_code, session_name, start_time, end_time,  department_code, department_name, clinic_room_code, clinic_room_name,  doctor_code, doctor_name, doctor_title_code, doctor_title, doctor_spec,  doctor_sess_type_code, doctor_sess_type, service_code, service_name,  fee, reg_fee, checkup_fee, service_fee, other_fee, available_number_str,  admit_address_string, admit_time_range, note, time_range_flag, schedule_status,  available_total_num, available_left_num ) VALUES ( 'SCH_DOC_DEPT005_2_20260322_2', '2026-03-22', '7', '2', '下午', '13:30', '17:30', 'DEPT005', '眼科', 'ROOM_DEPT005_5', '眼科门诊1诊室', 'DOC_DEPT005_2', '朱伟', '01', '主任医师', '青少年近视防控', '1', '专家门诊', 'SRV_001', '主任医师挂号费', '20.00', '20.00', '0.00', '0.00', '0.00', '2,3,4,5,6,8,10,11,13,15,16,17,18', '主楼4层眼科候诊区', '13:30-17:30', '请提前15分钟候诊', '0', '1', '19', '4' );
INSERT INTO doctor_schedule ( m_code, service_date, week_day, session_code, session_name, start_time, end_time,  department_code, department_name, clinic_room_code, clinic_room_name,  doctor_code, doctor_name, doctor_title_code, doctor_title, doctor_spec,  doctor_sess_type_code, doctor_sess_type, service_code, service_name,  fee, reg_fee, checkup_fee, service_fee, other_fee, available_number_str,  admit_address_string, admit_time_range, note, time_range_flag, schedule_status,  available_total_num, available_left_num ) VALUES ( 'SCH_DOC_DEPT005_2_20260322_1', '2026-03-22', '7', '1', '上午', '08:00', '12:00', 'DEPT005', '眼科', 'ROOM_DEPT005_2', '眼科门诊5诊室', 'DOC_DEPT005_2', '朱伟', '01', '主任医师', '青少年近视防控', '1', '专家门诊', 'SRV_001', '主任医师挂号费', '20.00', '20.00', '0.00', '0.00', '0.00', '1,2,3,5,6,7,9,10,12,13,15,17,19,20,21', '主楼2层眼科候诊区', '08:00-12:00', '请提前15分钟候诊', '0', '1', '21', '17' );
INSERT INTO doctor_schedule ( m_code, service_date, week_day, session_code, session_name, start_time, end_time,  department_code, department_name, clinic_room_code, clinic_room_name,  doctor_code, doctor_name, doctor_title_code, doctor_title, doctor_spec,  doctor_sess_type_code, doctor_sess_type, service_code, service_name,  fee, reg_fee, checkup_fee, service_fee, other_fee, available_number_str,  admit_address_string, admit_time_range, note, time_range_flag, schedule_status,  available_total_num, available_left_num ) VALUES ( 'SCH_DOC_DEPT005_2_20260324_1', '2026-03-24', '2', '1', '上午', '08:00', '12:00', 'DEPT005', '眼科', 'ROOM_DEPT005_2', '眼科门诊3诊室', 'DOC_DEPT005_2', '朱伟', '01', '主任医师', '青少年近视防控', '1', '专家门诊', 'SRV_001', '主任医师挂号费', '20.00', '20.00', '0.00', '0.00', '0.00', '1,2,3,5,7,10,11,12,15,16,17,18,20,21,23,24,25,26,27,28,30,31,32', '主楼3层眼科候诊区', '08:00-12:00', '请提前15分钟候诊', '0', '1', '32', '19' );
INSERT INTO doctor_schedule ( m_code, service_date, week_day, session_code, session_name, start_time, end_time,  department_code, department_name, clinic_room_code, clinic_room_name,  doctor_code, doctor_name, doctor_title_code, doctor_title, doctor_spec,  doctor_sess_type_code, doctor_sess_type, service_code, service_name,  fee, reg_fee, checkup_fee, service_fee, other_fee, available_number_str,  admit_address_string, admit_time_range, note, time_range_flag, schedule_status,  available_total_num, available_left_num ) VALUES ( 'SCH_DOC_DEPT005_2_20260325_1', '2026-03-25', '3', '1', '上午', '08:00', '12:00', 'DEPT005', '眼科', 'ROOM_DEPT005_2', '眼科门诊2诊室', 'DOC_DEPT005_2', '朱伟', '01', '主任医师', '青少年近视防控', '1', '专家门诊', 'SRV_001', '主任医师挂号费', '20.00', '20.00', '0.00', '0.00', '0.00', '6,9,10,11,12,13,14,15,17,19,21,24,25,27,28,29,31,33,34,35,36,37,38', '主楼4层眼科候诊区', '08:00-12:00', '请提前15分钟候诊', '0', '1', '38', '26' );
INSERT INTO doctor_schedule ( m_code, service_date, week_day, session_code, session_name, start_time, end_time,  department_code, department_name, clinic_room_code, clinic_room_name,  doctor_code, doctor_name, doctor_title_code, doctor_title, doctor_spec,  doctor_sess_type_code, doctor_sess_type, service_code, service_name,  fee, reg_fee, checkup_fee, service_fee, other_fee, available_number_str,  admit_address_string, admit_time_range, note, time_range_flag, schedule_status,  available_total_num, available_left_num ) VALUES ( 'SCH_DOC_DEPT005_2_20260325_2', '2026-03-25', '3', '2', '下午', '13:30', '17:30', 'DEPT005', '眼科', 'ROOM_DEPT005_2', '眼科门诊4诊室', 'DOC_DEPT005_2', '朱伟', '01', '主任医师', '青少年近视防控', '1', '专家门诊', 'SRV_001', '主任医师挂号费', '15.00', '15.00', '0.00', '0.00', '0.00', '1,2,3,5,6,7,8,9,10,11,13,14,15,18,19,20,21,23,24,25,26,27,29,31,32,34,35,36', '主楼4层眼科候诊区', '13:30-17:30', '请提前15分钟候诊', '0', '1', '36', '25' );
INSERT INTO doctor_schedule ( m_code, service_date, week_day, session_code, session_name, start_time, end_time,  department_code, department_name, clinic_room_code, clinic_room_name,  doctor_code, doctor_name, doctor_title_code, doctor_title, doctor_spec,  doctor_sess_type_code, doctor_sess_type, service_code, service_name,  fee, reg_fee, checkup_fee, service_fee, other_fee, available_number_str,  admit_address_string, admit_time_range, note, time_range_flag, schedule_status,  available_total_num, available_left_num ) VALUES ( 'SCH_DOC_DEPT005_2_20260326_2', '2026-03-26', '4', '2', '下午', '13:30', '17:30', 'DEPT005', '眼科', 'ROOM_DEPT005_3', '眼科门诊2诊室', 'DOC_DEPT005_2', '朱伟', '01', '主任医师', '青少年近视防控', '1', '专家门诊', 'SRV_001', '主任医师挂号费', '20.00', '20.00', '0.00', '0.00', '0.00', '1,2,3,5,7,8,9,10,12,13,14,15,22,23,27,32,33', '主楼2层眼科候诊区', '13:30-17:30', '请提前15分钟候诊', '0', '1', '34', '10' );
INSERT INTO doctor_schedule ( m_code, service_date, week_day, session_code, session_name, start_time, end_time,  department_code, department_name, clinic_room_code, clinic_room_name,  doctor_code, doctor_name, doctor_title_code, doctor_title, doctor_spec,  doctor_sess_type_code, doctor_sess_type, service_code, service_name,  fee, reg_fee, checkup_fee, service_fee, other_fee, available_number_str,  admit_address_string, admit_time_range, note, time_range_flag, schedule_status,  available_total_num, available_left_num ) VALUES ( 'SCH_DOC_DEPT005_2_20260326_1', '2026-03-26', '4', '1', '上午', '08:00', '12:00', 'DEPT005', '眼科', 'ROOM_DEPT005_5', '眼科门诊5诊室', 'DOC_DEPT005_2', '朱伟', '01', '主任医师', '青少年近视防控', '1', '专家门诊', 'SRV_001', '主任医师挂号费', '50.00', '50.00', '0.00', '0.00', '0.00', '1,2,3,5,6,7,9,10,15,18,20,21,22,23,25,26,29,30,32,33', '主楼3层眼科候诊区', '08:00-12:00', '请提前15分钟候诊', '0', '1', '33', '19' );
INSERT INTO doctor_schedule ( m_code, service_date, week_day, session_code, session_name, start_time, end_time,  department_code, department_name, clinic_room_code, clinic_room_name,  doctor_code, doctor_name, doctor_title_code, doctor_title, doctor_spec,  doctor_sess_type_code, doctor_sess_type, service_code, service_name,  fee, reg_fee, checkup_fee, service_fee, other_fee, available_number_str,  admit_address_string, admit_time_range, note, time_range_flag, schedule_status,  available_total_num, available_left_num ) VALUES ( 'SCH_DOC_DEPT005_2_20260328_1', '2026-03-28', '6', '1', '上午', '08:00', '12:00', 'DEPT005', '眼科', 'ROOM_DEPT005_3', '眼科门诊1诊室', 'DOC_DEPT005_2', '朱伟', '01', '主任医师', '青少年近视防控', '1', '专家门诊', 'SRV_001', '主任医师挂号费', '15.00', '15.00', '0.00', '0.00', '0.00', '1,2,3,5,6,8,9,13,15,17,18,21,22,24,25,28,29,32,33', '主楼1层眼科候诊区', '08:00-12:00', '请提前15分钟候诊', '0', '1', '33', '8' );
INSERT INTO doctor_schedule ( m_code, service_date, week_day, session_code, session_name, start_time, end_time,  department_code, department_name, clinic_room_code, clinic_room_name,  doctor_code, doctor_name, doctor_title_code, doctor_title, doctor_spec,  doctor_sess_type_code, doctor_sess_type, service_code, service_name,  fee, reg_fee, checkup_fee, service_fee, other_fee, available_number_str,  admit_address_string, admit_time_range, note, time_range_flag, schedule_status,  available_total_num, available_left_num ) VALUES ( 'SCH_DOC_DEPT005_2_20260328_2', '2026-03-28', '6', '2', '下午', '13:30', '17:30', 'DEPT005', '眼科', 'ROOM_DEPT005_3', '眼科门诊2诊室', 'DOC_DEPT005_2', '朱伟', '01', '主任医师', '青少年近视防控', '1', '专家门诊', 'SRV_001', '主任医师挂号费', '50.00', '50.00', '0.00', '0.00', '0.00', '1,2,3,4,5,7,8,9,11,12,13,14,15,16,17,18,19,20,21,23,24,25,27,28,29,30,32', '主楼4层眼科候诊区', '13:30-17:30', '请提前15分钟候诊', '0', '1', '32', '30' );
INSERT INTO doctor (doctor_code, doctor_name, department_code, title, specialty, doctor_des, doctor_image) VALUES ('DOC_DEPT005_3', '罗勇', 'DEPT005', '副主任医师', '视网膜脱离', '罗勇副主任医师，从事眼科临床工作11年，专业严谨。他长期致力于视网膜脱离的诊疗，已成功治愈数千例相关患者。', 'doc_DOC_DEPT005_3.png');
INSERT INTO doctor_schedule ( m_code, service_date, week_day, session_code, session_name, start_time, end_time,  department_code, department_name, clinic_room_code, clinic_room_name,  doctor_code, doctor_name, doctor_title_code, doctor_title, doctor_spec,  doctor_sess_type_code, doctor_sess_type, service_code, service_name,  fee, reg_fee, checkup_fee, service_fee, other_fee, available_number_str,  admit_address_string, admit_time_range, note, time_range_flag, schedule_status,  available_total_num, available_left_num ) VALUES ( 'SCH_DOC_DEPT005_3_20260317_1', '2026-03-17', '2', '1', '上午', '08:00', '12:00', 'DEPT005', '眼科', 'ROOM_DEPT005_5', '眼科门诊5诊室', 'DOC_DEPT005_3', '罗勇', '02', '副主任医师', '视网膜脱离', '1', '专家门诊', 'SRV_001', '副主任医师挂号费', '50.00', '50.00', '0.00', '0.00', '0.00', '1,2,3,5,6,8,9,11,12,14,16,17,18,19,21,23,24,26,27,28,30,33', '主楼1层眼科候诊区', '08:00-12:00', '请提前15分钟候诊', '0', '1', '33', '11' );
INSERT INTO doctor_schedule ( m_code, service_date, week_day, session_code, session_name, start_time, end_time,  department_code, department_name, clinic_room_code, clinic_room_name,  doctor_code, doctor_name, doctor_title_code, doctor_title, doctor_spec,  doctor_sess_type_code, doctor_sess_type, service_code, service_name,  fee, reg_fee, checkup_fee, service_fee, other_fee, available_number_str,  admit_address_string, admit_time_range, note, time_range_flag, schedule_status,  available_total_num, available_left_num ) VALUES ( 'SCH_DOC_DEPT005_3_20260318_2', '2026-03-18', '3', '2', '下午', '13:30', '17:30', 'DEPT005', '眼科', 'ROOM_DEPT005_2', '眼科门诊4诊室', 'DOC_DEPT005_3', '罗勇', '02', '副主任医师', '视网膜脱离', '1', '专家门诊', 'SRV_001', '副主任医师挂号费', '15.00', '15.00', '0.00', '0.00', '0.00', '1,2,3,4,5,6,7,8,9,10,12,14,16,18,19,20,22,23,24,25,26,27,28,31,32,34,36,37', '主楼4层眼科候诊区', '13:30-17:30', '请提前15分钟候诊', '0', '1', '37', '8' );
INSERT INTO doctor_schedule ( m_code, service_date, week_day, session_code, session_name, start_time, end_time,  department_code, department_name, clinic_room_code, clinic_room_name,  doctor_code, doctor_name, doctor_title_code, doctor_title, doctor_spec,  doctor_sess_type_code, doctor_sess_type, service_code, service_name,  fee, reg_fee, checkup_fee, service_fee, other_fee, available_number_str,  admit_address_string, admit_time_range, note, time_range_flag, schedule_status,  available_total_num, available_left_num ) VALUES ( 'SCH_DOC_DEPT005_3_20260319_1', '2026-03-19', '4', '1', '上午', '08:00', '12:00', 'DEPT005', '眼科', 'ROOM_DEPT005_1', '眼科门诊2诊室', 'DOC_DEPT005_3', '罗勇', '02', '副主任医师', '视网膜脱离', '1', '专家门诊', 'SRV_001', '副主任医师挂号费', '20.00', '20.00', '0.00', '0.00', '0.00', '3,4,5,6,8,9,10,12,13,14,15,16,21,22,24,25,26,31', '主楼3层眼科候诊区', '08:00-12:00', '请提前15分钟候诊', '0', '1', '31', '22' );
INSERT INTO doctor_schedule ( m_code, service_date, week_day, session_code, session_name, start_time, end_time,  department_code, department_name, clinic_room_code, clinic_room_name,  doctor_code, doctor_name, doctor_title_code, doctor_title, doctor_spec,  doctor_sess_type_code, doctor_sess_type, service_code, service_name,  fee, reg_fee, checkup_fee, service_fee, other_fee, available_number_str,  admit_address_string, admit_time_range, note, time_range_flag, schedule_status,  available_total_num, available_left_num ) VALUES ( 'SCH_DOC_DEPT005_3_20260320_1', '2026-03-20', '5', '1', '上午', '08:00', '12:00', 'DEPT005', '眼科', 'ROOM_DEPT005_4', '眼科门诊4诊室', 'DOC_DEPT005_3', '罗勇', '02', '副主任医师', '视网膜脱离', '1', '专家门诊', 'SRV_001', '副主任医师挂号费', '20.00', '20.00', '0.00', '0.00', '0.00', '1,3,4,6,7,8,9,10,11,12,13,14,16,17,18,21,22,24,25,27,28,30,31,32,33', '主楼3层眼科候诊区', '08:00-12:00', '请提前15分钟候诊', '0', '1', '33', '26' );
INSERT INTO doctor_schedule ( m_code, service_date, week_day, session_code, session_name, start_time, end_time,  department_code, department_name, clinic_room_code, clinic_room_name,  doctor_code, doctor_name, doctor_title_code, doctor_title, doctor_spec,  doctor_sess_type_code, doctor_sess_type, service_code, service_name,  fee, reg_fee, checkup_fee, service_fee, other_fee, available_number_str,  admit_address_string, admit_time_range, note, time_range_flag, schedule_status,  available_total_num, available_left_num ) VALUES ( 'SCH_DOC_DEPT005_3_20260321_1', '2026-03-21', '6', '1', '上午', '08:00', '12:00', 'DEPT005', '眼科', 'ROOM_DEPT005_2', '眼科门诊1诊室', 'DOC_DEPT005_3', '罗勇', '02', '副主任医师', '视网膜脱离', '1', '专家门诊', 'SRV_001', '副主任医师挂号费', '15.00', '15.00', '0.00', '0.00', '0.00', '1,2,3,4,5,6,8,9,11,12,13,16,19,20,21,22,23', '主楼2层眼科候诊区', '08:00-12:00', '请提前15分钟候诊', '0', '1', '24', '19' );
INSERT INTO doctor_schedule ( m_code, service_date, week_day, session_code, session_name, start_time, end_time,  department_code, department_name, clinic_room_code, clinic_room_name,  doctor_code, doctor_name, doctor_title_code, doctor_title, doctor_spec,  doctor_sess_type_code, doctor_sess_type, service_code, service_name,  fee, reg_fee, checkup_fee, service_fee, other_fee, available_number_str,  admit_address_string, admit_time_range, note, time_range_flag, schedule_status,  available_total_num, available_left_num ) VALUES ( 'SCH_DOC_DEPT005_3_20260322_1', '2026-03-22', '7', '1', '上午', '08:00', '12:00', 'DEPT005', '眼科', 'ROOM_DEPT005_2', '眼科门诊3诊室', 'DOC_DEPT005_3', '罗勇', '02', '副主任医师', '视网膜脱离', '1', '专家门诊', 'SRV_001', '副主任医师挂号费', '20.00', '20.00', '0.00', '0.00', '0.00', '1,2,3,4,5,6,7,11,13,14,15,16,17,18,20,21', '主楼6层眼科候诊区', '08:00-12:00', '请提前15分钟候诊', '0', '1', '21', '5' );
INSERT INTO doctor_schedule ( m_code, service_date, week_day, session_code, session_name, start_time, end_time,  department_code, department_name, clinic_room_code, clinic_room_name,  doctor_code, doctor_name, doctor_title_code, doctor_title, doctor_spec,  doctor_sess_type_code, doctor_sess_type, service_code, service_name,  fee, reg_fee, checkup_fee, service_fee, other_fee, available_number_str,  admit_address_string, admit_time_range, note, time_range_flag, schedule_status,  available_total_num, available_left_num ) VALUES ( 'SCH_DOC_DEPT005_3_20260322_2', '2026-03-22', '7', '2', '下午', '13:30', '17:30', 'DEPT005', '眼科', 'ROOM_DEPT005_3', '眼科门诊1诊室', 'DOC_DEPT005_3', '罗勇', '02', '副主任医师', '视网膜脱离', '1', '专家门诊', 'SRV_001', '副主任医师挂号费', '20.00', '20.00', '0.00', '0.00', '0.00', '2,4,5,7,8,9,10,11,12,13,14,15,17,19,20,22,24,26,27', '主楼4层眼科候诊区', '13:30-17:30', '请提前15分钟候诊', '0', '1', '27', '10' );
INSERT INTO doctor_schedule ( m_code, service_date, week_day, session_code, session_name, start_time, end_time,  department_code, department_name, clinic_room_code, clinic_room_name,  doctor_code, doctor_name, doctor_title_code, doctor_title, doctor_spec,  doctor_sess_type_code, doctor_sess_type, service_code, service_name,  fee, reg_fee, checkup_fee, service_fee, other_fee, available_number_str,  admit_address_string, admit_time_range, note, time_range_flag, schedule_status,  available_total_num, available_left_num ) VALUES ( 'SCH_DOC_DEPT005_3_20260323_2', '2026-03-23', '1', '2', '下午', '13:30', '17:30', 'DEPT005', '眼科', 'ROOM_DEPT005_4', '眼科门诊3诊室', 'DOC_DEPT005_3', '罗勇', '02', '副主任医师', '视网膜脱离', '1', '专家门诊', 'SRV_001', '副主任医师挂号费', '50.00', '50.00', '0.00', '0.00', '0.00', '2,3,5,7,8,10,12,13,14,15,17,18,19,20,26,27,29', '主楼3层眼科候诊区', '13:30-17:30', '请提前15分钟候诊', '0', '1', '29', '27' );
INSERT INTO doctor_schedule ( m_code, service_date, week_day, session_code, session_name, start_time, end_time,  department_code, department_name, clinic_room_code, clinic_room_name,  doctor_code, doctor_name, doctor_title_code, doctor_title, doctor_spec,  doctor_sess_type_code, doctor_sess_type, service_code, service_name,  fee, reg_fee, checkup_fee, service_fee, other_fee, available_number_str,  admit_address_string, admit_time_range, note, time_range_flag, schedule_status,  available_total_num, available_left_num ) VALUES ( 'SCH_DOC_DEPT005_3_20260324_2', '2026-03-24', '2', '2', '下午', '13:30', '17:30', 'DEPT005', '眼科', 'ROOM_DEPT005_1', '眼科门诊1诊室', 'DOC_DEPT005_3', '罗勇', '02', '副主任医师', '视网膜脱离', '1', '专家门诊', 'SRV_001', '副主任医师挂号费', '50.00', '50.00', '0.00', '0.00', '0.00', '1,4,5,6,7,8,10,12,13,14,16,17,21,22,23,24,25,27', '主楼1层眼科候诊区', '13:30-17:30', '请提前15分钟候诊', '0', '1', '27', '13' );
INSERT INTO doctor_schedule ( m_code, service_date, week_day, session_code, session_name, start_time, end_time,  department_code, department_name, clinic_room_code, clinic_room_name,  doctor_code, doctor_name, doctor_title_code, doctor_title, doctor_spec,  doctor_sess_type_code, doctor_sess_type, service_code, service_name,  fee, reg_fee, checkup_fee, service_fee, other_fee, available_number_str,  admit_address_string, admit_time_range, note, time_range_flag, schedule_status,  available_total_num, available_left_num ) VALUES ( 'SCH_DOC_DEPT005_3_20260325_1', '2026-03-25', '3', '1', '上午', '08:00', '12:00', 'DEPT005', '眼科', 'ROOM_DEPT005_5', '眼科门诊1诊室', 'DOC_DEPT005_3', '罗勇', '02', '副主任医师', '视网膜脱离', '1', '专家门诊', 'SRV_001', '副主任医师挂号费', '15.00', '15.00', '0.00', '0.00', '0.00', '2,4,5,6,7,8,9,10,11,12,13,14,16,18,19,20,21,22,23,24,27,29,30,33', '主楼1层眼科候诊区', '08:00-12:00', '请提前15分钟候诊', '0', '1', '33', '16' );
INSERT INTO doctor_schedule ( m_code, service_date, week_day, session_code, session_name, start_time, end_time,  department_code, department_name, clinic_room_code, clinic_room_name,  doctor_code, doctor_name, doctor_title_code, doctor_title, doctor_spec,  doctor_sess_type_code, doctor_sess_type, service_code, service_name,  fee, reg_fee, checkup_fee, service_fee, other_fee, available_number_str,  admit_address_string, admit_time_range, note, time_range_flag, schedule_status,  available_total_num, available_left_num ) VALUES ( 'SCH_DOC_DEPT005_3_20260326_2', '2026-03-26', '4', '2', '下午', '13:30', '17:30', 'DEPT005', '眼科', 'ROOM_DEPT005_2', '眼科门诊1诊室', 'DOC_DEPT005_3', '罗勇', '02', '副主任医师', '视网膜脱离', '1', '专家门诊', 'SRV_001', '副主任医师挂号费', '15.00', '15.00', '0.00', '0.00', '0.00', '1,3,4,5,8,9,10,11,12,13,14,15,16,18,19,20,21,22,24', '主楼1层眼科候诊区', '13:30-17:30', '请提前15分钟候诊', '0', '1', '24', '19' );
INSERT INTO doctor_schedule ( m_code, service_date, week_day, session_code, session_name, start_time, end_time,  department_code, department_name, clinic_room_code, clinic_room_name,  doctor_code, doctor_name, doctor_title_code, doctor_title, doctor_spec,  doctor_sess_type_code, doctor_sess_type, service_code, service_name,  fee, reg_fee, checkup_fee, service_fee, other_fee, available_number_str,  admit_address_string, admit_time_range, note, time_range_flag, schedule_status,  available_total_num, available_left_num ) VALUES ( 'SCH_DOC_DEPT005_3_20260326_1', '2026-03-26', '4', '1', '上午', '08:00', '12:00', 'DEPT005', '眼科', 'ROOM_DEPT005_3', '眼科门诊1诊室', 'DOC_DEPT005_3', '罗勇', '02', '副主任医师', '视网膜脱离', '1', '专家门诊', 'SRV_001', '副主任医师挂号费', '50.00', '50.00', '0.00', '0.00', '0.00', '1,2,5,6,7,9,10,12,14,15,16,17,19,20,21', '主楼4层眼科候诊区', '08:00-12:00', '请提前15分钟候诊', '0', '1', '22', '17' );
INSERT INTO doctor_schedule ( m_code, service_date, week_day, session_code, session_name, start_time, end_time,  department_code, department_name, clinic_room_code, clinic_room_name,  doctor_code, doctor_name, doctor_title_code, doctor_title, doctor_spec,  doctor_sess_type_code, doctor_sess_type, service_code, service_name,  fee, reg_fee, checkup_fee, service_fee, other_fee, available_number_str,  admit_address_string, admit_time_range, note, time_range_flag, schedule_status,  available_total_num, available_left_num ) VALUES ( 'SCH_DOC_DEPT005_3_20260327_1', '2026-03-27', '5', '1', '上午', '08:00', '12:00', 'DEPT005', '眼科', 'ROOM_DEPT005_3', '眼科门诊3诊室', 'DOC_DEPT005_3', '罗勇', '02', '副主任医师', '视网膜脱离', '1', '专家门诊', 'SRV_001', '副主任医师挂号费', '20.00', '20.00', '0.00', '0.00', '0.00', '1,3,5,6,7,8,9,10,12,13,15,16,17,18', '主楼4层眼科候诊区', '08:00-12:00', '请提前15分钟候诊', '0', '1', '18', '12' );
INSERT INTO doctor_schedule ( m_code, service_date, week_day, session_code, session_name, start_time, end_time,  department_code, department_name, clinic_room_code, clinic_room_name,  doctor_code, doctor_name, doctor_title_code, doctor_title, doctor_spec,  doctor_sess_type_code, doctor_sess_type, service_code, service_name,  fee, reg_fee, checkup_fee, service_fee, other_fee, available_number_str,  admit_address_string, admit_time_range, note, time_range_flag, schedule_status,  available_total_num, available_left_num ) VALUES ( 'SCH_DOC_DEPT005_3_20260327_2', '2026-03-27', '5', '2', '下午', '13:30', '17:30', 'DEPT005', '眼科', 'ROOM_DEPT005_5', '眼科门诊5诊室', 'DOC_DEPT005_3', '罗勇', '02', '副主任医师', '视网膜脱离', '1', '专家门诊', 'SRV_001', '副主任医师挂号费', '50.00', '50.00', '0.00', '0.00', '0.00', '2,4,5,6,7,8,10,11,14,17,18,21,23,24', '主楼3层眼科候诊区', '13:30-17:30', '请提前15分钟候诊', '0', '1', '24', '20' );
INSERT INTO doctor_schedule ( m_code, service_date, week_day, session_code, session_name, start_time, end_time,  department_code, department_name, clinic_room_code, clinic_room_name,  doctor_code, doctor_name, doctor_title_code, doctor_title, doctor_spec,  doctor_sess_type_code, doctor_sess_type, service_code, service_name,  fee, reg_fee, checkup_fee, service_fee, other_fee, available_number_str,  admit_address_string, admit_time_range, note, time_range_flag, schedule_status,  available_total_num, available_left_num ) VALUES ( 'SCH_DOC_DEPT005_3_20260328_2', '2026-03-28', '6', '2', '下午', '13:30', '17:30', 'DEPT005', '眼科', 'ROOM_DEPT005_2', '眼科门诊4诊室', 'DOC_DEPT005_3', '罗勇', '02', '副主任医师', '视网膜脱离', '1', '专家门诊', 'SRV_001', '副主任医师挂号费', '15.00', '15.00', '0.00', '0.00', '0.00', '2,3,6,11,12,13,14,16,17,18,20,21,22,23,27,28,29,30,33,34', '主楼1层眼科候诊区', '13:30-17:30', '请提前15分钟候诊', '0', '1', '34', '15' );
INSERT INTO doctor_schedule ( m_code, service_date, week_day, session_code, session_name, start_time, end_time,  department_code, department_name, clinic_room_code, clinic_room_name,  doctor_code, doctor_name, doctor_title_code, doctor_title, doctor_spec,  doctor_sess_type_code, doctor_sess_type, service_code, service_name,  fee, reg_fee, checkup_fee, service_fee, other_fee, available_number_str,  admit_address_string, admit_time_range, note, time_range_flag, schedule_status,  available_total_num, available_left_num ) VALUES ( 'SCH_DOC_DEPT005_3_20260329_1', '2026-03-29', '7', '1', '上午', '08:00', '12:00', 'DEPT005', '眼科', 'ROOM_DEPT005_4', '眼科门诊1诊室', 'DOC_DEPT005_3', '罗勇', '02', '副主任医师', '视网膜脱离', '1', '专家门诊', 'SRV_001', '副主任医师挂号费', '20.00', '20.00', '0.00', '0.00', '0.00', '1,4,5,6,7,10,11,12,13,14,16,17,20,21,22,23,24', '主楼2层眼科候诊区', '08:00-12:00', '请提前15分钟候诊', '0', '1', '25', '22' );
INSERT INTO doctor (doctor_code, doctor_name, department_code, title, specialty, doctor_des, doctor_image) VALUES ('DOC_DEPT005_4', '陈娜', 'DEPT005', '主治医师', '角膜眼表疾病', '陈娜主治医师，从事眼科临床工作30年，专业严谨。她专注于角膜眼表疾病的诊疗，已成功治愈数千例相关患者。', 'doc_DOC_DEPT005_4.png');
INSERT INTO doctor_schedule ( m_code, service_date, week_day, session_code, session_name, start_time, end_time,  department_code, department_name, clinic_room_code, clinic_room_name,  doctor_code, doctor_name, doctor_title_code, doctor_title, doctor_spec,  doctor_sess_type_code, doctor_sess_type, service_code, service_name,  fee, reg_fee, checkup_fee, service_fee, other_fee, available_number_str,  admit_address_string, admit_time_range, note, time_range_flag, schedule_status,  available_total_num, available_left_num ) VALUES ( 'SCH_DOC_DEPT005_4_20260316_1', '2026-03-16', '1', '1', '上午', '08:00', '12:00', 'DEPT005', '眼科', 'ROOM_DEPT005_3', '眼科门诊2诊室', 'DOC_DEPT005_4', '陈娜', '03', '主治医师', '角膜眼表疾病', '1', '专家门诊', 'SRV_001', '主治医师挂号费', '50.00', '50.00', '0.00', '0.00', '0.00', '3,5,6,7,8,10,11,12,14,15,16,17,18,19,21,22,25,27,28,29,30,31,32,33,34,38', '主楼3层眼科候诊区', '08:00-12:00', '请提前15分钟候诊', '0', '1', '38', '17' );
INSERT INTO doctor_schedule ( m_code, service_date, week_day, session_code, session_name, start_time, end_time,  department_code, department_name, clinic_room_code, clinic_room_name,  doctor_code, doctor_name, doctor_title_code, doctor_title, doctor_spec,  doctor_sess_type_code, doctor_sess_type, service_code, service_name,  fee, reg_fee, checkup_fee, service_fee, other_fee, available_number_str,  admit_address_string, admit_time_range, note, time_range_flag, schedule_status,  available_total_num, available_left_num ) VALUES ( 'SCH_DOC_DEPT005_4_20260316_2', '2026-03-16', '1', '2', '下午', '13:30', '17:30', 'DEPT005', '眼科', 'ROOM_DEPT005_1', '眼科门诊3诊室', 'DOC_DEPT005_4', '陈娜', '03', '主治医师', '角膜眼表疾病', '1', '专家门诊', 'SRV_001', '主治医师挂号费', '20.00', '20.00', '0.00', '0.00', '0.00', '1,2,5,6,7,8,10,11,12,13,15,16,17,19', '主楼1层眼科候诊区', '13:30-17:30', '请提前15分钟候诊', '0', '1', '19', '13' );
INSERT INTO doctor_schedule ( m_code, service_date, week_day, session_code, session_name, start_time, end_time,  department_code, department_name, clinic_room_code, clinic_room_name,  doctor_code, doctor_name, doctor_title_code, doctor_title, doctor_spec,  doctor_sess_type_code, doctor_sess_type, service_code, service_name,  fee, reg_fee, checkup_fee, service_fee, other_fee, available_number_str,  admit_address_string, admit_time_range, note, time_range_flag, schedule_status,  available_total_num, available_left_num ) VALUES ( 'SCH_DOC_DEPT005_4_20260317_2', '2026-03-17', '2', '2', '下午', '13:30', '17:30', 'DEPT005', '眼科', 'ROOM_DEPT005_2', '眼科门诊4诊室', 'DOC_DEPT005_4', '陈娜', '03', '主治医师', '角膜眼表疾病', '1', '专家门诊', 'SRV_001', '主治医师挂号费', '50.00', '50.00', '0.00', '0.00', '0.00', '1,2,4,6,8,9,10,13,14,15,17,18,19,20,21,22,24,25,26,27,28,29,30,31', '主楼6层眼科候诊区', '13:30-17:30', '请提前15分钟候诊', '0', '1', '31', '21' );
INSERT INTO doctor_schedule ( m_code, service_date, week_day, session_code, session_name, start_time, end_time,  department_code, department_name, clinic_room_code, clinic_room_name,  doctor_code, doctor_name, doctor_title_code, doctor_title, doctor_spec,  doctor_sess_type_code, doctor_sess_type, service_code, service_name,  fee, reg_fee, checkup_fee, service_fee, other_fee, available_number_str,  admit_address_string, admit_time_range, note, time_range_flag, schedule_status,  available_total_num, available_left_num ) VALUES ( 'SCH_DOC_DEPT005_4_20260318_1', '2026-03-18', '3', '1', '上午', '08:00', '12:00', 'DEPT005', '眼科', 'ROOM_DEPT005_2', '眼科门诊3诊室', 'DOC_DEPT005_4', '陈娜', '03', '主治医师', '角膜眼表疾病', '1', '专家门诊', 'SRV_001', '主治医师挂号费', '20.00', '20.00', '0.00', '0.00', '0.00', '1,2,3,4,5,6,7,8,9,11,13,15,16,17,18,19,20,21,23,25,26,27,28,31,32', '主楼3层眼科候诊区', '08:00-12:00', '请提前15分钟候诊', '0', '1', '32', '24' );
INSERT INTO doctor_schedule ( m_code, service_date, week_day, session_code, session_name, start_time, end_time,  department_code, department_name, clinic_room_code, clinic_room_name,  doctor_code, doctor_name, doctor_title_code, doctor_title, doctor_spec,  doctor_sess_type_code, doctor_sess_type, service_code, service_name,  fee, reg_fee, checkup_fee, service_fee, other_fee, available_number_str,  admit_address_string, admit_time_range, note, time_range_flag, schedule_status,  available_total_num, available_left_num ) VALUES ( 'SCH_DOC_DEPT005_4_20260319_1', '2026-03-19', '4', '1', '上午', '08:00', '12:00', 'DEPT005', '眼科', 'ROOM_DEPT005_3', '眼科门诊4诊室', 'DOC_DEPT005_4', '陈娜', '03', '主治医师', '角膜眼表疾病', '1', '专家门诊', 'SRV_001', '主治医师挂号费', '15.00', '15.00', '0.00', '0.00', '0.00', '1,3,4,6,7,8,9,10,11,12,13,14,16', '主楼4层眼科候诊区', '08:00-12:00', '请提前15分钟候诊', '0', '1', '16', '15' );
INSERT INTO doctor_schedule ( m_code, service_date, week_day, session_code, session_name, start_time, end_time,  department_code, department_name, clinic_room_code, clinic_room_name,  doctor_code, doctor_name, doctor_title_code, doctor_title, doctor_spec,  doctor_sess_type_code, doctor_sess_type, service_code, service_name,  fee, reg_fee, checkup_fee, service_fee, other_fee, available_number_str,  admit_address_string, admit_time_range, note, time_range_flag, schedule_status,  available_total_num, available_left_num ) VALUES ( 'SCH_DOC_DEPT005_4_20260319_2', '2026-03-19', '4', '2', '下午', '13:30', '17:30', 'DEPT005', '眼科', 'ROOM_DEPT005_4', '眼科门诊3诊室', 'DOC_DEPT005_4', '陈娜', '03', '主治医师', '角膜眼表疾病', '1', '专家门诊', 'SRV_001', '主治医师挂号费', '50.00', '50.00', '0.00', '0.00', '0.00', '2,4,5,6,7,10,11,12,14', '主楼6层眼科候诊区', '13:30-17:30', '请提前15分钟候诊', '0', '1', '15', '8' );
INSERT INTO doctor_schedule ( m_code, service_date, week_day, session_code, session_name, start_time, end_time,  department_code, department_name, clinic_room_code, clinic_room_name,  doctor_code, doctor_name, doctor_title_code, doctor_title, doctor_spec,  doctor_sess_type_code, doctor_sess_type, service_code, service_name,  fee, reg_fee, checkup_fee, service_fee, other_fee, available_number_str,  admit_address_string, admit_time_range, note, time_range_flag, schedule_status,  available_total_num, available_left_num ) VALUES ( 'SCH_DOC_DEPT005_4_20260320_1', '2026-03-20', '5', '1', '上午', '08:00', '12:00', 'DEPT005', '眼科', 'ROOM_DEPT005_2', '眼科门诊2诊室', 'DOC_DEPT005_4', '陈娜', '03', '主治医师', '角膜眼表疾病', '1', '专家门诊', 'SRV_001', '主治医师挂号费', '20.00', '20.00', '0.00', '0.00', '0.00', '3,5,6,7,8,9,10,11,12,14,15,17,18,20,21,22,23,25,26,27,28,29,31,32', '主楼6层眼科候诊区', '08:00-12:00', '请提前15分钟候诊', '0', '1', '32', '17' );
INSERT INTO doctor_schedule ( m_code, service_date, week_day, session_code, session_name, start_time, end_time,  department_code, department_name, clinic_room_code, clinic_room_name,  doctor_code, doctor_name, doctor_title_code, doctor_title, doctor_spec,  doctor_sess_type_code, doctor_sess_type, service_code, service_name,  fee, reg_fee, checkup_fee, service_fee, other_fee, available_number_str,  admit_address_string, admit_time_range, note, time_range_flag, schedule_status,  available_total_num, available_left_num ) VALUES ( 'SCH_DOC_DEPT005_4_20260320_2', '2026-03-20', '5', '2', '下午', '13:30', '17:30', 'DEPT005', '眼科', 'ROOM_DEPT005_1', '眼科门诊1诊室', 'DOC_DEPT005_4', '陈娜', '03', '主治医师', '角膜眼表疾病', '1', '专家门诊', 'SRV_001', '主治医师挂号费', '20.00', '20.00', '0.00', '0.00', '0.00', '3,5,7,8,11,13,14,16,17,18,19,20,21,22,23,24,25,26,27,28', '主楼1层眼科候诊区', '13:30-17:30', '请提前15分钟候诊', '0', '1', '28', '11' );
INSERT INTO doctor_schedule ( m_code, service_date, week_day, session_code, session_name, start_time, end_time,  department_code, department_name, clinic_room_code, clinic_room_name,  doctor_code, doctor_name, doctor_title_code, doctor_title, doctor_spec,  doctor_sess_type_code, doctor_sess_type, service_code, service_name,  fee, reg_fee, checkup_fee, service_fee, other_fee, available_number_str,  admit_address_string, admit_time_range, note, time_range_flag, schedule_status,  available_total_num, available_left_num ) VALUES ( 'SCH_DOC_DEPT005_4_20260321_1', '2026-03-21', '6', '1', '上午', '08:00', '12:00', 'DEPT005', '眼科', 'ROOM_DEPT005_2', '眼科门诊3诊室', 'DOC_DEPT005_4', '陈娜', '03', '主治医师', '角膜眼表疾病', '1', '专家门诊', 'SRV_001', '主治医师挂号费', '20.00', '20.00', '0.00', '0.00', '0.00', '1,2,3,5,6,9,10,11,12,13,14,15,16,17,19,20,22,23,24,25,26,27,28,31,32,34,35,36,38', '主楼1层眼科候诊区', '08:00-12:00', '请提前15分钟候诊', '0', '1', '38', '20' );
INSERT INTO doctor_schedule ( m_code, service_date, week_day, session_code, session_name, start_time, end_time,  department_code, department_name, clinic_room_code, clinic_room_name,  doctor_code, doctor_name, doctor_title_code, doctor_title, doctor_spec,  doctor_sess_type_code, doctor_sess_type, service_code, service_name,  fee, reg_fee, checkup_fee, service_fee, other_fee, available_number_str,  admit_address_string, admit_time_range, note, time_range_flag, schedule_status,  available_total_num, available_left_num ) VALUES ( 'SCH_DOC_DEPT005_4_20260321_2', '2026-03-21', '6', '2', '下午', '13:30', '17:30', 'DEPT005', '眼科', 'ROOM_DEPT005_2', '眼科门诊2诊室', 'DOC_DEPT005_4', '陈娜', '03', '主治医师', '角膜眼表疾病', '1', '专家门诊', 'SRV_001', '主治医师挂号费', '20.00', '20.00', '0.00', '0.00', '0.00', '1,2,4,5,6,9,10,16,17,18,20,21,22,23,24,25,27,28,30', '主楼1层眼科候诊区', '13:30-17:30', '请提前15分钟候诊', '0', '1', '34', '12' );
INSERT INTO doctor_schedule ( m_code, service_date, week_day, session_code, session_name, start_time, end_time,  department_code, department_name, clinic_room_code, clinic_room_name,  doctor_code, doctor_name, doctor_title_code, doctor_title, doctor_spec,  doctor_sess_type_code, doctor_sess_type, service_code, service_name,  fee, reg_fee, checkup_fee, service_fee, other_fee, available_number_str,  admit_address_string, admit_time_range, note, time_range_flag, schedule_status,  available_total_num, available_left_num ) VALUES ( 'SCH_DOC_DEPT005_4_20260322_1', '2026-03-22', '7', '1', '上午', '08:00', '12:00', 'DEPT005', '眼科', 'ROOM_DEPT005_1', '眼科门诊3诊室', 'DOC_DEPT005_4', '陈娜', '03', '主治医师', '角膜眼表疾病', '1', '专家门诊', 'SRV_001', '主治医师挂号费', '50.00', '50.00', '0.00', '0.00', '0.00', '1,3,4,5,6,7,9,11,12,14,15,17,18,19,20,21,22,24,25,26,29,30,31,32', '主楼4层眼科候诊区', '08:00-12:00', '请提前15分钟候诊', '0', '1', '33', '24' );
INSERT INTO doctor_schedule ( m_code, service_date, week_day, session_code, session_name, start_time, end_time,  department_code, department_name, clinic_room_code, clinic_room_name,  doctor_code, doctor_name, doctor_title_code, doctor_title, doctor_spec,  doctor_sess_type_code, doctor_sess_type, service_code, service_name,  fee, reg_fee, checkup_fee, service_fee, other_fee, available_number_str,  admit_address_string, admit_time_range, note, time_range_flag, schedule_status,  available_total_num, available_left_num ) VALUES ( 'SCH_DOC_DEPT005_4_20260323_2', '2026-03-23', '1', '2', '下午', '13:30', '17:30', 'DEPT005', '眼科', 'ROOM_DEPT005_4', '眼科门诊3诊室', 'DOC_DEPT005_4', '陈娜', '03', '主治医师', '角膜眼表疾病', '1', '专家门诊', 'SRV_001', '主治医师挂号费', '50.00', '50.00', '0.00', '0.00', '0.00', '1,2,4,6,8,10,13,14,16,17,18,19,20,23,24,25,26,27', '主楼1层眼科候诊区', '13:30-17:30', '请提前15分钟候诊', '0', '1', '27', '26' );
INSERT INTO doctor_schedule ( m_code, service_date, week_day, session_code, session_name, start_time, end_time,  department_code, department_name, clinic_room_code, clinic_room_name,  doctor_code, doctor_name, doctor_title_code, doctor_title, doctor_spec,  doctor_sess_type_code, doctor_sess_type, service_code, service_name,  fee, reg_fee, checkup_fee, service_fee, other_fee, available_number_str,  admit_address_string, admit_time_range, note, time_range_flag, schedule_status,  available_total_num, available_left_num ) VALUES ( 'SCH_DOC_DEPT005_4_20260324_1', '2026-03-24', '2', '1', '上午', '08:00', '12:00', 'DEPT005', '眼科', 'ROOM_DEPT005_1', '眼科门诊2诊室', 'DOC_DEPT005_4', '陈娜', '03', '主治医师', '角膜眼表疾病', '1', '专家门诊', 'SRV_001', '主治医师挂号费', '20.00', '20.00', '0.00', '0.00', '0.00', '1,2,3,4,5,6,8,9,10,11,12,13,14,15,17,19,20,21,22,23,24,25,26,27,32,35,36', '主楼4层眼科候诊区', '08:00-12:00', '请提前15分钟候诊', '0', '1', '36', '9' );
INSERT INTO doctor_schedule ( m_code, service_date, week_day, session_code, session_name, start_time, end_time,  department_code, department_name, clinic_room_code, clinic_room_name,  doctor_code, doctor_name, doctor_title_code, doctor_title, doctor_spec,  doctor_sess_type_code, doctor_sess_type, service_code, service_name,  fee, reg_fee, checkup_fee, service_fee, other_fee, available_number_str,  admit_address_string, admit_time_range, note, time_range_flag, schedule_status,  available_total_num, available_left_num ) VALUES ( 'SCH_DOC_DEPT005_4_20260325_2', '2026-03-25', '3', '2', '下午', '13:30', '17:30', 'DEPT005', '眼科', 'ROOM_DEPT005_3', '眼科门诊5诊室', 'DOC_DEPT005_4', '陈娜', '03', '主治医师', '角膜眼表疾病', '1', '专家门诊', 'SRV_001', '主治医师挂号费', '15.00', '15.00', '0.00', '0.00', '0.00', '1,2,5,8,11,12,14,16,17,19,20,21,22,23,24,25,27', '主楼3层眼科候诊区', '13:30-17:30', '请提前15分钟候诊', '0', '1', '28', '19' );
INSERT INTO doctor_schedule ( m_code, service_date, week_day, session_code, session_name, start_time, end_time,  department_code, department_name, clinic_room_code, clinic_room_name,  doctor_code, doctor_name, doctor_title_code, doctor_title, doctor_spec,  doctor_sess_type_code, doctor_sess_type, service_code, service_name,  fee, reg_fee, checkup_fee, service_fee, other_fee, available_number_str,  admit_address_string, admit_time_range, note, time_range_flag, schedule_status,  available_total_num, available_left_num ) VALUES ( 'SCH_DOC_DEPT005_4_20260326_2', '2026-03-26', '4', '2', '下午', '13:30', '17:30', 'DEPT005', '眼科', 'ROOM_DEPT005_1', '眼科门诊2诊室', 'DOC_DEPT005_4', '陈娜', '03', '主治医师', '角膜眼表疾病', '1', '专家门诊', 'SRV_001', '主治医师挂号费', '20.00', '20.00', '0.00', '0.00', '0.00', '3,4,5,6,9,10,12,14,15,16,17,18,19,20,21,22,23,25,27,28,29,30', '主楼5层眼科候诊区', '13:30-17:30', '请提前15分钟候诊', '0', '1', '32', '17' );
INSERT INTO doctor_schedule ( m_code, service_date, week_day, session_code, session_name, start_time, end_time,  department_code, department_name, clinic_room_code, clinic_room_name,  doctor_code, doctor_name, doctor_title_code, doctor_title, doctor_spec,  doctor_sess_type_code, doctor_sess_type, service_code, service_name,  fee, reg_fee, checkup_fee, service_fee, other_fee, available_number_str,  admit_address_string, admit_time_range, note, time_range_flag, schedule_status,  available_total_num, available_left_num ) VALUES ( 'SCH_DOC_DEPT005_4_20260326_1', '2026-03-26', '4', '1', '上午', '08:00', '12:00', 'DEPT005', '眼科', 'ROOM_DEPT005_1', '眼科门诊1诊室', 'DOC_DEPT005_4', '陈娜', '03', '主治医师', '角膜眼表疾病', '1', '专家门诊', 'SRV_001', '主治医师挂号费', '50.00', '50.00', '0.00', '0.00', '0.00', '2,3,5,6,7,10,11,12,13,14,16,18,20', '主楼6层眼科候诊区', '08:00-12:00', '请提前15分钟候诊', '0', '1', '21', '5' );
INSERT INTO doctor_schedule ( m_code, service_date, week_day, session_code, session_name, start_time, end_time,  department_code, department_name, clinic_room_code, clinic_room_name,  doctor_code, doctor_name, doctor_title_code, doctor_title, doctor_spec,  doctor_sess_type_code, doctor_sess_type, service_code, service_name,  fee, reg_fee, checkup_fee, service_fee, other_fee, available_number_str,  admit_address_string, admit_time_range, note, time_range_flag, schedule_status,  available_total_num, available_left_num ) VALUES ( 'SCH_DOC_DEPT005_4_20260327_2', '2026-03-27', '5', '2', '下午', '13:30', '17:30', 'DEPT005', '眼科', 'ROOM_DEPT005_3', '眼科门诊4诊室', 'DOC_DEPT005_4', '陈娜', '03', '主治医师', '角膜眼表疾病', '1', '专家门诊', 'SRV_001', '主治医师挂号费', '20.00', '20.00', '0.00', '0.00', '0.00', '1,2,4,5,6,7,10,12,14,19,22,24,26,27,28,30,31,32,33,34,35', '主楼2层眼科候诊区', '13:30-17:30', '请提前15分钟候诊', '0', '1', '35', '8' );
INSERT INTO doctor_schedule ( m_code, service_date, week_day, session_code, session_name, start_time, end_time,  department_code, department_name, clinic_room_code, clinic_room_name,  doctor_code, doctor_name, doctor_title_code, doctor_title, doctor_spec,  doctor_sess_type_code, doctor_sess_type, service_code, service_name,  fee, reg_fee, checkup_fee, service_fee, other_fee, available_number_str,  admit_address_string, admit_time_range, note, time_range_flag, schedule_status,  available_total_num, available_left_num ) VALUES ( 'SCH_DOC_DEPT005_4_20260327_1', '2026-03-27', '5', '1', '上午', '08:00', '12:00', 'DEPT005', '眼科', 'ROOM_DEPT005_5', '眼科门诊4诊室', 'DOC_DEPT005_4', '陈娜', '03', '主治医师', '角膜眼表疾病', '1', '专家门诊', 'SRV_001', '主治医师挂号费', '50.00', '50.00', '0.00', '0.00', '0.00', '3,4,6,7,9,13,14,16,19,20,21,24,26,28,30,31,32,33', '主楼5层眼科候诊区', '08:00-12:00', '请提前15分钟候诊', '0', '1', '33', '7' );
INSERT INTO doctor_schedule ( m_code, service_date, week_day, session_code, session_name, start_time, end_time,  department_code, department_name, clinic_room_code, clinic_room_name,  doctor_code, doctor_name, doctor_title_code, doctor_title, doctor_spec,  doctor_sess_type_code, doctor_sess_type, service_code, service_name,  fee, reg_fee, checkup_fee, service_fee, other_fee, available_number_str,  admit_address_string, admit_time_range, note, time_range_flag, schedule_status,  available_total_num, available_left_num ) VALUES ( 'SCH_DOC_DEPT005_4_20260328_2', '2026-03-28', '6', '2', '下午', '13:30', '17:30', 'DEPT005', '眼科', 'ROOM_DEPT005_3', '眼科门诊3诊室', 'DOC_DEPT005_4', '陈娜', '03', '主治医师', '角膜眼表疾病', '1', '专家门诊', 'SRV_001', '主治医师挂号费', '20.00', '20.00', '0.00', '0.00', '0.00', '1,2,4,5,6,8,10,11,12,13,15,16,17,18', '主楼3层眼科候诊区', '13:30-17:30', '请提前15分钟候诊', '0', '1', '18', '13' );
INSERT INTO doctor_schedule ( m_code, service_date, week_day, session_code, session_name, start_time, end_time,  department_code, department_name, clinic_room_code, clinic_room_name,  doctor_code, doctor_name, doctor_title_code, doctor_title, doctor_spec,  doctor_sess_type_code, doctor_sess_type, service_code, service_name,  fee, reg_fee, checkup_fee, service_fee, other_fee, available_number_str,  admit_address_string, admit_time_range, note, time_range_flag, schedule_status,  available_total_num, available_left_num ) VALUES ( 'SCH_DOC_DEPT005_4_20260328_1', '2026-03-28', '6', '1', '上午', '08:00', '12:00', 'DEPT005', '眼科', 'ROOM_DEPT005_3', '眼科门诊4诊室', 'DOC_DEPT005_4', '陈娜', '03', '主治医师', '角膜眼表疾病', '1', '专家门诊', 'SRV_001', '主治医师挂号费', '15.00', '15.00', '0.00', '0.00', '0.00', '1,2,5,6,8,10,12,13,16,17', '主楼1层眼科候诊区', '08:00-12:00', '请提前15分钟候诊', '0', '1', '17', '7' );
INSERT INTO doctor_schedule ( m_code, service_date, week_day, session_code, session_name, start_time, end_time,  department_code, department_name, clinic_room_code, clinic_room_name,  doctor_code, doctor_name, doctor_title_code, doctor_title, doctor_spec,  doctor_sess_type_code, doctor_sess_type, service_code, service_name,  fee, reg_fee, checkup_fee, service_fee, other_fee, available_number_str,  admit_address_string, admit_time_range, note, time_range_flag, schedule_status,  available_total_num, available_left_num ) VALUES ( 'SCH_DOC_DEPT005_4_20260329_1', '2026-03-29', '7', '1', '上午', '08:00', '12:00', 'DEPT005', '眼科', 'ROOM_DEPT005_2', '眼科门诊2诊室', 'DOC_DEPT005_4', '陈娜', '03', '主治医师', '角膜眼表疾病', '1', '专家门诊', 'SRV_001', '主治医师挂号费', '20.00', '20.00', '0.00', '0.00', '0.00', '1,2,4,5,6,7,8,9,12,13,14,15,16,17,18,19,21,22', '主楼4层眼科候诊区', '08:00-12:00', '请提前15分钟候诊', '0', '1', '25', '5' );
INSERT INTO doctor (doctor_code, doctor_name, department_code, title, specialty, doctor_des, doctor_image) VALUES ('DOC_DEPT005_5', '王伟', 'DEPT005', '主任医师', '青光眼早期筛查', '王伟主任医师，从事眼科临床工作23年，医术精湛。她专注于青光眼早期筛查的诊疗，已成功治愈数千例相关患者。', 'doc_DOC_DEPT005_5.png');
INSERT INTO doctor_schedule ( m_code, service_date, week_day, session_code, session_name, start_time, end_time,  department_code, department_name, clinic_room_code, clinic_room_name,  doctor_code, doctor_name, doctor_title_code, doctor_title, doctor_spec,  doctor_sess_type_code, doctor_sess_type, service_code, service_name,  fee, reg_fee, checkup_fee, service_fee, other_fee, available_number_str,  admit_address_string, admit_time_range, note, time_range_flag, schedule_status,  available_total_num, available_left_num ) VALUES ( 'SCH_DOC_DEPT005_5_20260316_2', '2026-03-16', '1', '2', '下午', '13:30', '17:30', 'DEPT005', '眼科', 'ROOM_DEPT005_4', '眼科门诊3诊室', 'DOC_DEPT005_5', '王伟', '01', '主任医师', '青光眼早期筛查', '1', '专家门诊', 'SRV_001', '主任医师挂号费', '50.00', '50.00', '0.00', '0.00', '0.00', '2,4,5,7,10,13,14,15', '主楼5层眼科候诊区', '13:30-17:30', '请提前15分钟候诊', '0', '1', '15', '12' );
INSERT INTO doctor_schedule ( m_code, service_date, week_day, session_code, session_name, start_time, end_time,  department_code, department_name, clinic_room_code, clinic_room_name,  doctor_code, doctor_name, doctor_title_code, doctor_title, doctor_spec,  doctor_sess_type_code, doctor_sess_type, service_code, service_name,  fee, reg_fee, checkup_fee, service_fee, other_fee, available_number_str,  admit_address_string, admit_time_range, note, time_range_flag, schedule_status,  available_total_num, available_left_num ) VALUES ( 'SCH_DOC_DEPT005_5_20260316_1', '2026-03-16', '1', '1', '上午', '08:00', '12:00', 'DEPT005', '眼科', 'ROOM_DEPT005_1', '眼科门诊3诊室', 'DOC_DEPT005_5', '王伟', '01', '主任医师', '青光眼早期筛查', '1', '专家门诊', 'SRV_001', '主任医师挂号费', '20.00', '20.00', '0.00', '0.00', '0.00', '5,6,7,8,9,10,12,13,15,18,19,20', '主楼5层眼科候诊区', '08:00-12:00', '请提前15分钟候诊', '0', '1', '20', '7' );
INSERT INTO doctor_schedule ( m_code, service_date, week_day, session_code, session_name, start_time, end_time,  department_code, department_name, clinic_room_code, clinic_room_name,  doctor_code, doctor_name, doctor_title_code, doctor_title, doctor_spec,  doctor_sess_type_code, doctor_sess_type, service_code, service_name,  fee, reg_fee, checkup_fee, service_fee, other_fee, available_number_str,  admit_address_string, admit_time_range, note, time_range_flag, schedule_status,  available_total_num, available_left_num ) VALUES ( 'SCH_DOC_DEPT005_5_20260317_1', '2026-03-17', '2', '1', '上午', '08:00', '12:00', 'DEPT005', '眼科', 'ROOM_DEPT005_2', '眼科门诊4诊室', 'DOC_DEPT005_5', '王伟', '01', '主任医师', '青光眼早期筛查', '1', '专家门诊', 'SRV_001', '主任医师挂号费', '15.00', '15.00', '0.00', '0.00', '0.00', '1,2,3,5,6,7,8,9,10,11,13,14,15,17,18,20,21,22,23,24,26,27,29,30,31,32', '主楼5层眼科候诊区', '08:00-12:00', '请提前15分钟候诊', '0', '1', '32', '24' );
INSERT INTO doctor_schedule ( m_code, service_date, week_day, session_code, session_name, start_time, end_time,  department_code, department_name, clinic_room_code, clinic_room_name,  doctor_code, doctor_name, doctor_title_code, doctor_title, doctor_spec,  doctor_sess_type_code, doctor_sess_type, service_code, service_name,  fee, reg_fee, checkup_fee, service_fee, other_fee, available_number_str,  admit_address_string, admit_time_range, note, time_range_flag, schedule_status,  available_total_num, available_left_num ) VALUES ( 'SCH_DOC_DEPT005_5_20260317_2', '2026-03-17', '2', '2', '下午', '13:30', '17:30', 'DEPT005', '眼科', 'ROOM_DEPT005_4', '眼科门诊1诊室', 'DOC_DEPT005_5', '王伟', '01', '主任医师', '青光眼早期筛查', '1', '专家门诊', 'SRV_001', '主任医师挂号费', '20.00', '20.00', '0.00', '0.00', '0.00', '2,3,6,7,8,9,11,12,13,14,16,17,18,19,20,23', '主楼6层眼科候诊区', '13:30-17:30', '请提前15分钟候诊', '0', '1', '23', '13' );
INSERT INTO doctor_schedule ( m_code, service_date, week_day, session_code, session_name, start_time, end_time,  department_code, department_name, clinic_room_code, clinic_room_name,  doctor_code, doctor_name, doctor_title_code, doctor_title, doctor_spec,  doctor_sess_type_code, doctor_sess_type, service_code, service_name,  fee, reg_fee, checkup_fee, service_fee, other_fee, available_number_str,  admit_address_string, admit_time_range, note, time_range_flag, schedule_status,  available_total_num, available_left_num ) VALUES ( 'SCH_DOC_DEPT005_5_20260318_1', '2026-03-18', '3', '1', '上午', '08:00', '12:00', 'DEPT005', '眼科', 'ROOM_DEPT005_2', '眼科门诊4诊室', 'DOC_DEPT005_5', '王伟', '01', '主任医师', '青光眼早期筛查', '1', '专家门诊', 'SRV_001', '主任医师挂号费', '15.00', '15.00', '0.00', '0.00', '0.00', '2,3,4,5,6,8,9,10,12,13,16,17,18,19,20,22,23,24,25,26,28,29,34,35,38', '主楼2层眼科候诊区', '08:00-12:00', '请提前15分钟候诊', '0', '1', '38', '31' );
INSERT INTO doctor_schedule ( m_code, service_date, week_day, session_code, session_name, start_time, end_time,  department_code, department_name, clinic_room_code, clinic_room_name,  doctor_code, doctor_name, doctor_title_code, doctor_title, doctor_spec,  doctor_sess_type_code, doctor_sess_type, service_code, service_name,  fee, reg_fee, checkup_fee, service_fee, other_fee, available_number_str,  admit_address_string, admit_time_range, note, time_range_flag, schedule_status,  available_total_num, available_left_num ) VALUES ( 'SCH_DOC_DEPT005_5_20260319_2', '2026-03-19', '4', '2', '下午', '13:30', '17:30', 'DEPT005', '眼科', 'ROOM_DEPT005_2', '眼科门诊1诊室', 'DOC_DEPT005_5', '王伟', '01', '主任医师', '青光眼早期筛查', '1', '专家门诊', 'SRV_001', '主任医师挂号费', '50.00', '50.00', '0.00', '0.00', '0.00', '2,6,7,8,9,10,13,15,16,17,18,20,21,22,23,24,25,26,27,31,32,33,34,36,37', '主楼2层眼科候诊区', '13:30-17:30', '请提前15分钟候诊', '0', '1', '37', '14' );
INSERT INTO doctor_schedule ( m_code, service_date, week_day, session_code, session_name, start_time, end_time,  department_code, department_name, clinic_room_code, clinic_room_name,  doctor_code, doctor_name, doctor_title_code, doctor_title, doctor_spec,  doctor_sess_type_code, doctor_sess_type, service_code, service_name,  fee, reg_fee, checkup_fee, service_fee, other_fee, available_number_str,  admit_address_string, admit_time_range, note, time_range_flag, schedule_status,  available_total_num, available_left_num ) VALUES ( 'SCH_DOC_DEPT005_5_20260319_1', '2026-03-19', '4', '1', '上午', '08:00', '12:00', 'DEPT005', '眼科', 'ROOM_DEPT005_2', '眼科门诊3诊室', 'DOC_DEPT005_5', '王伟', '01', '主任医师', '青光眼早期筛查', '1', '专家门诊', 'SRV_001', '主任医师挂号费', '15.00', '15.00', '0.00', '0.00', '0.00', '1,3,4,5,6,7,8,9,11,13,15,16,17', '主楼2层眼科候诊区', '08:00-12:00', '请提前15分钟候诊', '0', '1', '17', '11' );
INSERT INTO doctor_schedule ( m_code, service_date, week_day, session_code, session_name, start_time, end_time,  department_code, department_name, clinic_room_code, clinic_room_name,  doctor_code, doctor_name, doctor_title_code, doctor_title, doctor_spec,  doctor_sess_type_code, doctor_sess_type, service_code, service_name,  fee, reg_fee, checkup_fee, service_fee, other_fee, available_number_str,  admit_address_string, admit_time_range, note, time_range_flag, schedule_status,  available_total_num, available_left_num ) VALUES ( 'SCH_DOC_DEPT005_5_20260320_2', '2026-03-20', '5', '2', '下午', '13:30', '17:30', 'DEPT005', '眼科', 'ROOM_DEPT005_1', '眼科门诊1诊室', 'DOC_DEPT005_5', '王伟', '01', '主任医师', '青光眼早期筛查', '1', '专家门诊', 'SRV_001', '主任医师挂号费', '20.00', '20.00', '0.00', '0.00', '0.00', '2,3,4,6,8,10,12,13,14,15,16', '主楼2层眼科候诊区', '13:30-17:30', '请提前15分钟候诊', '0', '1', '16', '15' );
INSERT INTO doctor_schedule ( m_code, service_date, week_day, session_code, session_name, start_time, end_time,  department_code, department_name, clinic_room_code, clinic_room_name,  doctor_code, doctor_name, doctor_title_code, doctor_title, doctor_spec,  doctor_sess_type_code, doctor_sess_type, service_code, service_name,  fee, reg_fee, checkup_fee, service_fee, other_fee, available_number_str,  admit_address_string, admit_time_range, note, time_range_flag, schedule_status,  available_total_num, available_left_num ) VALUES ( 'SCH_DOC_DEPT005_5_20260320_1', '2026-03-20', '5', '1', '上午', '08:00', '12:00', 'DEPT005', '眼科', 'ROOM_DEPT005_5', '眼科门诊5诊室', 'DOC_DEPT005_5', '王伟', '01', '主任医师', '青光眼早期筛查', '1', '专家门诊', 'SRV_001', '主任医师挂号费', '20.00', '20.00', '0.00', '0.00', '0.00', '1,5,6,7,8,10,11,13,15,17,18,19', '主楼4层眼科候诊区', '08:00-12:00', '请提前15分钟候诊', '0', '1', '19', '12' );
INSERT INTO doctor_schedule ( m_code, service_date, week_day, session_code, session_name, start_time, end_time,  department_code, department_name, clinic_room_code, clinic_room_name,  doctor_code, doctor_name, doctor_title_code, doctor_title, doctor_spec,  doctor_sess_type_code, doctor_sess_type, service_code, service_name,  fee, reg_fee, checkup_fee, service_fee, other_fee, available_number_str,  admit_address_string, admit_time_range, note, time_range_flag, schedule_status,  available_total_num, available_left_num ) VALUES ( 'SCH_DOC_DEPT005_5_20260321_1', '2026-03-21', '6', '1', '上午', '08:00', '12:00', 'DEPT005', '眼科', 'ROOM_DEPT005_2', '眼科门诊3诊室', 'DOC_DEPT005_5', '王伟', '01', '主任医师', '青光眼早期筛查', '1', '专家门诊', 'SRV_001', '主任医师挂号费', '15.00', '15.00', '0.00', '0.00', '0.00', '1,3,4,5,6,7,10,11,12,14,15,16,17,18,19,20,21', '主楼1层眼科候诊区', '08:00-12:00', '请提前15分钟候诊', '0', '1', '23', '15' );
INSERT INTO doctor_schedule ( m_code, service_date, week_day, session_code, session_name, start_time, end_time,  department_code, department_name, clinic_room_code, clinic_room_name,  doctor_code, doctor_name, doctor_title_code, doctor_title, doctor_spec,  doctor_sess_type_code, doctor_sess_type, service_code, service_name,  fee, reg_fee, checkup_fee, service_fee, other_fee, available_number_str,  admit_address_string, admit_time_range, note, time_range_flag, schedule_status,  available_total_num, available_left_num ) VALUES ( 'SCH_DOC_DEPT005_5_20260321_2', '2026-03-21', '6', '2', '下午', '13:30', '17:30', 'DEPT005', '眼科', 'ROOM_DEPT005_4', '眼科门诊3诊室', 'DOC_DEPT005_5', '王伟', '01', '主任医师', '青光眼早期筛查', '1', '专家门诊', 'SRV_001', '主任医师挂号费', '20.00', '20.00', '0.00', '0.00', '0.00', '1,3,4,8,9,10,12,13,14,15,16,18,19,20,21,22,23,27,28,29,30', '主楼5层眼科候诊区', '13:30-17:30', '请提前15分钟候诊', '0', '1', '31', '9' );
INSERT INTO doctor_schedule ( m_code, service_date, week_day, session_code, session_name, start_time, end_time,  department_code, department_name, clinic_room_code, clinic_room_name,  doctor_code, doctor_name, doctor_title_code, doctor_title, doctor_spec,  doctor_sess_type_code, doctor_sess_type, service_code, service_name,  fee, reg_fee, checkup_fee, service_fee, other_fee, available_number_str,  admit_address_string, admit_time_range, note, time_range_flag, schedule_status,  available_total_num, available_left_num ) VALUES ( 'SCH_DOC_DEPT005_5_20260323_2', '2026-03-23', '1', '2', '下午', '13:30', '17:30', 'DEPT005', '眼科', 'ROOM_DEPT005_4', '眼科门诊4诊室', 'DOC_DEPT005_5', '王伟', '01', '主任医师', '青光眼早期筛查', '1', '专家门诊', 'SRV_001', '主任医师挂号费', '15.00', '15.00', '0.00', '0.00', '0.00', '1,3,5,6,7,9,10,12,13,14', '主楼1层眼科候诊区', '13:30-17:30', '请提前15分钟候诊', '0', '1', '17', '6' );
INSERT INTO doctor_schedule ( m_code, service_date, week_day, session_code, session_name, start_time, end_time,  department_code, department_name, clinic_room_code, clinic_room_name,  doctor_code, doctor_name, doctor_title_code, doctor_title, doctor_spec,  doctor_sess_type_code, doctor_sess_type, service_code, service_name,  fee, reg_fee, checkup_fee, service_fee, other_fee, available_number_str,  admit_address_string, admit_time_range, note, time_range_flag, schedule_status,  available_total_num, available_left_num ) VALUES ( 'SCH_DOC_DEPT005_5_20260323_1', '2026-03-23', '1', '1', '上午', '08:00', '12:00', 'DEPT005', '眼科', 'ROOM_DEPT005_5', '眼科门诊2诊室', 'DOC_DEPT005_5', '王伟', '01', '主任医师', '青光眼早期筛查', '1', '专家门诊', 'SRV_001', '主任医师挂号费', '15.00', '15.00', '0.00', '0.00', '0.00', '1,3,4,5,6,7,9,10,12,14,15,16,18,19,20,21,22,23,25,28,29,30,31,33,35', '主楼5层眼科候诊区', '08:00-12:00', '请提前15分钟候诊', '0', '1', '36', '20' );
INSERT INTO doctor_schedule ( m_code, service_date, week_day, session_code, session_name, start_time, end_time,  department_code, department_name, clinic_room_code, clinic_room_name,  doctor_code, doctor_name, doctor_title_code, doctor_title, doctor_spec,  doctor_sess_type_code, doctor_sess_type, service_code, service_name,  fee, reg_fee, checkup_fee, service_fee, other_fee, available_number_str,  admit_address_string, admit_time_range, note, time_range_flag, schedule_status,  available_total_num, available_left_num ) VALUES ( 'SCH_DOC_DEPT005_5_20260325_1', '2026-03-25', '3', '1', '上午', '08:00', '12:00', 'DEPT005', '眼科', 'ROOM_DEPT005_5', '眼科门诊5诊室', 'DOC_DEPT005_5', '王伟', '01', '主任医师', '青光眼早期筛查', '1', '专家门诊', 'SRV_001', '主任医师挂号费', '15.00', '15.00', '0.00', '0.00', '0.00', '1,2,3,4,6,7,9,10,11,12,13,14,15,16,18,19,20,22,23', '主楼6层眼科候诊区', '08:00-12:00', '请提前15分钟候诊', '0', '1', '25', '17' );
INSERT INTO doctor_schedule ( m_code, service_date, week_day, session_code, session_name, start_time, end_time,  department_code, department_name, clinic_room_code, clinic_room_name,  doctor_code, doctor_name, doctor_title_code, doctor_title, doctor_spec,  doctor_sess_type_code, doctor_sess_type, service_code, service_name,  fee, reg_fee, checkup_fee, service_fee, other_fee, available_number_str,  admit_address_string, admit_time_range, note, time_range_flag, schedule_status,  available_total_num, available_left_num ) VALUES ( 'SCH_DOC_DEPT005_5_20260325_2', '2026-03-25', '3', '2', '下午', '13:30', '17:30', 'DEPT005', '眼科', 'ROOM_DEPT005_2', '眼科门诊1诊室', 'DOC_DEPT005_5', '王伟', '01', '主任医师', '青光眼早期筛查', '1', '专家门诊', 'SRV_001', '主任医师挂号费', '50.00', '50.00', '0.00', '0.00', '0.00', '2,3,4,5,6,7,8,9,11,12,14,15,16,17,18', '主楼6层眼科候诊区', '13:30-17:30', '请提前15分钟候诊', '0', '1', '20', '4' );
INSERT INTO doctor_schedule ( m_code, service_date, week_day, session_code, session_name, start_time, end_time,  department_code, department_name, clinic_room_code, clinic_room_name,  doctor_code, doctor_name, doctor_title_code, doctor_title, doctor_spec,  doctor_sess_type_code, doctor_sess_type, service_code, service_name,  fee, reg_fee, checkup_fee, service_fee, other_fee, available_number_str,  admit_address_string, admit_time_range, note, time_range_flag, schedule_status,  available_total_num, available_left_num ) VALUES ( 'SCH_DOC_DEPT005_5_20260327_2', '2026-03-27', '5', '2', '下午', '13:30', '17:30', 'DEPT005', '眼科', 'ROOM_DEPT005_3', '眼科门诊1诊室', 'DOC_DEPT005_5', '王伟', '01', '主任医师', '青光眼早期筛查', '1', '专家门诊', 'SRV_001', '主任医师挂号费', '15.00', '15.00', '0.00', '0.00', '0.00', '1,2,4,5,6,7,9,10,11,13,14,15,16', '主楼6层眼科候诊区', '13:30-17:30', '请提前15分钟候诊', '0', '1', '16', '12' );
INSERT INTO doctor_schedule ( m_code, service_date, week_day, session_code, session_name, start_time, end_time,  department_code, department_name, clinic_room_code, clinic_room_name,  doctor_code, doctor_name, doctor_title_code, doctor_title, doctor_spec,  doctor_sess_type_code, doctor_sess_type, service_code, service_name,  fee, reg_fee, checkup_fee, service_fee, other_fee, available_number_str,  admit_address_string, admit_time_range, note, time_range_flag, schedule_status,  available_total_num, available_left_num ) VALUES ( 'SCH_DOC_DEPT005_5_20260328_2', '2026-03-28', '6', '2', '下午', '13:30', '17:30', 'DEPT005', '眼科', 'ROOM_DEPT005_2', '眼科门诊4诊室', 'DOC_DEPT005_5', '王伟', '01', '主任医师', '青光眼早期筛查', '1', '专家门诊', 'SRV_001', '主任医师挂号费', '50.00', '50.00', '0.00', '0.00', '0.00', '1,3,4,5,8,10,11,12,14,16,17,18,19,20,21,22,23,24,25,26,28,29', '主楼6层眼科候诊区', '13:30-17:30', '请提前15分钟候诊', '0', '1', '29', '22' );
INSERT INTO doctor_schedule ( m_code, service_date, week_day, session_code, session_name, start_time, end_time,  department_code, department_name, clinic_room_code, clinic_room_name,  doctor_code, doctor_name, doctor_title_code, doctor_title, doctor_spec,  doctor_sess_type_code, doctor_sess_type, service_code, service_name,  fee, reg_fee, checkup_fee, service_fee, other_fee, available_number_str,  admit_address_string, admit_time_range, note, time_range_flag, schedule_status,  available_total_num, available_left_num ) VALUES ( 'SCH_DOC_DEPT005_5_20260329_1', '2026-03-29', '7', '1', '上午', '08:00', '12:00', 'DEPT005', '眼科', 'ROOM_DEPT005_3', '眼科门诊2诊室', 'DOC_DEPT005_5', '王伟', '01', '主任医师', '青光眼早期筛查', '1', '专家门诊', 'SRV_001', '主任医师挂号费', '20.00', '20.00', '0.00', '0.00', '0.00', '2,3,4,5,6,7,8,10,12,13,14,16,17,18,20,22', '主楼4层眼科候诊区', '08:00-12:00', '请提前15分钟候诊', '0', '1', '25', '11' );
INSERT INTO doctor_schedule ( m_code, service_date, week_day, session_code, session_name, start_time, end_time,  department_code, department_name, clinic_room_code, clinic_room_name,  doctor_code, doctor_name, doctor_title_code, doctor_title, doctor_spec,  doctor_sess_type_code, doctor_sess_type, service_code, service_name,  fee, reg_fee, checkup_fee, service_fee, other_fee, available_number_str,  admit_address_string, admit_time_range, note, time_range_flag, schedule_status,  available_total_num, available_left_num ) VALUES ( 'SCH_DOC_DEPT005_5_20260329_2', '2026-03-29', '7', '2', '下午', '13:30', '17:30', 'DEPT005', '眼科', 'ROOM_DEPT005_3', '眼科门诊2诊室', 'DOC_DEPT005_5', '王伟', '01', '主任医师', '青光眼早期筛查', '1', '专家门诊', 'SRV_001', '主任医师挂号费', '20.00', '20.00', '0.00', '0.00', '0.00', '1,2,3,5,6,7,9,11,12,13,14,19,21,24,25,26,28,31,33,34,37,39', '主楼5层眼科候诊区', '13:30-17:30', '请提前15分钟候诊', '0', '1', '39', '27' );
INSERT INTO doctor (doctor_code, doctor_name, department_code, title, specialty, doctor_des, doctor_image) VALUES ('DOC_DEPT006_1', '王勇', 'DEPT006', '副主任医师', '突发性耳聋', '王勇副主任医师，从事耳鼻喉科临床工作24年，医术精湛。他长期致力于突发性耳聋的诊疗，已成功治愈数千例相关患者。', 'doc_DOC_DEPT006_1.png');
INSERT INTO doctor_schedule ( m_code, service_date, week_day, session_code, session_name, start_time, end_time,  department_code, department_name, clinic_room_code, clinic_room_name,  doctor_code, doctor_name, doctor_title_code, doctor_title, doctor_spec,  doctor_sess_type_code, doctor_sess_type, service_code, service_name,  fee, reg_fee, checkup_fee, service_fee, other_fee, available_number_str,  admit_address_string, admit_time_range, note, time_range_flag, schedule_status,  available_total_num, available_left_num ) VALUES ( 'SCH_DOC_DEPT006_1_20260316_2', '2026-03-16', '1', '2', '下午', '13:30', '17:30', 'DEPT006', '耳鼻喉科', 'ROOM_DEPT006_3', '耳鼻喉科门诊1诊室', 'DOC_DEPT006_1', '王勇', '02', '副主任医师', '突发性耳聋', '1', '专家门诊', 'SRV_001', '副主任医师挂号费', '20.00', '20.00', '0.00', '0.00', '0.00', '2,3,4,5,6,7,8,9,10,11,12,14,17,18,19,20,22,24,25,26,27,28,29,30,31', '主楼4层耳鼻喉科候诊区', '13:30-17:30', '请提前15分钟候诊', '0', '1', '33', '31' );
INSERT INTO doctor_schedule ( m_code, service_date, week_day, session_code, session_name, start_time, end_time,  department_code, department_name, clinic_room_code, clinic_room_name,  doctor_code, doctor_name, doctor_title_code, doctor_title, doctor_spec,  doctor_sess_type_code, doctor_sess_type, service_code, service_name,  fee, reg_fee, checkup_fee, service_fee, other_fee, available_number_str,  admit_address_string, admit_time_range, note, time_range_flag, schedule_status,  available_total_num, available_left_num ) VALUES ( 'SCH_DOC_DEPT006_1_20260317_2', '2026-03-17', '2', '2', '下午', '13:30', '17:30', 'DEPT006', '耳鼻喉科', 'ROOM_DEPT006_3', '耳鼻喉科门诊1诊室', 'DOC_DEPT006_1', '王勇', '02', '副主任医师', '突发性耳聋', '1', '专家门诊', 'SRV_001', '副主任医师挂号费', '50.00', '50.00', '0.00', '0.00', '0.00', '1,2,3,4,5,6,7,8,9,10,12,13', '主楼1层耳鼻喉科候诊区', '13:30-17:30', '请提前15分钟候诊', '0', '1', '17', '6' );
INSERT INTO doctor_schedule ( m_code, service_date, week_day, session_code, session_name, start_time, end_time,  department_code, department_name, clinic_room_code, clinic_room_name,  doctor_code, doctor_name, doctor_title_code, doctor_title, doctor_spec,  doctor_sess_type_code, doctor_sess_type, service_code, service_name,  fee, reg_fee, checkup_fee, service_fee, other_fee, available_number_str,  admit_address_string, admit_time_range, note, time_range_flag, schedule_status,  available_total_num, available_left_num ) VALUES ( 'SCH_DOC_DEPT006_1_20260317_1', '2026-03-17', '2', '1', '上午', '08:00', '12:00', 'DEPT006', '耳鼻喉科', 'ROOM_DEPT006_3', '耳鼻喉科门诊3诊室', 'DOC_DEPT006_1', '王勇', '02', '副主任医师', '突发性耳聋', '1', '专家门诊', 'SRV_001', '副主任医师挂号费', '20.00', '20.00', '0.00', '0.00', '0.00', '1,2,3,5,7,9,10,11,12,13,14,17,19,20,21,22,24,25,26,27,28,29,30,31,32,33,34', '主楼5层耳鼻喉科候诊区', '08:00-12:00', '请提前15分钟候诊', '0', '1', '34', '16' );
INSERT INTO doctor_schedule ( m_code, service_date, week_day, session_code, session_name, start_time, end_time,  department_code, department_name, clinic_room_code, clinic_room_name,  doctor_code, doctor_name, doctor_title_code, doctor_title, doctor_spec,  doctor_sess_type_code, doctor_sess_type, service_code, service_name,  fee, reg_fee, checkup_fee, service_fee, other_fee, available_number_str,  admit_address_string, admit_time_range, note, time_range_flag, schedule_status,  available_total_num, available_left_num ) VALUES ( 'SCH_DOC_DEPT006_1_20260318_2', '2026-03-18', '3', '2', '下午', '13:30', '17:30', 'DEPT006', '耳鼻喉科', 'ROOM_DEPT006_4', '耳鼻喉科门诊4诊室', 'DOC_DEPT006_1', '王勇', '02', '副主任医师', '突发性耳聋', '1', '专家门诊', 'SRV_001', '副主任医师挂号费', '20.00', '20.00', '0.00', '0.00', '0.00', '1,2,3,5,6,7,8,9,10,11,14,15,16,17,19,20,21,24,26,27,28,29,30,32', '主楼2层耳鼻喉科候诊区', '13:30-17:30', '请提前15分钟候诊', '0', '1', '32', '32' );
INSERT INTO doctor_schedule ( m_code, service_date, week_day, session_code, session_name, start_time, end_time,  department_code, department_name, clinic_room_code, clinic_room_name,  doctor_code, doctor_name, doctor_title_code, doctor_title, doctor_spec,  doctor_sess_type_code, doctor_sess_type, service_code, service_name,  fee, reg_fee, checkup_fee, service_fee, other_fee, available_number_str,  admit_address_string, admit_time_range, note, time_range_flag, schedule_status,  available_total_num, available_left_num ) VALUES ( 'SCH_DOC_DEPT006_1_20260318_1', '2026-03-18', '3', '1', '上午', '08:00', '12:00', 'DEPT006', '耳鼻喉科', 'ROOM_DEPT006_1', '耳鼻喉科门诊4诊室', 'DOC_DEPT006_1', '王勇', '02', '副主任医师', '突发性耳聋', '1', '专家门诊', 'SRV_001', '副主任医师挂号费', '50.00', '50.00', '0.00', '0.00', '0.00', '1,2,6,7,8,10,12,14,15,17,19,21,23,24,31,33,34', '主楼2层耳鼻喉科候诊区', '08:00-12:00', '请提前15分钟候诊', '0', '1', '34', '18' );
INSERT INTO doctor_schedule ( m_code, service_date, week_day, session_code, session_name, start_time, end_time,  department_code, department_name, clinic_room_code, clinic_room_name,  doctor_code, doctor_name, doctor_title_code, doctor_title, doctor_spec,  doctor_sess_type_code, doctor_sess_type, service_code, service_name,  fee, reg_fee, checkup_fee, service_fee, other_fee, available_number_str,  admit_address_string, admit_time_range, note, time_range_flag, schedule_status,  available_total_num, available_left_num ) VALUES ( 'SCH_DOC_DEPT006_1_20260319_1', '2026-03-19', '4', '1', '上午', '08:00', '12:00', 'DEPT006', '耳鼻喉科', 'ROOM_DEPT006_5', '耳鼻喉科门诊5诊室', 'DOC_DEPT006_1', '王勇', '02', '副主任医师', '突发性耳聋', '1', '专家门诊', 'SRV_001', '副主任医师挂号费', '20.00', '20.00', '0.00', '0.00', '0.00', '1,2,4,5,6,7,8,11,12,13,14,15,16,17,18,20,21,22,24,25,26,27,28,29,31,33,34,35,37', '主楼5层耳鼻喉科候诊区', '08:00-12:00', '请提前15分钟候诊', '0', '1', '39', '22' );
INSERT INTO doctor_schedule ( m_code, service_date, week_day, session_code, session_name, start_time, end_time,  department_code, department_name, clinic_room_code, clinic_room_name,  doctor_code, doctor_name, doctor_title_code, doctor_title, doctor_spec,  doctor_sess_type_code, doctor_sess_type, service_code, service_name,  fee, reg_fee, checkup_fee, service_fee, other_fee, available_number_str,  admit_address_string, admit_time_range, note, time_range_flag, schedule_status,  available_total_num, available_left_num ) VALUES ( 'SCH_DOC_DEPT006_1_20260320_1', '2026-03-20', '5', '1', '上午', '08:00', '12:00', 'DEPT006', '耳鼻喉科', 'ROOM_DEPT006_3', '耳鼻喉科门诊1诊室', 'DOC_DEPT006_1', '王勇', '02', '副主任医师', '突发性耳聋', '1', '专家门诊', 'SRV_001', '副主任医师挂号费', '50.00', '50.00', '0.00', '0.00', '0.00', '1,2,3,5,6,8,9,10,11,12,14,15,16,19', '主楼3层耳鼻喉科候诊区', '08:00-12:00', '请提前15分钟候诊', '0', '1', '22', '20' );
INSERT INTO doctor_schedule ( m_code, service_date, week_day, session_code, session_name, start_time, end_time,  department_code, department_name, clinic_room_code, clinic_room_name,  doctor_code, doctor_name, doctor_title_code, doctor_title, doctor_spec,  doctor_sess_type_code, doctor_sess_type, service_code, service_name,  fee, reg_fee, checkup_fee, service_fee, other_fee, available_number_str,  admit_address_string, admit_time_range, note, time_range_flag, schedule_status,  available_total_num, available_left_num ) VALUES ( 'SCH_DOC_DEPT006_1_20260320_2', '2026-03-20', '5', '2', '下午', '13:30', '17:30', 'DEPT006', '耳鼻喉科', 'ROOM_DEPT006_2', '耳鼻喉科门诊3诊室', 'DOC_DEPT006_1', '王勇', '02', '副主任医师', '突发性耳聋', '1', '专家门诊', 'SRV_001', '副主任医师挂号费', '15.00', '15.00', '0.00', '0.00', '0.00', '1,3,5,6,7,8,9,10,11,12,13,14,16,17,18,19,20,23,24,25,26', '主楼3层耳鼻喉科候诊区', '13:30-17:30', '请提前15分钟候诊', '0', '1', '26', '24' );
INSERT INTO doctor_schedule ( m_code, service_date, week_day, session_code, session_name, start_time, end_time,  department_code, department_name, clinic_room_code, clinic_room_name,  doctor_code, doctor_name, doctor_title_code, doctor_title, doctor_spec,  doctor_sess_type_code, doctor_sess_type, service_code, service_name,  fee, reg_fee, checkup_fee, service_fee, other_fee, available_number_str,  admit_address_string, admit_time_range, note, time_range_flag, schedule_status,  available_total_num, available_left_num ) VALUES ( 'SCH_DOC_DEPT006_1_20260322_2', '2026-03-22', '7', '2', '下午', '13:30', '17:30', 'DEPT006', '耳鼻喉科', 'ROOM_DEPT006_1', '耳鼻喉科门诊4诊室', 'DOC_DEPT006_1', '王勇', '02', '副主任医师', '突发性耳聋', '1', '专家门诊', 'SRV_001', '副主任医师挂号费', '15.00', '15.00', '0.00', '0.00', '0.00', '3,4,5,6,7,8,9,11,12,13,14,16,17,18,19,20,22,24,25,26,27,28,29,30,31,32,33,34,37,40', '主楼6层耳鼻喉科候诊区', '13:30-17:30', '请提前15分钟候诊', '0', '1', '40', '27' );
INSERT INTO doctor_schedule ( m_code, service_date, week_day, session_code, session_name, start_time, end_time,  department_code, department_name, clinic_room_code, clinic_room_name,  doctor_code, doctor_name, doctor_title_code, doctor_title, doctor_spec,  doctor_sess_type_code, doctor_sess_type, service_code, service_name,  fee, reg_fee, checkup_fee, service_fee, other_fee, available_number_str,  admit_address_string, admit_time_range, note, time_range_flag, schedule_status,  available_total_num, available_left_num ) VALUES ( 'SCH_DOC_DEPT006_1_20260324_2', '2026-03-24', '2', '2', '下午', '13:30', '17:30', 'DEPT006', '耳鼻喉科', 'ROOM_DEPT006_5', '耳鼻喉科门诊5诊室', 'DOC_DEPT006_1', '王勇', '02', '副主任医师', '突发性耳聋', '1', '专家门诊', 'SRV_001', '副主任医师挂号费', '50.00', '50.00', '0.00', '0.00', '0.00', '1,2,7,8,9,11,13,14,15,16,17,18,19,20,21,23,24,25,26,28,30,31,35,36', '主楼5层耳鼻喉科候诊区', '13:30-17:30', '请提前15分钟候诊', '0', '1', '36', '26' );
INSERT INTO doctor_schedule ( m_code, service_date, week_day, session_code, session_name, start_time, end_time,  department_code, department_name, clinic_room_code, clinic_room_name,  doctor_code, doctor_name, doctor_title_code, doctor_title, doctor_spec,  doctor_sess_type_code, doctor_sess_type, service_code, service_name,  fee, reg_fee, checkup_fee, service_fee, other_fee, available_number_str,  admit_address_string, admit_time_range, note, time_range_flag, schedule_status,  available_total_num, available_left_num ) VALUES ( 'SCH_DOC_DEPT006_1_20260324_1', '2026-03-24', '2', '1', '上午', '08:00', '12:00', 'DEPT006', '耳鼻喉科', 'ROOM_DEPT006_2', '耳鼻喉科门诊1诊室', 'DOC_DEPT006_1', '王勇', '02', '副主任医师', '突发性耳聋', '1', '专家门诊', 'SRV_001', '副主任医师挂号费', '50.00', '50.00', '0.00', '0.00', '0.00', '2,3,4,10,11,12,13,14,18,19,22,23,24,26,27,30,31,32,33,34,35,36,37', '主楼4层耳鼻喉科候诊区', '08:00-12:00', '请提前15分钟候诊', '0', '1', '37', '21' );
INSERT INTO doctor_schedule ( m_code, service_date, week_day, session_code, session_name, start_time, end_time,  department_code, department_name, clinic_room_code, clinic_room_name,  doctor_code, doctor_name, doctor_title_code, doctor_title, doctor_spec,  doctor_sess_type_code, doctor_sess_type, service_code, service_name,  fee, reg_fee, checkup_fee, service_fee, other_fee, available_number_str,  admit_address_string, admit_time_range, note, time_range_flag, schedule_status,  available_total_num, available_left_num ) VALUES ( 'SCH_DOC_DEPT006_1_20260325_1', '2026-03-25', '3', '1', '上午', '08:00', '12:00', 'DEPT006', '耳鼻喉科', 'ROOM_DEPT006_3', '耳鼻喉科门诊3诊室', 'DOC_DEPT006_1', '王勇', '02', '副主任医师', '突发性耳聋', '1', '专家门诊', 'SRV_001', '副主任医师挂号费', '20.00', '20.00', '0.00', '0.00', '0.00', '2,4,6,7,8,9,10,12,13,14,15', '主楼5层耳鼻喉科候诊区', '08:00-12:00', '请提前15分钟候诊', '0', '1', '15', '11' );
INSERT INTO doctor_schedule ( m_code, service_date, week_day, session_code, session_name, start_time, end_time,  department_code, department_name, clinic_room_code, clinic_room_name,  doctor_code, doctor_name, doctor_title_code, doctor_title, doctor_spec,  doctor_sess_type_code, doctor_sess_type, service_code, service_name,  fee, reg_fee, checkup_fee, service_fee, other_fee, available_number_str,  admit_address_string, admit_time_range, note, time_range_flag, schedule_status,  available_total_num, available_left_num ) VALUES ( 'SCH_DOC_DEPT006_1_20260325_2', '2026-03-25', '3', '2', '下午', '13:30', '17:30', 'DEPT006', '耳鼻喉科', 'ROOM_DEPT006_2', '耳鼻喉科门诊3诊室', 'DOC_DEPT006_1', '王勇', '02', '副主任医师', '突发性耳聋', '1', '专家门诊', 'SRV_001', '副主任医师挂号费', '20.00', '20.00', '0.00', '0.00', '0.00', '1,3,4,5,6,8,9,10,11,12,14,19', '主楼3层耳鼻喉科候诊区', '13:30-17:30', '请提前15分钟候诊', '0', '1', '20', '10' );
INSERT INTO doctor_schedule ( m_code, service_date, week_day, session_code, session_name, start_time, end_time,  department_code, department_name, clinic_room_code, clinic_room_name,  doctor_code, doctor_name, doctor_title_code, doctor_title, doctor_spec,  doctor_sess_type_code, doctor_sess_type, service_code, service_name,  fee, reg_fee, checkup_fee, service_fee, other_fee, available_number_str,  admit_address_string, admit_time_range, note, time_range_flag, schedule_status,  available_total_num, available_left_num ) VALUES ( 'SCH_DOC_DEPT006_1_20260327_2', '2026-03-27', '5', '2', '下午', '13:30', '17:30', 'DEPT006', '耳鼻喉科', 'ROOM_DEPT006_4', '耳鼻喉科门诊3诊室', 'DOC_DEPT006_1', '王勇', '02', '副主任医师', '突发性耳聋', '1', '专家门诊', 'SRV_001', '副主任医师挂号费', '20.00', '20.00', '0.00', '0.00', '0.00', '1,2,3,4,5,6,7,8,9,10,11,13,15,17,18,19,20,22,23,24', '主楼1层耳鼻喉科候诊区', '13:30-17:30', '请提前15分钟候诊', '0', '1', '24', '6' );
INSERT INTO doctor_schedule ( m_code, service_date, week_day, session_code, session_name, start_time, end_time,  department_code, department_name, clinic_room_code, clinic_room_name,  doctor_code, doctor_name, doctor_title_code, doctor_title, doctor_spec,  doctor_sess_type_code, doctor_sess_type, service_code, service_name,  fee, reg_fee, checkup_fee, service_fee, other_fee, available_number_str,  admit_address_string, admit_time_range, note, time_range_flag, schedule_status,  available_total_num, available_left_num ) VALUES ( 'SCH_DOC_DEPT006_1_20260329_2', '2026-03-29', '7', '2', '下午', '13:30', '17:30', 'DEPT006', '耳鼻喉科', 'ROOM_DEPT006_5', '耳鼻喉科门诊2诊室', 'DOC_DEPT006_1', '王勇', '02', '副主任医师', '突发性耳聋', '1', '专家门诊', 'SRV_001', '副主任医师挂号费', '20.00', '20.00', '0.00', '0.00', '0.00', '1,3,5,8,12,14,15,16,18,20,21,22,23,24,25,28,29,30,31,32,33,35,36,37,39,40', '主楼3层耳鼻喉科候诊区', '13:30-17:30', '请提前15分钟候诊', '0', '1', '40', '12' );
INSERT INTO doctor_schedule ( m_code, service_date, week_day, session_code, session_name, start_time, end_time,  department_code, department_name, clinic_room_code, clinic_room_name,  doctor_code, doctor_name, doctor_title_code, doctor_title, doctor_spec,  doctor_sess_type_code, doctor_sess_type, service_code, service_name,  fee, reg_fee, checkup_fee, service_fee, other_fee, available_number_str,  admit_address_string, admit_time_range, note, time_range_flag, schedule_status,  available_total_num, available_left_num ) VALUES ( 'SCH_DOC_DEPT006_1_20260329_1', '2026-03-29', '7', '1', '上午', '08:00', '12:00', 'DEPT006', '耳鼻喉科', 'ROOM_DEPT006_2', '耳鼻喉科门诊5诊室', 'DOC_DEPT006_1', '王勇', '02', '副主任医师', '突发性耳聋', '1', '专家门诊', 'SRV_001', '副主任医师挂号费', '15.00', '15.00', '0.00', '0.00', '0.00', '1,2,4,7,9,10,11,14,17,19,20,21,22,24,25', '主楼2层耳鼻喉科候诊区', '08:00-12:00', '请提前15分钟候诊', '0', '1', '25', '8' );
INSERT INTO doctor (doctor_code, doctor_name, department_code, title, specialty, doctor_des, doctor_image) VALUES ('DOC_DEPT006_2', '吴杰', 'DEPT006', '副主任医师', '过敏性鼻炎', '吴杰副主任医师，从事耳鼻喉科临床工作24年，医术精湛。她专注于过敏性鼻炎的诊疗，已成功治愈数千例相关患者。', 'doc_DOC_DEPT006_2.png');
INSERT INTO doctor_schedule ( m_code, service_date, week_day, session_code, session_name, start_time, end_time,  department_code, department_name, clinic_room_code, clinic_room_name,  doctor_code, doctor_name, doctor_title_code, doctor_title, doctor_spec,  doctor_sess_type_code, doctor_sess_type, service_code, service_name,  fee, reg_fee, checkup_fee, service_fee, other_fee, available_number_str,  admit_address_string, admit_time_range, note, time_range_flag, schedule_status,  available_total_num, available_left_num ) VALUES ( 'SCH_DOC_DEPT006_2_20260316_2', '2026-03-16', '1', '2', '下午', '13:30', '17:30', 'DEPT006', '耳鼻喉科', 'ROOM_DEPT006_4', '耳鼻喉科门诊3诊室', 'DOC_DEPT006_2', '吴杰', '02', '副主任医师', '过敏性鼻炎', '1', '专家门诊', 'SRV_001', '副主任医师挂号费', '20.00', '20.00', '0.00', '0.00', '0.00', '1,2,3,4,5,6,7,8,10,13,15,16,17,18,19,20,21,22,24,26,27,29,30,32,33', '主楼4层耳鼻喉科候诊区', '13:30-17:30', '请提前15分钟候诊', '0', '1', '33', '24' );
INSERT INTO doctor_schedule ( m_code, service_date, week_day, session_code, session_name, start_time, end_time,  department_code, department_name, clinic_room_code, clinic_room_name,  doctor_code, doctor_name, doctor_title_code, doctor_title, doctor_spec,  doctor_sess_type_code, doctor_sess_type, service_code, service_name,  fee, reg_fee, checkup_fee, service_fee, other_fee, available_number_str,  admit_address_string, admit_time_range, note, time_range_flag, schedule_status,  available_total_num, available_left_num ) VALUES ( 'SCH_DOC_DEPT006_2_20260316_1', '2026-03-16', '1', '1', '上午', '08:00', '12:00', 'DEPT006', '耳鼻喉科', 'ROOM_DEPT006_4', '耳鼻喉科门诊2诊室', 'DOC_DEPT006_2', '吴杰', '02', '副主任医师', '过敏性鼻炎', '1', '专家门诊', 'SRV_001', '副主任医师挂号费', '20.00', '20.00', '0.00', '0.00', '0.00', '1,2,4,5,7,9,10,12,13,14,15,16,18,20,21,22,25,26,28,29,30,31,34,35,36,37', '主楼1层耳鼻喉科候诊区', '08:00-12:00', '请提前15分钟候诊', '0', '1', '37', '37' );
INSERT INTO doctor_schedule ( m_code, service_date, week_day, session_code, session_name, start_time, end_time,  department_code, department_name, clinic_room_code, clinic_room_name,  doctor_code, doctor_name, doctor_title_code, doctor_title, doctor_spec,  doctor_sess_type_code, doctor_sess_type, service_code, service_name,  fee, reg_fee, checkup_fee, service_fee, other_fee, available_number_str,  admit_address_string, admit_time_range, note, time_range_flag, schedule_status,  available_total_num, available_left_num ) VALUES ( 'SCH_DOC_DEPT006_2_20260317_2', '2026-03-17', '2', '2', '下午', '13:30', '17:30', 'DEPT006', '耳鼻喉科', 'ROOM_DEPT006_3', '耳鼻喉科门诊1诊室', 'DOC_DEPT006_2', '吴杰', '02', '副主任医师', '过敏性鼻炎', '1', '专家门诊', 'SRV_001', '副主任医师挂号费', '20.00', '20.00', '0.00', '0.00', '0.00', '1,2,3,4,5,6,7,8,9,10,11,12,13,14,15,16,17,19,22,23,26,27,28,30,32,33,34,35,36,37,38', '主楼6层耳鼻喉科候诊区', '13:30-17:30', '请提前15分钟候诊', '0', '1', '38', '34' );
INSERT INTO doctor_schedule ( m_code, service_date, week_day, session_code, session_name, start_time, end_time,  department_code, department_name, clinic_room_code, clinic_room_name,  doctor_code, doctor_name, doctor_title_code, doctor_title, doctor_spec,  doctor_sess_type_code, doctor_sess_type, service_code, service_name,  fee, reg_fee, checkup_fee, service_fee, other_fee, available_number_str,  admit_address_string, admit_time_range, note, time_range_flag, schedule_status,  available_total_num, available_left_num ) VALUES ( 'SCH_DOC_DEPT006_2_20260319_2', '2026-03-19', '4', '2', '下午', '13:30', '17:30', 'DEPT006', '耳鼻喉科', 'ROOM_DEPT006_1', '耳鼻喉科门诊4诊室', 'DOC_DEPT006_2', '吴杰', '02', '副主任医师', '过敏性鼻炎', '1', '专家门诊', 'SRV_001', '副主任医师挂号费', '20.00', '20.00', '0.00', '0.00', '0.00', '2,3,5,6,7,10,11,12,13,16,17,19,20,21,22,24,26,27', '主楼1层耳鼻喉科候诊区', '13:30-17:30', '请提前15分钟候诊', '0', '1', '27', '8' );
INSERT INTO doctor_schedule ( m_code, service_date, week_day, session_code, session_name, start_time, end_time,  department_code, department_name, clinic_room_code, clinic_room_name,  doctor_code, doctor_name, doctor_title_code, doctor_title, doctor_spec,  doctor_sess_type_code, doctor_sess_type, service_code, service_name,  fee, reg_fee, checkup_fee, service_fee, other_fee, available_number_str,  admit_address_string, admit_time_range, note, time_range_flag, schedule_status,  available_total_num, available_left_num ) VALUES ( 'SCH_DOC_DEPT006_2_20260319_1', '2026-03-19', '4', '1', '上午', '08:00', '12:00', 'DEPT006', '耳鼻喉科', 'ROOM_DEPT006_4', '耳鼻喉科门诊5诊室', 'DOC_DEPT006_2', '吴杰', '02', '副主任医师', '过敏性鼻炎', '1', '专家门诊', 'SRV_001', '副主任医师挂号费', '50.00', '50.00', '0.00', '0.00', '0.00', '1,2,4,6,7,8,9,11,12,13,14,15,18,19,20,21,22,23,24', '主楼5层耳鼻喉科候诊区', '08:00-12:00', '请提前15分钟候诊', '0', '1', '26', '15' );
INSERT INTO doctor_schedule ( m_code, service_date, week_day, session_code, session_name, start_time, end_time,  department_code, department_name, clinic_room_code, clinic_room_name,  doctor_code, doctor_name, doctor_title_code, doctor_title, doctor_spec,  doctor_sess_type_code, doctor_sess_type, service_code, service_name,  fee, reg_fee, checkup_fee, service_fee, other_fee, available_number_str,  admit_address_string, admit_time_range, note, time_range_flag, schedule_status,  available_total_num, available_left_num ) VALUES ( 'SCH_DOC_DEPT006_2_20260320_2', '2026-03-20', '5', '2', '下午', '13:30', '17:30', 'DEPT006', '耳鼻喉科', 'ROOM_DEPT006_3', '耳鼻喉科门诊1诊室', 'DOC_DEPT006_2', '吴杰', '02', '副主任医师', '过敏性鼻炎', '1', '专家门诊', 'SRV_001', '副主任医师挂号费', '20.00', '20.00', '0.00', '0.00', '0.00', '1,2,3,8,9,11,13,14,15,16,20,21,22', '主楼1层耳鼻喉科候诊区', '13:30-17:30', '请提前15分钟候诊', '0', '1', '22', '13' );
INSERT INTO doctor_schedule ( m_code, service_date, week_day, session_code, session_name, start_time, end_time,  department_code, department_name, clinic_room_code, clinic_room_name,  doctor_code, doctor_name, doctor_title_code, doctor_title, doctor_spec,  doctor_sess_type_code, doctor_sess_type, service_code, service_name,  fee, reg_fee, checkup_fee, service_fee, other_fee, available_number_str,  admit_address_string, admit_time_range, note, time_range_flag, schedule_status,  available_total_num, available_left_num ) VALUES ( 'SCH_DOC_DEPT006_2_20260320_1', '2026-03-20', '5', '1', '上午', '08:00', '12:00', 'DEPT006', '耳鼻喉科', 'ROOM_DEPT006_2', '耳鼻喉科门诊5诊室', 'DOC_DEPT006_2', '吴杰', '02', '副主任医师', '过敏性鼻炎', '1', '专家门诊', 'SRV_001', '副主任医师挂号费', '15.00', '15.00', '0.00', '0.00', '0.00', '3,5,7,8,9,12,14,15,16,19,20,21,23,24,26,27,28,29,31,32,33,34,36', '主楼3层耳鼻喉科候诊区', '08:00-12:00', '请提前15分钟候诊', '0', '1', '36', '15' );
INSERT INTO doctor_schedule ( m_code, service_date, week_day, session_code, session_name, start_time, end_time,  department_code, department_name, clinic_room_code, clinic_room_name,  doctor_code, doctor_name, doctor_title_code, doctor_title, doctor_spec,  doctor_sess_type_code, doctor_sess_type, service_code, service_name,  fee, reg_fee, checkup_fee, service_fee, other_fee, available_number_str,  admit_address_string, admit_time_range, note, time_range_flag, schedule_status,  available_total_num, available_left_num ) VALUES ( 'SCH_DOC_DEPT006_2_20260321_2', '2026-03-21', '6', '2', '下午', '13:30', '17:30', 'DEPT006', '耳鼻喉科', 'ROOM_DEPT006_5', '耳鼻喉科门诊1诊室', 'DOC_DEPT006_2', '吴杰', '02', '副主任医师', '过敏性鼻炎', '1', '专家门诊', 'SRV_001', '副主任医师挂号费', '20.00', '20.00', '0.00', '0.00', '0.00', '1,2,3,4,5,6,8,9,10,11,12,13,14,15,18', '主楼3层耳鼻喉科候诊区', '13:30-17:30', '请提前15分钟候诊', '0', '1', '19', '6' );
INSERT INTO doctor_schedule ( m_code, service_date, week_day, session_code, session_name, start_time, end_time,  department_code, department_name, clinic_room_code, clinic_room_name,  doctor_code, doctor_name, doctor_title_code, doctor_title, doctor_spec,  doctor_sess_type_code, doctor_sess_type, service_code, service_name,  fee, reg_fee, checkup_fee, service_fee, other_fee, available_number_str,  admit_address_string, admit_time_range, note, time_range_flag, schedule_status,  available_total_num, available_left_num ) VALUES ( 'SCH_DOC_DEPT006_2_20260322_1', '2026-03-22', '7', '1', '上午', '08:00', '12:00', 'DEPT006', '耳鼻喉科', 'ROOM_DEPT006_3', '耳鼻喉科门诊3诊室', 'DOC_DEPT006_2', '吴杰', '02', '副主任医师', '过敏性鼻炎', '1', '专家门诊', 'SRV_001', '副主任医师挂号费', '20.00', '20.00', '0.00', '0.00', '0.00', '1,4,5,6,7,8,9,10,12,13,14,16,17,18,19,20,21', '主楼4层耳鼻喉科候诊区', '08:00-12:00', '请提前15分钟候诊', '0', '1', '21', '15' );
INSERT INTO doctor_schedule ( m_code, service_date, week_day, session_code, session_name, start_time, end_time,  department_code, department_name, clinic_room_code, clinic_room_name,  doctor_code, doctor_name, doctor_title_code, doctor_title, doctor_spec,  doctor_sess_type_code, doctor_sess_type, service_code, service_name,  fee, reg_fee, checkup_fee, service_fee, other_fee, available_number_str,  admit_address_string, admit_time_range, note, time_range_flag, schedule_status,  available_total_num, available_left_num ) VALUES ( 'SCH_DOC_DEPT006_2_20260322_2', '2026-03-22', '7', '2', '下午', '13:30', '17:30', 'DEPT006', '耳鼻喉科', 'ROOM_DEPT006_2', '耳鼻喉科门诊4诊室', 'DOC_DEPT006_2', '吴杰', '02', '副主任医师', '过敏性鼻炎', '1', '专家门诊', 'SRV_001', '副主任医师挂号费', '50.00', '50.00', '0.00', '0.00', '0.00', '1,3,4,5,7,8,9,10,11,13,14,15,16,17,18,20,21,22,23,25,27,28,29,31', '主楼2层耳鼻喉科候诊区', '13:30-17:30', '请提前15分钟候诊', '0', '1', '31', '11' );
INSERT INTO doctor_schedule ( m_code, service_date, week_day, session_code, session_name, start_time, end_time,  department_code, department_name, clinic_room_code, clinic_room_name,  doctor_code, doctor_name, doctor_title_code, doctor_title, doctor_spec,  doctor_sess_type_code, doctor_sess_type, service_code, service_name,  fee, reg_fee, checkup_fee, service_fee, other_fee, available_number_str,  admit_address_string, admit_time_range, note, time_range_flag, schedule_status,  available_total_num, available_left_num ) VALUES ( 'SCH_DOC_DEPT006_2_20260323_1', '2026-03-23', '1', '1', '上午', '08:00', '12:00', 'DEPT006', '耳鼻喉科', 'ROOM_DEPT006_3', '耳鼻喉科门诊4诊室', 'DOC_DEPT006_2', '吴杰', '02', '副主任医师', '过敏性鼻炎', '1', '专家门诊', 'SRV_001', '副主任医师挂号费', '15.00', '15.00', '0.00', '0.00', '0.00', '1,3,4,5,10,13,15,17', '主楼5层耳鼻喉科候诊区', '08:00-12:00', '请提前15分钟候诊', '0', '1', '17', '13' );
INSERT INTO doctor_schedule ( m_code, service_date, week_day, session_code, session_name, start_time, end_time,  department_code, department_name, clinic_room_code, clinic_room_name,  doctor_code, doctor_name, doctor_title_code, doctor_title, doctor_spec,  doctor_sess_type_code, doctor_sess_type, service_code, service_name,  fee, reg_fee, checkup_fee, service_fee, other_fee, available_number_str,  admit_address_string, admit_time_range, note, time_range_flag, schedule_status,  available_total_num, available_left_num ) VALUES ( 'SCH_DOC_DEPT006_2_20260323_2', '2026-03-23', '1', '2', '下午', '13:30', '17:30', 'DEPT006', '耳鼻喉科', 'ROOM_DEPT006_1', '耳鼻喉科门诊3诊室', 'DOC_DEPT006_2', '吴杰', '02', '副主任医师', '过敏性鼻炎', '1', '专家门诊', 'SRV_001', '副主任医师挂号费', '50.00', '50.00', '0.00', '0.00', '0.00', '1,3,4,5,6,7,8,9,10,13,14,15,16,17,19,20,21,23,24,25,26,27,28,29,30,32,34', '主楼4层耳鼻喉科候诊区', '13:30-17:30', '请提前15分钟候诊', '0', '1', '34', '32' );
INSERT INTO doctor_schedule ( m_code, service_date, week_day, session_code, session_name, start_time, end_time,  department_code, department_name, clinic_room_code, clinic_room_name,  doctor_code, doctor_name, doctor_title_code, doctor_title, doctor_spec,  doctor_sess_type_code, doctor_sess_type, service_code, service_name,  fee, reg_fee, checkup_fee, service_fee, other_fee, available_number_str,  admit_address_string, admit_time_range, note, time_range_flag, schedule_status,  available_total_num, available_left_num ) VALUES ( 'SCH_DOC_DEPT006_2_20260324_1', '2026-03-24', '2', '1', '上午', '08:00', '12:00', 'DEPT006', '耳鼻喉科', 'ROOM_DEPT006_2', '耳鼻喉科门诊4诊室', 'DOC_DEPT006_2', '吴杰', '02', '副主任医师', '过敏性鼻炎', '1', '专家门诊', 'SRV_001', '副主任医师挂号费', '50.00', '50.00', '0.00', '0.00', '0.00', '2,3,4,7,9,11,13,14,15,16,17,18,21,22,23,24,25,27,29,31,32', '主楼2层耳鼻喉科候诊区', '08:00-12:00', '请提前15分钟候诊', '0', '1', '32', '19' );
INSERT INTO doctor_schedule ( m_code, service_date, week_day, session_code, session_name, start_time, end_time,  department_code, department_name, clinic_room_code, clinic_room_name,  doctor_code, doctor_name, doctor_title_code, doctor_title, doctor_spec,  doctor_sess_type_code, doctor_sess_type, service_code, service_name,  fee, reg_fee, checkup_fee, service_fee, other_fee, available_number_str,  admit_address_string, admit_time_range, note, time_range_flag, schedule_status,  available_total_num, available_left_num ) VALUES ( 'SCH_DOC_DEPT006_2_20260325_2', '2026-03-25', '3', '2', '下午', '13:30', '17:30', 'DEPT006', '耳鼻喉科', 'ROOM_DEPT006_2', '耳鼻喉科门诊5诊室', 'DOC_DEPT006_2', '吴杰', '02', '副主任医师', '过敏性鼻炎', '1', '专家门诊', 'SRV_001', '副主任医师挂号费', '15.00', '15.00', '0.00', '0.00', '0.00', '1,2,3,4,6,7,8,9,10,11,12,13,14,15,16,17,18,19', '主楼6层耳鼻喉科候诊区', '13:30-17:30', '请提前15分钟候诊', '0', '1', '20', '17' );
INSERT INTO doctor_schedule ( m_code, service_date, week_day, session_code, session_name, start_time, end_time,  department_code, department_name, clinic_room_code, clinic_room_name,  doctor_code, doctor_name, doctor_title_code, doctor_title, doctor_spec,  doctor_sess_type_code, doctor_sess_type, service_code, service_name,  fee, reg_fee, checkup_fee, service_fee, other_fee, available_number_str,  admit_address_string, admit_time_range, note, time_range_flag, schedule_status,  available_total_num, available_left_num ) VALUES ( 'SCH_DOC_DEPT006_2_20260325_1', '2026-03-25', '3', '1', '上午', '08:00', '12:00', 'DEPT006', '耳鼻喉科', 'ROOM_DEPT006_2', '耳鼻喉科门诊3诊室', 'DOC_DEPT006_2', '吴杰', '02', '副主任医师', '过敏性鼻炎', '1', '专家门诊', 'SRV_001', '副主任医师挂号费', '15.00', '15.00', '0.00', '0.00', '0.00', '1,2,3,4,5,8,9,10,11,15,16,17', '主楼6层耳鼻喉科候诊区', '08:00-12:00', '请提前15分钟候诊', '0', '1', '17', '13' );
INSERT INTO doctor_schedule ( m_code, service_date, week_day, session_code, session_name, start_time, end_time,  department_code, department_name, clinic_room_code, clinic_room_name,  doctor_code, doctor_name, doctor_title_code, doctor_title, doctor_spec,  doctor_sess_type_code, doctor_sess_type, service_code, service_name,  fee, reg_fee, checkup_fee, service_fee, other_fee, available_number_str,  admit_address_string, admit_time_range, note, time_range_flag, schedule_status,  available_total_num, available_left_num ) VALUES ( 'SCH_DOC_DEPT006_2_20260326_2', '2026-03-26', '4', '2', '下午', '13:30', '17:30', 'DEPT006', '耳鼻喉科', 'ROOM_DEPT006_3', '耳鼻喉科门诊2诊室', 'DOC_DEPT006_2', '吴杰', '02', '副主任医师', '过敏性鼻炎', '1', '专家门诊', 'SRV_001', '副主任医师挂号费', '20.00', '20.00', '0.00', '0.00', '0.00', '2,6,7,11,12,13,14,15,16,17,18,20,21,22', '主楼5层耳鼻喉科候诊区', '13:30-17:30', '请提前15分钟候诊', '0', '1', '22', '15' );
INSERT INTO doctor_schedule ( m_code, service_date, week_day, session_code, session_name, start_time, end_time,  department_code, department_name, clinic_room_code, clinic_room_name,  doctor_code, doctor_name, doctor_title_code, doctor_title, doctor_spec,  doctor_sess_type_code, doctor_sess_type, service_code, service_name,  fee, reg_fee, checkup_fee, service_fee, other_fee, available_number_str,  admit_address_string, admit_time_range, note, time_range_flag, schedule_status,  available_total_num, available_left_num ) VALUES ( 'SCH_DOC_DEPT006_2_20260326_1', '2026-03-26', '4', '1', '上午', '08:00', '12:00', 'DEPT006', '耳鼻喉科', 'ROOM_DEPT006_3', '耳鼻喉科门诊3诊室', 'DOC_DEPT006_2', '吴杰', '02', '副主任医师', '过敏性鼻炎', '1', '专家门诊', 'SRV_001', '副主任医师挂号费', '20.00', '20.00', '0.00', '0.00', '0.00', '1,2,3,4,6,10,11,12,13,14,15,16,19,20,21,22,24,26,27,28,30,31,32,33,34,35,36,37,38,39', '主楼6层耳鼻喉科候诊区', '08:00-12:00', '请提前15分钟候诊', '0', '1', '39', '18' );
INSERT INTO doctor_schedule ( m_code, service_date, week_day, session_code, session_name, start_time, end_time,  department_code, department_name, clinic_room_code, clinic_room_name,  doctor_code, doctor_name, doctor_title_code, doctor_title, doctor_spec,  doctor_sess_type_code, doctor_sess_type, service_code, service_name,  fee, reg_fee, checkup_fee, service_fee, other_fee, available_number_str,  admit_address_string, admit_time_range, note, time_range_flag, schedule_status,  available_total_num, available_left_num ) VALUES ( 'SCH_DOC_DEPT006_2_20260327_2', '2026-03-27', '5', '2', '下午', '13:30', '17:30', 'DEPT006', '耳鼻喉科', 'ROOM_DEPT006_3', '耳鼻喉科门诊2诊室', 'DOC_DEPT006_2', '吴杰', '02', '副主任医师', '过敏性鼻炎', '1', '专家门诊', 'SRV_001', '副主任医师挂号费', '20.00', '20.00', '0.00', '0.00', '0.00', '1,2,5,6,7,10,11,12,13,15,16,17,21,23,25,29,31,32,35', '主楼5层耳鼻喉科候诊区', '13:30-17:30', '请提前15分钟候诊', '0', '1', '35', '7' );
INSERT INTO doctor_schedule ( m_code, service_date, week_day, session_code, session_name, start_time, end_time,  department_code, department_name, clinic_room_code, clinic_room_name,  doctor_code, doctor_name, doctor_title_code, doctor_title, doctor_spec,  doctor_sess_type_code, doctor_sess_type, service_code, service_name,  fee, reg_fee, checkup_fee, service_fee, other_fee, available_number_str,  admit_address_string, admit_time_range, note, time_range_flag, schedule_status,  available_total_num, available_left_num ) VALUES ( 'SCH_DOC_DEPT006_2_20260327_1', '2026-03-27', '5', '1', '上午', '08:00', '12:00', 'DEPT006', '耳鼻喉科', 'ROOM_DEPT006_5', '耳鼻喉科门诊2诊室', 'DOC_DEPT006_2', '吴杰', '02', '副主任医师', '过敏性鼻炎', '1', '专家门诊', 'SRV_001', '副主任医师挂号费', '20.00', '20.00', '0.00', '0.00', '0.00', '1,2,3,4,5,6,7,8,9,10,12,13,14,15', '主楼6层耳鼻喉科候诊区', '08:00-12:00', '请提前15分钟候诊', '0', '1', '15', '4' );
INSERT INTO doctor_schedule ( m_code, service_date, week_day, session_code, session_name, start_time, end_time,  department_code, department_name, clinic_room_code, clinic_room_name,  doctor_code, doctor_name, doctor_title_code, doctor_title, doctor_spec,  doctor_sess_type_code, doctor_sess_type, service_code, service_name,  fee, reg_fee, checkup_fee, service_fee, other_fee, available_number_str,  admit_address_string, admit_time_range, note, time_range_flag, schedule_status,  available_total_num, available_left_num ) VALUES ( 'SCH_DOC_DEPT006_2_20260328_1', '2026-03-28', '6', '1', '上午', '08:00', '12:00', 'DEPT006', '耳鼻喉科', 'ROOM_DEPT006_5', '耳鼻喉科门诊5诊室', 'DOC_DEPT006_2', '吴杰', '02', '副主任医师', '过敏性鼻炎', '1', '专家门诊', 'SRV_001', '副主任医师挂号费', '15.00', '15.00', '0.00', '0.00', '0.00', '1,3,4,5,6,8,9,10,11,12,13,14,15,16,17,18,19,20,21,22,23,24,25,26,27,28,29,30,31', '主楼1层耳鼻喉科候诊区', '08:00-12:00', '请提前15分钟候诊', '0', '1', '31', '17' );
INSERT INTO doctor_schedule ( m_code, service_date, week_day, session_code, session_name, start_time, end_time,  department_code, department_name, clinic_room_code, clinic_room_name,  doctor_code, doctor_name, doctor_title_code, doctor_title, doctor_spec,  doctor_sess_type_code, doctor_sess_type, service_code, service_name,  fee, reg_fee, checkup_fee, service_fee, other_fee, available_number_str,  admit_address_string, admit_time_range, note, time_range_flag, schedule_status,  available_total_num, available_left_num ) VALUES ( 'SCH_DOC_DEPT006_2_20260329_1', '2026-03-29', '7', '1', '上午', '08:00', '12:00', 'DEPT006', '耳鼻喉科', 'ROOM_DEPT006_3', '耳鼻喉科门诊5诊室', 'DOC_DEPT006_2', '吴杰', '02', '副主任医师', '过敏性鼻炎', '1', '专家门诊', 'SRV_001', '副主任医师挂号费', '15.00', '15.00', '0.00', '0.00', '0.00', '1,2,6,11,12,15,17,18,21,25,27,29,30,31,32,33,35,36,37,38', '主楼3层耳鼻喉科候诊区', '08:00-12:00', '请提前15分钟候诊', '0', '1', '39', '26' );
INSERT INTO doctor_schedule ( m_code, service_date, week_day, session_code, session_name, start_time, end_time,  department_code, department_name, clinic_room_code, clinic_room_name,  doctor_code, doctor_name, doctor_title_code, doctor_title, doctor_spec,  doctor_sess_type_code, doctor_sess_type, service_code, service_name,  fee, reg_fee, checkup_fee, service_fee, other_fee, available_number_str,  admit_address_string, admit_time_range, note, time_range_flag, schedule_status,  available_total_num, available_left_num ) VALUES ( 'SCH_DOC_DEPT006_2_20260329_2', '2026-03-29', '7', '2', '下午', '13:30', '17:30', 'DEPT006', '耳鼻喉科', 'ROOM_DEPT006_4', '耳鼻喉科门诊3诊室', 'DOC_DEPT006_2', '吴杰', '02', '副主任医师', '过敏性鼻炎', '1', '专家门诊', 'SRV_001', '副主任医师挂号费', '20.00', '20.00', '0.00', '0.00', '0.00', '1,2,3,5,7,8,9,10,11,13,14,15,17,18,19,21,25,26,27,29,30,31,32,33,34,35,37,39', '主楼4层耳鼻喉科候诊区', '13:30-17:30', '请提前15分钟候诊', '0', '1', '39', '14' );
INSERT INTO doctor (doctor_code, doctor_name, department_code, title, specialty, doctor_des, doctor_image) VALUES ('DOC_DEPT006_3', '郭刚', 'DEPT006', '主治医师', '打鼾综合征', '郭刚主治医师，从事耳鼻喉科临床工作9年，经验丰富。她长期致力于打鼾综合征的诊疗，已成功治愈数千例相关患者。', 'doc_DOC_DEPT006_3.png');
INSERT INTO doctor_schedule ( m_code, service_date, week_day, session_code, session_name, start_time, end_time,  department_code, department_name, clinic_room_code, clinic_room_name,  doctor_code, doctor_name, doctor_title_code, doctor_title, doctor_spec,  doctor_sess_type_code, doctor_sess_type, service_code, service_name,  fee, reg_fee, checkup_fee, service_fee, other_fee, available_number_str,  admit_address_string, admit_time_range, note, time_range_flag, schedule_status,  available_total_num, available_left_num ) VALUES ( 'SCH_DOC_DEPT006_3_20260316_1', '2026-03-16', '1', '1', '上午', '08:00', '12:00', 'DEPT006', '耳鼻喉科', 'ROOM_DEPT006_3', '耳鼻喉科门诊2诊室', 'DOC_DEPT006_3', '郭刚', '03', '主治医师', '打鼾综合征', '1', '专家门诊', 'SRV_001', '主治医师挂号费', '50.00', '50.00', '0.00', '0.00', '0.00', '1,4,5,6,7,8,10,11,12,14,15,18,20,21,22,25,26,28,29', '主楼5层耳鼻喉科候诊区', '08:00-12:00', '请提前15分钟候诊', '0', '1', '29', '26' );
INSERT INTO doctor_schedule ( m_code, service_date, week_day, session_code, session_name, start_time, end_time,  department_code, department_name, clinic_room_code, clinic_room_name,  doctor_code, doctor_name, doctor_title_code, doctor_title, doctor_spec,  doctor_sess_type_code, doctor_sess_type, service_code, service_name,  fee, reg_fee, checkup_fee, service_fee, other_fee, available_number_str,  admit_address_string, admit_time_range, note, time_range_flag, schedule_status,  available_total_num, available_left_num ) VALUES ( 'SCH_DOC_DEPT006_3_20260316_2', '2026-03-16', '1', '2', '下午', '13:30', '17:30', 'DEPT006', '耳鼻喉科', 'ROOM_DEPT006_4', '耳鼻喉科门诊1诊室', 'DOC_DEPT006_3', '郭刚', '03', '主治医师', '打鼾综合征', '1', '专家门诊', 'SRV_001', '主治医师挂号费', '50.00', '50.00', '0.00', '0.00', '0.00', '1,2,3,5,6,8,9,13,14,16,19,20,22,23,24,25,26,27,28,30', '主楼3层耳鼻喉科候诊区', '13:30-17:30', '请提前15分钟候诊', '0', '1', '30', '30' );
INSERT INTO doctor_schedule ( m_code, service_date, week_day, session_code, session_name, start_time, end_time,  department_code, department_name, clinic_room_code, clinic_room_name,  doctor_code, doctor_name, doctor_title_code, doctor_title, doctor_spec,  doctor_sess_type_code, doctor_sess_type, service_code, service_name,  fee, reg_fee, checkup_fee, service_fee, other_fee, available_number_str,  admit_address_string, admit_time_range, note, time_range_flag, schedule_status,  available_total_num, available_left_num ) VALUES ( 'SCH_DOC_DEPT006_3_20260317_2', '2026-03-17', '2', '2', '下午', '13:30', '17:30', 'DEPT006', '耳鼻喉科', 'ROOM_DEPT006_4', '耳鼻喉科门诊1诊室', 'DOC_DEPT006_3', '郭刚', '03', '主治医师', '打鼾综合征', '1', '专家门诊', 'SRV_001', '主治医师挂号费', '50.00', '50.00', '0.00', '0.00', '0.00', '1,2,3,4,6,7,8,9,10,12,14,15,17,19,20,22,24', '主楼1层耳鼻喉科候诊区', '13:30-17:30', '请提前15分钟候诊', '0', '1', '24', '7' );
INSERT INTO doctor_schedule ( m_code, service_date, week_day, session_code, session_name, start_time, end_time,  department_code, department_name, clinic_room_code, clinic_room_name,  doctor_code, doctor_name, doctor_title_code, doctor_title, doctor_spec,  doctor_sess_type_code, doctor_sess_type, service_code, service_name,  fee, reg_fee, checkup_fee, service_fee, other_fee, available_number_str,  admit_address_string, admit_time_range, note, time_range_flag, schedule_status,  available_total_num, available_left_num ) VALUES ( 'SCH_DOC_DEPT006_3_20260318_2', '2026-03-18', '3', '2', '下午', '13:30', '17:30', 'DEPT006', '耳鼻喉科', 'ROOM_DEPT006_1', '耳鼻喉科门诊4诊室', 'DOC_DEPT006_3', '郭刚', '03', '主治医师', '打鼾综合征', '1', '专家门诊', 'SRV_001', '主治医师挂号费', '20.00', '20.00', '0.00', '0.00', '0.00', '1,2,4,5,6,7,9,10,12,13,16,17,18,19,20,22,23,27,29,31,32,34,39', '主楼1层耳鼻喉科候诊区', '13:30-17:30', '请提前15分钟候诊', '0', '1', '39', '36' );
INSERT INTO doctor_schedule ( m_code, service_date, week_day, session_code, session_name, start_time, end_time,  department_code, department_name, clinic_room_code, clinic_room_name,  doctor_code, doctor_name, doctor_title_code, doctor_title, doctor_spec,  doctor_sess_type_code, doctor_sess_type, service_code, service_name,  fee, reg_fee, checkup_fee, service_fee, other_fee, available_number_str,  admit_address_string, admit_time_range, note, time_range_flag, schedule_status,  available_total_num, available_left_num ) VALUES ( 'SCH_DOC_DEPT006_3_20260319_2', '2026-03-19', '4', '2', '下午', '13:30', '17:30', 'DEPT006', '耳鼻喉科', 'ROOM_DEPT006_4', '耳鼻喉科门诊4诊室', 'DOC_DEPT006_3', '郭刚', '03', '主治医师', '打鼾综合征', '1', '专家门诊', 'SRV_001', '主治医师挂号费', '50.00', '50.00', '0.00', '0.00', '0.00', '1,2,3,4,5,6,7,8,9,11,12,13,14,15,16,17,18,19,20', '主楼1层耳鼻喉科候诊区', '13:30-17:30', '请提前15分钟候诊', '0', '1', '20', '5' );
INSERT INTO doctor_schedule ( m_code, service_date, week_day, session_code, session_name, start_time, end_time,  department_code, department_name, clinic_room_code, clinic_room_name,  doctor_code, doctor_name, doctor_title_code, doctor_title, doctor_spec,  doctor_sess_type_code, doctor_sess_type, service_code, service_name,  fee, reg_fee, checkup_fee, service_fee, other_fee, available_number_str,  admit_address_string, admit_time_range, note, time_range_flag, schedule_status,  available_total_num, available_left_num ) VALUES ( 'SCH_DOC_DEPT006_3_20260321_1', '2026-03-21', '6', '1', '上午', '08:00', '12:00', 'DEPT006', '耳鼻喉科', 'ROOM_DEPT006_3', '耳鼻喉科门诊2诊室', 'DOC_DEPT006_3', '郭刚', '03', '主治医师', '打鼾综合征', '1', '专家门诊', 'SRV_001', '主治医师挂号费', '50.00', '50.00', '0.00', '0.00', '0.00', '1,2,3,4,6,7,8,9,10,11,12,13,15,17,19,20,21,22,24,25,26,28,29,32,34', '主楼2层耳鼻喉科候诊区', '08:00-12:00', '请提前15分钟候诊', '0', '1', '34', '12' );
INSERT INTO doctor_schedule ( m_code, service_date, week_day, session_code, session_name, start_time, end_time,  department_code, department_name, clinic_room_code, clinic_room_name,  doctor_code, doctor_name, doctor_title_code, doctor_title, doctor_spec,  doctor_sess_type_code, doctor_sess_type, service_code, service_name,  fee, reg_fee, checkup_fee, service_fee, other_fee, available_number_str,  admit_address_string, admit_time_range, note, time_range_flag, schedule_status,  available_total_num, available_left_num ) VALUES ( 'SCH_DOC_DEPT006_3_20260322_2', '2026-03-22', '7', '2', '下午', '13:30', '17:30', 'DEPT006', '耳鼻喉科', 'ROOM_DEPT006_4', '耳鼻喉科门诊2诊室', 'DOC_DEPT006_3', '郭刚', '03', '主治医师', '打鼾综合征', '1', '专家门诊', 'SRV_001', '主治医师挂号费', '50.00', '50.00', '0.00', '0.00', '0.00', '2,5,7,8,10,13,14,15,16,17,18,19,22,23,24,25,26,27,28,30,31,32', '主楼5层耳鼻喉科候诊区', '13:30-17:30', '请提前15分钟候诊', '0', '1', '34', '20' );
INSERT INTO doctor_schedule ( m_code, service_date, week_day, session_code, session_name, start_time, end_time,  department_code, department_name, clinic_room_code, clinic_room_name,  doctor_code, doctor_name, doctor_title_code, doctor_title, doctor_spec,  doctor_sess_type_code, doctor_sess_type, service_code, service_name,  fee, reg_fee, checkup_fee, service_fee, other_fee, available_number_str,  admit_address_string, admit_time_range, note, time_range_flag, schedule_status,  available_total_num, available_left_num ) VALUES ( 'SCH_DOC_DEPT006_3_20260324_1', '2026-03-24', '2', '1', '上午', '08:00', '12:00', 'DEPT006', '耳鼻喉科', 'ROOM_DEPT006_4', '耳鼻喉科门诊2诊室', 'DOC_DEPT006_3', '郭刚', '03', '主治医师', '打鼾综合征', '1', '专家门诊', 'SRV_001', '主治医师挂号费', '15.00', '15.00', '0.00', '0.00', '0.00', '2,5,7,8,9,10,11,12,13,14,17,18,19,20,21,23,25,26,29,30,32,33', '主楼3层耳鼻喉科候诊区', '08:00-12:00', '请提前15分钟候诊', '0', '1', '33', '28' );
INSERT INTO doctor_schedule ( m_code, service_date, week_day, session_code, session_name, start_time, end_time,  department_code, department_name, clinic_room_code, clinic_room_name,  doctor_code, doctor_name, doctor_title_code, doctor_title, doctor_spec,  doctor_sess_type_code, doctor_sess_type, service_code, service_name,  fee, reg_fee, checkup_fee, service_fee, other_fee, available_number_str,  admit_address_string, admit_time_range, note, time_range_flag, schedule_status,  available_total_num, available_left_num ) VALUES ( 'SCH_DOC_DEPT006_3_20260324_2', '2026-03-24', '2', '2', '下午', '13:30', '17:30', 'DEPT006', '耳鼻喉科', 'ROOM_DEPT006_3', '耳鼻喉科门诊1诊室', 'DOC_DEPT006_3', '郭刚', '03', '主治医师', '打鼾综合征', '1', '专家门诊', 'SRV_001', '主治医师挂号费', '50.00', '50.00', '0.00', '0.00', '0.00', '1,3,4,5,6,7,9,15', '主楼2层耳鼻喉科候诊区', '13:30-17:30', '请提前15分钟候诊', '0', '1', '15', '12' );
INSERT INTO doctor_schedule ( m_code, service_date, week_day, session_code, session_name, start_time, end_time,  department_code, department_name, clinic_room_code, clinic_room_name,  doctor_code, doctor_name, doctor_title_code, doctor_title, doctor_spec,  doctor_sess_type_code, doctor_sess_type, service_code, service_name,  fee, reg_fee, checkup_fee, service_fee, other_fee, available_number_str,  admit_address_string, admit_time_range, note, time_range_flag, schedule_status,  available_total_num, available_left_num ) VALUES ( 'SCH_DOC_DEPT006_3_20260325_2', '2026-03-25', '3', '2', '下午', '13:30', '17:30', 'DEPT006', '耳鼻喉科', 'ROOM_DEPT006_1', '耳鼻喉科门诊1诊室', 'DOC_DEPT006_3', '郭刚', '03', '主治医师', '打鼾综合征', '1', '专家门诊', 'SRV_001', '主治医师挂号费', '20.00', '20.00', '0.00', '0.00', '0.00', '1,3,4,8,9,11,12,13,14,16,19,20,21,22,23,24,26,28,29,31,35', '主楼5层耳鼻喉科候诊区', '13:30-17:30', '请提前15分钟候诊', '0', '1', '36', '11' );
INSERT INTO doctor_schedule ( m_code, service_date, week_day, session_code, session_name, start_time, end_time,  department_code, department_name, clinic_room_code, clinic_room_name,  doctor_code, doctor_name, doctor_title_code, doctor_title, doctor_spec,  doctor_sess_type_code, doctor_sess_type, service_code, service_name,  fee, reg_fee, checkup_fee, service_fee, other_fee, available_number_str,  admit_address_string, admit_time_range, note, time_range_flag, schedule_status,  available_total_num, available_left_num ) VALUES ( 'SCH_DOC_DEPT006_3_20260325_1', '2026-03-25', '3', '1', '上午', '08:00', '12:00', 'DEPT006', '耳鼻喉科', 'ROOM_DEPT006_1', '耳鼻喉科门诊4诊室', 'DOC_DEPT006_3', '郭刚', '03', '主治医师', '打鼾综合征', '1', '专家门诊', 'SRV_001', '主治医师挂号费', '20.00', '20.00', '0.00', '0.00', '0.00', '1,7,8,12,13,14,15,16,18,19,20,21,22,24,26,27,28,29,30,31,32,33,34,35,36', '主楼6层耳鼻喉科候诊区', '08:00-12:00', '请提前15分钟候诊', '0', '1', '36', '22' );
INSERT INTO doctor_schedule ( m_code, service_date, week_day, session_code, session_name, start_time, end_time,  department_code, department_name, clinic_room_code, clinic_room_name,  doctor_code, doctor_name, doctor_title_code, doctor_title, doctor_spec,  doctor_sess_type_code, doctor_sess_type, service_code, service_name,  fee, reg_fee, checkup_fee, service_fee, other_fee, available_number_str,  admit_address_string, admit_time_range, note, time_range_flag, schedule_status,  available_total_num, available_left_num ) VALUES ( 'SCH_DOC_DEPT006_3_20260326_2', '2026-03-26', '4', '2', '下午', '13:30', '17:30', 'DEPT006', '耳鼻喉科', 'ROOM_DEPT006_1', '耳鼻喉科门诊4诊室', 'DOC_DEPT006_3', '郭刚', '03', '主治医师', '打鼾综合征', '1', '专家门诊', 'SRV_001', '主治医师挂号费', '20.00', '20.00', '0.00', '0.00', '0.00', '1,4,5,7,8,10,11,12,13,16,19,20,22,23,24,25,26,29', '主楼4层耳鼻喉科候诊区', '13:30-17:30', '请提前15分钟候诊', '0', '1', '29', '8' );
INSERT INTO doctor_schedule ( m_code, service_date, week_day, session_code, session_name, start_time, end_time,  department_code, department_name, clinic_room_code, clinic_room_name,  doctor_code, doctor_name, doctor_title_code, doctor_title, doctor_spec,  doctor_sess_type_code, doctor_sess_type, service_code, service_name,  fee, reg_fee, checkup_fee, service_fee, other_fee, available_number_str,  admit_address_string, admit_time_range, note, time_range_flag, schedule_status,  available_total_num, available_left_num ) VALUES ( 'SCH_DOC_DEPT006_3_20260326_1', '2026-03-26', '4', '1', '上午', '08:00', '12:00', 'DEPT006', '耳鼻喉科', 'ROOM_DEPT006_1', '耳鼻喉科门诊5诊室', 'DOC_DEPT006_3', '郭刚', '03', '主治医师', '打鼾综合征', '1', '专家门诊', 'SRV_001', '主治医师挂号费', '20.00', '20.00', '0.00', '0.00', '0.00', '1,4,5,6,7,10,11,12,14,16,18,21,22,24,25,28', '主楼4层耳鼻喉科候诊区', '08:00-12:00', '请提前15分钟候诊', '0', '1', '28', '11' );
INSERT INTO doctor_schedule ( m_code, service_date, week_day, session_code, session_name, start_time, end_time,  department_code, department_name, clinic_room_code, clinic_room_name,  doctor_code, doctor_name, doctor_title_code, doctor_title, doctor_spec,  doctor_sess_type_code, doctor_sess_type, service_code, service_name,  fee, reg_fee, checkup_fee, service_fee, other_fee, available_number_str,  admit_address_string, admit_time_range, note, time_range_flag, schedule_status,  available_total_num, available_left_num ) VALUES ( 'SCH_DOC_DEPT006_3_20260327_1', '2026-03-27', '5', '1', '上午', '08:00', '12:00', 'DEPT006', '耳鼻喉科', 'ROOM_DEPT006_5', '耳鼻喉科门诊2诊室', 'DOC_DEPT006_3', '郭刚', '03', '主治医师', '打鼾综合征', '1', '专家门诊', 'SRV_001', '主治医师挂号费', '50.00', '50.00', '0.00', '0.00', '0.00', '1,2,6,7,8,10,12,14,15,16,17,18,19', '主楼2层耳鼻喉科候诊区', '08:00-12:00', '请提前15分钟候诊', '0', '1', '22', '17' );
INSERT INTO doctor_schedule ( m_code, service_date, week_day, session_code, session_name, start_time, end_time,  department_code, department_name, clinic_room_code, clinic_room_name,  doctor_code, doctor_name, doctor_title_code, doctor_title, doctor_spec,  doctor_sess_type_code, doctor_sess_type, service_code, service_name,  fee, reg_fee, checkup_fee, service_fee, other_fee, available_number_str,  admit_address_string, admit_time_range, note, time_range_flag, schedule_status,  available_total_num, available_left_num ) VALUES ( 'SCH_DOC_DEPT006_3_20260328_1', '2026-03-28', '6', '1', '上午', '08:00', '12:00', 'DEPT006', '耳鼻喉科', 'ROOM_DEPT006_1', '耳鼻喉科门诊2诊室', 'DOC_DEPT006_3', '郭刚', '03', '主治医师', '打鼾综合征', '1', '专家门诊', 'SRV_001', '主治医师挂号费', '15.00', '15.00', '0.00', '0.00', '0.00', '1,2,3,5,8,9,10,11,12,14,15,16,18,19,20,21,22,23', '主楼4层耳鼻喉科候诊区', '08:00-12:00', '请提前15分钟候诊', '0', '1', '23', '5' );
INSERT INTO doctor_schedule ( m_code, service_date, week_day, session_code, session_name, start_time, end_time,  department_code, department_name, clinic_room_code, clinic_room_name,  doctor_code, doctor_name, doctor_title_code, doctor_title, doctor_spec,  doctor_sess_type_code, doctor_sess_type, service_code, service_name,  fee, reg_fee, checkup_fee, service_fee, other_fee, available_number_str,  admit_address_string, admit_time_range, note, time_range_flag, schedule_status,  available_total_num, available_left_num ) VALUES ( 'SCH_DOC_DEPT006_3_20260328_2', '2026-03-28', '6', '2', '下午', '13:30', '17:30', 'DEPT006', '耳鼻喉科', 'ROOM_DEPT006_3', '耳鼻喉科门诊2诊室', 'DOC_DEPT006_3', '郭刚', '03', '主治医师', '打鼾综合征', '1', '专家门诊', 'SRV_001', '主治医师挂号费', '20.00', '20.00', '0.00', '0.00', '0.00', '1,2,3,4,5,8,9,10,12,13,14,15,16,19', '主楼3层耳鼻喉科候诊区', '13:30-17:30', '请提前15分钟候诊', '0', '1', '19', '17' );
INSERT INTO doctor_schedule ( m_code, service_date, week_day, session_code, session_name, start_time, end_time,  department_code, department_name, clinic_room_code, clinic_room_name,  doctor_code, doctor_name, doctor_title_code, doctor_title, doctor_spec,  doctor_sess_type_code, doctor_sess_type, service_code, service_name,  fee, reg_fee, checkup_fee, service_fee, other_fee, available_number_str,  admit_address_string, admit_time_range, note, time_range_flag, schedule_status,  available_total_num, available_left_num ) VALUES ( 'SCH_DOC_DEPT006_3_20260329_2', '2026-03-29', '7', '2', '下午', '13:30', '17:30', 'DEPT006', '耳鼻喉科', 'ROOM_DEPT006_2', '耳鼻喉科门诊1诊室', 'DOC_DEPT006_3', '郭刚', '03', '主治医师', '打鼾综合征', '1', '专家门诊', 'SRV_001', '主治医师挂号费', '15.00', '15.00', '0.00', '0.00', '0.00', '1,4,5,6,7,8,9,10,11,12,16,18,19,20,21,22,24,25,27,28,29,30,31', '主楼4层耳鼻喉科候诊区', '13:30-17:30', '请提前15分钟候诊', '0', '1', '31', '30' );
INSERT INTO doctor_schedule ( m_code, service_date, week_day, session_code, session_name, start_time, end_time,  department_code, department_name, clinic_room_code, clinic_room_name,  doctor_code, doctor_name, doctor_title_code, doctor_title, doctor_spec,  doctor_sess_type_code, doctor_sess_type, service_code, service_name,  fee, reg_fee, checkup_fee, service_fee, other_fee, available_number_str,  admit_address_string, admit_time_range, note, time_range_flag, schedule_status,  available_total_num, available_left_num ) VALUES ( 'SCH_DOC_DEPT006_3_20260329_1', '2026-03-29', '7', '1', '上午', '08:00', '12:00', 'DEPT006', '耳鼻喉科', 'ROOM_DEPT006_5', '耳鼻喉科门诊1诊室', 'DOC_DEPT006_3', '郭刚', '03', '主治医师', '打鼾综合征', '1', '专家门诊', 'SRV_001', '主治医师挂号费', '20.00', '20.00', '0.00', '0.00', '0.00', '1,2,3,4,5,6,8,10,11,12,13,14,15,16,18,19,20,21,23,24,25,26,27', '主楼2层耳鼻喉科候诊区', '08:00-12:00', '请提前15分钟候诊', '0', '1', '27', '8' );
INSERT INTO doctor (doctor_code, doctor_name, department_code, title, specialty, doctor_des, doctor_image) VALUES ('DOC_DEPT006_4', '赵杰', 'DEPT006', '主治医师', '中耳炎显微手术', '赵杰主治医师，从事耳鼻喉科临床工作24年，经验丰富。她专注于中耳炎显微手术的诊疗，已成功治愈数千例相关患者。', 'doc_DOC_DEPT006_4.png');
INSERT INTO doctor_schedule ( m_code, service_date, week_day, session_code, session_name, start_time, end_time,  department_code, department_name, clinic_room_code, clinic_room_name,  doctor_code, doctor_name, doctor_title_code, doctor_title, doctor_spec,  doctor_sess_type_code, doctor_sess_type, service_code, service_name,  fee, reg_fee, checkup_fee, service_fee, other_fee, available_number_str,  admit_address_string, admit_time_range, note, time_range_flag, schedule_status,  available_total_num, available_left_num ) VALUES ( 'SCH_DOC_DEPT006_4_20260316_1', '2026-03-16', '1', '1', '上午', '08:00', '12:00', 'DEPT006', '耳鼻喉科', 'ROOM_DEPT006_1', '耳鼻喉科门诊2诊室', 'DOC_DEPT006_4', '赵杰', '03', '主治医师', '中耳炎显微手术', '1', '专家门诊', 'SRV_001', '主治医师挂号费', '15.00', '15.00', '0.00', '0.00', '0.00', '2,3,4,5,7,8,9,10,11,13,16,17,19,20,23,24,25,27,28,29,30,31,32,38,39,40', '主楼1层耳鼻喉科候诊区', '08:00-12:00', '请提前15分钟候诊', '0', '1', '40', '35' );
INSERT INTO doctor_schedule ( m_code, service_date, week_day, session_code, session_name, start_time, end_time,  department_code, department_name, clinic_room_code, clinic_room_name,  doctor_code, doctor_name, doctor_title_code, doctor_title, doctor_spec,  doctor_sess_type_code, doctor_sess_type, service_code, service_name,  fee, reg_fee, checkup_fee, service_fee, other_fee, available_number_str,  admit_address_string, admit_time_range, note, time_range_flag, schedule_status,  available_total_num, available_left_num ) VALUES ( 'SCH_DOC_DEPT006_4_20260316_2', '2026-03-16', '1', '2', '下午', '13:30', '17:30', 'DEPT006', '耳鼻喉科', 'ROOM_DEPT006_5', '耳鼻喉科门诊3诊室', 'DOC_DEPT006_4', '赵杰', '03', '主治医师', '中耳炎显微手术', '1', '专家门诊', 'SRV_001', '主治医师挂号费', '50.00', '50.00', '0.00', '0.00', '0.00', '2,3,5,6,7,10,11,12,13,14,15,16,17,18,19', '主楼4层耳鼻喉科候诊区', '13:30-17:30', '请提前15分钟候诊', '0', '1', '19', '5' );
INSERT INTO doctor_schedule ( m_code, service_date, week_day, session_code, session_name, start_time, end_time,  department_code, department_name, clinic_room_code, clinic_room_name,  doctor_code, doctor_name, doctor_title_code, doctor_title, doctor_spec,  doctor_sess_type_code, doctor_sess_type, service_code, service_name,  fee, reg_fee, checkup_fee, service_fee, other_fee, available_number_str,  admit_address_string, admit_time_range, note, time_range_flag, schedule_status,  available_total_num, available_left_num ) VALUES ( 'SCH_DOC_DEPT006_4_20260317_1', '2026-03-17', '2', '1', '上午', '08:00', '12:00', 'DEPT006', '耳鼻喉科', 'ROOM_DEPT006_4', '耳鼻喉科门诊3诊室', 'DOC_DEPT006_4', '赵杰', '03', '主治医师', '中耳炎显微手术', '1', '专家门诊', 'SRV_001', '主治医师挂号费', '50.00', '50.00', '0.00', '0.00', '0.00', '1,5,7,9,11,12,13,14,16,17', '主楼4层耳鼻喉科候诊区', '08:00-12:00', '请提前15分钟候诊', '0', '1', '17', '15' );
INSERT INTO doctor_schedule ( m_code, service_date, week_day, session_code, session_name, start_time, end_time,  department_code, department_name, clinic_room_code, clinic_room_name,  doctor_code, doctor_name, doctor_title_code, doctor_title, doctor_spec,  doctor_sess_type_code, doctor_sess_type, service_code, service_name,  fee, reg_fee, checkup_fee, service_fee, other_fee, available_number_str,  admit_address_string, admit_time_range, note, time_range_flag, schedule_status,  available_total_num, available_left_num ) VALUES ( 'SCH_DOC_DEPT006_4_20260318_2', '2026-03-18', '3', '2', '下午', '13:30', '17:30', 'DEPT006', '耳鼻喉科', 'ROOM_DEPT006_5', '耳鼻喉科门诊2诊室', 'DOC_DEPT006_4', '赵杰', '03', '主治医师', '中耳炎显微手术', '1', '专家门诊', 'SRV_001', '主治医师挂号费', '20.00', '20.00', '0.00', '0.00', '0.00', '2,3,4,5,6,10,11,13,14,15,16,17,18', '主楼4层耳鼻喉科候诊区', '13:30-17:30', '请提前15分钟候诊', '0', '1', '18', '4' );
INSERT INTO doctor_schedule ( m_code, service_date, week_day, session_code, session_name, start_time, end_time,  department_code, department_name, clinic_room_code, clinic_room_name,  doctor_code, doctor_name, doctor_title_code, doctor_title, doctor_spec,  doctor_sess_type_code, doctor_sess_type, service_code, service_name,  fee, reg_fee, checkup_fee, service_fee, other_fee, available_number_str,  admit_address_string, admit_time_range, note, time_range_flag, schedule_status,  available_total_num, available_left_num ) VALUES ( 'SCH_DOC_DEPT006_4_20260318_1', '2026-03-18', '3', '1', '上午', '08:00', '12:00', 'DEPT006', '耳鼻喉科', 'ROOM_DEPT006_1', '耳鼻喉科门诊2诊室', 'DOC_DEPT006_4', '赵杰', '03', '主治医师', '中耳炎显微手术', '1', '专家门诊', 'SRV_001', '主治医师挂号费', '50.00', '50.00', '0.00', '0.00', '0.00', '1,2,3,6,7,8,9,10,11,12,13,14,15', '主楼2层耳鼻喉科候诊区', '08:00-12:00', '请提前15分钟候诊', '0', '1', '15', '5' );
INSERT INTO doctor_schedule ( m_code, service_date, week_day, session_code, session_name, start_time, end_time,  department_code, department_name, clinic_room_code, clinic_room_name,  doctor_code, doctor_name, doctor_title_code, doctor_title, doctor_spec,  doctor_sess_type_code, doctor_sess_type, service_code, service_name,  fee, reg_fee, checkup_fee, service_fee, other_fee, available_number_str,  admit_address_string, admit_time_range, note, time_range_flag, schedule_status,  available_total_num, available_left_num ) VALUES ( 'SCH_DOC_DEPT006_4_20260319_2', '2026-03-19', '4', '2', '下午', '13:30', '17:30', 'DEPT006', '耳鼻喉科', 'ROOM_DEPT006_2', '耳鼻喉科门诊2诊室', 'DOC_DEPT006_4', '赵杰', '03', '主治医师', '中耳炎显微手术', '1', '专家门诊', 'SRV_001', '主治医师挂号费', '50.00', '50.00', '0.00', '0.00', '0.00', '1,2,3,4,5,6,7,8,9,10,11,12,13,14,15,17,19,21,22,24,26,27,28,30,31,34,35,37', '主楼3层耳鼻喉科候诊区', '13:30-17:30', '请提前15分钟候诊', '0', '1', '37', '24' );
INSERT INTO doctor_schedule ( m_code, service_date, week_day, session_code, session_name, start_time, end_time,  department_code, department_name, clinic_room_code, clinic_room_name,  doctor_code, doctor_name, doctor_title_code, doctor_title, doctor_spec,  doctor_sess_type_code, doctor_sess_type, service_code, service_name,  fee, reg_fee, checkup_fee, service_fee, other_fee, available_number_str,  admit_address_string, admit_time_range, note, time_range_flag, schedule_status,  available_total_num, available_left_num ) VALUES ( 'SCH_DOC_DEPT006_4_20260320_1', '2026-03-20', '5', '1', '上午', '08:00', '12:00', 'DEPT006', '耳鼻喉科', 'ROOM_DEPT006_2', '耳鼻喉科门诊4诊室', 'DOC_DEPT006_4', '赵杰', '03', '主治医师', '中耳炎显微手术', '1', '专家门诊', 'SRV_001', '主治医师挂号费', '50.00', '50.00', '0.00', '0.00', '0.00', '1,4,5,6,7,8,9,11,12,14,15,16,17,18,19,21,23,24,27', '主楼3层耳鼻喉科候诊区', '08:00-12:00', '请提前15分钟候诊', '0', '1', '27', '17' );
INSERT INTO doctor_schedule ( m_code, service_date, week_day, session_code, session_name, start_time, end_time,  department_code, department_name, clinic_room_code, clinic_room_name,  doctor_code, doctor_name, doctor_title_code, doctor_title, doctor_spec,  doctor_sess_type_code, doctor_sess_type, service_code, service_name,  fee, reg_fee, checkup_fee, service_fee, other_fee, available_number_str,  admit_address_string, admit_time_range, note, time_range_flag, schedule_status,  available_total_num, available_left_num ) VALUES ( 'SCH_DOC_DEPT006_4_20260320_2', '2026-03-20', '5', '2', '下午', '13:30', '17:30', 'DEPT006', '耳鼻喉科', 'ROOM_DEPT006_3', '耳鼻喉科门诊5诊室', 'DOC_DEPT006_4', '赵杰', '03', '主治医师', '中耳炎显微手术', '1', '专家门诊', 'SRV_001', '主治医师挂号费', '15.00', '15.00', '0.00', '0.00', '0.00', '2,3,6,7,9,10,11,12,14,17,18,19,20,21,23,24,25,26,27,28,29,30,31,32', '主楼6层耳鼻喉科候诊区', '13:30-17:30', '请提前15分钟候诊', '0', '1', '32', '14' );
INSERT INTO doctor_schedule ( m_code, service_date, week_day, session_code, session_name, start_time, end_time,  department_code, department_name, clinic_room_code, clinic_room_name,  doctor_code, doctor_name, doctor_title_code, doctor_title, doctor_spec,  doctor_sess_type_code, doctor_sess_type, service_code, service_name,  fee, reg_fee, checkup_fee, service_fee, other_fee, available_number_str,  admit_address_string, admit_time_range, note, time_range_flag, schedule_status,  available_total_num, available_left_num ) VALUES ( 'SCH_DOC_DEPT006_4_20260321_1', '2026-03-21', '6', '1', '上午', '08:00', '12:00', 'DEPT006', '耳鼻喉科', 'ROOM_DEPT006_5', '耳鼻喉科门诊5诊室', 'DOC_DEPT006_4', '赵杰', '03', '主治医师', '中耳炎显微手术', '1', '专家门诊', 'SRV_001', '主治医师挂号费', '15.00', '15.00', '0.00', '0.00', '0.00', '1,2,4,5,6,7,8,9,11,12,13,14,15,16,17,18,23,25,26,27,28,29,32,33,34', '主楼1层耳鼻喉科候诊区', '08:00-12:00', '请提前15分钟候诊', '0', '1', '35', '23' );
INSERT INTO doctor_schedule ( m_code, service_date, week_day, session_code, session_name, start_time, end_time,  department_code, department_name, clinic_room_code, clinic_room_name,  doctor_code, doctor_name, doctor_title_code, doctor_title, doctor_spec,  doctor_sess_type_code, doctor_sess_type, service_code, service_name,  fee, reg_fee, checkup_fee, service_fee, other_fee, available_number_str,  admit_address_string, admit_time_range, note, time_range_flag, schedule_status,  available_total_num, available_left_num ) VALUES ( 'SCH_DOC_DEPT006_4_20260321_2', '2026-03-21', '6', '2', '下午', '13:30', '17:30', 'DEPT006', '耳鼻喉科', 'ROOM_DEPT006_2', '耳鼻喉科门诊2诊室', 'DOC_DEPT006_4', '赵杰', '03', '主治医师', '中耳炎显微手术', '1', '专家门诊', 'SRV_001', '主治医师挂号费', '50.00', '50.00', '0.00', '0.00', '0.00', '2,3,4,5,6,7,9,10,12,13,14,15,16,17,18,20,22,24,25,26,29,30', '主楼6层耳鼻喉科候诊区', '13:30-17:30', '请提前15分钟候诊', '0', '1', '30', '9' );
INSERT INTO doctor_schedule ( m_code, service_date, week_day, session_code, session_name, start_time, end_time,  department_code, department_name, clinic_room_code, clinic_room_name,  doctor_code, doctor_name, doctor_title_code, doctor_title, doctor_spec,  doctor_sess_type_code, doctor_sess_type, service_code, service_name,  fee, reg_fee, checkup_fee, service_fee, other_fee, available_number_str,  admit_address_string, admit_time_range, note, time_range_flag, schedule_status,  available_total_num, available_left_num ) VALUES ( 'SCH_DOC_DEPT006_4_20260323_1', '2026-03-23', '1', '1', '上午', '08:00', '12:00', 'DEPT006', '耳鼻喉科', 'ROOM_DEPT006_5', '耳鼻喉科门诊2诊室', 'DOC_DEPT006_4', '赵杰', '03', '主治医师', '中耳炎显微手术', '1', '专家门诊', 'SRV_001', '主治医师挂号费', '20.00', '20.00', '0.00', '0.00', '0.00', '1,2,4,5,6,8,10,12,14,16,17,19,22,23,24,25,26,28,31', '主楼4层耳鼻喉科候诊区', '08:00-12:00', '请提前15分钟候诊', '0', '1', '31', '16' );
INSERT INTO doctor_schedule ( m_code, service_date, week_day, session_code, session_name, start_time, end_time,  department_code, department_name, clinic_room_code, clinic_room_name,  doctor_code, doctor_name, doctor_title_code, doctor_title, doctor_spec,  doctor_sess_type_code, doctor_sess_type, service_code, service_name,  fee, reg_fee, checkup_fee, service_fee, other_fee, available_number_str,  admit_address_string, admit_time_range, note, time_range_flag, schedule_status,  available_total_num, available_left_num ) VALUES ( 'SCH_DOC_DEPT006_4_20260324_2', '2026-03-24', '2', '2', '下午', '13:30', '17:30', 'DEPT006', '耳鼻喉科', 'ROOM_DEPT006_5', '耳鼻喉科门诊4诊室', 'DOC_DEPT006_4', '赵杰', '03', '主治医师', '中耳炎显微手术', '1', '专家门诊', 'SRV_001', '主治医师挂号费', '15.00', '15.00', '0.00', '0.00', '0.00', '2,3,4,5,7,8,9,11,12,13,15,16,17,19,20,21,22,23,24', '主楼6层耳鼻喉科候诊区', '13:30-17:30', '请提前15分钟候诊', '0', '1', '25', '19' );
INSERT INTO doctor_schedule ( m_code, service_date, week_day, session_code, session_name, start_time, end_time,  department_code, department_name, clinic_room_code, clinic_room_name,  doctor_code, doctor_name, doctor_title_code, doctor_title, doctor_spec,  doctor_sess_type_code, doctor_sess_type, service_code, service_name,  fee, reg_fee, checkup_fee, service_fee, other_fee, available_number_str,  admit_address_string, admit_time_range, note, time_range_flag, schedule_status,  available_total_num, available_left_num ) VALUES ( 'SCH_DOC_DEPT006_4_20260325_1', '2026-03-25', '3', '1', '上午', '08:00', '12:00', 'DEPT006', '耳鼻喉科', 'ROOM_DEPT006_4', '耳鼻喉科门诊4诊室', 'DOC_DEPT006_4', '赵杰', '03', '主治医师', '中耳炎显微手术', '1', '专家门诊', 'SRV_001', '主治医师挂号费', '20.00', '20.00', '0.00', '0.00', '0.00', '2,4,6,8,9,10,11,12,13,16,19,20,21,22,23,24,25,27,28,31,33,36,37,38', '主楼3层耳鼻喉科候诊区', '08:00-12:00', '请提前15分钟候诊', '0', '1', '39', '32' );
INSERT INTO doctor_schedule ( m_code, service_date, week_day, session_code, session_name, start_time, end_time,  department_code, department_name, clinic_room_code, clinic_room_name,  doctor_code, doctor_name, doctor_title_code, doctor_title, doctor_spec,  doctor_sess_type_code, doctor_sess_type, service_code, service_name,  fee, reg_fee, checkup_fee, service_fee, other_fee, available_number_str,  admit_address_string, admit_time_range, note, time_range_flag, schedule_status,  available_total_num, available_left_num ) VALUES ( 'SCH_DOC_DEPT006_4_20260326_1', '2026-03-26', '4', '1', '上午', '08:00', '12:00', 'DEPT006', '耳鼻喉科', 'ROOM_DEPT006_2', '耳鼻喉科门诊4诊室', 'DOC_DEPT006_4', '赵杰', '03', '主治医师', '中耳炎显微手术', '1', '专家门诊', 'SRV_001', '主治医师挂号费', '15.00', '15.00', '0.00', '0.00', '0.00', '2,4,6,7,9,10,11,12,13,15,17,18,19,20,21,22,23,24,25,27,28', '主楼6层耳鼻喉科候诊区', '08:00-12:00', '请提前15分钟候诊', '0', '1', '28', '9' );
INSERT INTO doctor_schedule ( m_code, service_date, week_day, session_code, session_name, start_time, end_time,  department_code, department_name, clinic_room_code, clinic_room_name,  doctor_code, doctor_name, doctor_title_code, doctor_title, doctor_spec,  doctor_sess_type_code, doctor_sess_type, service_code, service_name,  fee, reg_fee, checkup_fee, service_fee, other_fee, available_number_str,  admit_address_string, admit_time_range, note, time_range_flag, schedule_status,  available_total_num, available_left_num ) VALUES ( 'SCH_DOC_DEPT006_4_20260326_2', '2026-03-26', '4', '2', '下午', '13:30', '17:30', 'DEPT006', '耳鼻喉科', 'ROOM_DEPT006_2', '耳鼻喉科门诊3诊室', 'DOC_DEPT006_4', '赵杰', '03', '主治医师', '中耳炎显微手术', '1', '专家门诊', 'SRV_001', '主治医师挂号费', '20.00', '20.00', '0.00', '0.00', '0.00', '1,2,4,5,7,8,10,12,13,14,15,16,18,19,20,21,23,24,26,27', '主楼5层耳鼻喉科候诊区', '13:30-17:30', '请提前15分钟候诊', '0', '1', '27', '14' );
INSERT INTO doctor_schedule ( m_code, service_date, week_day, session_code, session_name, start_time, end_time,  department_code, department_name, clinic_room_code, clinic_room_name,  doctor_code, doctor_name, doctor_title_code, doctor_title, doctor_spec,  doctor_sess_type_code, doctor_sess_type, service_code, service_name,  fee, reg_fee, checkup_fee, service_fee, other_fee, available_number_str,  admit_address_string, admit_time_range, note, time_range_flag, schedule_status,  available_total_num, available_left_num ) VALUES ( 'SCH_DOC_DEPT006_4_20260329_1', '2026-03-29', '7', '1', '上午', '08:00', '12:00', 'DEPT006', '耳鼻喉科', 'ROOM_DEPT006_4', '耳鼻喉科门诊2诊室', 'DOC_DEPT006_4', '赵杰', '03', '主治医师', '中耳炎显微手术', '1', '专家门诊', 'SRV_001', '主治医师挂号费', '50.00', '50.00', '0.00', '0.00', '0.00', '1,4,5,6,8,9,11,12,14,15,17,18,20,21,22,23,24,25,26,27,28,29,30,31,32,33,34,35', '主楼6层耳鼻喉科候诊区', '08:00-12:00', '请提前15分钟候诊', '0', '1', '36', '32' );
INSERT INTO doctor (doctor_code, doctor_name, department_code, title, specialty, doctor_des, doctor_image) VALUES ('DOC_DEPT006_5', '孙超', 'DEPT006', '主治医师', '喉癌早期筛查', '孙超主治医师，从事耳鼻喉科临床工作12年，待人亲切。她专注于喉癌早期筛查的诊疗，已成功治愈数千例相关患者。', 'doc_DOC_DEPT006_5.png');
INSERT INTO doctor_schedule ( m_code, service_date, week_day, session_code, session_name, start_time, end_time,  department_code, department_name, clinic_room_code, clinic_room_name,  doctor_code, doctor_name, doctor_title_code, doctor_title, doctor_spec,  doctor_sess_type_code, doctor_sess_type, service_code, service_name,  fee, reg_fee, checkup_fee, service_fee, other_fee, available_number_str,  admit_address_string, admit_time_range, note, time_range_flag, schedule_status,  available_total_num, available_left_num ) VALUES ( 'SCH_DOC_DEPT006_5_20260316_1', '2026-03-16', '1', '1', '上午', '08:00', '12:00', 'DEPT006', '耳鼻喉科', 'ROOM_DEPT006_3', '耳鼻喉科门诊4诊室', 'DOC_DEPT006_5', '孙超', '03', '主治医师', '喉癌早期筛查', '1', '专家门诊', 'SRV_001', '主治医师挂号费', '20.00', '20.00', '0.00', '0.00', '0.00', '2,3,4,5,6,9,11,12,13,14,15,16,17,18,19,20', '主楼3层耳鼻喉科候诊区', '08:00-12:00', '请提前15分钟候诊', '0', '1', '20', '8' );
INSERT INTO doctor_schedule ( m_code, service_date, week_day, session_code, session_name, start_time, end_time,  department_code, department_name, clinic_room_code, clinic_room_name,  doctor_code, doctor_name, doctor_title_code, doctor_title, doctor_spec,  doctor_sess_type_code, doctor_sess_type, service_code, service_name,  fee, reg_fee, checkup_fee, service_fee, other_fee, available_number_str,  admit_address_string, admit_time_range, note, time_range_flag, schedule_status,  available_total_num, available_left_num ) VALUES ( 'SCH_DOC_DEPT006_5_20260316_2', '2026-03-16', '1', '2', '下午', '13:30', '17:30', 'DEPT006', '耳鼻喉科', 'ROOM_DEPT006_5', '耳鼻喉科门诊2诊室', 'DOC_DEPT006_5', '孙超', '03', '主治医师', '喉癌早期筛查', '1', '专家门诊', 'SRV_001', '主治医师挂号费', '15.00', '15.00', '0.00', '0.00', '0.00', '2,3,4,5,6,8,10,11,12,13,14,15,16,17,18,19,20,21,22,23,25,26,27,29,30,31,32,33,34,35,36', '主楼4层耳鼻喉科候诊区', '13:30-17:30', '请提前15分钟候诊', '0', '1', '36', '14' );
INSERT INTO doctor_schedule ( m_code, service_date, week_day, session_code, session_name, start_time, end_time,  department_code, department_name, clinic_room_code, clinic_room_name,  doctor_code, doctor_name, doctor_title_code, doctor_title, doctor_spec,  doctor_sess_type_code, doctor_sess_type, service_code, service_name,  fee, reg_fee, checkup_fee, service_fee, other_fee, available_number_str,  admit_address_string, admit_time_range, note, time_range_flag, schedule_status,  available_total_num, available_left_num ) VALUES ( 'SCH_DOC_DEPT006_5_20260317_2', '2026-03-17', '2', '2', '下午', '13:30', '17:30', 'DEPT006', '耳鼻喉科', 'ROOM_DEPT006_4', '耳鼻喉科门诊5诊室', 'DOC_DEPT006_5', '孙超', '03', '主治医师', '喉癌早期筛查', '1', '专家门诊', 'SRV_001', '主治医师挂号费', '50.00', '50.00', '0.00', '0.00', '0.00', '1,3,5,6,9,10,11,12,13,14,17,18,20,21,22,24,25,26,27,29,31,32,34', '主楼6层耳鼻喉科候诊区', '13:30-17:30', '请提前15分钟候诊', '0', '1', '34', '12' );
INSERT INTO doctor_schedule ( m_code, service_date, week_day, session_code, session_name, start_time, end_time,  department_code, department_name, clinic_room_code, clinic_room_name,  doctor_code, doctor_name, doctor_title_code, doctor_title, doctor_spec,  doctor_sess_type_code, doctor_sess_type, service_code, service_name,  fee, reg_fee, checkup_fee, service_fee, other_fee, available_number_str,  admit_address_string, admit_time_range, note, time_range_flag, schedule_status,  available_total_num, available_left_num ) VALUES ( 'SCH_DOC_DEPT006_5_20260317_1', '2026-03-17', '2', '1', '上午', '08:00', '12:00', 'DEPT006', '耳鼻喉科', 'ROOM_DEPT006_1', '耳鼻喉科门诊1诊室', 'DOC_DEPT006_5', '孙超', '03', '主治医师', '喉癌早期筛查', '1', '专家门诊', 'SRV_001', '主治医师挂号费', '20.00', '20.00', '0.00', '0.00', '0.00', '2,3,5,6,7,8,10,12,13,15,18,19,21,22,24,25,27,28,29', '主楼6层耳鼻喉科候诊区', '08:00-12:00', '请提前15分钟候诊', '0', '1', '29', '28' );
INSERT INTO doctor_schedule ( m_code, service_date, week_day, session_code, session_name, start_time, end_time,  department_code, department_name, clinic_room_code, clinic_room_name,  doctor_code, doctor_name, doctor_title_code, doctor_title, doctor_spec,  doctor_sess_type_code, doctor_sess_type, service_code, service_name,  fee, reg_fee, checkup_fee, service_fee, other_fee, available_number_str,  admit_address_string, admit_time_range, note, time_range_flag, schedule_status,  available_total_num, available_left_num ) VALUES ( 'SCH_DOC_DEPT006_5_20260318_1', '2026-03-18', '3', '1', '上午', '08:00', '12:00', 'DEPT006', '耳鼻喉科', 'ROOM_DEPT006_3', '耳鼻喉科门诊5诊室', 'DOC_DEPT006_5', '孙超', '03', '主治医师', '喉癌早期筛查', '1', '专家门诊', 'SRV_001', '主治医师挂号费', '20.00', '20.00', '0.00', '0.00', '0.00', '1,2,3,4,5,6,8,9,11,12,13,14,15,16,18,19,21,23,24,25,27,28', '主楼4层耳鼻喉科候诊区', '08:00-12:00', '请提前15分钟候诊', '0', '1', '28', '21' );
INSERT INTO doctor_schedule ( m_code, service_date, week_day, session_code, session_name, start_time, end_time,  department_code, department_name, clinic_room_code, clinic_room_name,  doctor_code, doctor_name, doctor_title_code, doctor_title, doctor_spec,  doctor_sess_type_code, doctor_sess_type, service_code, service_name,  fee, reg_fee, checkup_fee, service_fee, other_fee, available_number_str,  admit_address_string, admit_time_range, note, time_range_flag, schedule_status,  available_total_num, available_left_num ) VALUES ( 'SCH_DOC_DEPT006_5_20260319_1', '2026-03-19', '4', '1', '上午', '08:00', '12:00', 'DEPT006', '耳鼻喉科', 'ROOM_DEPT006_2', '耳鼻喉科门诊1诊室', 'DOC_DEPT006_5', '孙超', '03', '主治医师', '喉癌早期筛查', '1', '专家门诊', 'SRV_001', '主治医师挂号费', '20.00', '20.00', '0.00', '0.00', '0.00', '1,2,3,4,5,7,8,9,10,12,13,16,17,18,19,21,22,25,26', '主楼6层耳鼻喉科候诊区', '08:00-12:00', '请提前15分钟候诊', '0', '1', '26', '24' );
INSERT INTO doctor_schedule ( m_code, service_date, week_day, session_code, session_name, start_time, end_time,  department_code, department_name, clinic_room_code, clinic_room_name,  doctor_code, doctor_name, doctor_title_code, doctor_title, doctor_spec,  doctor_sess_type_code, doctor_sess_type, service_code, service_name,  fee, reg_fee, checkup_fee, service_fee, other_fee, available_number_str,  admit_address_string, admit_time_range, note, time_range_flag, schedule_status,  available_total_num, available_left_num ) VALUES ( 'SCH_DOC_DEPT006_5_20260319_2', '2026-03-19', '4', '2', '下午', '13:30', '17:30', 'DEPT006', '耳鼻喉科', 'ROOM_DEPT006_4', '耳鼻喉科门诊1诊室', 'DOC_DEPT006_5', '孙超', '03', '主治医师', '喉癌早期筛查', '1', '专家门诊', 'SRV_001', '主治医师挂号费', '20.00', '20.00', '0.00', '0.00', '0.00', '3,4,5,6,7,9,10,12,13,14,15,16,17,18,19,20,22', '主楼6层耳鼻喉科候诊区', '13:30-17:30', '请提前15分钟候诊', '0', '1', '22', '16' );
INSERT INTO doctor_schedule ( m_code, service_date, week_day, session_code, session_name, start_time, end_time,  department_code, department_name, clinic_room_code, clinic_room_name,  doctor_code, doctor_name, doctor_title_code, doctor_title, doctor_spec,  doctor_sess_type_code, doctor_sess_type, service_code, service_name,  fee, reg_fee, checkup_fee, service_fee, other_fee, available_number_str,  admit_address_string, admit_time_range, note, time_range_flag, schedule_status,  available_total_num, available_left_num ) VALUES ( 'SCH_DOC_DEPT006_5_20260320_2', '2026-03-20', '5', '2', '下午', '13:30', '17:30', 'DEPT006', '耳鼻喉科', 'ROOM_DEPT006_1', '耳鼻喉科门诊4诊室', 'DOC_DEPT006_5', '孙超', '03', '主治医师', '喉癌早期筛查', '1', '专家门诊', 'SRV_001', '主治医师挂号费', '50.00', '50.00', '0.00', '0.00', '0.00', '1,2,4,5,8,10,11,12,13,14,15,17,18,20,21,22,24,25,28,29,30,31', '主楼4层耳鼻喉科候诊区', '13:30-17:30', '请提前15分钟候诊', '0', '1', '33', '12' );
INSERT INTO doctor_schedule ( m_code, service_date, week_day, session_code, session_name, start_time, end_time,  department_code, department_name, clinic_room_code, clinic_room_name,  doctor_code, doctor_name, doctor_title_code, doctor_title, doctor_spec,  doctor_sess_type_code, doctor_sess_type, service_code, service_name,  fee, reg_fee, checkup_fee, service_fee, other_fee, available_number_str,  admit_address_string, admit_time_range, note, time_range_flag, schedule_status,  available_total_num, available_left_num ) VALUES ( 'SCH_DOC_DEPT006_5_20260320_1', '2026-03-20', '5', '1', '上午', '08:00', '12:00', 'DEPT006', '耳鼻喉科', 'ROOM_DEPT006_5', '耳鼻喉科门诊3诊室', 'DOC_DEPT006_5', '孙超', '03', '主治医师', '喉癌早期筛查', '1', '专家门诊', 'SRV_001', '主治医师挂号费', '50.00', '50.00', '0.00', '0.00', '0.00', '1,2,4,5,6,7,8,9,11,12,13,14,15,17,18,19', '主楼5层耳鼻喉科候诊区', '08:00-12:00', '请提前15分钟候诊', '0', '1', '21', '8' );
INSERT INTO doctor_schedule ( m_code, service_date, week_day, session_code, session_name, start_time, end_time,  department_code, department_name, clinic_room_code, clinic_room_name,  doctor_code, doctor_name, doctor_title_code, doctor_title, doctor_spec,  doctor_sess_type_code, doctor_sess_type, service_code, service_name,  fee, reg_fee, checkup_fee, service_fee, other_fee, available_number_str,  admit_address_string, admit_time_range, note, time_range_flag, schedule_status,  available_total_num, available_left_num ) VALUES ( 'SCH_DOC_DEPT006_5_20260322_2', '2026-03-22', '7', '2', '下午', '13:30', '17:30', 'DEPT006', '耳鼻喉科', 'ROOM_DEPT006_1', '耳鼻喉科门诊1诊室', 'DOC_DEPT006_5', '孙超', '03', '主治医师', '喉癌早期筛查', '1', '专家门诊', 'SRV_001', '主治医师挂号费', '20.00', '20.00', '0.00', '0.00', '0.00', '2,3,5,8,9,10,11,12,13,15,16,17,18,20,25,26,29', '主楼4层耳鼻喉科候诊区', '13:30-17:30', '请提前15分钟候诊', '0', '1', '29', '16' );
INSERT INTO doctor_schedule ( m_code, service_date, week_day, session_code, session_name, start_time, end_time,  department_code, department_name, clinic_room_code, clinic_room_name,  doctor_code, doctor_name, doctor_title_code, doctor_title, doctor_spec,  doctor_sess_type_code, doctor_sess_type, service_code, service_name,  fee, reg_fee, checkup_fee, service_fee, other_fee, available_number_str,  admit_address_string, admit_time_range, note, time_range_flag, schedule_status,  available_total_num, available_left_num ) VALUES ( 'SCH_DOC_DEPT006_5_20260323_1', '2026-03-23', '1', '1', '上午', '08:00', '12:00', 'DEPT006', '耳鼻喉科', 'ROOM_DEPT006_4', '耳鼻喉科门诊4诊室', 'DOC_DEPT006_5', '孙超', '03', '主治医师', '喉癌早期筛查', '1', '专家门诊', 'SRV_001', '主治医师挂号费', '15.00', '15.00', '0.00', '0.00', '0.00', '2,3,4,5,8,9,10,12,13,15,16,17,18,21,22,23,26,28,29,32,33,34,35', '主楼4层耳鼻喉科候诊区', '08:00-12:00', '请提前15分钟候诊', '0', '1', '36', '11' );
INSERT INTO doctor_schedule ( m_code, service_date, week_day, session_code, session_name, start_time, end_time,  department_code, department_name, clinic_room_code, clinic_room_name,  doctor_code, doctor_name, doctor_title_code, doctor_title, doctor_spec,  doctor_sess_type_code, doctor_sess_type, service_code, service_name,  fee, reg_fee, checkup_fee, service_fee, other_fee, available_number_str,  admit_address_string, admit_time_range, note, time_range_flag, schedule_status,  available_total_num, available_left_num ) VALUES ( 'SCH_DOC_DEPT006_5_20260323_2', '2026-03-23', '1', '2', '下午', '13:30', '17:30', 'DEPT006', '耳鼻喉科', 'ROOM_DEPT006_4', '耳鼻喉科门诊1诊室', 'DOC_DEPT006_5', '孙超', '03', '主治医师', '喉癌早期筛查', '1', '专家门诊', 'SRV_001', '主治医师挂号费', '15.00', '15.00', '0.00', '0.00', '0.00', '2,3,4,7,9,10,12,15,16,17,18,19,20,21,23,24,25,26,27,29,30,31,32,33,34,35', '主楼3层耳鼻喉科候诊区', '13:30-17:30', '请提前15分钟候诊', '0', '1', '35', '18' );
INSERT INTO doctor_schedule ( m_code, service_date, week_day, session_code, session_name, start_time, end_time,  department_code, department_name, clinic_room_code, clinic_room_name,  doctor_code, doctor_name, doctor_title_code, doctor_title, doctor_spec,  doctor_sess_type_code, doctor_sess_type, service_code, service_name,  fee, reg_fee, checkup_fee, service_fee, other_fee, available_number_str,  admit_address_string, admit_time_range, note, time_range_flag, schedule_status,  available_total_num, available_left_num ) VALUES ( 'SCH_DOC_DEPT006_5_20260324_2', '2026-03-24', '2', '2', '下午', '13:30', '17:30', 'DEPT006', '耳鼻喉科', 'ROOM_DEPT006_2', '耳鼻喉科门诊5诊室', 'DOC_DEPT006_5', '孙超', '03', '主治医师', '喉癌早期筛查', '1', '专家门诊', 'SRV_001', '主治医师挂号费', '15.00', '15.00', '0.00', '0.00', '0.00', '2,4,5,7,8,9,10,11,12,13,14,16,19,20,22,24,27,28,30,31,32,33,35', '主楼1层耳鼻喉科候诊区', '13:30-17:30', '请提前15分钟候诊', '0', '1', '36', '12' );
INSERT INTO doctor_schedule ( m_code, service_date, week_day, session_code, session_name, start_time, end_time,  department_code, department_name, clinic_room_code, clinic_room_name,  doctor_code, doctor_name, doctor_title_code, doctor_title, doctor_spec,  doctor_sess_type_code, doctor_sess_type, service_code, service_name,  fee, reg_fee, checkup_fee, service_fee, other_fee, available_number_str,  admit_address_string, admit_time_range, note, time_range_flag, schedule_status,  available_total_num, available_left_num ) VALUES ( 'SCH_DOC_DEPT006_5_20260325_1', '2026-03-25', '3', '1', '上午', '08:00', '12:00', 'DEPT006', '耳鼻喉科', 'ROOM_DEPT006_5', '耳鼻喉科门诊5诊室', 'DOC_DEPT006_5', '孙超', '03', '主治医师', '喉癌早期筛查', '1', '专家门诊', 'SRV_001', '主治医师挂号费', '50.00', '50.00', '0.00', '0.00', '0.00', '1,2,3,5,6,7,8,11,13,15,17,18,19,20,21,22,23,24', '主楼6层耳鼻喉科候诊区', '08:00-12:00', '请提前15分钟候诊', '0', '1', '24', '9' );
INSERT INTO doctor_schedule ( m_code, service_date, week_day, session_code, session_name, start_time, end_time,  department_code, department_name, clinic_room_code, clinic_room_name,  doctor_code, doctor_name, doctor_title_code, doctor_title, doctor_spec,  doctor_sess_type_code, doctor_sess_type, service_code, service_name,  fee, reg_fee, checkup_fee, service_fee, other_fee, available_number_str,  admit_address_string, admit_time_range, note, time_range_flag, schedule_status,  available_total_num, available_left_num ) VALUES ( 'SCH_DOC_DEPT006_5_20260326_2', '2026-03-26', '4', '2', '下午', '13:30', '17:30', 'DEPT006', '耳鼻喉科', 'ROOM_DEPT006_2', '耳鼻喉科门诊4诊室', 'DOC_DEPT006_5', '孙超', '03', '主治医师', '喉癌早期筛查', '1', '专家门诊', 'SRV_001', '主治医师挂号费', '50.00', '50.00', '0.00', '0.00', '0.00', '2,3,5,6,9,10,12,14,15', '主楼3层耳鼻喉科候诊区', '13:30-17:30', '请提前15分钟候诊', '0', '1', '15', '5' );
INSERT INTO doctor_schedule ( m_code, service_date, week_day, session_code, session_name, start_time, end_time,  department_code, department_name, clinic_room_code, clinic_room_name,  doctor_code, doctor_name, doctor_title_code, doctor_title, doctor_spec,  doctor_sess_type_code, doctor_sess_type, service_code, service_name,  fee, reg_fee, checkup_fee, service_fee, other_fee, available_number_str,  admit_address_string, admit_time_range, note, time_range_flag, schedule_status,  available_total_num, available_left_num ) VALUES ( 'SCH_DOC_DEPT006_5_20260326_1', '2026-03-26', '4', '1', '上午', '08:00', '12:00', 'DEPT006', '耳鼻喉科', 'ROOM_DEPT006_3', '耳鼻喉科门诊2诊室', 'DOC_DEPT006_5', '孙超', '03', '主治医师', '喉癌早期筛查', '1', '专家门诊', 'SRV_001', '主治医师挂号费', '15.00', '15.00', '0.00', '0.00', '0.00', '3,4,6,7,8,10,11,12,16,17', '主楼3层耳鼻喉科候诊区', '08:00-12:00', '请提前15分钟候诊', '0', '1', '18', '18' );
INSERT INTO doctor_schedule ( m_code, service_date, week_day, session_code, session_name, start_time, end_time,  department_code, department_name, clinic_room_code, clinic_room_name,  doctor_code, doctor_name, doctor_title_code, doctor_title, doctor_spec,  doctor_sess_type_code, doctor_sess_type, service_code, service_name,  fee, reg_fee, checkup_fee, service_fee, other_fee, available_number_str,  admit_address_string, admit_time_range, note, time_range_flag, schedule_status,  available_total_num, available_left_num ) VALUES ( 'SCH_DOC_DEPT006_5_20260327_1', '2026-03-27', '5', '1', '上午', '08:00', '12:00', 'DEPT006', '耳鼻喉科', 'ROOM_DEPT006_2', '耳鼻喉科门诊1诊室', 'DOC_DEPT006_5', '孙超', '03', '主治医师', '喉癌早期筛查', '1', '专家门诊', 'SRV_001', '主治医师挂号费', '20.00', '20.00', '0.00', '0.00', '0.00', '1,2,3,4,5,6,10,11,12,13,16,17,18,20', '主楼1层耳鼻喉科候诊区', '08:00-12:00', '请提前15分钟候诊', '0', '1', '21', '12' );
INSERT INTO doctor_schedule ( m_code, service_date, week_day, session_code, session_name, start_time, end_time,  department_code, department_name, clinic_room_code, clinic_room_name,  doctor_code, doctor_name, doctor_title_code, doctor_title, doctor_spec,  doctor_sess_type_code, doctor_sess_type, service_code, service_name,  fee, reg_fee, checkup_fee, service_fee, other_fee, available_number_str,  admit_address_string, admit_time_range, note, time_range_flag, schedule_status,  available_total_num, available_left_num ) VALUES ( 'SCH_DOC_DEPT006_5_20260327_2', '2026-03-27', '5', '2', '下午', '13:30', '17:30', 'DEPT006', '耳鼻喉科', 'ROOM_DEPT006_3', '耳鼻喉科门诊1诊室', 'DOC_DEPT006_5', '孙超', '03', '主治医师', '喉癌早期筛查', '1', '专家门诊', 'SRV_001', '主治医师挂号费', '15.00', '15.00', '0.00', '0.00', '0.00', '1,2,3,6,7,8,10,11,13,14,15,16,17,18,19,20,21,23,24,25', '主楼3层耳鼻喉科候诊区', '13:30-17:30', '请提前15分钟候诊', '0', '1', '25', '21' );
INSERT INTO doctor_schedule ( m_code, service_date, week_day, session_code, session_name, start_time, end_time,  department_code, department_name, clinic_room_code, clinic_room_name,  doctor_code, doctor_name, doctor_title_code, doctor_title, doctor_spec,  doctor_sess_type_code, doctor_sess_type, service_code, service_name,  fee, reg_fee, checkup_fee, service_fee, other_fee, available_number_str,  admit_address_string, admit_time_range, note, time_range_flag, schedule_status,  available_total_num, available_left_num ) VALUES ( 'SCH_DOC_DEPT006_5_20260328_1', '2026-03-28', '6', '1', '上午', '08:00', '12:00', 'DEPT006', '耳鼻喉科', 'ROOM_DEPT006_5', '耳鼻喉科门诊3诊室', 'DOC_DEPT006_5', '孙超', '03', '主治医师', '喉癌早期筛查', '1', '专家门诊', 'SRV_001', '主治医师挂号费', '50.00', '50.00', '0.00', '0.00', '0.00', '2,4,5,6,7,8,9,10,12,13,15,16,17,18,19,21,22,23,24,30,31,32', '主楼5层耳鼻喉科候诊区', '08:00-12:00', '请提前15分钟候诊', '0', '1', '32', '19' );
INSERT INTO doctor_schedule ( m_code, service_date, week_day, session_code, session_name, start_time, end_time,  department_code, department_name, clinic_room_code, clinic_room_name,  doctor_code, doctor_name, doctor_title_code, doctor_title, doctor_spec,  doctor_sess_type_code, doctor_sess_type, service_code, service_name,  fee, reg_fee, checkup_fee, service_fee, other_fee, available_number_str,  admit_address_string, admit_time_range, note, time_range_flag, schedule_status,  available_total_num, available_left_num ) VALUES ( 'SCH_DOC_DEPT006_5_20260329_1', '2026-03-29', '7', '1', '上午', '08:00', '12:00', 'DEPT006', '耳鼻喉科', 'ROOM_DEPT006_4', '耳鼻喉科门诊2诊室', 'DOC_DEPT006_5', '孙超', '03', '主治医师', '喉癌早期筛查', '1', '专家门诊', 'SRV_001', '主治医师挂号费', '50.00', '50.00', '0.00', '0.00', '0.00', '1,2,3,5,6,8,11,17,20,23,24', '主楼5层耳鼻喉科候诊区', '08:00-12:00', '请提前15分钟候诊', '0', '1', '24', '10' );
INSERT INTO doctor (doctor_code, doctor_name, department_code, title, specialty, doctor_des, doctor_image) VALUES ('DOC_DEPT007_1', '孙勇', 'DEPT007', '副主任医师', '牙齿隐形矫正', '孙勇副主任医师，从事口腔科临床工作8年，具备深厚的临床背景。他专注于牙齿隐形矫正的诊疗，已成功治愈数千例相关患者。', 'doc_DOC_DEPT007_1.png');
INSERT INTO doctor_schedule ( m_code, service_date, week_day, session_code, session_name, start_time, end_time,  department_code, department_name, clinic_room_code, clinic_room_name,  doctor_code, doctor_name, doctor_title_code, doctor_title, doctor_spec,  doctor_sess_type_code, doctor_sess_type, service_code, service_name,  fee, reg_fee, checkup_fee, service_fee, other_fee, available_number_str,  admit_address_string, admit_time_range, note, time_range_flag, schedule_status,  available_total_num, available_left_num ) VALUES ( 'SCH_DOC_DEPT007_1_20260316_1', '2026-03-16', '1', '1', '上午', '08:00', '12:00', 'DEPT007', '口腔科', 'ROOM_DEPT007_1', '口腔科门诊3诊室', 'DOC_DEPT007_1', '孙勇', '02', '副主任医师', '牙齿隐形矫正', '1', '专家门诊', 'SRV_001', '副主任医师挂号费', '15.00', '15.00', '0.00', '0.00', '0.00', '2,3,4,6,7,8,12,13,14,15,16,17,19,20,22,23,26,27,28,29,31,33,34', '主楼3层口腔科候诊区', '08:00-12:00', '请提前15分钟候诊', '0', '1', '35', '7' );
INSERT INTO doctor_schedule ( m_code, service_date, week_day, session_code, session_name, start_time, end_time,  department_code, department_name, clinic_room_code, clinic_room_name,  doctor_code, doctor_name, doctor_title_code, doctor_title, doctor_spec,  doctor_sess_type_code, doctor_sess_type, service_code, service_name,  fee, reg_fee, checkup_fee, service_fee, other_fee, available_number_str,  admit_address_string, admit_time_range, note, time_range_flag, schedule_status,  available_total_num, available_left_num ) VALUES ( 'SCH_DOC_DEPT007_1_20260316_2', '2026-03-16', '1', '2', '下午', '13:30', '17:30', 'DEPT007', '口腔科', 'ROOM_DEPT007_2', '口腔科门诊2诊室', 'DOC_DEPT007_1', '孙勇', '02', '副主任医师', '牙齿隐形矫正', '1', '专家门诊', 'SRV_001', '副主任医师挂号费', '20.00', '20.00', '0.00', '0.00', '0.00', '1,2,3,4,5,6,7,9,10,11,12,13,16,19,20,21,22,25,27,28,29,30,31,33', '主楼4层口腔科候诊区', '13:30-17:30', '请提前15分钟候诊', '0', '1', '35', '27' );
INSERT INTO doctor_schedule ( m_code, service_date, week_day, session_code, session_name, start_time, end_time,  department_code, department_name, clinic_room_code, clinic_room_name,  doctor_code, doctor_name, doctor_title_code, doctor_title, doctor_spec,  doctor_sess_type_code, doctor_sess_type, service_code, service_name,  fee, reg_fee, checkup_fee, service_fee, other_fee, available_number_str,  admit_address_string, admit_time_range, note, time_range_flag, schedule_status,  available_total_num, available_left_num ) VALUES ( 'SCH_DOC_DEPT007_1_20260317_1', '2026-03-17', '2', '1', '上午', '08:00', '12:00', 'DEPT007', '口腔科', 'ROOM_DEPT007_5', '口腔科门诊5诊室', 'DOC_DEPT007_1', '孙勇', '02', '副主任医师', '牙齿隐形矫正', '1', '专家门诊', 'SRV_001', '副主任医师挂号费', '15.00', '15.00', '0.00', '0.00', '0.00', '1,2,3,5,6,8,10,13,17,18,20,21,22', '主楼1层口腔科候诊区', '08:00-12:00', '请提前15分钟候诊', '0', '1', '22', '13' );
INSERT INTO doctor_schedule ( m_code, service_date, week_day, session_code, session_name, start_time, end_time,  department_code, department_name, clinic_room_code, clinic_room_name,  doctor_code, doctor_name, doctor_title_code, doctor_title, doctor_spec,  doctor_sess_type_code, doctor_sess_type, service_code, service_name,  fee, reg_fee, checkup_fee, service_fee, other_fee, available_number_str,  admit_address_string, admit_time_range, note, time_range_flag, schedule_status,  available_total_num, available_left_num ) VALUES ( 'SCH_DOC_DEPT007_1_20260319_1', '2026-03-19', '4', '1', '上午', '08:00', '12:00', 'DEPT007', '口腔科', 'ROOM_DEPT007_5', '口腔科门诊2诊室', 'DOC_DEPT007_1', '孙勇', '02', '副主任医师', '牙齿隐形矫正', '1', '专家门诊', 'SRV_001', '副主任医师挂号费', '15.00', '15.00', '0.00', '0.00', '0.00', '1,2,3,4,7,9,10,11,12,14,16,19', '主楼5层口腔科候诊区', '08:00-12:00', '请提前15分钟候诊', '0', '1', '20', '11' );
INSERT INTO doctor_schedule ( m_code, service_date, week_day, session_code, session_name, start_time, end_time,  department_code, department_name, clinic_room_code, clinic_room_name,  doctor_code, doctor_name, doctor_title_code, doctor_title, doctor_spec,  doctor_sess_type_code, doctor_sess_type, service_code, service_name,  fee, reg_fee, checkup_fee, service_fee, other_fee, available_number_str,  admit_address_string, admit_time_range, note, time_range_flag, schedule_status,  available_total_num, available_left_num ) VALUES ( 'SCH_DOC_DEPT007_1_20260320_2', '2026-03-20', '5', '2', '下午', '13:30', '17:30', 'DEPT007', '口腔科', 'ROOM_DEPT007_4', '口腔科门诊2诊室', 'DOC_DEPT007_1', '孙勇', '02', '副主任医师', '牙齿隐形矫正', '1', '专家门诊', 'SRV_001', '副主任医师挂号费', '50.00', '50.00', '0.00', '0.00', '0.00', '1,2,3,4,6,7,9,10,11,15,16,17,18,21,22,23,24,25,26,28,30,31,32,33,34,35,36', '主楼4层口腔科候诊区', '13:30-17:30', '请提前15分钟候诊', '0', '1', '36', '16' );
INSERT INTO doctor_schedule ( m_code, service_date, week_day, session_code, session_name, start_time, end_time,  department_code, department_name, clinic_room_code, clinic_room_name,  doctor_code, doctor_name, doctor_title_code, doctor_title, doctor_spec,  doctor_sess_type_code, doctor_sess_type, service_code, service_name,  fee, reg_fee, checkup_fee, service_fee, other_fee, available_number_str,  admit_address_string, admit_time_range, note, time_range_flag, schedule_status,  available_total_num, available_left_num ) VALUES ( 'SCH_DOC_DEPT007_1_20260321_2', '2026-03-21', '6', '2', '下午', '13:30', '17:30', 'DEPT007', '口腔科', 'ROOM_DEPT007_3', '口腔科门诊4诊室', 'DOC_DEPT007_1', '孙勇', '02', '副主任医师', '牙齿隐形矫正', '1', '专家门诊', 'SRV_001', '副主任医师挂号费', '20.00', '20.00', '0.00', '0.00', '0.00', '1,2,3,5,6,8,9,10,11,14,16,17,18,19,20,23,25', '主楼6层口腔科候诊区', '13:30-17:30', '请提前15分钟候诊', '0', '1', '26', '7' );
INSERT INTO doctor_schedule ( m_code, service_date, week_day, session_code, session_name, start_time, end_time,  department_code, department_name, clinic_room_code, clinic_room_name,  doctor_code, doctor_name, doctor_title_code, doctor_title, doctor_spec,  doctor_sess_type_code, doctor_sess_type, service_code, service_name,  fee, reg_fee, checkup_fee, service_fee, other_fee, available_number_str,  admit_address_string, admit_time_range, note, time_range_flag, schedule_status,  available_total_num, available_left_num ) VALUES ( 'SCH_DOC_DEPT007_1_20260322_2', '2026-03-22', '7', '2', '下午', '13:30', '17:30', 'DEPT007', '口腔科', 'ROOM_DEPT007_4', '口腔科门诊2诊室', 'DOC_DEPT007_1', '孙勇', '02', '副主任医师', '牙齿隐形矫正', '1', '专家门诊', 'SRV_001', '副主任医师挂号费', '15.00', '15.00', '0.00', '0.00', '0.00', '1,3,5,6,7,8,10,11,15,16,19,21,23,25,26,27,29,30,31,32,35,36,37', '主楼4层口腔科候诊区', '13:30-17:30', '请提前15分钟候诊', '0', '1', '37', '21' );
INSERT INTO doctor_schedule ( m_code, service_date, week_day, session_code, session_name, start_time, end_time,  department_code, department_name, clinic_room_code, clinic_room_name,  doctor_code, doctor_name, doctor_title_code, doctor_title, doctor_spec,  doctor_sess_type_code, doctor_sess_type, service_code, service_name,  fee, reg_fee, checkup_fee, service_fee, other_fee, available_number_str,  admit_address_string, admit_time_range, note, time_range_flag, schedule_status,  available_total_num, available_left_num ) VALUES ( 'SCH_DOC_DEPT007_1_20260322_1', '2026-03-22', '7', '1', '上午', '08:00', '12:00', 'DEPT007', '口腔科', 'ROOM_DEPT007_1', '口腔科门诊1诊室', 'DOC_DEPT007_1', '孙勇', '02', '副主任医师', '牙齿隐形矫正', '1', '专家门诊', 'SRV_001', '副主任医师挂号费', '15.00', '15.00', '0.00', '0.00', '0.00', '2,4,5,6,7,8,9,10,11,12,13,15,16,18,19,20,21,22,23,25,26,27,28,29,30,31', '主楼4层口腔科候诊区', '08:00-12:00', '请提前15分钟候诊', '0', '1', '31', '22' );
INSERT INTO doctor_schedule ( m_code, service_date, week_day, session_code, session_name, start_time, end_time,  department_code, department_name, clinic_room_code, clinic_room_name,  doctor_code, doctor_name, doctor_title_code, doctor_title, doctor_spec,  doctor_sess_type_code, doctor_sess_type, service_code, service_name,  fee, reg_fee, checkup_fee, service_fee, other_fee, available_number_str,  admit_address_string, admit_time_range, note, time_range_flag, schedule_status,  available_total_num, available_left_num ) VALUES ( 'SCH_DOC_DEPT007_1_20260325_2', '2026-03-25', '3', '2', '下午', '13:30', '17:30', 'DEPT007', '口腔科', 'ROOM_DEPT007_4', '口腔科门诊3诊室', 'DOC_DEPT007_1', '孙勇', '02', '副主任医师', '牙齿隐形矫正', '1', '专家门诊', 'SRV_001', '副主任医师挂号费', '20.00', '20.00', '0.00', '0.00', '0.00', '1,2,5,6,11,13,15,16,17,18,19,20', '主楼3层口腔科候诊区', '13:30-17:30', '请提前15分钟候诊', '0', '1', '20', '18' );
INSERT INTO doctor_schedule ( m_code, service_date, week_day, session_code, session_name, start_time, end_time,  department_code, department_name, clinic_room_code, clinic_room_name,  doctor_code, doctor_name, doctor_title_code, doctor_title, doctor_spec,  doctor_sess_type_code, doctor_sess_type, service_code, service_name,  fee, reg_fee, checkup_fee, service_fee, other_fee, available_number_str,  admit_address_string, admit_time_range, note, time_range_flag, schedule_status,  available_total_num, available_left_num ) VALUES ( 'SCH_DOC_DEPT007_1_20260326_2', '2026-03-26', '4', '2', '下午', '13:30', '17:30', 'DEPT007', '口腔科', 'ROOM_DEPT007_4', '口腔科门诊3诊室', 'DOC_DEPT007_1', '孙勇', '02', '副主任医师', '牙齿隐形矫正', '1', '专家门诊', 'SRV_001', '副主任医师挂号费', '50.00', '50.00', '0.00', '0.00', '0.00', '2,4,6,7,8,9,10,11,12,13,14,16,19,20,21,22,23,24,25,26,27,28,29,30,32,34,35,36,38,40', '主楼4层口腔科候诊区', '13:30-17:30', '请提前15分钟候诊', '0', '1', '40', '23' );
INSERT INTO doctor_schedule ( m_code, service_date, week_day, session_code, session_name, start_time, end_time,  department_code, department_name, clinic_room_code, clinic_room_name,  doctor_code, doctor_name, doctor_title_code, doctor_title, doctor_spec,  doctor_sess_type_code, doctor_sess_type, service_code, service_name,  fee, reg_fee, checkup_fee, service_fee, other_fee, available_number_str,  admit_address_string, admit_time_range, note, time_range_flag, schedule_status,  available_total_num, available_left_num ) VALUES ( 'SCH_DOC_DEPT007_1_20260329_1', '2026-03-29', '7', '1', '上午', '08:00', '12:00', 'DEPT007', '口腔科', 'ROOM_DEPT007_1', '口腔科门诊5诊室', 'DOC_DEPT007_1', '孙勇', '02', '副主任医师', '牙齿隐形矫正', '1', '专家门诊', 'SRV_001', '副主任医师挂号费', '15.00', '15.00', '0.00', '0.00', '0.00', '4,5,7,10,14,15,17,18,19,20,21,22,23,24,26,28,29,31', '主楼1层口腔科候诊区', '08:00-12:00', '请提前15分钟候诊', '0', '1', '32', '7' );
INSERT INTO doctor (doctor_code, doctor_name, department_code, title, specialty, doctor_des, doctor_image) VALUES ('DOC_DEPT007_2', '李静', 'DEPT007', '主任医师', '单颗/全口种植牙', '李静主任医师，从事口腔科临床工作21年，经验丰富。他擅长单颗/全口种植牙的诊疗，已成功治愈数千例相关患者。', 'doc_DOC_DEPT007_2.png');
INSERT INTO doctor_schedule ( m_code, service_date, week_day, session_code, session_name, start_time, end_time,  department_code, department_name, clinic_room_code, clinic_room_name,  doctor_code, doctor_name, doctor_title_code, doctor_title, doctor_spec,  doctor_sess_type_code, doctor_sess_type, service_code, service_name,  fee, reg_fee, checkup_fee, service_fee, other_fee, available_number_str,  admit_address_string, admit_time_range, note, time_range_flag, schedule_status,  available_total_num, available_left_num ) VALUES ( 'SCH_DOC_DEPT007_2_20260316_1', '2026-03-16', '1', '1', '上午', '08:00', '12:00', 'DEPT007', '口腔科', 'ROOM_DEPT007_5', '口腔科门诊4诊室', 'DOC_DEPT007_2', '李静', '01', '主任医师', '单颗/全口种植牙', '1', '专家门诊', 'SRV_001', '主任医师挂号费', '50.00', '50.00', '0.00', '0.00', '0.00', '1,3,4,5,8,9,13,14,15,16,17,18,19,22,23,24,25,26,29', '主楼4层口腔科候诊区', '08:00-12:00', '请提前15分钟候诊', '0', '1', '30', '15' );
INSERT INTO doctor_schedule ( m_code, service_date, week_day, session_code, session_name, start_time, end_time,  department_code, department_name, clinic_room_code, clinic_room_name,  doctor_code, doctor_name, doctor_title_code, doctor_title, doctor_spec,  doctor_sess_type_code, doctor_sess_type, service_code, service_name,  fee, reg_fee, checkup_fee, service_fee, other_fee, available_number_str,  admit_address_string, admit_time_range, note, time_range_flag, schedule_status,  available_total_num, available_left_num ) VALUES ( 'SCH_DOC_DEPT007_2_20260317_2', '2026-03-17', '2', '2', '下午', '13:30', '17:30', 'DEPT007', '口腔科', 'ROOM_DEPT007_2', '口腔科门诊4诊室', 'DOC_DEPT007_2', '李静', '01', '主任医师', '单颗/全口种植牙', '1', '专家门诊', 'SRV_001', '主任医师挂号费', '50.00', '50.00', '0.00', '0.00', '0.00', '1,3,4,5,7,8,9,11,14,15,16,17,18,19,21,22,23,25,27,28,29,31,32,34', '主楼4层口腔科候诊区', '13:30-17:30', '请提前15分钟候诊', '0', '1', '34', '13' );
INSERT INTO doctor_schedule ( m_code, service_date, week_day, session_code, session_name, start_time, end_time,  department_code, department_name, clinic_room_code, clinic_room_name,  doctor_code, doctor_name, doctor_title_code, doctor_title, doctor_spec,  doctor_sess_type_code, doctor_sess_type, service_code, service_name,  fee, reg_fee, checkup_fee, service_fee, other_fee, available_number_str,  admit_address_string, admit_time_range, note, time_range_flag, schedule_status,  available_total_num, available_left_num ) VALUES ( 'SCH_DOC_DEPT007_2_20260318_1', '2026-03-18', '3', '1', '上午', '08:00', '12:00', 'DEPT007', '口腔科', 'ROOM_DEPT007_3', '口腔科门诊3诊室', 'DOC_DEPT007_2', '李静', '01', '主任医师', '单颗/全口种植牙', '1', '专家门诊', 'SRV_001', '主任医师挂号费', '15.00', '15.00', '0.00', '0.00', '0.00', '1,2,3,4,5,6,7,8,9,10,11,12,14,15,16,19', '主楼4层口腔科候诊区', '08:00-12:00', '请提前15分钟候诊', '0', '1', '20', '6' );
INSERT INTO doctor_schedule ( m_code, service_date, week_day, session_code, session_name, start_time, end_time,  department_code, department_name, clinic_room_code, clinic_room_name,  doctor_code, doctor_name, doctor_title_code, doctor_title, doctor_spec,  doctor_sess_type_code, doctor_sess_type, service_code, service_name,  fee, reg_fee, checkup_fee, service_fee, other_fee, available_number_str,  admit_address_string, admit_time_range, note, time_range_flag, schedule_status,  available_total_num, available_left_num ) VALUES ( 'SCH_DOC_DEPT007_2_20260318_2', '2026-03-18', '3', '2', '下午', '13:30', '17:30', 'DEPT007', '口腔科', 'ROOM_DEPT007_5', '口腔科门诊5诊室', 'DOC_DEPT007_2', '李静', '01', '主任医师', '单颗/全口种植牙', '1', '专家门诊', 'SRV_001', '主任医师挂号费', '50.00', '50.00', '0.00', '0.00', '0.00', '1,2,3,4,5,6,7,8,9,10,12,13,14,16,17,18,19,20,21,22,23,25', '主楼3层口腔科候诊区', '13:30-17:30', '请提前15分钟候诊', '0', '1', '25', '15' );
INSERT INTO doctor_schedule ( m_code, service_date, week_day, session_code, session_name, start_time, end_time,  department_code, department_name, clinic_room_code, clinic_room_name,  doctor_code, doctor_name, doctor_title_code, doctor_title, doctor_spec,  doctor_sess_type_code, doctor_sess_type, service_code, service_name,  fee, reg_fee, checkup_fee, service_fee, other_fee, available_number_str,  admit_address_string, admit_time_range, note, time_range_flag, schedule_status,  available_total_num, available_left_num ) VALUES ( 'SCH_DOC_DEPT007_2_20260319_2', '2026-03-19', '4', '2', '下午', '13:30', '17:30', 'DEPT007', '口腔科', 'ROOM_DEPT007_4', '口腔科门诊3诊室', 'DOC_DEPT007_2', '李静', '01', '主任医师', '单颗/全口种植牙', '1', '专家门诊', 'SRV_001', '主任医师挂号费', '20.00', '20.00', '0.00', '0.00', '0.00', '1,4,5,6,10,11,12,13,14,15,16,18,20,21,22,23', '主楼2层口腔科候诊区', '13:30-17:30', '请提前15分钟候诊', '0', '1', '25', '24' );
INSERT INTO doctor_schedule ( m_code, service_date, week_day, session_code, session_name, start_time, end_time,  department_code, department_name, clinic_room_code, clinic_room_name,  doctor_code, doctor_name, doctor_title_code, doctor_title, doctor_spec,  doctor_sess_type_code, doctor_sess_type, service_code, service_name,  fee, reg_fee, checkup_fee, service_fee, other_fee, available_number_str,  admit_address_string, admit_time_range, note, time_range_flag, schedule_status,  available_total_num, available_left_num ) VALUES ( 'SCH_DOC_DEPT007_2_20260321_1', '2026-03-21', '6', '1', '上午', '08:00', '12:00', 'DEPT007', '口腔科', 'ROOM_DEPT007_2', '口腔科门诊4诊室', 'DOC_DEPT007_2', '李静', '01', '主任医师', '单颗/全口种植牙', '1', '专家门诊', 'SRV_001', '主任医师挂号费', '15.00', '15.00', '0.00', '0.00', '0.00', '2,3,4,5,6,9,10,11,12,13,14,16,17,18,19,20,21,22,23,24,26', '主楼6层口腔科候诊区', '08:00-12:00', '请提前15分钟候诊', '0', '1', '26', '20' );
INSERT INTO doctor_schedule ( m_code, service_date, week_day, session_code, session_name, start_time, end_time,  department_code, department_name, clinic_room_code, clinic_room_name,  doctor_code, doctor_name, doctor_title_code, doctor_title, doctor_spec,  doctor_sess_type_code, doctor_sess_type, service_code, service_name,  fee, reg_fee, checkup_fee, service_fee, other_fee, available_number_str,  admit_address_string, admit_time_range, note, time_range_flag, schedule_status,  available_total_num, available_left_num ) VALUES ( 'SCH_DOC_DEPT007_2_20260321_2', '2026-03-21', '6', '2', '下午', '13:30', '17:30', 'DEPT007', '口腔科', 'ROOM_DEPT007_4', '口腔科门诊2诊室', 'DOC_DEPT007_2', '李静', '01', '主任医师', '单颗/全口种植牙', '1', '专家门诊', 'SRV_001', '主任医师挂号费', '20.00', '20.00', '0.00', '0.00', '0.00', '1,2,4,6,7,8,9,10,11,13,15', '主楼4层口腔科候诊区', '13:30-17:30', '请提前15分钟候诊', '0', '1', '15', '12' );
INSERT INTO doctor_schedule ( m_code, service_date, week_day, session_code, session_name, start_time, end_time,  department_code, department_name, clinic_room_code, clinic_room_name,  doctor_code, doctor_name, doctor_title_code, doctor_title, doctor_spec,  doctor_sess_type_code, doctor_sess_type, service_code, service_name,  fee, reg_fee, checkup_fee, service_fee, other_fee, available_number_str,  admit_address_string, admit_time_range, note, time_range_flag, schedule_status,  available_total_num, available_left_num ) VALUES ( 'SCH_DOC_DEPT007_2_20260324_2', '2026-03-24', '2', '2', '下午', '13:30', '17:30', 'DEPT007', '口腔科', 'ROOM_DEPT007_5', '口腔科门诊4诊室', 'DOC_DEPT007_2', '李静', '01', '主任医师', '单颗/全口种植牙', '1', '专家门诊', 'SRV_001', '主任医师挂号费', '20.00', '20.00', '0.00', '0.00', '0.00', '1,2,3,4,5,6,7,9,10,11,12,13,14,15,16,17,19,20,21,22,23,25,27,29,30,31,33,35,36,37,38,39', '主楼1层口腔科候诊区', '13:30-17:30', '请提前15分钟候诊', '0', '1', '39', '38' );
INSERT INTO doctor_schedule ( m_code, service_date, week_day, session_code, session_name, start_time, end_time,  department_code, department_name, clinic_room_code, clinic_room_name,  doctor_code, doctor_name, doctor_title_code, doctor_title, doctor_spec,  doctor_sess_type_code, doctor_sess_type, service_code, service_name,  fee, reg_fee, checkup_fee, service_fee, other_fee, available_number_str,  admit_address_string, admit_time_range, note, time_range_flag, schedule_status,  available_total_num, available_left_num ) VALUES ( 'SCH_DOC_DEPT007_2_20260324_1', '2026-03-24', '2', '1', '上午', '08:00', '12:00', 'DEPT007', '口腔科', 'ROOM_DEPT007_3', '口腔科门诊2诊室', 'DOC_DEPT007_2', '李静', '01', '主任医师', '单颗/全口种植牙', '1', '专家门诊', 'SRV_001', '主任医师挂号费', '50.00', '50.00', '0.00', '0.00', '0.00', '7,8,10,11,12,13,14,15,18,19,21,22,23,25,27,28,29,30,31,32,33,34,35,36,37,38,39', '主楼6层口腔科候诊区', '08:00-12:00', '请提前15分钟候诊', '0', '1', '40', '13' );
INSERT INTO doctor_schedule ( m_code, service_date, week_day, session_code, session_name, start_time, end_time,  department_code, department_name, clinic_room_code, clinic_room_name,  doctor_code, doctor_name, doctor_title_code, doctor_title, doctor_spec,  doctor_sess_type_code, doctor_sess_type, service_code, service_name,  fee, reg_fee, checkup_fee, service_fee, other_fee, available_number_str,  admit_address_string, admit_time_range, note, time_range_flag, schedule_status,  available_total_num, available_left_num ) VALUES ( 'SCH_DOC_DEPT007_2_20260325_1', '2026-03-25', '3', '1', '上午', '08:00', '12:00', 'DEPT007', '口腔科', 'ROOM_DEPT007_2', '口腔科门诊2诊室', 'DOC_DEPT007_2', '李静', '01', '主任医师', '单颗/全口种植牙', '1', '专家门诊', 'SRV_001', '主任医师挂号费', '15.00', '15.00', '0.00', '0.00', '0.00', '2,5,9,11,12,13,17,18,19,20,22,25,28,29', '主楼1层口腔科候诊区', '08:00-12:00', '请提前15分钟候诊', '0', '1', '29', '11' );
INSERT INTO doctor_schedule ( m_code, service_date, week_day, session_code, session_name, start_time, end_time,  department_code, department_name, clinic_room_code, clinic_room_name,  doctor_code, doctor_name, doctor_title_code, doctor_title, doctor_spec,  doctor_sess_type_code, doctor_sess_type, service_code, service_name,  fee, reg_fee, checkup_fee, service_fee, other_fee, available_number_str,  admit_address_string, admit_time_range, note, time_range_flag, schedule_status,  available_total_num, available_left_num ) VALUES ( 'SCH_DOC_DEPT007_2_20260329_2', '2026-03-29', '7', '2', '下午', '13:30', '17:30', 'DEPT007', '口腔科', 'ROOM_DEPT007_4', '口腔科门诊2诊室', 'DOC_DEPT007_2', '李静', '01', '主任医师', '单颗/全口种植牙', '1', '专家门诊', 'SRV_001', '主任医师挂号费', '20.00', '20.00', '0.00', '0.00', '0.00', '1,2,3,4,8,9,10,11,12,13,16,17,18,19,20,21,25,26,27,28,31,32', '主楼4层口腔科候诊区', '13:30-17:30', '请提前15分钟候诊', '0', '1', '34', '33' );
INSERT INTO doctor_schedule ( m_code, service_date, week_day, session_code, session_name, start_time, end_time,  department_code, department_name, clinic_room_code, clinic_room_name,  doctor_code, doctor_name, doctor_title_code, doctor_title, doctor_spec,  doctor_sess_type_code, doctor_sess_type, service_code, service_name,  fee, reg_fee, checkup_fee, service_fee, other_fee, available_number_str,  admit_address_string, admit_time_range, note, time_range_flag, schedule_status,  available_total_num, available_left_num ) VALUES ( 'SCH_DOC_DEPT007_2_20260329_1', '2026-03-29', '7', '1', '上午', '08:00', '12:00', 'DEPT007', '口腔科', 'ROOM_DEPT007_5', '口腔科门诊3诊室', 'DOC_DEPT007_2', '李静', '01', '主任医师', '单颗/全口种植牙', '1', '专家门诊', 'SRV_001', '主任医师挂号费', '50.00', '50.00', '0.00', '0.00', '0.00', '1,2,3,5,6,7,8,11,12,14,15,16,18,20,21,22,23,24,25,26,27,28', '主楼4层口腔科候诊区', '08:00-12:00', '请提前15分钟候诊', '0', '1', '29', '18' );
INSERT INTO doctor (doctor_code, doctor_name, department_code, title, specialty, doctor_des, doctor_image) VALUES ('DOC_DEPT007_3', '李杰', 'DEPT007', '主治医师', '牙周病序列治疗', '李杰主治医师，从事口腔科临床工作21年，医术精湛。他长期致力于牙周病序列治疗的诊疗，已成功治愈数千例相关患者。', 'doc_DOC_DEPT007_3.png');
INSERT INTO doctor_schedule ( m_code, service_date, week_day, session_code, session_name, start_time, end_time,  department_code, department_name, clinic_room_code, clinic_room_name,  doctor_code, doctor_name, doctor_title_code, doctor_title, doctor_spec,  doctor_sess_type_code, doctor_sess_type, service_code, service_name,  fee, reg_fee, checkup_fee, service_fee, other_fee, available_number_str,  admit_address_string, admit_time_range, note, time_range_flag, schedule_status,  available_total_num, available_left_num ) VALUES ( 'SCH_DOC_DEPT007_3_20260316_1', '2026-03-16', '1', '1', '上午', '08:00', '12:00', 'DEPT007', '口腔科', 'ROOM_DEPT007_1', '口腔科门诊3诊室', 'DOC_DEPT007_3', '李杰', '03', '主治医师', '牙周病序列治疗', '1', '专家门诊', 'SRV_001', '主治医师挂号费', '15.00', '15.00', '0.00', '0.00', '0.00', '1,2,3,4,6,7,11,12,13,15,16,17,18,19,21,22,24,25', '主楼6层口腔科候诊区', '08:00-12:00', '请提前15分钟候诊', '0', '1', '25', '5' );
INSERT INTO doctor_schedule ( m_code, service_date, week_day, session_code, session_name, start_time, end_time,  department_code, department_name, clinic_room_code, clinic_room_name,  doctor_code, doctor_name, doctor_title_code, doctor_title, doctor_spec,  doctor_sess_type_code, doctor_sess_type, service_code, service_name,  fee, reg_fee, checkup_fee, service_fee, other_fee, available_number_str,  admit_address_string, admit_time_range, note, time_range_flag, schedule_status,  available_total_num, available_left_num ) VALUES ( 'SCH_DOC_DEPT007_3_20260319_1', '2026-03-19', '4', '1', '上午', '08:00', '12:00', 'DEPT007', '口腔科', 'ROOM_DEPT007_3', '口腔科门诊4诊室', 'DOC_DEPT007_3', '李杰', '03', '主治医师', '牙周病序列治疗', '1', '专家门诊', 'SRV_001', '主治医师挂号费', '50.00', '50.00', '0.00', '0.00', '0.00', '1,2,3,4,5,6,7,8,10,11,12,14,15,16,17,18,19,20,22', '主楼5层口腔科候诊区', '08:00-12:00', '请提前15分钟候诊', '0', '1', '23', '15' );
INSERT INTO doctor_schedule ( m_code, service_date, week_day, session_code, session_name, start_time, end_time,  department_code, department_name, clinic_room_code, clinic_room_name,  doctor_code, doctor_name, doctor_title_code, doctor_title, doctor_spec,  doctor_sess_type_code, doctor_sess_type, service_code, service_name,  fee, reg_fee, checkup_fee, service_fee, other_fee, available_number_str,  admit_address_string, admit_time_range, note, time_range_flag, schedule_status,  available_total_num, available_left_num ) VALUES ( 'SCH_DOC_DEPT007_3_20260319_2', '2026-03-19', '4', '2', '下午', '13:30', '17:30', 'DEPT007', '口腔科', 'ROOM_DEPT007_4', '口腔科门诊5诊室', 'DOC_DEPT007_3', '李杰', '03', '主治医师', '牙周病序列治疗', '1', '专家门诊', 'SRV_001', '主治医师挂号费', '50.00', '50.00', '0.00', '0.00', '0.00', '2,3,4,5,6,8,10,11,12,14,16,17,18,19,20,23,24,25,26,27,28,29,30,31,32,34,35,36,37,38', '主楼4层口腔科候诊区', '13:30-17:30', '请提前15分钟候诊', '0', '1', '38', '35' );
INSERT INTO doctor_schedule ( m_code, service_date, week_day, session_code, session_name, start_time, end_time,  department_code, department_name, clinic_room_code, clinic_room_name,  doctor_code, doctor_name, doctor_title_code, doctor_title, doctor_spec,  doctor_sess_type_code, doctor_sess_type, service_code, service_name,  fee, reg_fee, checkup_fee, service_fee, other_fee, available_number_str,  admit_address_string, admit_time_range, note, time_range_flag, schedule_status,  available_total_num, available_left_num ) VALUES ( 'SCH_DOC_DEPT007_3_20260320_1', '2026-03-20', '5', '1', '上午', '08:00', '12:00', 'DEPT007', '口腔科', 'ROOM_DEPT007_5', '口腔科门诊2诊室', 'DOC_DEPT007_3', '李杰', '03', '主治医师', '牙周病序列治疗', '1', '专家门诊', 'SRV_001', '主治医师挂号费', '20.00', '20.00', '0.00', '0.00', '0.00', '1,2,3,4,5,6,7,8,9,11,12,13,15,16,18', '主楼1层口腔科候诊区', '08:00-12:00', '请提前15分钟候诊', '0', '1', '19', '19' );
INSERT INTO doctor_schedule ( m_code, service_date, week_day, session_code, session_name, start_time, end_time,  department_code, department_name, clinic_room_code, clinic_room_name,  doctor_code, doctor_name, doctor_title_code, doctor_title, doctor_spec,  doctor_sess_type_code, doctor_sess_type, service_code, service_name,  fee, reg_fee, checkup_fee, service_fee, other_fee, available_number_str,  admit_address_string, admit_time_range, note, time_range_flag, schedule_status,  available_total_num, available_left_num ) VALUES ( 'SCH_DOC_DEPT007_3_20260320_2', '2026-03-20', '5', '2', '下午', '13:30', '17:30', 'DEPT007', '口腔科', 'ROOM_DEPT007_1', '口腔科门诊4诊室', 'DOC_DEPT007_3', '李杰', '03', '主治医师', '牙周病序列治疗', '1', '专家门诊', 'SRV_001', '主治医师挂号费', '20.00', '20.00', '0.00', '0.00', '0.00', '1,3,9,10,11,12,15,17,18,19,22,24,28,29,30,34,35,36,37,39,40', '主楼4层口腔科候诊区', '13:30-17:30', '请提前15分钟候诊', '0', '1', '40', '37' );
INSERT INTO doctor_schedule ( m_code, service_date, week_day, session_code, session_name, start_time, end_time,  department_code, department_name, clinic_room_code, clinic_room_name,  doctor_code, doctor_name, doctor_title_code, doctor_title, doctor_spec,  doctor_sess_type_code, doctor_sess_type, service_code, service_name,  fee, reg_fee, checkup_fee, service_fee, other_fee, available_number_str,  admit_address_string, admit_time_range, note, time_range_flag, schedule_status,  available_total_num, available_left_num ) VALUES ( 'SCH_DOC_DEPT007_3_20260322_2', '2026-03-22', '7', '2', '下午', '13:30', '17:30', 'DEPT007', '口腔科', 'ROOM_DEPT007_1', '口腔科门诊5诊室', 'DOC_DEPT007_3', '李杰', '03', '主治医师', '牙周病序列治疗', '1', '专家门诊', 'SRV_001', '主治医师挂号费', '20.00', '20.00', '0.00', '0.00', '0.00', '2,3,5,6,7,8,9,10,11,12,13,14,15,16,17,19,20,21,22,24,26,27,28,29,31,32,33,34,35,36,37,38', '主楼4层口腔科候诊区', '13:30-17:30', '请提前15分钟候诊', '0', '1', '38', '24' );
INSERT INTO doctor_schedule ( m_code, service_date, week_day, session_code, session_name, start_time, end_time,  department_code, department_name, clinic_room_code, clinic_room_name,  doctor_code, doctor_name, doctor_title_code, doctor_title, doctor_spec,  doctor_sess_type_code, doctor_sess_type, service_code, service_name,  fee, reg_fee, checkup_fee, service_fee, other_fee, available_number_str,  admit_address_string, admit_time_range, note, time_range_flag, schedule_status,  available_total_num, available_left_num ) VALUES ( 'SCH_DOC_DEPT007_3_20260322_1', '2026-03-22', '7', '1', '上午', '08:00', '12:00', 'DEPT007', '口腔科', 'ROOM_DEPT007_3', '口腔科门诊1诊室', 'DOC_DEPT007_3', '李杰', '03', '主治医师', '牙周病序列治疗', '1', '专家门诊', 'SRV_001', '主治医师挂号费', '50.00', '50.00', '0.00', '0.00', '0.00', '1,3,4,6,7,8,9,10,11,12,14,15,17,19,21,23,25,26,28,30,31', '主楼6层口腔科候诊区', '08:00-12:00', '请提前15分钟候诊', '0', '1', '31', '16' );
INSERT INTO doctor_schedule ( m_code, service_date, week_day, session_code, session_name, start_time, end_time,  department_code, department_name, clinic_room_code, clinic_room_name,  doctor_code, doctor_name, doctor_title_code, doctor_title, doctor_spec,  doctor_sess_type_code, doctor_sess_type, service_code, service_name,  fee, reg_fee, checkup_fee, service_fee, other_fee, available_number_str,  admit_address_string, admit_time_range, note, time_range_flag, schedule_status,  available_total_num, available_left_num ) VALUES ( 'SCH_DOC_DEPT007_3_20260323_2', '2026-03-23', '1', '2', '下午', '13:30', '17:30', 'DEPT007', '口腔科', 'ROOM_DEPT007_4', '口腔科门诊5诊室', 'DOC_DEPT007_3', '李杰', '03', '主治医师', '牙周病序列治疗', '1', '专家门诊', 'SRV_001', '主治医师挂号费', '20.00', '20.00', '0.00', '0.00', '0.00', '2,3,4,6,7,8,10,11,12,13,15,16,18,20,21,22,27,28,30,32,33', '主楼3层口腔科候诊区', '13:30-17:30', '请提前15分钟候诊', '0', '1', '33', '23' );
INSERT INTO doctor_schedule ( m_code, service_date, week_day, session_code, session_name, start_time, end_time,  department_code, department_name, clinic_room_code, clinic_room_name,  doctor_code, doctor_name, doctor_title_code, doctor_title, doctor_spec,  doctor_sess_type_code, doctor_sess_type, service_code, service_name,  fee, reg_fee, checkup_fee, service_fee, other_fee, available_number_str,  admit_address_string, admit_time_range, note, time_range_flag, schedule_status,  available_total_num, available_left_num ) VALUES ( 'SCH_DOC_DEPT007_3_20260324_1', '2026-03-24', '2', '1', '上午', '08:00', '12:00', 'DEPT007', '口腔科', 'ROOM_DEPT007_1', '口腔科门诊1诊室', 'DOC_DEPT007_3', '李杰', '03', '主治医师', '牙周病序列治疗', '1', '专家门诊', 'SRV_001', '主治医师挂号费', '20.00', '20.00', '0.00', '0.00', '0.00', '1,2,4,5,6,7,8,9,10,11,12,14,20,22,23,25,28,29,30,31,32,33', '主楼2层口腔科候诊区', '08:00-12:00', '请提前15分钟候诊', '0', '1', '34', '31' );
INSERT INTO doctor_schedule ( m_code, service_date, week_day, session_code, session_name, start_time, end_time,  department_code, department_name, clinic_room_code, clinic_room_name,  doctor_code, doctor_name, doctor_title_code, doctor_title, doctor_spec,  doctor_sess_type_code, doctor_sess_type, service_code, service_name,  fee, reg_fee, checkup_fee, service_fee, other_fee, available_number_str,  admit_address_string, admit_time_range, note, time_range_flag, schedule_status,  available_total_num, available_left_num ) VALUES ( 'SCH_DOC_DEPT007_3_20260324_2', '2026-03-24', '2', '2', '下午', '13:30', '17:30', 'DEPT007', '口腔科', 'ROOM_DEPT007_3', '口腔科门诊1诊室', 'DOC_DEPT007_3', '李杰', '03', '主治医师', '牙周病序列治疗', '1', '专家门诊', 'SRV_001', '主治医师挂号费', '20.00', '20.00', '0.00', '0.00', '0.00', '1,2,3,4,5,6,7,8,9,10,12,13,15,18,19', '主楼5层口腔科候诊区', '13:30-17:30', '请提前15分钟候诊', '0', '1', '19', '13' );
INSERT INTO doctor_schedule ( m_code, service_date, week_day, session_code, session_name, start_time, end_time,  department_code, department_name, clinic_room_code, clinic_room_name,  doctor_code, doctor_name, doctor_title_code, doctor_title, doctor_spec,  doctor_sess_type_code, doctor_sess_type, service_code, service_name,  fee, reg_fee, checkup_fee, service_fee, other_fee, available_number_str,  admit_address_string, admit_time_range, note, time_range_flag, schedule_status,  available_total_num, available_left_num ) VALUES ( 'SCH_DOC_DEPT007_3_20260325_2', '2026-03-25', '3', '2', '下午', '13:30', '17:30', 'DEPT007', '口腔科', 'ROOM_DEPT007_4', '口腔科门诊4诊室', 'DOC_DEPT007_3', '李杰', '03', '主治医师', '牙周病序列治疗', '1', '专家门诊', 'SRV_001', '主治医师挂号费', '50.00', '50.00', '0.00', '0.00', '0.00', '2,3,5,6,7,8,9,10,11,13,14,15,16,17,18', '主楼1层口腔科候诊区', '13:30-17:30', '请提前15分钟候诊', '0', '1', '18', '12' );
INSERT INTO doctor_schedule ( m_code, service_date, week_day, session_code, session_name, start_time, end_time,  department_code, department_name, clinic_room_code, clinic_room_name,  doctor_code, doctor_name, doctor_title_code, doctor_title, doctor_spec,  doctor_sess_type_code, doctor_sess_type, service_code, service_name,  fee, reg_fee, checkup_fee, service_fee, other_fee, available_number_str,  admit_address_string, admit_time_range, note, time_range_flag, schedule_status,  available_total_num, available_left_num ) VALUES ( 'SCH_DOC_DEPT007_3_20260325_1', '2026-03-25', '3', '1', '上午', '08:00', '12:00', 'DEPT007', '口腔科', 'ROOM_DEPT007_3', '口腔科门诊1诊室', 'DOC_DEPT007_3', '李杰', '03', '主治医师', '牙周病序列治疗', '1', '专家门诊', 'SRV_001', '主治医师挂号费', '15.00', '15.00', '0.00', '0.00', '0.00', '2,3,4,5,6,7,8,9,10,11,12,13,14,16,17,19,21,22,23,24,25,26,27,28,30,32,33,34', '主楼3层口腔科候诊区', '08:00-12:00', '请提前15分钟候诊', '0', '1', '34', '14' );
INSERT INTO doctor_schedule ( m_code, service_date, week_day, session_code, session_name, start_time, end_time,  department_code, department_name, clinic_room_code, clinic_room_name,  doctor_code, doctor_name, doctor_title_code, doctor_title, doctor_spec,  doctor_sess_type_code, doctor_sess_type, service_code, service_name,  fee, reg_fee, checkup_fee, service_fee, other_fee, available_number_str,  admit_address_string, admit_time_range, note, time_range_flag, schedule_status,  available_total_num, available_left_num ) VALUES ( 'SCH_DOC_DEPT007_3_20260327_2', '2026-03-27', '5', '2', '下午', '13:30', '17:30', 'DEPT007', '口腔科', 'ROOM_DEPT007_1', '口腔科门诊1诊室', 'DOC_DEPT007_3', '李杰', '03', '主治医师', '牙周病序列治疗', '1', '专家门诊', 'SRV_001', '主治医师挂号费', '50.00', '50.00', '0.00', '0.00', '0.00', '1,2,3,6,8,9,12,13,14,15,17,18,19', '主楼1层口腔科候诊区', '13:30-17:30', '请提前15分钟候诊', '0', '1', '20', '6' );
INSERT INTO doctor_schedule ( m_code, service_date, week_day, session_code, session_name, start_time, end_time,  department_code, department_name, clinic_room_code, clinic_room_name,  doctor_code, doctor_name, doctor_title_code, doctor_title, doctor_spec,  doctor_sess_type_code, doctor_sess_type, service_code, service_name,  fee, reg_fee, checkup_fee, service_fee, other_fee, available_number_str,  admit_address_string, admit_time_range, note, time_range_flag, schedule_status,  available_total_num, available_left_num ) VALUES ( 'SCH_DOC_DEPT007_3_20260328_2', '2026-03-28', '6', '2', '下午', '13:30', '17:30', 'DEPT007', '口腔科', 'ROOM_DEPT007_3', '口腔科门诊2诊室', 'DOC_DEPT007_3', '李杰', '03', '主治医师', '牙周病序列治疗', '1', '专家门诊', 'SRV_001', '主治医师挂号费', '20.00', '20.00', '0.00', '0.00', '0.00', '1,2,3,4,5,6,9,12,15,18,19,20,21,22,23,24,25,26', '主楼1层口腔科候诊区', '13:30-17:30', '请提前15分钟候诊', '0', '1', '26', '19' );
INSERT INTO doctor_schedule ( m_code, service_date, week_day, session_code, session_name, start_time, end_time,  department_code, department_name, clinic_room_code, clinic_room_name,  doctor_code, doctor_name, doctor_title_code, doctor_title, doctor_spec,  doctor_sess_type_code, doctor_sess_type, service_code, service_name,  fee, reg_fee, checkup_fee, service_fee, other_fee, available_number_str,  admit_address_string, admit_time_range, note, time_range_flag, schedule_status,  available_total_num, available_left_num ) VALUES ( 'SCH_DOC_DEPT007_3_20260328_1', '2026-03-28', '6', '1', '上午', '08:00', '12:00', 'DEPT007', '口腔科', 'ROOM_DEPT007_5', '口腔科门诊5诊室', 'DOC_DEPT007_3', '李杰', '03', '主治医师', '牙周病序列治疗', '1', '专家门诊', 'SRV_001', '主治医师挂号费', '50.00', '50.00', '0.00', '0.00', '0.00', '1,3,4,5,7,8,9,10,11,12,14,15,16,17,18,19,20,21,22,23,25,26', '主楼1层口腔科候诊区', '08:00-12:00', '请提前15分钟候诊', '0', '1', '28', '10' );
INSERT INTO doctor_schedule ( m_code, service_date, week_day, session_code, session_name, start_time, end_time,  department_code, department_name, clinic_room_code, clinic_room_name,  doctor_code, doctor_name, doctor_title_code, doctor_title, doctor_spec,  doctor_sess_type_code, doctor_sess_type, service_code, service_name,  fee, reg_fee, checkup_fee, service_fee, other_fee, available_number_str,  admit_address_string, admit_time_range, note, time_range_flag, schedule_status,  available_total_num, available_left_num ) VALUES ( 'SCH_DOC_DEPT007_3_20260329_1', '2026-03-29', '7', '1', '上午', '08:00', '12:00', 'DEPT007', '口腔科', 'ROOM_DEPT007_1', '口腔科门诊5诊室', 'DOC_DEPT007_3', '李杰', '03', '主治医师', '牙周病序列治疗', '1', '专家门诊', 'SRV_001', '主治医师挂号费', '20.00', '20.00', '0.00', '0.00', '0.00', '1,2,3,4,6,7,8,9,10,11,12,14,16,17,18,19,21,22,23,25,26', '主楼5层口腔科候诊区', '08:00-12:00', '请提前15分钟候诊', '0', '1', '26', '11' );
INSERT INTO doctor (doctor_code, doctor_name, department_code, title, specialty, doctor_des, doctor_image) VALUES ('DOC_DEPT007_4', '林敏', 'DEPT007', '副主任医师', '口腔黏膜排查', '林敏副主任医师，从事口腔科临床工作28年，待人亲切。他擅长口腔黏膜排查的诊疗，已成功治愈数千例相关患者。', 'doc_DOC_DEPT007_4.png');
INSERT INTO doctor_schedule ( m_code, service_date, week_day, session_code, session_name, start_time, end_time,  department_code, department_name, clinic_room_code, clinic_room_name,  doctor_code, doctor_name, doctor_title_code, doctor_title, doctor_spec,  doctor_sess_type_code, doctor_sess_type, service_code, service_name,  fee, reg_fee, checkup_fee, service_fee, other_fee, available_number_str,  admit_address_string, admit_time_range, note, time_range_flag, schedule_status,  available_total_num, available_left_num ) VALUES ( 'SCH_DOC_DEPT007_4_20260316_1', '2026-03-16', '1', '1', '上午', '08:00', '12:00', 'DEPT007', '口腔科', 'ROOM_DEPT007_1', '口腔科门诊2诊室', 'DOC_DEPT007_4', '林敏', '02', '副主任医师', '口腔黏膜排查', '1', '专家门诊', 'SRV_001', '副主任医师挂号费', '20.00', '20.00', '0.00', '0.00', '0.00', '2,5,6,8,10,11,12,13,14,15,23,25,26,28,29,30,31,33', '主楼5层口腔科候诊区', '08:00-12:00', '请提前15分钟候诊', '0', '1', '33', '24' );
INSERT INTO doctor_schedule ( m_code, service_date, week_day, session_code, session_name, start_time, end_time,  department_code, department_name, clinic_room_code, clinic_room_name,  doctor_code, doctor_name, doctor_title_code, doctor_title, doctor_spec,  doctor_sess_type_code, doctor_sess_type, service_code, service_name,  fee, reg_fee, checkup_fee, service_fee, other_fee, available_number_str,  admit_address_string, admit_time_range, note, time_range_flag, schedule_status,  available_total_num, available_left_num ) VALUES ( 'SCH_DOC_DEPT007_4_20260316_2', '2026-03-16', '1', '2', '下午', '13:30', '17:30', 'DEPT007', '口腔科', 'ROOM_DEPT007_3', '口腔科门诊5诊室', 'DOC_DEPT007_4', '林敏', '02', '副主任医师', '口腔黏膜排查', '1', '专家门诊', 'SRV_001', '副主任医师挂号费', '50.00', '50.00', '0.00', '0.00', '0.00', '2,3,4,6,8,10,12,13,14,15,18,19,20,21,22', '主楼5层口腔科候诊区', '13:30-17:30', '请提前15分钟候诊', '0', '1', '22', '17' );
INSERT INTO doctor_schedule ( m_code, service_date, week_day, session_code, session_name, start_time, end_time,  department_code, department_name, clinic_room_code, clinic_room_name,  doctor_code, doctor_name, doctor_title_code, doctor_title, doctor_spec,  doctor_sess_type_code, doctor_sess_type, service_code, service_name,  fee, reg_fee, checkup_fee, service_fee, other_fee, available_number_str,  admit_address_string, admit_time_range, note, time_range_flag, schedule_status,  available_total_num, available_left_num ) VALUES ( 'SCH_DOC_DEPT007_4_20260317_2', '2026-03-17', '2', '2', '下午', '13:30', '17:30', 'DEPT007', '口腔科', 'ROOM_DEPT007_3', '口腔科门诊2诊室', 'DOC_DEPT007_4', '林敏', '02', '副主任医师', '口腔黏膜排查', '1', '专家门诊', 'SRV_001', '副主任医师挂号费', '20.00', '20.00', '0.00', '0.00', '0.00', '1,3,4,5,6,7,8,9,11,12,13,14,15,18,19,21,23,24,26,28,29,30,31,32,35,37,38,39', '主楼2层口腔科候诊区', '13:30-17:30', '请提前15分钟候诊', '0', '1', '40', '17' );
INSERT INTO doctor_schedule ( m_code, service_date, week_day, session_code, session_name, start_time, end_time,  department_code, department_name, clinic_room_code, clinic_room_name,  doctor_code, doctor_name, doctor_title_code, doctor_title, doctor_spec,  doctor_sess_type_code, doctor_sess_type, service_code, service_name,  fee, reg_fee, checkup_fee, service_fee, other_fee, available_number_str,  admit_address_string, admit_time_range, note, time_range_flag, schedule_status,  available_total_num, available_left_num ) VALUES ( 'SCH_DOC_DEPT007_4_20260319_1', '2026-03-19', '4', '1', '上午', '08:00', '12:00', 'DEPT007', '口腔科', 'ROOM_DEPT007_5', '口腔科门诊3诊室', 'DOC_DEPT007_4', '林敏', '02', '副主任医师', '口腔黏膜排查', '1', '专家门诊', 'SRV_001', '副主任医师挂号费', '15.00', '15.00', '0.00', '0.00', '0.00', '2,3,4,5,6,7,9,10,11,13,14,15,16,17,18,19,20,24,25,27,30', '主楼5层口腔科候诊区', '08:00-12:00', '请提前15分钟候诊', '0', '1', '31', '16' );
INSERT INTO doctor_schedule ( m_code, service_date, week_day, session_code, session_name, start_time, end_time,  department_code, department_name, clinic_room_code, clinic_room_name,  doctor_code, doctor_name, doctor_title_code, doctor_title, doctor_spec,  doctor_sess_type_code, doctor_sess_type, service_code, service_name,  fee, reg_fee, checkup_fee, service_fee, other_fee, available_number_str,  admit_address_string, admit_time_range, note, time_range_flag, schedule_status,  available_total_num, available_left_num ) VALUES ( 'SCH_DOC_DEPT007_4_20260319_2', '2026-03-19', '4', '2', '下午', '13:30', '17:30', 'DEPT007', '口腔科', 'ROOM_DEPT007_5', '口腔科门诊5诊室', 'DOC_DEPT007_4', '林敏', '02', '副主任医师', '口腔黏膜排查', '1', '专家门诊', 'SRV_001', '副主任医师挂号费', '50.00', '50.00', '0.00', '0.00', '0.00', '1,2,4,5,9,12,13,14,17,18,19,20,21,22,23,24,28,29,31', '主楼1层口腔科候诊区', '13:30-17:30', '请提前15分钟候诊', '0', '1', '31', '16' );
INSERT INTO doctor_schedule ( m_code, service_date, week_day, session_code, session_name, start_time, end_time,  department_code, department_name, clinic_room_code, clinic_room_name,  doctor_code, doctor_name, doctor_title_code, doctor_title, doctor_spec,  doctor_sess_type_code, doctor_sess_type, service_code, service_name,  fee, reg_fee, checkup_fee, service_fee, other_fee, available_number_str,  admit_address_string, admit_time_range, note, time_range_flag, schedule_status,  available_total_num, available_left_num ) VALUES ( 'SCH_DOC_DEPT007_4_20260320_1', '2026-03-20', '5', '1', '上午', '08:00', '12:00', 'DEPT007', '口腔科', 'ROOM_DEPT007_2', '口腔科门诊5诊室', 'DOC_DEPT007_4', '林敏', '02', '副主任医师', '口腔黏膜排查', '1', '专家门诊', 'SRV_001', '副主任医师挂号费', '50.00', '50.00', '0.00', '0.00', '0.00', '1,3,4,9,10,11,12,13,14,15,16,18,20,22,23,24,25', '主楼1层口腔科候诊区', '08:00-12:00', '请提前15分钟候诊', '0', '1', '25', '23' );
INSERT INTO doctor_schedule ( m_code, service_date, week_day, session_code, session_name, start_time, end_time,  department_code, department_name, clinic_room_code, clinic_room_name,  doctor_code, doctor_name, doctor_title_code, doctor_title, doctor_spec,  doctor_sess_type_code, doctor_sess_type, service_code, service_name,  fee, reg_fee, checkup_fee, service_fee, other_fee, available_number_str,  admit_address_string, admit_time_range, note, time_range_flag, schedule_status,  available_total_num, available_left_num ) VALUES ( 'SCH_DOC_DEPT007_4_20260321_2', '2026-03-21', '6', '2', '下午', '13:30', '17:30', 'DEPT007', '口腔科', 'ROOM_DEPT007_5', '口腔科门诊4诊室', 'DOC_DEPT007_4', '林敏', '02', '副主任医师', '口腔黏膜排查', '1', '专家门诊', 'SRV_001', '副主任医师挂号费', '20.00', '20.00', '0.00', '0.00', '0.00', '1,2,3,5,6,7,10,11,13,16,17,18,19,20,21,22,23,24,25,26,27,29,30,33,34,35,36,37,38', '主楼3层口腔科候诊区', '13:30-17:30', '请提前15分钟候诊', '0', '1', '38', '10' );
INSERT INTO doctor_schedule ( m_code, service_date, week_day, session_code, session_name, start_time, end_time,  department_code, department_name, clinic_room_code, clinic_room_name,  doctor_code, doctor_name, doctor_title_code, doctor_title, doctor_spec,  doctor_sess_type_code, doctor_sess_type, service_code, service_name,  fee, reg_fee, checkup_fee, service_fee, other_fee, available_number_str,  admit_address_string, admit_time_range, note, time_range_flag, schedule_status,  available_total_num, available_left_num ) VALUES ( 'SCH_DOC_DEPT007_4_20260322_1', '2026-03-22', '7', '1', '上午', '08:00', '12:00', 'DEPT007', '口腔科', 'ROOM_DEPT007_3', '口腔科门诊5诊室', 'DOC_DEPT007_4', '林敏', '02', '副主任医师', '口腔黏膜排查', '1', '专家门诊', 'SRV_001', '副主任医师挂号费', '20.00', '20.00', '0.00', '0.00', '0.00', '4,5,6,7,8,10,11,12,13,14,16,17,19,20', '主楼1层口腔科候诊区', '08:00-12:00', '请提前15分钟候诊', '0', '1', '20', '13' );
INSERT INTO doctor_schedule ( m_code, service_date, week_day, session_code, session_name, start_time, end_time,  department_code, department_name, clinic_room_code, clinic_room_name,  doctor_code, doctor_name, doctor_title_code, doctor_title, doctor_spec,  doctor_sess_type_code, doctor_sess_type, service_code, service_name,  fee, reg_fee, checkup_fee, service_fee, other_fee, available_number_str,  admit_address_string, admit_time_range, note, time_range_flag, schedule_status,  available_total_num, available_left_num ) VALUES ( 'SCH_DOC_DEPT007_4_20260322_2', '2026-03-22', '7', '2', '下午', '13:30', '17:30', 'DEPT007', '口腔科', 'ROOM_DEPT007_5', '口腔科门诊3诊室', 'DOC_DEPT007_4', '林敏', '02', '副主任医师', '口腔黏膜排查', '1', '专家门诊', 'SRV_001', '副主任医师挂号费', '15.00', '15.00', '0.00', '0.00', '0.00', '1,2,4,6,8,9,10,11,12,13,14,15,16,17,18,19,20,22,24,25', '主楼3层口腔科候诊区', '13:30-17:30', '请提前15分钟候诊', '0', '1', '25', '24' );
INSERT INTO doctor_schedule ( m_code, service_date, week_day, session_code, session_name, start_time, end_time,  department_code, department_name, clinic_room_code, clinic_room_name,  doctor_code, doctor_name, doctor_title_code, doctor_title, doctor_spec,  doctor_sess_type_code, doctor_sess_type, service_code, service_name,  fee, reg_fee, checkup_fee, service_fee, other_fee, available_number_str,  admit_address_string, admit_time_range, note, time_range_flag, schedule_status,  available_total_num, available_left_num ) VALUES ( 'SCH_DOC_DEPT007_4_20260323_2', '2026-03-23', '1', '2', '下午', '13:30', '17:30', 'DEPT007', '口腔科', 'ROOM_DEPT007_4', '口腔科门诊2诊室', 'DOC_DEPT007_4', '林敏', '02', '副主任医师', '口腔黏膜排查', '1', '专家门诊', 'SRV_001', '副主任医师挂号费', '20.00', '20.00', '0.00', '0.00', '0.00', '1,5,8,12,13,14,15,18,20,21,23,24', '主楼4层口腔科候诊区', '13:30-17:30', '请提前15分钟候诊', '0', '1', '24', '22' );
INSERT INTO doctor_schedule ( m_code, service_date, week_day, session_code, session_name, start_time, end_time,  department_code, department_name, clinic_room_code, clinic_room_name,  doctor_code, doctor_name, doctor_title_code, doctor_title, doctor_spec,  doctor_sess_type_code, doctor_sess_type, service_code, service_name,  fee, reg_fee, checkup_fee, service_fee, other_fee, available_number_str,  admit_address_string, admit_time_range, note, time_range_flag, schedule_status,  available_total_num, available_left_num ) VALUES ( 'SCH_DOC_DEPT007_4_20260324_1', '2026-03-24', '2', '1', '上午', '08:00', '12:00', 'DEPT007', '口腔科', 'ROOM_DEPT007_4', '口腔科门诊2诊室', 'DOC_DEPT007_4', '林敏', '02', '副主任医师', '口腔黏膜排查', '1', '专家门诊', 'SRV_001', '副主任医师挂号费', '50.00', '50.00', '0.00', '0.00', '0.00', '1,2,3,4,5,6,7,10,11,12,13,14,15,16,17', '主楼3层口腔科候诊区', '08:00-12:00', '请提前15分钟候诊', '0', '1', '17', '11' );
INSERT INTO doctor_schedule ( m_code, service_date, week_day, session_code, session_name, start_time, end_time,  department_code, department_name, clinic_room_code, clinic_room_name,  doctor_code, doctor_name, doctor_title_code, doctor_title, doctor_spec,  doctor_sess_type_code, doctor_sess_type, service_code, service_name,  fee, reg_fee, checkup_fee, service_fee, other_fee, available_number_str,  admit_address_string, admit_time_range, note, time_range_flag, schedule_status,  available_total_num, available_left_num ) VALUES ( 'SCH_DOC_DEPT007_4_20260324_2', '2026-03-24', '2', '2', '下午', '13:30', '17:30', 'DEPT007', '口腔科', 'ROOM_DEPT007_4', '口腔科门诊1诊室', 'DOC_DEPT007_4', '林敏', '02', '副主任医师', '口腔黏膜排查', '1', '专家门诊', 'SRV_001', '副主任医师挂号费', '15.00', '15.00', '0.00', '0.00', '0.00', '1,3,4,5,6,7,10,11,13,16,17,19', '主楼6层口腔科候诊区', '13:30-17:30', '请提前15分钟候诊', '0', '1', '19', '10' );
INSERT INTO doctor_schedule ( m_code, service_date, week_day, session_code, session_name, start_time, end_time,  department_code, department_name, clinic_room_code, clinic_room_name,  doctor_code, doctor_name, doctor_title_code, doctor_title, doctor_spec,  doctor_sess_type_code, doctor_sess_type, service_code, service_name,  fee, reg_fee, checkup_fee, service_fee, other_fee, available_number_str,  admit_address_string, admit_time_range, note, time_range_flag, schedule_status,  available_total_num, available_left_num ) VALUES ( 'SCH_DOC_DEPT007_4_20260325_1', '2026-03-25', '3', '1', '上午', '08:00', '12:00', 'DEPT007', '口腔科', 'ROOM_DEPT007_2', '口腔科门诊4诊室', 'DOC_DEPT007_4', '林敏', '02', '副主任医师', '口腔黏膜排查', '1', '专家门诊', 'SRV_001', '副主任医师挂号费', '15.00', '15.00', '0.00', '0.00', '0.00', '1,2,3,5,8,9,10,11,12,13,14,15,17,18,21,22,23,24,25,26,27,28,30,31,32,33,34', '主楼2层口腔科候诊区', '08:00-12:00', '请提前15分钟候诊', '0', '1', '34', '24' );
INSERT INTO doctor_schedule ( m_code, service_date, week_day, session_code, session_name, start_time, end_time,  department_code, department_name, clinic_room_code, clinic_room_name,  doctor_code, doctor_name, doctor_title_code, doctor_title, doctor_spec,  doctor_sess_type_code, doctor_sess_type, service_code, service_name,  fee, reg_fee, checkup_fee, service_fee, other_fee, available_number_str,  admit_address_string, admit_time_range, note, time_range_flag, schedule_status,  available_total_num, available_left_num ) VALUES ( 'SCH_DOC_DEPT007_4_20260326_2', '2026-03-26', '4', '2', '下午', '13:30', '17:30', 'DEPT007', '口腔科', 'ROOM_DEPT007_5', '口腔科门诊5诊室', 'DOC_DEPT007_4', '林敏', '02', '副主任医师', '口腔黏膜排查', '1', '专家门诊', 'SRV_001', '副主任医师挂号费', '20.00', '20.00', '0.00', '0.00', '0.00', '1,2,3,4,5,6,9,10,11,12,13,15,17,19,21', '主楼3层口腔科候诊区', '13:30-17:30', '请提前15分钟候诊', '0', '1', '21', '10' );
INSERT INTO doctor_schedule ( m_code, service_date, week_day, session_code, session_name, start_time, end_time,  department_code, department_name, clinic_room_code, clinic_room_name,  doctor_code, doctor_name, doctor_title_code, doctor_title, doctor_spec,  doctor_sess_type_code, doctor_sess_type, service_code, service_name,  fee, reg_fee, checkup_fee, service_fee, other_fee, available_number_str,  admit_address_string, admit_time_range, note, time_range_flag, schedule_status,  available_total_num, available_left_num ) VALUES ( 'SCH_DOC_DEPT007_4_20260326_1', '2026-03-26', '4', '1', '上午', '08:00', '12:00', 'DEPT007', '口腔科', 'ROOM_DEPT007_2', '口腔科门诊5诊室', 'DOC_DEPT007_4', '林敏', '02', '副主任医师', '口腔黏膜排查', '1', '专家门诊', 'SRV_001', '副主任医师挂号费', '15.00', '15.00', '0.00', '0.00', '0.00', '1,2,4,5,6,7,8,9,11,12,13,14,15,16,20,22,23,24,25,26', '主楼3层口腔科候诊区', '08:00-12:00', '请提前15分钟候诊', '0', '1', '28', '9' );
INSERT INTO doctor_schedule ( m_code, service_date, week_day, session_code, session_name, start_time, end_time,  department_code, department_name, clinic_room_code, clinic_room_name,  doctor_code, doctor_name, doctor_title_code, doctor_title, doctor_spec,  doctor_sess_type_code, doctor_sess_type, service_code, service_name,  fee, reg_fee, checkup_fee, service_fee, other_fee, available_number_str,  admit_address_string, admit_time_range, note, time_range_flag, schedule_status,  available_total_num, available_left_num ) VALUES ( 'SCH_DOC_DEPT007_4_20260327_1', '2026-03-27', '5', '1', '上午', '08:00', '12:00', 'DEPT007', '口腔科', 'ROOM_DEPT007_2', '口腔科门诊3诊室', 'DOC_DEPT007_4', '林敏', '02', '副主任医师', '口腔黏膜排查', '1', '专家门诊', 'SRV_001', '副主任医师挂号费', '50.00', '50.00', '0.00', '0.00', '0.00', '1,3,4,6,7,10,12,13,14,15,18,19,20,21', '主楼6层口腔科候诊区', '08:00-12:00', '请提前15分钟候诊', '0', '1', '21', '14' );
INSERT INTO doctor_schedule ( m_code, service_date, week_day, session_code, session_name, start_time, end_time,  department_code, department_name, clinic_room_code, clinic_room_name,  doctor_code, doctor_name, doctor_title_code, doctor_title, doctor_spec,  doctor_sess_type_code, doctor_sess_type, service_code, service_name,  fee, reg_fee, checkup_fee, service_fee, other_fee, available_number_str,  admit_address_string, admit_time_range, note, time_range_flag, schedule_status,  available_total_num, available_left_num ) VALUES ( 'SCH_DOC_DEPT007_4_20260328_2', '2026-03-28', '6', '2', '下午', '13:30', '17:30', 'DEPT007', '口腔科', 'ROOM_DEPT007_3', '口腔科门诊2诊室', 'DOC_DEPT007_4', '林敏', '02', '副主任医师', '口腔黏膜排查', '1', '专家门诊', 'SRV_001', '副主任医师挂号费', '15.00', '15.00', '0.00', '0.00', '0.00', '5,6,7,8,9,10,11,16,17,18', '主楼1层口腔科候诊区', '13:30-17:30', '请提前15分钟候诊', '0', '1', '18', '17' );
INSERT INTO doctor_schedule ( m_code, service_date, week_day, session_code, session_name, start_time, end_time,  department_code, department_name, clinic_room_code, clinic_room_name,  doctor_code, doctor_name, doctor_title_code, doctor_title, doctor_spec,  doctor_sess_type_code, doctor_sess_type, service_code, service_name,  fee, reg_fee, checkup_fee, service_fee, other_fee, available_number_str,  admit_address_string, admit_time_range, note, time_range_flag, schedule_status,  available_total_num, available_left_num ) VALUES ( 'SCH_DOC_DEPT007_4_20260328_1', '2026-03-28', '6', '1', '上午', '08:00', '12:00', 'DEPT007', '口腔科', 'ROOM_DEPT007_1', '口腔科门诊5诊室', 'DOC_DEPT007_4', '林敏', '02', '副主任医师', '口腔黏膜排查', '1', '专家门诊', 'SRV_001', '副主任医师挂号费', '50.00', '50.00', '0.00', '0.00', '0.00', '1,2,3,5,7,8,9,10,11,14,15,16,17,19,20,22,23,24,25,26,28,29', '主楼2层口腔科候诊区', '08:00-12:00', '请提前15分钟候诊', '0', '1', '29', '15' );
INSERT INTO doctor_schedule ( m_code, service_date, week_day, session_code, session_name, start_time, end_time,  department_code, department_name, clinic_room_code, clinic_room_name,  doctor_code, doctor_name, doctor_title_code, doctor_title, doctor_spec,  doctor_sess_type_code, doctor_sess_type, service_code, service_name,  fee, reg_fee, checkup_fee, service_fee, other_fee, available_number_str,  admit_address_string, admit_time_range, note, time_range_flag, schedule_status,  available_total_num, available_left_num ) VALUES ( 'SCH_DOC_DEPT007_4_20260329_2', '2026-03-29', '7', '2', '下午', '13:30', '17:30', 'DEPT007', '口腔科', 'ROOM_DEPT007_2', '口腔科门诊1诊室', 'DOC_DEPT007_4', '林敏', '02', '副主任医师', '口腔黏膜排查', '1', '专家门诊', 'SRV_001', '副主任医师挂号费', '50.00', '50.00', '0.00', '0.00', '0.00', '1,3,4,6,7,8,9,12,13,14,15,20,21,22,24,25,27,28', '主楼5层口腔科候诊区', '13:30-17:30', '请提前15分钟候诊', '0', '1', '28', '7' );
INSERT INTO doctor (doctor_code, doctor_name, department_code, title, specialty, doctor_des, doctor_image) VALUES ('DOC_DEPT007_5', '王超', 'DEPT007', '主治医师', '儿童齿科保护', '王超主治医师，从事口腔科临床工作27年，待人亲切。他专注于儿童齿科保护的诊疗，已成功治愈数千例相关患者。', 'doc_DOC_DEPT007_5.png');
INSERT INTO doctor_schedule ( m_code, service_date, week_day, session_code, session_name, start_time, end_time,  department_code, department_name, clinic_room_code, clinic_room_name,  doctor_code, doctor_name, doctor_title_code, doctor_title, doctor_spec,  doctor_sess_type_code, doctor_sess_type, service_code, service_name,  fee, reg_fee, checkup_fee, service_fee, other_fee, available_number_str,  admit_address_string, admit_time_range, note, time_range_flag, schedule_status,  available_total_num, available_left_num ) VALUES ( 'SCH_DOC_DEPT007_5_20260316_2', '2026-03-16', '1', '2', '下午', '13:30', '17:30', 'DEPT007', '口腔科', 'ROOM_DEPT007_5', '口腔科门诊3诊室', 'DOC_DEPT007_5', '王超', '03', '主治医师', '儿童齿科保护', '1', '专家门诊', 'SRV_001', '主治医师挂号费', '20.00', '20.00', '0.00', '0.00', '0.00', '1,2,4,6,8,10,12,13,16,18,19,20', '主楼3层口腔科候诊区', '13:30-17:30', '请提前15分钟候诊', '0', '1', '21', '18' );
INSERT INTO doctor_schedule ( m_code, service_date, week_day, session_code, session_name, start_time, end_time,  department_code, department_name, clinic_room_code, clinic_room_name,  doctor_code, doctor_name, doctor_title_code, doctor_title, doctor_spec,  doctor_sess_type_code, doctor_sess_type, service_code, service_name,  fee, reg_fee, checkup_fee, service_fee, other_fee, available_number_str,  admit_address_string, admit_time_range, note, time_range_flag, schedule_status,  available_total_num, available_left_num ) VALUES ( 'SCH_DOC_DEPT007_5_20260317_1', '2026-03-17', '2', '1', '上午', '08:00', '12:00', 'DEPT007', '口腔科', 'ROOM_DEPT007_3', '口腔科门诊3诊室', 'DOC_DEPT007_5', '王超', '03', '主治医师', '儿童齿科保护', '1', '专家门诊', 'SRV_001', '主治医师挂号费', '50.00', '50.00', '0.00', '0.00', '0.00', '1,2,3,4,5,7,8,10,11,12,15,16,21,22', '主楼5层口腔科候诊区', '08:00-12:00', '请提前15分钟候诊', '0', '1', '22', '17' );
INSERT INTO doctor_schedule ( m_code, service_date, week_day, session_code, session_name, start_time, end_time,  department_code, department_name, clinic_room_code, clinic_room_name,  doctor_code, doctor_name, doctor_title_code, doctor_title, doctor_spec,  doctor_sess_type_code, doctor_sess_type, service_code, service_name,  fee, reg_fee, checkup_fee, service_fee, other_fee, available_number_str,  admit_address_string, admit_time_range, note, time_range_flag, schedule_status,  available_total_num, available_left_num ) VALUES ( 'SCH_DOC_DEPT007_5_20260319_1', '2026-03-19', '4', '1', '上午', '08:00', '12:00', 'DEPT007', '口腔科', 'ROOM_DEPT007_3', '口腔科门诊4诊室', 'DOC_DEPT007_5', '王超', '03', '主治医师', '儿童齿科保护', '1', '专家门诊', 'SRV_001', '主治医师挂号费', '15.00', '15.00', '0.00', '0.00', '0.00', '1,2,3,4,5,7,8,9,12,13,14,16,17,18', '主楼1层口腔科候诊区', '08:00-12:00', '请提前15分钟候诊', '0', '1', '18', '17' );
INSERT INTO doctor_schedule ( m_code, service_date, week_day, session_code, session_name, start_time, end_time,  department_code, department_name, clinic_room_code, clinic_room_name,  doctor_code, doctor_name, doctor_title_code, doctor_title, doctor_spec,  doctor_sess_type_code, doctor_sess_type, service_code, service_name,  fee, reg_fee, checkup_fee, service_fee, other_fee, available_number_str,  admit_address_string, admit_time_range, note, time_range_flag, schedule_status,  available_total_num, available_left_num ) VALUES ( 'SCH_DOC_DEPT007_5_20260320_2', '2026-03-20', '5', '2', '下午', '13:30', '17:30', 'DEPT007', '口腔科', 'ROOM_DEPT007_1', '口腔科门诊5诊室', 'DOC_DEPT007_5', '王超', '03', '主治医师', '儿童齿科保护', '1', '专家门诊', 'SRV_001', '主治医师挂号费', '20.00', '20.00', '0.00', '0.00', '0.00', '1,2,3,4,5,6,7,8,9,10,11,13,14,15,17,18,19,20,22,23,24,27,28,29,30,32,33,34', '主楼5层口腔科候诊区', '13:30-17:30', '请提前15分钟候诊', '0', '1', '34', '16' );
INSERT INTO doctor_schedule ( m_code, service_date, week_day, session_code, session_name, start_time, end_time,  department_code, department_name, clinic_room_code, clinic_room_name,  doctor_code, doctor_name, doctor_title_code, doctor_title, doctor_spec,  doctor_sess_type_code, doctor_sess_type, service_code, service_name,  fee, reg_fee, checkup_fee, service_fee, other_fee, available_number_str,  admit_address_string, admit_time_range, note, time_range_flag, schedule_status,  available_total_num, available_left_num ) VALUES ( 'SCH_DOC_DEPT007_5_20260320_1', '2026-03-20', '5', '1', '上午', '08:00', '12:00', 'DEPT007', '口腔科', 'ROOM_DEPT007_4', '口腔科门诊2诊室', 'DOC_DEPT007_5', '王超', '03', '主治医师', '儿童齿科保护', '1', '专家门诊', 'SRV_001', '主治医师挂号费', '20.00', '20.00', '0.00', '0.00', '0.00', '1,3,4,5,6,7,8,10,11,12,13,16,17,18,19,20,22,24,25,27,28', '主楼2层口腔科候诊区', '08:00-12:00', '请提前15分钟候诊', '0', '1', '28', '15' );
INSERT INTO doctor_schedule ( m_code, service_date, week_day, session_code, session_name, start_time, end_time,  department_code, department_name, clinic_room_code, clinic_room_name,  doctor_code, doctor_name, doctor_title_code, doctor_title, doctor_spec,  doctor_sess_type_code, doctor_sess_type, service_code, service_name,  fee, reg_fee, checkup_fee, service_fee, other_fee, available_number_str,  admit_address_string, admit_time_range, note, time_range_flag, schedule_status,  available_total_num, available_left_num ) VALUES ( 'SCH_DOC_DEPT007_5_20260321_1', '2026-03-21', '6', '1', '上午', '08:00', '12:00', 'DEPT007', '口腔科', 'ROOM_DEPT007_4', '口腔科门诊4诊室', 'DOC_DEPT007_5', '王超', '03', '主治医师', '儿童齿科保护', '1', '专家门诊', 'SRV_001', '主治医师挂号费', '50.00', '50.00', '0.00', '0.00', '0.00', '2,3,4,5,6,8,10,11,12,14,15,16,17,18,19,20,22,23,24,25,27,29,31,32,33,34,35,36,37', '主楼2层口腔科候诊区', '08:00-12:00', '请提前15分钟候诊', '0', '1', '37', '14' );
INSERT INTO doctor_schedule ( m_code, service_date, week_day, session_code, session_name, start_time, end_time,  department_code, department_name, clinic_room_code, clinic_room_name,  doctor_code, doctor_name, doctor_title_code, doctor_title, doctor_spec,  doctor_sess_type_code, doctor_sess_type, service_code, service_name,  fee, reg_fee, checkup_fee, service_fee, other_fee, available_number_str,  admit_address_string, admit_time_range, note, time_range_flag, schedule_status,  available_total_num, available_left_num ) VALUES ( 'SCH_DOC_DEPT007_5_20260321_2', '2026-03-21', '6', '2', '下午', '13:30', '17:30', 'DEPT007', '口腔科', 'ROOM_DEPT007_4', '口腔科门诊2诊室', 'DOC_DEPT007_5', '王超', '03', '主治医师', '儿童齿科保护', '1', '专家门诊', 'SRV_001', '主治医师挂号费', '15.00', '15.00', '0.00', '0.00', '0.00', '2,4,5,6,7,9,10,11,13,15,16,17,19', '主楼2层口腔科候诊区', '13:30-17:30', '请提前15分钟候诊', '0', '1', '19', '17' );
INSERT INTO doctor_schedule ( m_code, service_date, week_day, session_code, session_name, start_time, end_time,  department_code, department_name, clinic_room_code, clinic_room_name,  doctor_code, doctor_name, doctor_title_code, doctor_title, doctor_spec,  doctor_sess_type_code, doctor_sess_type, service_code, service_name,  fee, reg_fee, checkup_fee, service_fee, other_fee, available_number_str,  admit_address_string, admit_time_range, note, time_range_flag, schedule_status,  available_total_num, available_left_num ) VALUES ( 'SCH_DOC_DEPT007_5_20260323_1', '2026-03-23', '1', '1', '上午', '08:00', '12:00', 'DEPT007', '口腔科', 'ROOM_DEPT007_2', '口腔科门诊4诊室', 'DOC_DEPT007_5', '王超', '03', '主治医师', '儿童齿科保护', '1', '专家门诊', 'SRV_001', '主治医师挂号费', '20.00', '20.00', '0.00', '0.00', '0.00', '1,3,4,5,6,8,10,14,15,16,17,18,19,20,24,26,27,28,30,31,32,33', '主楼5层口腔科候诊区', '08:00-12:00', '请提前15分钟候诊', '0', '1', '34', '11' );
INSERT INTO doctor_schedule ( m_code, service_date, week_day, session_code, session_name, start_time, end_time,  department_code, department_name, clinic_room_code, clinic_room_name,  doctor_code, doctor_name, doctor_title_code, doctor_title, doctor_spec,  doctor_sess_type_code, doctor_sess_type, service_code, service_name,  fee, reg_fee, checkup_fee, service_fee, other_fee, available_number_str,  admit_address_string, admit_time_range, note, time_range_flag, schedule_status,  available_total_num, available_left_num ) VALUES ( 'SCH_DOC_DEPT007_5_20260324_1', '2026-03-24', '2', '1', '上午', '08:00', '12:00', 'DEPT007', '口腔科', 'ROOM_DEPT007_4', '口腔科门诊2诊室', 'DOC_DEPT007_5', '王超', '03', '主治医师', '儿童齿科保护', '1', '专家门诊', 'SRV_001', '主治医师挂号费', '50.00', '50.00', '0.00', '0.00', '0.00', '2,4,6,7,8,11,13,15,16,17', '主楼1层口腔科候诊区', '08:00-12:00', '请提前15分钟候诊', '0', '1', '17', '5' );
INSERT INTO doctor_schedule ( m_code, service_date, week_day, session_code, session_name, start_time, end_time,  department_code, department_name, clinic_room_code, clinic_room_name,  doctor_code, doctor_name, doctor_title_code, doctor_title, doctor_spec,  doctor_sess_type_code, doctor_sess_type, service_code, service_name,  fee, reg_fee, checkup_fee, service_fee, other_fee, available_number_str,  admit_address_string, admit_time_range, note, time_range_flag, schedule_status,  available_total_num, available_left_num ) VALUES ( 'SCH_DOC_DEPT007_5_20260325_2', '2026-03-25', '3', '2', '下午', '13:30', '17:30', 'DEPT007', '口腔科', 'ROOM_DEPT007_2', '口腔科门诊1诊室', 'DOC_DEPT007_5', '王超', '03', '主治医师', '儿童齿科保护', '1', '专家门诊', 'SRV_001', '主治医师挂号费', '20.00', '20.00', '0.00', '0.00', '0.00', '2,3,4,5,6,8,11,12,13,14,15,17,18,19,20,21,24,26,27,28,29,30,32,33,35,36', '主楼3层口腔科候诊区', '13:30-17:30', '请提前15分钟候诊', '0', '1', '36', '35' );
INSERT INTO doctor_schedule ( m_code, service_date, week_day, session_code, session_name, start_time, end_time,  department_code, department_name, clinic_room_code, clinic_room_name,  doctor_code, doctor_name, doctor_title_code, doctor_title, doctor_spec,  doctor_sess_type_code, doctor_sess_type, service_code, service_name,  fee, reg_fee, checkup_fee, service_fee, other_fee, available_number_str,  admit_address_string, admit_time_range, note, time_range_flag, schedule_status,  available_total_num, available_left_num ) VALUES ( 'SCH_DOC_DEPT007_5_20260325_1', '2026-03-25', '3', '1', '上午', '08:00', '12:00', 'DEPT007', '口腔科', 'ROOM_DEPT007_3', '口腔科门诊2诊室', 'DOC_DEPT007_5', '王超', '03', '主治医师', '儿童齿科保护', '1', '专家门诊', 'SRV_001', '主治医师挂号费', '50.00', '50.00', '0.00', '0.00', '0.00', '1,2,3,5,6,7,8,9,11,12,13,14,15', '主楼4层口腔科候诊区', '08:00-12:00', '请提前15分钟候诊', '0', '1', '15', '4' );
INSERT INTO doctor_schedule ( m_code, service_date, week_day, session_code, session_name, start_time, end_time,  department_code, department_name, clinic_room_code, clinic_room_name,  doctor_code, doctor_name, doctor_title_code, doctor_title, doctor_spec,  doctor_sess_type_code, doctor_sess_type, service_code, service_name,  fee, reg_fee, checkup_fee, service_fee, other_fee, available_number_str,  admit_address_string, admit_time_range, note, time_range_flag, schedule_status,  available_total_num, available_left_num ) VALUES ( 'SCH_DOC_DEPT007_5_20260326_2', '2026-03-26', '4', '2', '下午', '13:30', '17:30', 'DEPT007', '口腔科', 'ROOM_DEPT007_4', '口腔科门诊4诊室', 'DOC_DEPT007_5', '王超', '03', '主治医师', '儿童齿科保护', '1', '专家门诊', 'SRV_001', '主治医师挂号费', '50.00', '50.00', '0.00', '0.00', '0.00', '1,2,3,5,6,8,9,10,11,12,13,14,15,16,18,19,20,21,22,25,26,28,29,30,31,32,33,35,37', '主楼6层口腔科候诊区', '13:30-17:30', '请提前15分钟候诊', '0', '1', '37', '37' );
INSERT INTO doctor (doctor_code, doctor_name, department_code, title, specialty, doctor_des, doctor_image) VALUES ('DOC_DEPT008_1', '何伟', 'DEPT008', '主治医师', '银屑病管理', '何伟主治医师，从事皮肤科临床工作18年，医术精湛。她长期致力于银屑病管理的诊疗，已成功治愈数千例相关患者。', 'doc_DOC_DEPT008_1.png');
INSERT INTO doctor_schedule ( m_code, service_date, week_day, session_code, session_name, start_time, end_time,  department_code, department_name, clinic_room_code, clinic_room_name,  doctor_code, doctor_name, doctor_title_code, doctor_title, doctor_spec,  doctor_sess_type_code, doctor_sess_type, service_code, service_name,  fee, reg_fee, checkup_fee, service_fee, other_fee, available_number_str,  admit_address_string, admit_time_range, note, time_range_flag, schedule_status,  available_total_num, available_left_num ) VALUES ( 'SCH_DOC_DEPT008_1_20260316_2', '2026-03-16', '1', '2', '下午', '13:30', '17:30', 'DEPT008', '皮肤科', 'ROOM_DEPT008_1', '皮肤科门诊1诊室', 'DOC_DEPT008_1', '何伟', '03', '主治医师', '银屑病管理', '1', '专家门诊', 'SRV_001', '主治医师挂号费', '50.00', '50.00', '0.00', '0.00', '0.00', '1,2,3,4,5,6,7,8,9,10,11,12,13,14,15,16,17,20,21,22,23,24,26,32,33,37', '主楼6层皮肤科候诊区', '13:30-17:30', '请提前15分钟候诊', '0', '1', '37', '24' );
INSERT INTO doctor_schedule ( m_code, service_date, week_day, session_code, session_name, start_time, end_time,  department_code, department_name, clinic_room_code, clinic_room_name,  doctor_code, doctor_name, doctor_title_code, doctor_title, doctor_spec,  doctor_sess_type_code, doctor_sess_type, service_code, service_name,  fee, reg_fee, checkup_fee, service_fee, other_fee, available_number_str,  admit_address_string, admit_time_range, note, time_range_flag, schedule_status,  available_total_num, available_left_num ) VALUES ( 'SCH_DOC_DEPT008_1_20260316_1', '2026-03-16', '1', '1', '上午', '08:00', '12:00', 'DEPT008', '皮肤科', 'ROOM_DEPT008_5', '皮肤科门诊2诊室', 'DOC_DEPT008_1', '何伟', '03', '主治医师', '银屑病管理', '1', '专家门诊', 'SRV_001', '主治医师挂号费', '20.00', '20.00', '0.00', '0.00', '0.00', '1,2,5,6,7,8,9,10,11,12,14,15,16,17,18,19,21,22,24,25,26,27,28,29,30,31,34,35', '主楼4层皮肤科候诊区', '08:00-12:00', '请提前15分钟候诊', '0', '1', '35', '26' );
INSERT INTO doctor_schedule ( m_code, service_date, week_day, session_code, session_name, start_time, end_time,  department_code, department_name, clinic_room_code, clinic_room_name,  doctor_code, doctor_name, doctor_title_code, doctor_title, doctor_spec,  doctor_sess_type_code, doctor_sess_type, service_code, service_name,  fee, reg_fee, checkup_fee, service_fee, other_fee, available_number_str,  admit_address_string, admit_time_range, note, time_range_flag, schedule_status,  available_total_num, available_left_num ) VALUES ( 'SCH_DOC_DEPT008_1_20260318_2', '2026-03-18', '3', '2', '下午', '13:30', '17:30', 'DEPT008', '皮肤科', 'ROOM_DEPT008_3', '皮肤科门诊1诊室', 'DOC_DEPT008_1', '何伟', '03', '主治医师', '银屑病管理', '1', '专家门诊', 'SRV_001', '主治医师挂号费', '50.00', '50.00', '0.00', '0.00', '0.00', '1,2,3,4,6,7,8,10,11,13,15,16,17', '主楼3层皮肤科候诊区', '13:30-17:30', '请提前15分钟候诊', '0', '1', '17', '7' );
INSERT INTO doctor_schedule ( m_code, service_date, week_day, session_code, session_name, start_time, end_time,  department_code, department_name, clinic_room_code, clinic_room_name,  doctor_code, doctor_name, doctor_title_code, doctor_title, doctor_spec,  doctor_sess_type_code, doctor_sess_type, service_code, service_name,  fee, reg_fee, checkup_fee, service_fee, other_fee, available_number_str,  admit_address_string, admit_time_range, note, time_range_flag, schedule_status,  available_total_num, available_left_num ) VALUES ( 'SCH_DOC_DEPT008_1_20260319_1', '2026-03-19', '4', '1', '上午', '08:00', '12:00', 'DEPT008', '皮肤科', 'ROOM_DEPT008_3', '皮肤科门诊5诊室', 'DOC_DEPT008_1', '何伟', '03', '主治医师', '银屑病管理', '1', '专家门诊', 'SRV_001', '主治医师挂号费', '20.00', '20.00', '0.00', '0.00', '0.00', '2,3,6,8,11,12,15,16,18,19,20,21,22,23,24,25,26,27', '主楼1层皮肤科候诊区', '08:00-12:00', '请提前15分钟候诊', '0', '1', '27', '19' );
INSERT INTO doctor_schedule ( m_code, service_date, week_day, session_code, session_name, start_time, end_time,  department_code, department_name, clinic_room_code, clinic_room_name,  doctor_code, doctor_name, doctor_title_code, doctor_title, doctor_spec,  doctor_sess_type_code, doctor_sess_type, service_code, service_name,  fee, reg_fee, checkup_fee, service_fee, other_fee, available_number_str,  admit_address_string, admit_time_range, note, time_range_flag, schedule_status,  available_total_num, available_left_num ) VALUES ( 'SCH_DOC_DEPT008_1_20260319_2', '2026-03-19', '4', '2', '下午', '13:30', '17:30', 'DEPT008', '皮肤科', 'ROOM_DEPT008_4', '皮肤科门诊5诊室', 'DOC_DEPT008_1', '何伟', '03', '主治医师', '银屑病管理', '1', '专家门诊', 'SRV_001', '主治医师挂号费', '20.00', '20.00', '0.00', '0.00', '0.00', '2,3,4,5,7,8,12,14,16,17,18,19,20,21,23,25,26', '主楼3层皮肤科候诊区', '13:30-17:30', '请提前15分钟候诊', '0', '1', '26', '7' );
INSERT INTO doctor_schedule ( m_code, service_date, week_day, session_code, session_name, start_time, end_time,  department_code, department_name, clinic_room_code, clinic_room_name,  doctor_code, doctor_name, doctor_title_code, doctor_title, doctor_spec,  doctor_sess_type_code, doctor_sess_type, service_code, service_name,  fee, reg_fee, checkup_fee, service_fee, other_fee, available_number_str,  admit_address_string, admit_time_range, note, time_range_flag, schedule_status,  available_total_num, available_left_num ) VALUES ( 'SCH_DOC_DEPT008_1_20260320_2', '2026-03-20', '5', '2', '下午', '13:30', '17:30', 'DEPT008', '皮肤科', 'ROOM_DEPT008_4', '皮肤科门诊2诊室', 'DOC_DEPT008_1', '何伟', '03', '主治医师', '银屑病管理', '1', '专家门诊', 'SRV_001', '主治医师挂号费', '15.00', '15.00', '0.00', '0.00', '0.00', '1,2,3,4,7,9,10,11,12,14,15', '主楼4层皮肤科候诊区', '13:30-17:30', '请提前15分钟候诊', '0', '1', '15', '14' );
INSERT INTO doctor_schedule ( m_code, service_date, week_day, session_code, session_name, start_time, end_time,  department_code, department_name, clinic_room_code, clinic_room_name,  doctor_code, doctor_name, doctor_title_code, doctor_title, doctor_spec,  doctor_sess_type_code, doctor_sess_type, service_code, service_name,  fee, reg_fee, checkup_fee, service_fee, other_fee, available_number_str,  admit_address_string, admit_time_range, note, time_range_flag, schedule_status,  available_total_num, available_left_num ) VALUES ( 'SCH_DOC_DEPT008_1_20260320_1', '2026-03-20', '5', '1', '上午', '08:00', '12:00', 'DEPT008', '皮肤科', 'ROOM_DEPT008_5', '皮肤科门诊3诊室', 'DOC_DEPT008_1', '何伟', '03', '主治医师', '银屑病管理', '1', '专家门诊', 'SRV_001', '主治医师挂号费', '50.00', '50.00', '0.00', '0.00', '0.00', '1,2,3,4,5,7,8,10,11,15,18,19,21,22,23,24,25,26,28,29', '主楼5层皮肤科候诊区', '08:00-12:00', '请提前15分钟候诊', '0', '1', '29', '9' );
INSERT INTO doctor_schedule ( m_code, service_date, week_day, session_code, session_name, start_time, end_time,  department_code, department_name, clinic_room_code, clinic_room_name,  doctor_code, doctor_name, doctor_title_code, doctor_title, doctor_spec,  doctor_sess_type_code, doctor_sess_type, service_code, service_name,  fee, reg_fee, checkup_fee, service_fee, other_fee, available_number_str,  admit_address_string, admit_time_range, note, time_range_flag, schedule_status,  available_total_num, available_left_num ) VALUES ( 'SCH_DOC_DEPT008_1_20260324_2', '2026-03-24', '2', '2', '下午', '13:30', '17:30', 'DEPT008', '皮肤科', 'ROOM_DEPT008_5', '皮肤科门诊5诊室', 'DOC_DEPT008_1', '何伟', '03', '主治医师', '银屑病管理', '1', '专家门诊', 'SRV_001', '主治医师挂号费', '15.00', '15.00', '0.00', '0.00', '0.00', '2,3,8,9,10,11,16,17,18,19,20,21,22,23,24,25', '主楼2层皮肤科候诊区', '13:30-17:30', '请提前15分钟候诊', '0', '1', '26', '7' );
INSERT INTO doctor_schedule ( m_code, service_date, week_day, session_code, session_name, start_time, end_time,  department_code, department_name, clinic_room_code, clinic_room_name,  doctor_code, doctor_name, doctor_title_code, doctor_title, doctor_spec,  doctor_sess_type_code, doctor_sess_type, service_code, service_name,  fee, reg_fee, checkup_fee, service_fee, other_fee, available_number_str,  admit_address_string, admit_time_range, note, time_range_flag, schedule_status,  available_total_num, available_left_num ) VALUES ( 'SCH_DOC_DEPT008_1_20260325_2', '2026-03-25', '3', '2', '下午', '13:30', '17:30', 'DEPT008', '皮肤科', 'ROOM_DEPT008_1', '皮肤科门诊2诊室', 'DOC_DEPT008_1', '何伟', '03', '主治医师', '银屑病管理', '1', '专家门诊', 'SRV_001', '主治医师挂号费', '15.00', '15.00', '0.00', '0.00', '0.00', '2,3,4,5,6,8,9,11,13,14,15,16,17,18,19,20,21,22,23,24,26,27,28,29,30,31,32,33,34,35,37,38,39,40', '主楼5层皮肤科候诊区', '13:30-17:30', '请提前15分钟候诊', '0', '1', '40', '23' );
INSERT INTO doctor_schedule ( m_code, service_date, week_day, session_code, session_name, start_time, end_time,  department_code, department_name, clinic_room_code, clinic_room_name,  doctor_code, doctor_name, doctor_title_code, doctor_title, doctor_spec,  doctor_sess_type_code, doctor_sess_type, service_code, service_name,  fee, reg_fee, checkup_fee, service_fee, other_fee, available_number_str,  admit_address_string, admit_time_range, note, time_range_flag, schedule_status,  available_total_num, available_left_num ) VALUES ( 'SCH_DOC_DEPT008_1_20260325_1', '2026-03-25', '3', '1', '上午', '08:00', '12:00', 'DEPT008', '皮肤科', 'ROOM_DEPT008_3', '皮肤科门诊2诊室', 'DOC_DEPT008_1', '何伟', '03', '主治医师', '银屑病管理', '1', '专家门诊', 'SRV_001', '主治医师挂号费', '50.00', '50.00', '0.00', '0.00', '0.00', '1,2,3,6,7,8,9,12,14,15,17,20,21', '主楼3层皮肤科候诊区', '08:00-12:00', '请提前15分钟候诊', '0', '1', '21', '14' );
INSERT INTO doctor_schedule ( m_code, service_date, week_day, session_code, session_name, start_time, end_time,  department_code, department_name, clinic_room_code, clinic_room_name,  doctor_code, doctor_name, doctor_title_code, doctor_title, doctor_spec,  doctor_sess_type_code, doctor_sess_type, service_code, service_name,  fee, reg_fee, checkup_fee, service_fee, other_fee, available_number_str,  admit_address_string, admit_time_range, note, time_range_flag, schedule_status,  available_total_num, available_left_num ) VALUES ( 'SCH_DOC_DEPT008_1_20260326_2', '2026-03-26', '4', '2', '下午', '13:30', '17:30', 'DEPT008', '皮肤科', 'ROOM_DEPT008_2', '皮肤科门诊1诊室', 'DOC_DEPT008_1', '何伟', '03', '主治医师', '银屑病管理', '1', '专家门诊', 'SRV_001', '主治医师挂号费', '15.00', '15.00', '0.00', '0.00', '0.00', '2,3,4,5,8,9,10,11,13,14,16,17,18,19,20,21,22,23,25,29,32,33,34,37', '主楼6层皮肤科候诊区', '13:30-17:30', '请提前15分钟候诊', '0', '1', '37', '37' );
INSERT INTO doctor_schedule ( m_code, service_date, week_day, session_code, session_name, start_time, end_time,  department_code, department_name, clinic_room_code, clinic_room_name,  doctor_code, doctor_name, doctor_title_code, doctor_title, doctor_spec,  doctor_sess_type_code, doctor_sess_type, service_code, service_name,  fee, reg_fee, checkup_fee, service_fee, other_fee, available_number_str,  admit_address_string, admit_time_range, note, time_range_flag, schedule_status,  available_total_num, available_left_num ) VALUES ( 'SCH_DOC_DEPT008_1_20260326_1', '2026-03-26', '4', '1', '上午', '08:00', '12:00', 'DEPT008', '皮肤科', 'ROOM_DEPT008_4', '皮肤科门诊5诊室', 'DOC_DEPT008_1', '何伟', '03', '主治医师', '银屑病管理', '1', '专家门诊', 'SRV_001', '主治医师挂号费', '20.00', '20.00', '0.00', '0.00', '0.00', '1,4,5,6,7,9,10,12,13,14,15,16,18,20,21,22,24,27,28,29,30,31', '主楼6层皮肤科候诊区', '08:00-12:00', '请提前15分钟候诊', '0', '1', '31', '8' );
INSERT INTO doctor_schedule ( m_code, service_date, week_day, session_code, session_name, start_time, end_time,  department_code, department_name, clinic_room_code, clinic_room_name,  doctor_code, doctor_name, doctor_title_code, doctor_title, doctor_spec,  doctor_sess_type_code, doctor_sess_type, service_code, service_name,  fee, reg_fee, checkup_fee, service_fee, other_fee, available_number_str,  admit_address_string, admit_time_range, note, time_range_flag, schedule_status,  available_total_num, available_left_num ) VALUES ( 'SCH_DOC_DEPT008_1_20260327_1', '2026-03-27', '5', '1', '上午', '08:00', '12:00', 'DEPT008', '皮肤科', 'ROOM_DEPT008_1', '皮肤科门诊1诊室', 'DOC_DEPT008_1', '何伟', '03', '主治医师', '银屑病管理', '1', '专家门诊', 'SRV_001', '主治医师挂号费', '50.00', '50.00', '0.00', '0.00', '0.00', '2,5,6,7,10,12,13,15,17,18,19,21,22,26,27,30,34,37,38,40', '主楼6层皮肤科候诊区', '08:00-12:00', '请提前15分钟候诊', '0', '1', '40', '9' );
INSERT INTO doctor_schedule ( m_code, service_date, week_day, session_code, session_name, start_time, end_time,  department_code, department_name, clinic_room_code, clinic_room_name,  doctor_code, doctor_name, doctor_title_code, doctor_title, doctor_spec,  doctor_sess_type_code, doctor_sess_type, service_code, service_name,  fee, reg_fee, checkup_fee, service_fee, other_fee, available_number_str,  admit_address_string, admit_time_range, note, time_range_flag, schedule_status,  available_total_num, available_left_num ) VALUES ( 'SCH_DOC_DEPT008_1_20260327_2', '2026-03-27', '5', '2', '下午', '13:30', '17:30', 'DEPT008', '皮肤科', 'ROOM_DEPT008_2', '皮肤科门诊1诊室', 'DOC_DEPT008_1', '何伟', '03', '主治医师', '银屑病管理', '1', '专家门诊', 'SRV_001', '主治医师挂号费', '20.00', '20.00', '0.00', '0.00', '0.00', '1,3,4,5,6,8,9,11,13,14,15,16,17,18,19,20,21,22,24', '主楼4层皮肤科候诊区', '13:30-17:30', '请提前15分钟候诊', '0', '1', '24', '18' );
INSERT INTO doctor_schedule ( m_code, service_date, week_day, session_code, session_name, start_time, end_time,  department_code, department_name, clinic_room_code, clinic_room_name,  doctor_code, doctor_name, doctor_title_code, doctor_title, doctor_spec,  doctor_sess_type_code, doctor_sess_type, service_code, service_name,  fee, reg_fee, checkup_fee, service_fee, other_fee, available_number_str,  admit_address_string, admit_time_range, note, time_range_flag, schedule_status,  available_total_num, available_left_num ) VALUES ( 'SCH_DOC_DEPT008_1_20260328_2', '2026-03-28', '6', '2', '下午', '13:30', '17:30', 'DEPT008', '皮肤科', 'ROOM_DEPT008_4', '皮肤科门诊4诊室', 'DOC_DEPT008_1', '何伟', '03', '主治医师', '银屑病管理', '1', '专家门诊', 'SRV_001', '主治医师挂号费', '20.00', '20.00', '0.00', '0.00', '0.00', '1,3,5,7,8,9,11,12,13,14,15,16', '主楼3层皮肤科候诊区', '13:30-17:30', '请提前15分钟候诊', '0', '1', '17', '15' );
INSERT INTO doctor_schedule ( m_code, service_date, week_day, session_code, session_name, start_time, end_time,  department_code, department_name, clinic_room_code, clinic_room_name,  doctor_code, doctor_name, doctor_title_code, doctor_title, doctor_spec,  doctor_sess_type_code, doctor_sess_type, service_code, service_name,  fee, reg_fee, checkup_fee, service_fee, other_fee, available_number_str,  admit_address_string, admit_time_range, note, time_range_flag, schedule_status,  available_total_num, available_left_num ) VALUES ( 'SCH_DOC_DEPT008_1_20260329_2', '2026-03-29', '7', '2', '下午', '13:30', '17:30', 'DEPT008', '皮肤科', 'ROOM_DEPT008_5', '皮肤科门诊1诊室', 'DOC_DEPT008_1', '何伟', '03', '主治医师', '银屑病管理', '1', '专家门诊', 'SRV_001', '主治医师挂号费', '20.00', '20.00', '0.00', '0.00', '0.00', '1,2,3,4,5,7,8,9,10,11,12,14,15,16,18,19,20,21,22,24,25,26', '主楼2层皮肤科候诊区', '13:30-17:30', '请提前15分钟候诊', '0', '1', '26', '21' );
INSERT INTO doctor (doctor_code, doctor_name, department_code, title, specialty, doctor_des, doctor_image) VALUES ('DOC_DEPT008_2', '周超', 'DEPT008', '主治医师', '湿疹皮炎诊疗', '周超主治医师，从事皮肤科临床工作12年，具备深厚的临床背景。他专注于湿疹皮炎诊疗的诊疗，已成功治愈数千例相关患者。', 'doc_DOC_DEPT008_2.png');
INSERT INTO doctor_schedule ( m_code, service_date, week_day, session_code, session_name, start_time, end_time,  department_code, department_name, clinic_room_code, clinic_room_name,  doctor_code, doctor_name, doctor_title_code, doctor_title, doctor_spec,  doctor_sess_type_code, doctor_sess_type, service_code, service_name,  fee, reg_fee, checkup_fee, service_fee, other_fee, available_number_str,  admit_address_string, admit_time_range, note, time_range_flag, schedule_status,  available_total_num, available_left_num ) VALUES ( 'SCH_DOC_DEPT008_2_20260316_1', '2026-03-16', '1', '1', '上午', '08:00', '12:00', 'DEPT008', '皮肤科', 'ROOM_DEPT008_2', '皮肤科门诊4诊室', 'DOC_DEPT008_2', '周超', '03', '主治医师', '湿疹皮炎诊疗', '1', '专家门诊', 'SRV_001', '主治医师挂号费', '20.00', '20.00', '0.00', '0.00', '0.00', '2,3,5,6,8,9,10,11,13,14,16,17,20,21,22,24,26,28,29,30,31,32,33,35', '主楼1层皮肤科候诊区', '08:00-12:00', '请提前15分钟候诊', '0', '1', '36', '26' );
INSERT INTO doctor_schedule ( m_code, service_date, week_day, session_code, session_name, start_time, end_time,  department_code, department_name, clinic_room_code, clinic_room_name,  doctor_code, doctor_name, doctor_title_code, doctor_title, doctor_spec,  doctor_sess_type_code, doctor_sess_type, service_code, service_name,  fee, reg_fee, checkup_fee, service_fee, other_fee, available_number_str,  admit_address_string, admit_time_range, note, time_range_flag, schedule_status,  available_total_num, available_left_num ) VALUES ( 'SCH_DOC_DEPT008_2_20260316_2', '2026-03-16', '1', '2', '下午', '13:30', '17:30', 'DEPT008', '皮肤科', 'ROOM_DEPT008_4', '皮肤科门诊4诊室', 'DOC_DEPT008_2', '周超', '03', '主治医师', '湿疹皮炎诊疗', '1', '专家门诊', 'SRV_001', '主治医师挂号费', '50.00', '50.00', '0.00', '0.00', '0.00', '5,6,7,10,12,13,14,15,16,18,19,20,21', '主楼6层皮肤科候诊区', '13:30-17:30', '请提前15分钟候诊', '0', '1', '21', '19' );
INSERT INTO doctor_schedule ( m_code, service_date, week_day, session_code, session_name, start_time, end_time,  department_code, department_name, clinic_room_code, clinic_room_name,  doctor_code, doctor_name, doctor_title_code, doctor_title, doctor_spec,  doctor_sess_type_code, doctor_sess_type, service_code, service_name,  fee, reg_fee, checkup_fee, service_fee, other_fee, available_number_str,  admit_address_string, admit_time_range, note, time_range_flag, schedule_status,  available_total_num, available_left_num ) VALUES ( 'SCH_DOC_DEPT008_2_20260317_2', '2026-03-17', '2', '2', '下午', '13:30', '17:30', 'DEPT008', '皮肤科', 'ROOM_DEPT008_4', '皮肤科门诊5诊室', 'DOC_DEPT008_2', '周超', '03', '主治医师', '湿疹皮炎诊疗', '1', '专家门诊', 'SRV_001', '主治医师挂号费', '15.00', '15.00', '0.00', '0.00', '0.00', '1,2,4,5,6,7,8,9,11,12,14,15,16,18,19,20,21,22,23', '主楼4层皮肤科候诊区', '13:30-17:30', '请提前15分钟候诊', '0', '1', '23', '13' );
INSERT INTO doctor_schedule ( m_code, service_date, week_day, session_code, session_name, start_time, end_time,  department_code, department_name, clinic_room_code, clinic_room_name,  doctor_code, doctor_name, doctor_title_code, doctor_title, doctor_spec,  doctor_sess_type_code, doctor_sess_type, service_code, service_name,  fee, reg_fee, checkup_fee, service_fee, other_fee, available_number_str,  admit_address_string, admit_time_range, note, time_range_flag, schedule_status,  available_total_num, available_left_num ) VALUES ( 'SCH_DOC_DEPT008_2_20260318_1', '2026-03-18', '3', '1', '上午', '08:00', '12:00', 'DEPT008', '皮肤科', 'ROOM_DEPT008_3', '皮肤科门诊1诊室', 'DOC_DEPT008_2', '周超', '03', '主治医师', '湿疹皮炎诊疗', '1', '专家门诊', 'SRV_001', '主治医师挂号费', '20.00', '20.00', '0.00', '0.00', '0.00', '1,2,3,5,6,9,10,11,13,14,16,17,18,20,22,23,24,26,27,28,29,30,31,32,33,34,37,39', '主楼2层皮肤科候诊区', '08:00-12:00', '请提前15分钟候诊', '0', '1', '39', '25' );
INSERT INTO doctor_schedule ( m_code, service_date, week_day, session_code, session_name, start_time, end_time,  department_code, department_name, clinic_room_code, clinic_room_name,  doctor_code, doctor_name, doctor_title_code, doctor_title, doctor_spec,  doctor_sess_type_code, doctor_sess_type, service_code, service_name,  fee, reg_fee, checkup_fee, service_fee, other_fee, available_number_str,  admit_address_string, admit_time_range, note, time_range_flag, schedule_status,  available_total_num, available_left_num ) VALUES ( 'SCH_DOC_DEPT008_2_20260318_2', '2026-03-18', '3', '2', '下午', '13:30', '17:30', 'DEPT008', '皮肤科', 'ROOM_DEPT008_4', '皮肤科门诊2诊室', 'DOC_DEPT008_2', '周超', '03', '主治医师', '湿疹皮炎诊疗', '1', '专家门诊', 'SRV_001', '主治医师挂号费', '50.00', '50.00', '0.00', '0.00', '0.00', '1,2,5,6,8,9,10,11,12,14,16,18,19,22,24,25,26,27,28,30,31,34,35,37,38,39', '主楼2层皮肤科候诊区', '13:30-17:30', '请提前15分钟候诊', '0', '1', '39', '21' );
INSERT INTO doctor_schedule ( m_code, service_date, week_day, session_code, session_name, start_time, end_time,  department_code, department_name, clinic_room_code, clinic_room_name,  doctor_code, doctor_name, doctor_title_code, doctor_title, doctor_spec,  doctor_sess_type_code, doctor_sess_type, service_code, service_name,  fee, reg_fee, checkup_fee, service_fee, other_fee, available_number_str,  admit_address_string, admit_time_range, note, time_range_flag, schedule_status,  available_total_num, available_left_num ) VALUES ( 'SCH_DOC_DEPT008_2_20260319_2', '2026-03-19', '4', '2', '下午', '13:30', '17:30', 'DEPT008', '皮肤科', 'ROOM_DEPT008_1', '皮肤科门诊1诊室', 'DOC_DEPT008_2', '周超', '03', '主治医师', '湿疹皮炎诊疗', '1', '专家门诊', 'SRV_001', '主治医师挂号费', '15.00', '15.00', '0.00', '0.00', '0.00', '1,2,3,5,6,7,8,10,12,13,16,20,21,22,23,26,27,28,29,30,31,32,33,34,36', '主楼5层皮肤科候诊区', '13:30-17:30', '请提前15分钟候诊', '0', '1', '37', '17' );
INSERT INTO doctor_schedule ( m_code, service_date, week_day, session_code, session_name, start_time, end_time,  department_code, department_name, clinic_room_code, clinic_room_name,  doctor_code, doctor_name, doctor_title_code, doctor_title, doctor_spec,  doctor_sess_type_code, doctor_sess_type, service_code, service_name,  fee, reg_fee, checkup_fee, service_fee, other_fee, available_number_str,  admit_address_string, admit_time_range, note, time_range_flag, schedule_status,  available_total_num, available_left_num ) VALUES ( 'SCH_DOC_DEPT008_2_20260320_2', '2026-03-20', '5', '2', '下午', '13:30', '17:30', 'DEPT008', '皮肤科', 'ROOM_DEPT008_4', '皮肤科门诊2诊室', 'DOC_DEPT008_2', '周超', '03', '主治医师', '湿疹皮炎诊疗', '1', '专家门诊', 'SRV_001', '主治医师挂号费', '15.00', '15.00', '0.00', '0.00', '0.00', '1,2,3,4,5,6,9,10,12,14,15,16,18,20,21', '主楼2层皮肤科候诊区', '13:30-17:30', '请提前15分钟候诊', '0', '1', '22', '10' );
INSERT INTO doctor_schedule ( m_code, service_date, week_day, session_code, session_name, start_time, end_time,  department_code, department_name, clinic_room_code, clinic_room_name,  doctor_code, doctor_name, doctor_title_code, doctor_title, doctor_spec,  doctor_sess_type_code, doctor_sess_type, service_code, service_name,  fee, reg_fee, checkup_fee, service_fee, other_fee, available_number_str,  admit_address_string, admit_time_range, note, time_range_flag, schedule_status,  available_total_num, available_left_num ) VALUES ( 'SCH_DOC_DEPT008_2_20260320_1', '2026-03-20', '5', '1', '上午', '08:00', '12:00', 'DEPT008', '皮肤科', 'ROOM_DEPT008_3', '皮肤科门诊5诊室', 'DOC_DEPT008_2', '周超', '03', '主治医师', '湿疹皮炎诊疗', '1', '专家门诊', 'SRV_001', '主治医师挂号费', '50.00', '50.00', '0.00', '0.00', '0.00', '2,3,4,5,6,7,8,9,10,11,14,15,16,18,19,21,22,23,24', '主楼3层皮肤科候诊区', '08:00-12:00', '请提前15分钟候诊', '0', '1', '24', '6' );
INSERT INTO doctor_schedule ( m_code, service_date, week_day, session_code, session_name, start_time, end_time,  department_code, department_name, clinic_room_code, clinic_room_name,  doctor_code, doctor_name, doctor_title_code, doctor_title, doctor_spec,  doctor_sess_type_code, doctor_sess_type, service_code, service_name,  fee, reg_fee, checkup_fee, service_fee, other_fee, available_number_str,  admit_address_string, admit_time_range, note, time_range_flag, schedule_status,  available_total_num, available_left_num ) VALUES ( 'SCH_DOC_DEPT008_2_20260321_1', '2026-03-21', '6', '1', '上午', '08:00', '12:00', 'DEPT008', '皮肤科', 'ROOM_DEPT008_3', '皮肤科门诊1诊室', 'DOC_DEPT008_2', '周超', '03', '主治医师', '湿疹皮炎诊疗', '1', '专家门诊', 'SRV_001', '主治医师挂号费', '15.00', '15.00', '0.00', '0.00', '0.00', '2,3,6,8,9,11,12,13,14,15,16,17,18,20,21,22,23,24,27,29,30', '主楼6层皮肤科候诊区', '08:00-12:00', '请提前15分钟候诊', '0', '1', '30', '21' );
INSERT INTO doctor_schedule ( m_code, service_date, week_day, session_code, session_name, start_time, end_time,  department_code, department_name, clinic_room_code, clinic_room_name,  doctor_code, doctor_name, doctor_title_code, doctor_title, doctor_spec,  doctor_sess_type_code, doctor_sess_type, service_code, service_name,  fee, reg_fee, checkup_fee, service_fee, other_fee, available_number_str,  admit_address_string, admit_time_range, note, time_range_flag, schedule_status,  available_total_num, available_left_num ) VALUES ( 'SCH_DOC_DEPT008_2_20260321_2', '2026-03-21', '6', '2', '下午', '13:30', '17:30', 'DEPT008', '皮肤科', 'ROOM_DEPT008_4', '皮肤科门诊4诊室', 'DOC_DEPT008_2', '周超', '03', '主治医师', '湿疹皮炎诊疗', '1', '专家门诊', 'SRV_001', '主治医师挂号费', '15.00', '15.00', '0.00', '0.00', '0.00', '1,2,5,6,7,8,9,10,11,12,15,17', '主楼6层皮肤科候诊区', '13:30-17:30', '请提前15分钟候诊', '0', '1', '17', '10' );
INSERT INTO doctor_schedule ( m_code, service_date, week_day, session_code, session_name, start_time, end_time,  department_code, department_name, clinic_room_code, clinic_room_name,  doctor_code, doctor_name, doctor_title_code, doctor_title, doctor_spec,  doctor_sess_type_code, doctor_sess_type, service_code, service_name,  fee, reg_fee, checkup_fee, service_fee, other_fee, available_number_str,  admit_address_string, admit_time_range, note, time_range_flag, schedule_status,  available_total_num, available_left_num ) VALUES ( 'SCH_DOC_DEPT008_2_20260322_1', '2026-03-22', '7', '1', '上午', '08:00', '12:00', 'DEPT008', '皮肤科', 'ROOM_DEPT008_4', '皮肤科门诊2诊室', 'DOC_DEPT008_2', '周超', '03', '主治医师', '湿疹皮炎诊疗', '1', '专家门诊', 'SRV_001', '主治医师挂号费', '20.00', '20.00', '0.00', '0.00', '0.00', '1,2,3,4,5,6,7,8,10,11,13,14,15,16,17,18,19,23,25,26,27,28,30,32,34,35', '主楼2层皮肤科候诊区', '08:00-12:00', '请提前15分钟候诊', '0', '1', '37', '24' );
INSERT INTO doctor_schedule ( m_code, service_date, week_day, session_code, session_name, start_time, end_time,  department_code, department_name, clinic_room_code, clinic_room_name,  doctor_code, doctor_name, doctor_title_code, doctor_title, doctor_spec,  doctor_sess_type_code, doctor_sess_type, service_code, service_name,  fee, reg_fee, checkup_fee, service_fee, other_fee, available_number_str,  admit_address_string, admit_time_range, note, time_range_flag, schedule_status,  available_total_num, available_left_num ) VALUES ( 'SCH_DOC_DEPT008_2_20260322_2', '2026-03-22', '7', '2', '下午', '13:30', '17:30', 'DEPT008', '皮肤科', 'ROOM_DEPT008_5', '皮肤科门诊3诊室', 'DOC_DEPT008_2', '周超', '03', '主治医师', '湿疹皮炎诊疗', '1', '专家门诊', 'SRV_001', '主治医师挂号费', '20.00', '20.00', '0.00', '0.00', '0.00', '1,3,4,5,9,10,12,14,15,16,17,18', '主楼6层皮肤科候诊区', '13:30-17:30', '请提前15分钟候诊', '0', '1', '19', '10' );
INSERT INTO doctor_schedule ( m_code, service_date, week_day, session_code, session_name, start_time, end_time,  department_code, department_name, clinic_room_code, clinic_room_name,  doctor_code, doctor_name, doctor_title_code, doctor_title, doctor_spec,  doctor_sess_type_code, doctor_sess_type, service_code, service_name,  fee, reg_fee, checkup_fee, service_fee, other_fee, available_number_str,  admit_address_string, admit_time_range, note, time_range_flag, schedule_status,  available_total_num, available_left_num ) VALUES ( 'SCH_DOC_DEPT008_2_20260323_2', '2026-03-23', '1', '2', '下午', '13:30', '17:30', 'DEPT008', '皮肤科', 'ROOM_DEPT008_3', '皮肤科门诊1诊室', 'DOC_DEPT008_2', '周超', '03', '主治医师', '湿疹皮炎诊疗', '1', '专家门诊', 'SRV_001', '主治医师挂号费', '15.00', '15.00', '0.00', '0.00', '0.00', '1,2,4,7,10,11,13,14', '主楼2层皮肤科候诊区', '13:30-17:30', '请提前15分钟候诊', '0', '1', '15', '9' );
INSERT INTO doctor_schedule ( m_code, service_date, week_day, session_code, session_name, start_time, end_time,  department_code, department_name, clinic_room_code, clinic_room_name,  doctor_code, doctor_name, doctor_title_code, doctor_title, doctor_spec,  doctor_sess_type_code, doctor_sess_type, service_code, service_name,  fee, reg_fee, checkup_fee, service_fee, other_fee, available_number_str,  admit_address_string, admit_time_range, note, time_range_flag, schedule_status,  available_total_num, available_left_num ) VALUES ( 'SCH_DOC_DEPT008_2_20260324_1', '2026-03-24', '2', '1', '上午', '08:00', '12:00', 'DEPT008', '皮肤科', 'ROOM_DEPT008_5', '皮肤科门诊1诊室', 'DOC_DEPT008_2', '周超', '03', '主治医师', '湿疹皮炎诊疗', '1', '专家门诊', 'SRV_001', '主治医师挂号费', '20.00', '20.00', '0.00', '0.00', '0.00', '1,3,4,5,6,7,8,10,11,12,13,14,15,16,18,19', '主楼2层皮肤科候诊区', '08:00-12:00', '请提前15分钟候诊', '0', '1', '19', '8' );
INSERT INTO doctor_schedule ( m_code, service_date, week_day, session_code, session_name, start_time, end_time,  department_code, department_name, clinic_room_code, clinic_room_name,  doctor_code, doctor_name, doctor_title_code, doctor_title, doctor_spec,  doctor_sess_type_code, doctor_sess_type, service_code, service_name,  fee, reg_fee, checkup_fee, service_fee, other_fee, available_number_str,  admit_address_string, admit_time_range, note, time_range_flag, schedule_status,  available_total_num, available_left_num ) VALUES ( 'SCH_DOC_DEPT008_2_20260324_2', '2026-03-24', '2', '2', '下午', '13:30', '17:30', 'DEPT008', '皮肤科', 'ROOM_DEPT008_4', '皮肤科门诊3诊室', 'DOC_DEPT008_2', '周超', '03', '主治医师', '湿疹皮炎诊疗', '1', '专家门诊', 'SRV_001', '主治医师挂号费', '15.00', '15.00', '0.00', '0.00', '0.00', '1,2,3,5,6,7,9,10,11,12,14,15,16,17,18,19,20,22,23,24,25,26,28', '主楼5层皮肤科候诊区', '13:30-17:30', '请提前15分钟候诊', '0', '1', '28', '15' );
INSERT INTO doctor_schedule ( m_code, service_date, week_day, session_code, session_name, start_time, end_time,  department_code, department_name, clinic_room_code, clinic_room_name,  doctor_code, doctor_name, doctor_title_code, doctor_title, doctor_spec,  doctor_sess_type_code, doctor_sess_type, service_code, service_name,  fee, reg_fee, checkup_fee, service_fee, other_fee, available_number_str,  admit_address_string, admit_time_range, note, time_range_flag, schedule_status,  available_total_num, available_left_num ) VALUES ( 'SCH_DOC_DEPT008_2_20260325_1', '2026-03-25', '3', '1', '上午', '08:00', '12:00', 'DEPT008', '皮肤科', 'ROOM_DEPT008_3', '皮肤科门诊2诊室', 'DOC_DEPT008_2', '周超', '03', '主治医师', '湿疹皮炎诊疗', '1', '专家门诊', 'SRV_001', '主治医师挂号费', '20.00', '20.00', '0.00', '0.00', '0.00', '2,3,4,5,6,8,9,10,11,12,13,14,15,17,18,19,20,24,25,26,27,28,30,32', '主楼3层皮肤科候诊区', '08:00-12:00', '请提前15分钟候诊', '0', '1', '32', '10' );
INSERT INTO doctor_schedule ( m_code, service_date, week_day, session_code, session_name, start_time, end_time,  department_code, department_name, clinic_room_code, clinic_room_name,  doctor_code, doctor_name, doctor_title_code, doctor_title, doctor_spec,  doctor_sess_type_code, doctor_sess_type, service_code, service_name,  fee, reg_fee, checkup_fee, service_fee, other_fee, available_number_str,  admit_address_string, admit_time_range, note, time_range_flag, schedule_status,  available_total_num, available_left_num ) VALUES ( 'SCH_DOC_DEPT008_2_20260325_2', '2026-03-25', '3', '2', '下午', '13:30', '17:30', 'DEPT008', '皮肤科', 'ROOM_DEPT008_5', '皮肤科门诊1诊室', 'DOC_DEPT008_2', '周超', '03', '主治医师', '湿疹皮炎诊疗', '1', '专家门诊', 'SRV_001', '主治医师挂号费', '50.00', '50.00', '0.00', '0.00', '0.00', '2,3,4,6,8,10,16,17', '主楼3层皮肤科候诊区', '13:30-17:30', '请提前15分钟候诊', '0', '1', '19', '12' );
INSERT INTO doctor_schedule ( m_code, service_date, week_day, session_code, session_name, start_time, end_time,  department_code, department_name, clinic_room_code, clinic_room_name,  doctor_code, doctor_name, doctor_title_code, doctor_title, doctor_spec,  doctor_sess_type_code, doctor_sess_type, service_code, service_name,  fee, reg_fee, checkup_fee, service_fee, other_fee, available_number_str,  admit_address_string, admit_time_range, note, time_range_flag, schedule_status,  available_total_num, available_left_num ) VALUES ( 'SCH_DOC_DEPT008_2_20260327_1', '2026-03-27', '5', '1', '上午', '08:00', '12:00', 'DEPT008', '皮肤科', 'ROOM_DEPT008_4', '皮肤科门诊1诊室', 'DOC_DEPT008_2', '周超', '03', '主治医师', '湿疹皮炎诊疗', '1', '专家门诊', 'SRV_001', '主治医师挂号费', '20.00', '20.00', '0.00', '0.00', '0.00', '3,4,5,6,7,9,10,11,12,13,16,17,18,19,20,21,22,23,26,29,30,31,32,33', '主楼1层皮肤科候诊区', '08:00-12:00', '请提前15分钟候诊', '0', '1', '35', '24' );
INSERT INTO doctor_schedule ( m_code, service_date, week_day, session_code, session_name, start_time, end_time,  department_code, department_name, clinic_room_code, clinic_room_name,  doctor_code, doctor_name, doctor_title_code, doctor_title, doctor_spec,  doctor_sess_type_code, doctor_sess_type, service_code, service_name,  fee, reg_fee, checkup_fee, service_fee, other_fee, available_number_str,  admit_address_string, admit_time_range, note, time_range_flag, schedule_status,  available_total_num, available_left_num ) VALUES ( 'SCH_DOC_DEPT008_2_20260327_2', '2026-03-27', '5', '2', '下午', '13:30', '17:30', 'DEPT008', '皮肤科', 'ROOM_DEPT008_5', '皮肤科门诊2诊室', 'DOC_DEPT008_2', '周超', '03', '主治医师', '湿疹皮炎诊疗', '1', '专家门诊', 'SRV_001', '主治医师挂号费', '15.00', '15.00', '0.00', '0.00', '0.00', '1,3,6,7,8,9,10,11,12,13,14,16,17,18,19,20,23,24,25,26', '主楼6层皮肤科候诊区', '13:30-17:30', '请提前15分钟候诊', '0', '1', '26', '13' );
INSERT INTO doctor_schedule ( m_code, service_date, week_day, session_code, session_name, start_time, end_time,  department_code, department_name, clinic_room_code, clinic_room_name,  doctor_code, doctor_name, doctor_title_code, doctor_title, doctor_spec,  doctor_sess_type_code, doctor_sess_type, service_code, service_name,  fee, reg_fee, checkup_fee, service_fee, other_fee, available_number_str,  admit_address_string, admit_time_range, note, time_range_flag, schedule_status,  available_total_num, available_left_num ) VALUES ( 'SCH_DOC_DEPT008_2_20260328_1', '2026-03-28', '6', '1', '上午', '08:00', '12:00', 'DEPT008', '皮肤科', 'ROOM_DEPT008_5', '皮肤科门诊5诊室', 'DOC_DEPT008_2', '周超', '03', '主治医师', '湿疹皮炎诊疗', '1', '专家门诊', 'SRV_001', '主治医师挂号费', '15.00', '15.00', '0.00', '0.00', '0.00', '1,2,6,7,8,9,10,15,16,17,18,20,21,22,23,26,28,29', '主楼6层皮肤科候诊区', '08:00-12:00', '请提前15分钟候诊', '0', '1', '29', '23' );
INSERT INTO doctor_schedule ( m_code, service_date, week_day, session_code, session_name, start_time, end_time,  department_code, department_name, clinic_room_code, clinic_room_name,  doctor_code, doctor_name, doctor_title_code, doctor_title, doctor_spec,  doctor_sess_type_code, doctor_sess_type, service_code, service_name,  fee, reg_fee, checkup_fee, service_fee, other_fee, available_number_str,  admit_address_string, admit_time_range, note, time_range_flag, schedule_status,  available_total_num, available_left_num ) VALUES ( 'SCH_DOC_DEPT008_2_20260328_2', '2026-03-28', '6', '2', '下午', '13:30', '17:30', 'DEPT008', '皮肤科', 'ROOM_DEPT008_2', '皮肤科门诊4诊室', 'DOC_DEPT008_2', '周超', '03', '主治医师', '湿疹皮炎诊疗', '1', '专家门诊', 'SRV_001', '主治医师挂号费', '20.00', '20.00', '0.00', '0.00', '0.00', '2,3,4,7,8,9,10,11,12,13,17,18,19,20,21,23,24,26,27', '主楼2层皮肤科候诊区', '13:30-17:30', '请提前15分钟候诊', '0', '1', '28', '16' );
INSERT INTO doctor (doctor_code, doctor_name, department_code, title, specialty, doctor_des, doctor_image) VALUES ('DOC_DEPT008_3', '周平', 'DEPT008', '副主任医师', '医学纹绣/激光祛斑', '周平副主任医师，从事皮肤科临床工作30年，待人亲切。他专注于医学纹绣/激光祛斑的诊疗，已成功治愈数千例相关患者。', 'doc_DOC_DEPT008_3.png');
INSERT INTO doctor_schedule ( m_code, service_date, week_day, session_code, session_name, start_time, end_time,  department_code, department_name, clinic_room_code, clinic_room_name,  doctor_code, doctor_name, doctor_title_code, doctor_title, doctor_spec,  doctor_sess_type_code, doctor_sess_type, service_code, service_name,  fee, reg_fee, checkup_fee, service_fee, other_fee, available_number_str,  admit_address_string, admit_time_range, note, time_range_flag, schedule_status,  available_total_num, available_left_num ) VALUES ( 'SCH_DOC_DEPT008_3_20260316_1', '2026-03-16', '1', '1', '上午', '08:00', '12:00', 'DEPT008', '皮肤科', 'ROOM_DEPT008_5', '皮肤科门诊3诊室', 'DOC_DEPT008_3', '周平', '02', '副主任医师', '医学纹绣/激光祛斑', '1', '专家门诊', 'SRV_001', '副主任医师挂号费', '20.00', '20.00', '0.00', '0.00', '0.00', '1,2,3,4,6,8,9,10,11,12,13,14,15', '主楼5层皮肤科候诊区', '08:00-12:00', '请提前15分钟候诊', '0', '1', '15', '3' );
INSERT INTO doctor_schedule ( m_code, service_date, week_day, session_code, session_name, start_time, end_time,  department_code, department_name, clinic_room_code, clinic_room_name,  doctor_code, doctor_name, doctor_title_code, doctor_title, doctor_spec,  doctor_sess_type_code, doctor_sess_type, service_code, service_name,  fee, reg_fee, checkup_fee, service_fee, other_fee, available_number_str,  admit_address_string, admit_time_range, note, time_range_flag, schedule_status,  available_total_num, available_left_num ) VALUES ( 'SCH_DOC_DEPT008_3_20260317_2', '2026-03-17', '2', '2', '下午', '13:30', '17:30', 'DEPT008', '皮肤科', 'ROOM_DEPT008_1', '皮肤科门诊2诊室', 'DOC_DEPT008_3', '周平', '02', '副主任医师', '医学纹绣/激光祛斑', '1', '专家门诊', 'SRV_001', '副主任医师挂号费', '50.00', '50.00', '0.00', '0.00', '0.00', '1,2,3,4,5,6,7,8,9,10,13,15,16,17,18,20,21,22,23,25,27,30,31', '主楼5层皮肤科候诊区', '13:30-17:30', '请提前15分钟候诊', '0', '1', '31', '16' );
INSERT INTO doctor_schedule ( m_code, service_date, week_day, session_code, session_name, start_time, end_time,  department_code, department_name, clinic_room_code, clinic_room_name,  doctor_code, doctor_name, doctor_title_code, doctor_title, doctor_spec,  doctor_sess_type_code, doctor_sess_type, service_code, service_name,  fee, reg_fee, checkup_fee, service_fee, other_fee, available_number_str,  admit_address_string, admit_time_range, note, time_range_flag, schedule_status,  available_total_num, available_left_num ) VALUES ( 'SCH_DOC_DEPT008_3_20260318_2', '2026-03-18', '3', '2', '下午', '13:30', '17:30', 'DEPT008', '皮肤科', 'ROOM_DEPT008_5', '皮肤科门诊4诊室', 'DOC_DEPT008_3', '周平', '02', '副主任医师', '医学纹绣/激光祛斑', '1', '专家门诊', 'SRV_001', '副主任医师挂号费', '15.00', '15.00', '0.00', '0.00', '0.00', '2,5,6,9,12,14,15,17,18,19,20,22,25,28,29,30,31,32,33,34,35,36,37,38', '主楼6层皮肤科候诊区', '13:30-17:30', '请提前15分钟候诊', '0', '1', '38', '32' );
INSERT INTO doctor_schedule ( m_code, service_date, week_day, session_code, session_name, start_time, end_time,  department_code, department_name, clinic_room_code, clinic_room_name,  doctor_code, doctor_name, doctor_title_code, doctor_title, doctor_spec,  doctor_sess_type_code, doctor_sess_type, service_code, service_name,  fee, reg_fee, checkup_fee, service_fee, other_fee, available_number_str,  admit_address_string, admit_time_range, note, time_range_flag, schedule_status,  available_total_num, available_left_num ) VALUES ( 'SCH_DOC_DEPT008_3_20260320_1', '2026-03-20', '5', '1', '上午', '08:00', '12:00', 'DEPT008', '皮肤科', 'ROOM_DEPT008_3', '皮肤科门诊4诊室', 'DOC_DEPT008_3', '周平', '02', '副主任医师', '医学纹绣/激光祛斑', '1', '专家门诊', 'SRV_001', '副主任医师挂号费', '15.00', '15.00', '0.00', '0.00', '0.00', '1,2,3,5,6,7,8,10,11,12,13,14,15', '主楼4层皮肤科候诊区', '08:00-12:00', '请提前15分钟候诊', '0', '1', '15', '9' );
INSERT INTO doctor_schedule ( m_code, service_date, week_day, session_code, session_name, start_time, end_time,  department_code, department_name, clinic_room_code, clinic_room_name,  doctor_code, doctor_name, doctor_title_code, doctor_title, doctor_spec,  doctor_sess_type_code, doctor_sess_type, service_code, service_name,  fee, reg_fee, checkup_fee, service_fee, other_fee, available_number_str,  admit_address_string, admit_time_range, note, time_range_flag, schedule_status,  available_total_num, available_left_num ) VALUES ( 'SCH_DOC_DEPT008_3_20260321_2', '2026-03-21', '6', '2', '下午', '13:30', '17:30', 'DEPT008', '皮肤科', 'ROOM_DEPT008_3', '皮肤科门诊5诊室', 'DOC_DEPT008_3', '周平', '02', '副主任医师', '医学纹绣/激光祛斑', '1', '专家门诊', 'SRV_001', '副主任医师挂号费', '20.00', '20.00', '0.00', '0.00', '0.00', '1,2,3,4,5,6,7,8,9,10,11,12,13,15,16,17,18,19,23,24,25,26,27,28,29,30,31,33,34,35,37', '主楼1层皮肤科候诊区', '13:30-17:30', '请提前15分钟候诊', '0', '1', '39', '27' );
INSERT INTO doctor_schedule ( m_code, service_date, week_day, session_code, session_name, start_time, end_time,  department_code, department_name, clinic_room_code, clinic_room_name,  doctor_code, doctor_name, doctor_title_code, doctor_title, doctor_spec,  doctor_sess_type_code, doctor_sess_type, service_code, service_name,  fee, reg_fee, checkup_fee, service_fee, other_fee, available_number_str,  admit_address_string, admit_time_range, note, time_range_flag, schedule_status,  available_total_num, available_left_num ) VALUES ( 'SCH_DOC_DEPT008_3_20260321_1', '2026-03-21', '6', '1', '上午', '08:00', '12:00', 'DEPT008', '皮肤科', 'ROOM_DEPT008_2', '皮肤科门诊4诊室', 'DOC_DEPT008_3', '周平', '02', '副主任医师', '医学纹绣/激光祛斑', '1', '专家门诊', 'SRV_001', '副主任医师挂号费', '15.00', '15.00', '0.00', '0.00', '0.00', '1,2,3,6,7,8,9,10,12,13,15,16,17,18,19,20,21', '主楼2层皮肤科候诊区', '08:00-12:00', '请提前15分钟候诊', '0', '1', '24', '21' );
INSERT INTO doctor_schedule ( m_code, service_date, week_day, session_code, session_name, start_time, end_time,  department_code, department_name, clinic_room_code, clinic_room_name,  doctor_code, doctor_name, doctor_title_code, doctor_title, doctor_spec,  doctor_sess_type_code, doctor_sess_type, service_code, service_name,  fee, reg_fee, checkup_fee, service_fee, other_fee, available_number_str,  admit_address_string, admit_time_range, note, time_range_flag, schedule_status,  available_total_num, available_left_num ) VALUES ( 'SCH_DOC_DEPT008_3_20260322_2', '2026-03-22', '7', '2', '下午', '13:30', '17:30', 'DEPT008', '皮肤科', 'ROOM_DEPT008_2', '皮肤科门诊1诊室', 'DOC_DEPT008_3', '周平', '02', '副主任医师', '医学纹绣/激光祛斑', '1', '专家门诊', 'SRV_001', '副主任医师挂号费', '50.00', '50.00', '0.00', '0.00', '0.00', '1,2,3,5,6,7,8,10,12,13,15,16', '主楼2层皮肤科候诊区', '13:30-17:30', '请提前15分钟候诊', '0', '1', '16', '11' );
INSERT INTO doctor_schedule ( m_code, service_date, week_day, session_code, session_name, start_time, end_time,  department_code, department_name, clinic_room_code, clinic_room_name,  doctor_code, doctor_name, doctor_title_code, doctor_title, doctor_spec,  doctor_sess_type_code, doctor_sess_type, service_code, service_name,  fee, reg_fee, checkup_fee, service_fee, other_fee, available_number_str,  admit_address_string, admit_time_range, note, time_range_flag, schedule_status,  available_total_num, available_left_num ) VALUES ( 'SCH_DOC_DEPT008_3_20260323_1', '2026-03-23', '1', '1', '上午', '08:00', '12:00', 'DEPT008', '皮肤科', 'ROOM_DEPT008_1', '皮肤科门诊4诊室', 'DOC_DEPT008_3', '周平', '02', '副主任医师', '医学纹绣/激光祛斑', '1', '专家门诊', 'SRV_001', '副主任医师挂号费', '15.00', '15.00', '0.00', '0.00', '0.00', '1,2,3,4,5,6,7,9,12,13,15,16,17,18,19,20,23,24,25,26,27,28,29,31,32', '主楼2层皮肤科候诊区', '08:00-12:00', '请提前15分钟候诊', '0', '1', '32', '27' );
INSERT INTO doctor_schedule ( m_code, service_date, week_day, session_code, session_name, start_time, end_time,  department_code, department_name, clinic_room_code, clinic_room_name,  doctor_code, doctor_name, doctor_title_code, doctor_title, doctor_spec,  doctor_sess_type_code, doctor_sess_type, service_code, service_name,  fee, reg_fee, checkup_fee, service_fee, other_fee, available_number_str,  admit_address_string, admit_time_range, note, time_range_flag, schedule_status,  available_total_num, available_left_num ) VALUES ( 'SCH_DOC_DEPT008_3_20260324_1', '2026-03-24', '2', '1', '上午', '08:00', '12:00', 'DEPT008', '皮肤科', 'ROOM_DEPT008_5', '皮肤科门诊2诊室', 'DOC_DEPT008_3', '周平', '02', '副主任医师', '医学纹绣/激光祛斑', '1', '专家门诊', 'SRV_001', '副主任医师挂号费', '50.00', '50.00', '0.00', '0.00', '0.00', '1,2,3,4,7,8,9,13,14,16,17,19,20,21,23,24,25,27,28,30,32,33,34,35,36,37,38,40', '主楼4层皮肤科候诊区', '08:00-12:00', '请提前15分钟候诊', '0', '1', '40', '9' );
INSERT INTO doctor_schedule ( m_code, service_date, week_day, session_code, session_name, start_time, end_time,  department_code, department_name, clinic_room_code, clinic_room_name,  doctor_code, doctor_name, doctor_title_code, doctor_title, doctor_spec,  doctor_sess_type_code, doctor_sess_type, service_code, service_name,  fee, reg_fee, checkup_fee, service_fee, other_fee, available_number_str,  admit_address_string, admit_time_range, note, time_range_flag, schedule_status,  available_total_num, available_left_num ) VALUES ( 'SCH_DOC_DEPT008_3_20260324_2', '2026-03-24', '2', '2', '下午', '13:30', '17:30', 'DEPT008', '皮肤科', 'ROOM_DEPT008_1', '皮肤科门诊4诊室', 'DOC_DEPT008_3', '周平', '02', '副主任医师', '医学纹绣/激光祛斑', '1', '专家门诊', 'SRV_001', '副主任医师挂号费', '15.00', '15.00', '0.00', '0.00', '0.00', '2,3,4,5,6,7,9,10,12,13,14,15,16,17,18,19,22,23,24,26,27,28,30,31,32,33,34,35,37', '主楼4层皮肤科候诊区', '13:30-17:30', '请提前15分钟候诊', '0', '1', '37', '20' );
INSERT INTO doctor (doctor_code, doctor_name, department_code, title, specialty, doctor_des, doctor_image) VALUES ('DOC_DEPT008_4', '胡超', 'DEPT008', '副主任医师', '荨麻疹根治', '胡超副主任医师，从事皮肤科临床工作21年，经验丰富。他擅长荨麻疹根治的诊疗，已成功治愈数千例相关患者。', 'doc_DOC_DEPT008_4.png');
INSERT INTO doctor_schedule ( m_code, service_date, week_day, session_code, session_name, start_time, end_time,  department_code, department_name, clinic_room_code, clinic_room_name,  doctor_code, doctor_name, doctor_title_code, doctor_title, doctor_spec,  doctor_sess_type_code, doctor_sess_type, service_code, service_name,  fee, reg_fee, checkup_fee, service_fee, other_fee, available_number_str,  admit_address_string, admit_time_range, note, time_range_flag, schedule_status,  available_total_num, available_left_num ) VALUES ( 'SCH_DOC_DEPT008_4_20260316_1', '2026-03-16', '1', '1', '上午', '08:00', '12:00', 'DEPT008', '皮肤科', 'ROOM_DEPT008_2', '皮肤科门诊4诊室', 'DOC_DEPT008_4', '胡超', '02', '副主任医师', '荨麻疹根治', '1', '专家门诊', 'SRV_001', '副主任医师挂号费', '50.00', '50.00', '0.00', '0.00', '0.00', '2,3,7,8,12,13,14,19,20,21,22,23,25,26,28,32,33,34,35,36', '主楼3层皮肤科候诊区', '08:00-12:00', '请提前15分钟候诊', '0', '1', '36', '21' );
INSERT INTO doctor_schedule ( m_code, service_date, week_day, session_code, session_name, start_time, end_time,  department_code, department_name, clinic_room_code, clinic_room_name,  doctor_code, doctor_name, doctor_title_code, doctor_title, doctor_spec,  doctor_sess_type_code, doctor_sess_type, service_code, service_name,  fee, reg_fee, checkup_fee, service_fee, other_fee, available_number_str,  admit_address_string, admit_time_range, note, time_range_flag, schedule_status,  available_total_num, available_left_num ) VALUES ( 'SCH_DOC_DEPT008_4_20260316_2', '2026-03-16', '1', '2', '下午', '13:30', '17:30', 'DEPT008', '皮肤科', 'ROOM_DEPT008_5', '皮肤科门诊4诊室', 'DOC_DEPT008_4', '胡超', '02', '副主任医师', '荨麻疹根治', '1', '专家门诊', 'SRV_001', '副主任医师挂号费', '50.00', '50.00', '0.00', '0.00', '0.00', '1,3,4,7,8,9,10,11,13,15,16,17,18,19,20,21,23,24,25,27,28,29,32,33,34,37,38,39,40', '主楼6层皮肤科候诊区', '13:30-17:30', '请提前15分钟候诊', '0', '1', '40', '13' );
INSERT INTO doctor_schedule ( m_code, service_date, week_day, session_code, session_name, start_time, end_time,  department_code, department_name, clinic_room_code, clinic_room_name,  doctor_code, doctor_name, doctor_title_code, doctor_title, doctor_spec,  doctor_sess_type_code, doctor_sess_type, service_code, service_name,  fee, reg_fee, checkup_fee, service_fee, other_fee, available_number_str,  admit_address_string, admit_time_range, note, time_range_flag, schedule_status,  available_total_num, available_left_num ) VALUES ( 'SCH_DOC_DEPT008_4_20260317_2', '2026-03-17', '2', '2', '下午', '13:30', '17:30', 'DEPT008', '皮肤科', 'ROOM_DEPT008_3', '皮肤科门诊1诊室', 'DOC_DEPT008_4', '胡超', '02', '副主任医师', '荨麻疹根治', '1', '专家门诊', 'SRV_001', '副主任医师挂号费', '20.00', '20.00', '0.00', '0.00', '0.00', '1,3,4,5,7,8,9,10,11,12,13,14,15,16,17', '主楼2层皮肤科候诊区', '13:30-17:30', '请提前15分钟候诊', '0', '1', '18', '10' );
INSERT INTO doctor_schedule ( m_code, service_date, week_day, session_code, session_name, start_time, end_time,  department_code, department_name, clinic_room_code, clinic_room_name,  doctor_code, doctor_name, doctor_title_code, doctor_title, doctor_spec,  doctor_sess_type_code, doctor_sess_type, service_code, service_name,  fee, reg_fee, checkup_fee, service_fee, other_fee, available_number_str,  admit_address_string, admit_time_range, note, time_range_flag, schedule_status,  available_total_num, available_left_num ) VALUES ( 'SCH_DOC_DEPT008_4_20260317_1', '2026-03-17', '2', '1', '上午', '08:00', '12:00', 'DEPT008', '皮肤科', 'ROOM_DEPT008_4', '皮肤科门诊3诊室', 'DOC_DEPT008_4', '胡超', '02', '副主任医师', '荨麻疹根治', '1', '专家门诊', 'SRV_001', '副主任医师挂号费', '20.00', '20.00', '0.00', '0.00', '0.00', '1,2,3,4,5,6,8,9,11,13,15,16,17,19,20,22,23', '主楼2层皮肤科候诊区', '08:00-12:00', '请提前15分钟候诊', '0', '1', '23', '10' );
INSERT INTO doctor_schedule ( m_code, service_date, week_day, session_code, session_name, start_time, end_time,  department_code, department_name, clinic_room_code, clinic_room_name,  doctor_code, doctor_name, doctor_title_code, doctor_title, doctor_spec,  doctor_sess_type_code, doctor_sess_type, service_code, service_name,  fee, reg_fee, checkup_fee, service_fee, other_fee, available_number_str,  admit_address_string, admit_time_range, note, time_range_flag, schedule_status,  available_total_num, available_left_num ) VALUES ( 'SCH_DOC_DEPT008_4_20260319_2', '2026-03-19', '4', '2', '下午', '13:30', '17:30', 'DEPT008', '皮肤科', 'ROOM_DEPT008_1', '皮肤科门诊5诊室', 'DOC_DEPT008_4', '胡超', '02', '副主任医师', '荨麻疹根治', '1', '专家门诊', 'SRV_001', '副主任医师挂号费', '15.00', '15.00', '0.00', '0.00', '0.00', '1,2,3,5,6,10,11,12,13,14,15,17,18,20,21,22,23,25', '主楼5层皮肤科候诊区', '13:30-17:30', '请提前15分钟候诊', '0', '1', '27', '10' );
INSERT INTO doctor_schedule ( m_code, service_date, week_day, session_code, session_name, start_time, end_time,  department_code, department_name, clinic_room_code, clinic_room_name,  doctor_code, doctor_name, doctor_title_code, doctor_title, doctor_spec,  doctor_sess_type_code, doctor_sess_type, service_code, service_name,  fee, reg_fee, checkup_fee, service_fee, other_fee, available_number_str,  admit_address_string, admit_time_range, note, time_range_flag, schedule_status,  available_total_num, available_left_num ) VALUES ( 'SCH_DOC_DEPT008_4_20260319_1', '2026-03-19', '4', '1', '上午', '08:00', '12:00', 'DEPT008', '皮肤科', 'ROOM_DEPT008_1', '皮肤科门诊1诊室', 'DOC_DEPT008_4', '胡超', '02', '副主任医师', '荨麻疹根治', '1', '专家门诊', 'SRV_001', '副主任医师挂号费', '50.00', '50.00', '0.00', '0.00', '0.00', '1,2,3,6,7,9,11,13,14,17,18,19,20,21,22,23,24,25,26,28,29', '主楼5层皮肤科候诊区', '08:00-12:00', '请提前15分钟候诊', '0', '1', '29', '12' );
INSERT INTO doctor_schedule ( m_code, service_date, week_day, session_code, session_name, start_time, end_time,  department_code, department_name, clinic_room_code, clinic_room_name,  doctor_code, doctor_name, doctor_title_code, doctor_title, doctor_spec,  doctor_sess_type_code, doctor_sess_type, service_code, service_name,  fee, reg_fee, checkup_fee, service_fee, other_fee, available_number_str,  admit_address_string, admit_time_range, note, time_range_flag, schedule_status,  available_total_num, available_left_num ) VALUES ( 'SCH_DOC_DEPT008_4_20260320_1', '2026-03-20', '5', '1', '上午', '08:00', '12:00', 'DEPT008', '皮肤科', 'ROOM_DEPT008_5', '皮肤科门诊1诊室', 'DOC_DEPT008_4', '胡超', '02', '副主任医师', '荨麻疹根治', '1', '专家门诊', 'SRV_001', '副主任医师挂号费', '20.00', '20.00', '0.00', '0.00', '0.00', '1,2,3,6,7,9,11,12', '主楼1层皮肤科候诊区', '08:00-12:00', '请提前15分钟候诊', '0', '1', '15', '5' );
INSERT INTO doctor_schedule ( m_code, service_date, week_day, session_code, session_name, start_time, end_time,  department_code, department_name, clinic_room_code, clinic_room_name,  doctor_code, doctor_name, doctor_title_code, doctor_title, doctor_spec,  doctor_sess_type_code, doctor_sess_type, service_code, service_name,  fee, reg_fee, checkup_fee, service_fee, other_fee, available_number_str,  admit_address_string, admit_time_range, note, time_range_flag, schedule_status,  available_total_num, available_left_num ) VALUES ( 'SCH_DOC_DEPT008_4_20260321_1', '2026-03-21', '6', '1', '上午', '08:00', '12:00', 'DEPT008', '皮肤科', 'ROOM_DEPT008_2', '皮肤科门诊3诊室', 'DOC_DEPT008_4', '胡超', '02', '副主任医师', '荨麻疹根治', '1', '专家门诊', 'SRV_001', '副主任医师挂号费', '50.00', '50.00', '0.00', '0.00', '0.00', '1,2,4,5,6,7,8,11,12,14,18,19,21,22,23,26,27,29,30', '主楼3层皮肤科候诊区', '08:00-12:00', '请提前15分钟候诊', '0', '1', '30', '29' );
INSERT INTO doctor_schedule ( m_code, service_date, week_day, session_code, session_name, start_time, end_time,  department_code, department_name, clinic_room_code, clinic_room_name,  doctor_code, doctor_name, doctor_title_code, doctor_title, doctor_spec,  doctor_sess_type_code, doctor_sess_type, service_code, service_name,  fee, reg_fee, checkup_fee, service_fee, other_fee, available_number_str,  admit_address_string, admit_time_range, note, time_range_flag, schedule_status,  available_total_num, available_left_num ) VALUES ( 'SCH_DOC_DEPT008_4_20260322_1', '2026-03-22', '7', '1', '上午', '08:00', '12:00', 'DEPT008', '皮肤科', 'ROOM_DEPT008_4', '皮肤科门诊1诊室', 'DOC_DEPT008_4', '胡超', '02', '副主任医师', '荨麻疹根治', '1', '专家门诊', 'SRV_001', '副主任医师挂号费', '50.00', '50.00', '0.00', '0.00', '0.00', '2,3,4,5,6,11,12,13', '主楼2层皮肤科候诊区', '08:00-12:00', '请提前15分钟候诊', '0', '1', '15', '12' );
INSERT INTO doctor_schedule ( m_code, service_date, week_day, session_code, session_name, start_time, end_time,  department_code, department_name, clinic_room_code, clinic_room_name,  doctor_code, doctor_name, doctor_title_code, doctor_title, doctor_spec,  doctor_sess_type_code, doctor_sess_type, service_code, service_name,  fee, reg_fee, checkup_fee, service_fee, other_fee, available_number_str,  admit_address_string, admit_time_range, note, time_range_flag, schedule_status,  available_total_num, available_left_num ) VALUES ( 'SCH_DOC_DEPT008_4_20260323_2', '2026-03-23', '1', '2', '下午', '13:30', '17:30', 'DEPT008', '皮肤科', 'ROOM_DEPT008_5', '皮肤科门诊3诊室', 'DOC_DEPT008_4', '胡超', '02', '副主任医师', '荨麻疹根治', '1', '专家门诊', 'SRV_001', '副主任医师挂号费', '15.00', '15.00', '0.00', '0.00', '0.00', '1,3,6,7,8,12,13,15,17,18,19,22,23', '主楼4层皮肤科候诊区', '13:30-17:30', '请提前15分钟候诊', '0', '1', '23', '21' );
INSERT INTO doctor_schedule ( m_code, service_date, week_day, session_code, session_name, start_time, end_time,  department_code, department_name, clinic_room_code, clinic_room_name,  doctor_code, doctor_name, doctor_title_code, doctor_title, doctor_spec,  doctor_sess_type_code, doctor_sess_type, service_code, service_name,  fee, reg_fee, checkup_fee, service_fee, other_fee, available_number_str,  admit_address_string, admit_time_range, note, time_range_flag, schedule_status,  available_total_num, available_left_num ) VALUES ( 'SCH_DOC_DEPT008_4_20260323_1', '2026-03-23', '1', '1', '上午', '08:00', '12:00', 'DEPT008', '皮肤科', 'ROOM_DEPT008_5', '皮肤科门诊4诊室', 'DOC_DEPT008_4', '胡超', '02', '副主任医师', '荨麻疹根治', '1', '专家门诊', 'SRV_001', '副主任医师挂号费', '20.00', '20.00', '0.00', '0.00', '0.00', '1,2,3,4,5,6,10,11,12,13,15,16,20,22,24,25,26,27,30,31', '主楼6层皮肤科候诊区', '08:00-12:00', '请提前15分钟候诊', '0', '1', '31', '16' );
INSERT INTO doctor_schedule ( m_code, service_date, week_day, session_code, session_name, start_time, end_time,  department_code, department_name, clinic_room_code, clinic_room_name,  doctor_code, doctor_name, doctor_title_code, doctor_title, doctor_spec,  doctor_sess_type_code, doctor_sess_type, service_code, service_name,  fee, reg_fee, checkup_fee, service_fee, other_fee, available_number_str,  admit_address_string, admit_time_range, note, time_range_flag, schedule_status,  available_total_num, available_left_num ) VALUES ( 'SCH_DOC_DEPT008_4_20260324_2', '2026-03-24', '2', '2', '下午', '13:30', '17:30', 'DEPT008', '皮肤科', 'ROOM_DEPT008_3', '皮肤科门诊2诊室', 'DOC_DEPT008_4', '胡超', '02', '副主任医师', '荨麻疹根治', '1', '专家门诊', 'SRV_001', '副主任医师挂号费', '50.00', '50.00', '0.00', '0.00', '0.00', '1,2,5,8,9,10,11,14,15,16,18,20,21,22,27,29,31,32,33,35,36,37', '主楼1层皮肤科候诊区', '13:30-17:30', '请提前15分钟候诊', '0', '1', '37', '31' );
INSERT INTO doctor_schedule ( m_code, service_date, week_day, session_code, session_name, start_time, end_time,  department_code, department_name, clinic_room_code, clinic_room_name,  doctor_code, doctor_name, doctor_title_code, doctor_title, doctor_spec,  doctor_sess_type_code, doctor_sess_type, service_code, service_name,  fee, reg_fee, checkup_fee, service_fee, other_fee, available_number_str,  admit_address_string, admit_time_range, note, time_range_flag, schedule_status,  available_total_num, available_left_num ) VALUES ( 'SCH_DOC_DEPT008_4_20260324_1', '2026-03-24', '2', '1', '上午', '08:00', '12:00', 'DEPT008', '皮肤科', 'ROOM_DEPT008_1', '皮肤科门诊3诊室', 'DOC_DEPT008_4', '胡超', '02', '副主任医师', '荨麻疹根治', '1', '专家门诊', 'SRV_001', '副主任医师挂号费', '50.00', '50.00', '0.00', '0.00', '0.00', '1,3,4,5,6,8,10,11,12,14,15,16,17,18,19,22,23,24,25,26,29,30,31,32,34,35', '主楼2层皮肤科候诊区', '08:00-12:00', '请提前15分钟候诊', '0', '1', '35', '26' );
INSERT INTO doctor_schedule ( m_code, service_date, week_day, session_code, session_name, start_time, end_time,  department_code, department_name, clinic_room_code, clinic_room_name,  doctor_code, doctor_name, doctor_title_code, doctor_title, doctor_spec,  doctor_sess_type_code, doctor_sess_type, service_code, service_name,  fee, reg_fee, checkup_fee, service_fee, other_fee, available_number_str,  admit_address_string, admit_time_range, note, time_range_flag, schedule_status,  available_total_num, available_left_num ) VALUES ( 'SCH_DOC_DEPT008_4_20260325_2', '2026-03-25', '3', '2', '下午', '13:30', '17:30', 'DEPT008', '皮肤科', 'ROOM_DEPT008_5', '皮肤科门诊1诊室', 'DOC_DEPT008_4', '胡超', '02', '副主任医师', '荨麻疹根治', '1', '专家门诊', 'SRV_001', '副主任医师挂号费', '50.00', '50.00', '0.00', '0.00', '0.00', '2,4,5,6,7,9,12,14,16,17,18,19,20,24', '主楼2层皮肤科候诊区', '13:30-17:30', '请提前15分钟候诊', '0', '1', '25', '16' );
INSERT INTO doctor_schedule ( m_code, service_date, week_day, session_code, session_name, start_time, end_time,  department_code, department_name, clinic_room_code, clinic_room_name,  doctor_code, doctor_name, doctor_title_code, doctor_title, doctor_spec,  doctor_sess_type_code, doctor_sess_type, service_code, service_name,  fee, reg_fee, checkup_fee, service_fee, other_fee, available_number_str,  admit_address_string, admit_time_range, note, time_range_flag, schedule_status,  available_total_num, available_left_num ) VALUES ( 'SCH_DOC_DEPT008_4_20260326_1', '2026-03-26', '4', '1', '上午', '08:00', '12:00', 'DEPT008', '皮肤科', 'ROOM_DEPT008_1', '皮肤科门诊1诊室', 'DOC_DEPT008_4', '胡超', '02', '副主任医师', '荨麻疹根治', '1', '专家门诊', 'SRV_001', '副主任医师挂号费', '20.00', '20.00', '0.00', '0.00', '0.00', '3,4,7,10,11,12,13,15,16,18,20,22,24,25,27,28,29,31,32,34', '主楼1层皮肤科候诊区', '08:00-12:00', '请提前15分钟候诊', '0', '1', '34', '15' );
INSERT INTO doctor_schedule ( m_code, service_date, week_day, session_code, session_name, start_time, end_time,  department_code, department_name, clinic_room_code, clinic_room_name,  doctor_code, doctor_name, doctor_title_code, doctor_title, doctor_spec,  doctor_sess_type_code, doctor_sess_type, service_code, service_name,  fee, reg_fee, checkup_fee, service_fee, other_fee, available_number_str,  admit_address_string, admit_time_range, note, time_range_flag, schedule_status,  available_total_num, available_left_num ) VALUES ( 'SCH_DOC_DEPT008_4_20260327_1', '2026-03-27', '5', '1', '上午', '08:00', '12:00', 'DEPT008', '皮肤科', 'ROOM_DEPT008_4', '皮肤科门诊3诊室', 'DOC_DEPT008_4', '胡超', '02', '副主任医师', '荨麻疹根治', '1', '专家门诊', 'SRV_001', '副主任医师挂号费', '50.00', '50.00', '0.00', '0.00', '0.00', '2,4,6,8,9,11,12,14,15,17,18,20,21,23,25,28,29,30,31,32,34', '主楼4层皮肤科候诊区', '08:00-12:00', '请提前15分钟候诊', '0', '1', '37', '23' );
INSERT INTO doctor_schedule ( m_code, service_date, week_day, session_code, session_name, start_time, end_time,  department_code, department_name, clinic_room_code, clinic_room_name,  doctor_code, doctor_name, doctor_title_code, doctor_title, doctor_spec,  doctor_sess_type_code, doctor_sess_type, service_code, service_name,  fee, reg_fee, checkup_fee, service_fee, other_fee, available_number_str,  admit_address_string, admit_time_range, note, time_range_flag, schedule_status,  available_total_num, available_left_num ) VALUES ( 'SCH_DOC_DEPT008_4_20260328_2', '2026-03-28', '6', '2', '下午', '13:30', '17:30', 'DEPT008', '皮肤科', 'ROOM_DEPT008_3', '皮肤科门诊4诊室', 'DOC_DEPT008_4', '胡超', '02', '副主任医师', '荨麻疹根治', '1', '专家门诊', 'SRV_001', '副主任医师挂号费', '50.00', '50.00', '0.00', '0.00', '0.00', '1,3,4,6,8,9,12,13,14,15,16,17,20,21,22,23,25,27,28,29,30', '主楼6层皮肤科候诊区', '13:30-17:30', '请提前15分钟候诊', '0', '1', '31', '13' );
INSERT INTO doctor (doctor_code, doctor_name, department_code, title, specialty, doctor_des, doctor_image) VALUES ('DOC_DEPT008_5', '郭明', 'DEPT008', '主治医师', '脱发与头皮管理', '郭明主治医师，从事皮肤科临床工作9年，具备深厚的临床背景。他擅长脱发与头皮管理的诊疗，已成功治愈数千例相关患者。', 'doc_DOC_DEPT008_5.png');
INSERT INTO doctor_schedule ( m_code, service_date, week_day, session_code, session_name, start_time, end_time,  department_code, department_name, clinic_room_code, clinic_room_name,  doctor_code, doctor_name, doctor_title_code, doctor_title, doctor_spec,  doctor_sess_type_code, doctor_sess_type, service_code, service_name,  fee, reg_fee, checkup_fee, service_fee, other_fee, available_number_str,  admit_address_string, admit_time_range, note, time_range_flag, schedule_status,  available_total_num, available_left_num ) VALUES ( 'SCH_DOC_DEPT008_5_20260316_2', '2026-03-16', '1', '2', '下午', '13:30', '17:30', 'DEPT008', '皮肤科', 'ROOM_DEPT008_3', '皮肤科门诊5诊室', 'DOC_DEPT008_5', '郭明', '03', '主治医师', '脱发与头皮管理', '1', '专家门诊', 'SRV_001', '主治医师挂号费', '15.00', '15.00', '0.00', '0.00', '0.00', '1,2,4,5,6,8,9,10,11,12,13,14,15,16,18,19,21,24,25,26,28,29,30,32', '主楼5层皮肤科候诊区', '13:30-17:30', '请提前15分钟候诊', '0', '1', '34', '16' );
INSERT INTO doctor_schedule ( m_code, service_date, week_day, session_code, session_name, start_time, end_time,  department_code, department_name, clinic_room_code, clinic_room_name,  doctor_code, doctor_name, doctor_title_code, doctor_title, doctor_spec,  doctor_sess_type_code, doctor_sess_type, service_code, service_name,  fee, reg_fee, checkup_fee, service_fee, other_fee, available_number_str,  admit_address_string, admit_time_range, note, time_range_flag, schedule_status,  available_total_num, available_left_num ) VALUES ( 'SCH_DOC_DEPT008_5_20260316_1', '2026-03-16', '1', '1', '上午', '08:00', '12:00', 'DEPT008', '皮肤科', 'ROOM_DEPT008_2', '皮肤科门诊3诊室', 'DOC_DEPT008_5', '郭明', '03', '主治医师', '脱发与头皮管理', '1', '专家门诊', 'SRV_001', '主治医师挂号费', '50.00', '50.00', '0.00', '0.00', '0.00', '1,2,3,4,5,6,7,8,9,10,11,12,13,14,16', '主楼5层皮肤科候诊区', '08:00-12:00', '请提前15分钟候诊', '0', '1', '16', '13' );
INSERT INTO doctor_schedule ( m_code, service_date, week_day, session_code, session_name, start_time, end_time,  department_code, department_name, clinic_room_code, clinic_room_name,  doctor_code, doctor_name, doctor_title_code, doctor_title, doctor_spec,  doctor_sess_type_code, doctor_sess_type, service_code, service_name,  fee, reg_fee, checkup_fee, service_fee, other_fee, available_number_str,  admit_address_string, admit_time_range, note, time_range_flag, schedule_status,  available_total_num, available_left_num ) VALUES ( 'SCH_DOC_DEPT008_5_20260317_2', '2026-03-17', '2', '2', '下午', '13:30', '17:30', 'DEPT008', '皮肤科', 'ROOM_DEPT008_1', '皮肤科门诊4诊室', 'DOC_DEPT008_5', '郭明', '03', '主治医师', '脱发与头皮管理', '1', '专家门诊', 'SRV_001', '主治医师挂号费', '20.00', '20.00', '0.00', '0.00', '0.00', '1,3,4,5,6,7,8,9,11,12,13,14,15,16,17,18,19', '主楼5层皮肤科候诊区', '13:30-17:30', '请提前15分钟候诊', '0', '1', '19', '15' );
INSERT INTO doctor_schedule ( m_code, service_date, week_day, session_code, session_name, start_time, end_time,  department_code, department_name, clinic_room_code, clinic_room_name,  doctor_code, doctor_name, doctor_title_code, doctor_title, doctor_spec,  doctor_sess_type_code, doctor_sess_type, service_code, service_name,  fee, reg_fee, checkup_fee, service_fee, other_fee, available_number_str,  admit_address_string, admit_time_range, note, time_range_flag, schedule_status,  available_total_num, available_left_num ) VALUES ( 'SCH_DOC_DEPT008_5_20260317_1', '2026-03-17', '2', '1', '上午', '08:00', '12:00', 'DEPT008', '皮肤科', 'ROOM_DEPT008_5', '皮肤科门诊4诊室', 'DOC_DEPT008_5', '郭明', '03', '主治医师', '脱发与头皮管理', '1', '专家门诊', 'SRV_001', '主治医师挂号费', '15.00', '15.00', '0.00', '0.00', '0.00', '4,8,9,10,11,13,14,15,16,17,19,21,22,23,24,25,26,28,29,30,32', '主楼4层皮肤科候诊区', '08:00-12:00', '请提前15分钟候诊', '0', '1', '32', '21' );
INSERT INTO doctor_schedule ( m_code, service_date, week_day, session_code, session_name, start_time, end_time,  department_code, department_name, clinic_room_code, clinic_room_name,  doctor_code, doctor_name, doctor_title_code, doctor_title, doctor_spec,  doctor_sess_type_code, doctor_sess_type, service_code, service_name,  fee, reg_fee, checkup_fee, service_fee, other_fee, available_number_str,  admit_address_string, admit_time_range, note, time_range_flag, schedule_status,  available_total_num, available_left_num ) VALUES ( 'SCH_DOC_DEPT008_5_20260318_1', '2026-03-18', '3', '1', '上午', '08:00', '12:00', 'DEPT008', '皮肤科', 'ROOM_DEPT008_3', '皮肤科门诊2诊室', 'DOC_DEPT008_5', '郭明', '03', '主治医师', '脱发与头皮管理', '1', '专家门诊', 'SRV_001', '主治医师挂号费', '15.00', '15.00', '0.00', '0.00', '0.00', '3,4,5,6,7,8,10,12,13,14,16', '主楼2层皮肤科候诊区', '08:00-12:00', '请提前15分钟候诊', '0', '1', '16', '15' );
INSERT INTO doctor_schedule ( m_code, service_date, week_day, session_code, session_name, start_time, end_time,  department_code, department_name, clinic_room_code, clinic_room_name,  doctor_code, doctor_name, doctor_title_code, doctor_title, doctor_spec,  doctor_sess_type_code, doctor_sess_type, service_code, service_name,  fee, reg_fee, checkup_fee, service_fee, other_fee, available_number_str,  admit_address_string, admit_time_range, note, time_range_flag, schedule_status,  available_total_num, available_left_num ) VALUES ( 'SCH_DOC_DEPT008_5_20260319_2', '2026-03-19', '4', '2', '下午', '13:30', '17:30', 'DEPT008', '皮肤科', 'ROOM_DEPT008_3', '皮肤科门诊5诊室', 'DOC_DEPT008_5', '郭明', '03', '主治医师', '脱发与头皮管理', '1', '专家门诊', 'SRV_001', '主治医师挂号费', '50.00', '50.00', '0.00', '0.00', '0.00', '1,2,3,4,5,7,8,10,11,12,13,14,15,17,18,20,21,26', '主楼6层皮肤科候诊区', '13:30-17:30', '请提前15分钟候诊', '0', '1', '26', '23' );
INSERT INTO doctor_schedule ( m_code, service_date, week_day, session_code, session_name, start_time, end_time,  department_code, department_name, clinic_room_code, clinic_room_name,  doctor_code, doctor_name, doctor_title_code, doctor_title, doctor_spec,  doctor_sess_type_code, doctor_sess_type, service_code, service_name,  fee, reg_fee, checkup_fee, service_fee, other_fee, available_number_str,  admit_address_string, admit_time_range, note, time_range_flag, schedule_status,  available_total_num, available_left_num ) VALUES ( 'SCH_DOC_DEPT008_5_20260320_1', '2026-03-20', '5', '1', '上午', '08:00', '12:00', 'DEPT008', '皮肤科', 'ROOM_DEPT008_5', '皮肤科门诊5诊室', 'DOC_DEPT008_5', '郭明', '03', '主治医师', '脱发与头皮管理', '1', '专家门诊', 'SRV_001', '主治医师挂号费', '15.00', '15.00', '0.00', '0.00', '0.00', '1,2,5,7,9,10,13,14,17,19', '主楼6层皮肤科候诊区', '08:00-12:00', '请提前15分钟候诊', '0', '1', '19', '18' );
INSERT INTO doctor_schedule ( m_code, service_date, week_day, session_code, session_name, start_time, end_time,  department_code, department_name, clinic_room_code, clinic_room_name,  doctor_code, doctor_name, doctor_title_code, doctor_title, doctor_spec,  doctor_sess_type_code, doctor_sess_type, service_code, service_name,  fee, reg_fee, checkup_fee, service_fee, other_fee, available_number_str,  admit_address_string, admit_time_range, note, time_range_flag, schedule_status,  available_total_num, available_left_num ) VALUES ( 'SCH_DOC_DEPT008_5_20260321_1', '2026-03-21', '6', '1', '上午', '08:00', '12:00', 'DEPT008', '皮肤科', 'ROOM_DEPT008_3', '皮肤科门诊1诊室', 'DOC_DEPT008_5', '郭明', '03', '主治医师', '脱发与头皮管理', '1', '专家门诊', 'SRV_001', '主治医师挂号费', '50.00', '50.00', '0.00', '0.00', '0.00', '1,3,4,5,6,9,13,14,15,16,17,19,20,21,22,23,24,25,26,27', '主楼5层皮肤科候诊区', '08:00-12:00', '请提前15分钟候诊', '0', '1', '27', '23' );
INSERT INTO doctor_schedule ( m_code, service_date, week_day, session_code, session_name, start_time, end_time,  department_code, department_name, clinic_room_code, clinic_room_name,  doctor_code, doctor_name, doctor_title_code, doctor_title, doctor_spec,  doctor_sess_type_code, doctor_sess_type, service_code, service_name,  fee, reg_fee, checkup_fee, service_fee, other_fee, available_number_str,  admit_address_string, admit_time_range, note, time_range_flag, schedule_status,  available_total_num, available_left_num ) VALUES ( 'SCH_DOC_DEPT008_5_20260321_2', '2026-03-21', '6', '2', '下午', '13:30', '17:30', 'DEPT008', '皮肤科', 'ROOM_DEPT008_4', '皮肤科门诊5诊室', 'DOC_DEPT008_5', '郭明', '03', '主治医师', '脱发与头皮管理', '1', '专家门诊', 'SRV_001', '主治医师挂号费', '50.00', '50.00', '0.00', '0.00', '0.00', '1,2,4,5,6,7,8,9,10,11,12,14,16,17,19,21,22,24,26', '主楼4层皮肤科候诊区', '13:30-17:30', '请提前15分钟候诊', '0', '1', '26', '7' );
INSERT INTO doctor_schedule ( m_code, service_date, week_day, session_code, session_name, start_time, end_time,  department_code, department_name, clinic_room_code, clinic_room_name,  doctor_code, doctor_name, doctor_title_code, doctor_title, doctor_spec,  doctor_sess_type_code, doctor_sess_type, service_code, service_name,  fee, reg_fee, checkup_fee, service_fee, other_fee, available_number_str,  admit_address_string, admit_time_range, note, time_range_flag, schedule_status,  available_total_num, available_left_num ) VALUES ( 'SCH_DOC_DEPT008_5_20260322_2', '2026-03-22', '7', '2', '下午', '13:30', '17:30', 'DEPT008', '皮肤科', 'ROOM_DEPT008_4', '皮肤科门诊4诊室', 'DOC_DEPT008_5', '郭明', '03', '主治医师', '脱发与头皮管理', '1', '专家门诊', 'SRV_001', '主治医师挂号费', '15.00', '15.00', '0.00', '0.00', '0.00', '1,2,4,7,8,10,11,13,15,16,17,18,21,24,25,28,29,30,31', '主楼6层皮肤科候诊区', '13:30-17:30', '请提前15分钟候诊', '0', '1', '32', '32' );
INSERT INTO doctor_schedule ( m_code, service_date, week_day, session_code, session_name, start_time, end_time,  department_code, department_name, clinic_room_code, clinic_room_name,  doctor_code, doctor_name, doctor_title_code, doctor_title, doctor_spec,  doctor_sess_type_code, doctor_sess_type, service_code, service_name,  fee, reg_fee, checkup_fee, service_fee, other_fee, available_number_str,  admit_address_string, admit_time_range, note, time_range_flag, schedule_status,  available_total_num, available_left_num ) VALUES ( 'SCH_DOC_DEPT008_5_20260323_2', '2026-03-23', '1', '2', '下午', '13:30', '17:30', 'DEPT008', '皮肤科', 'ROOM_DEPT008_4', '皮肤科门诊4诊室', 'DOC_DEPT008_5', '郭明', '03', '主治医师', '脱发与头皮管理', '1', '专家门诊', 'SRV_001', '主治医师挂号费', '20.00', '20.00', '0.00', '0.00', '0.00', '2,3,4,5,8,9,13,15,17,19,20,22,23,24,25,26,28', '主楼1层皮肤科候诊区', '13:30-17:30', '请提前15分钟候诊', '0', '1', '28', '20' );
INSERT INTO doctor_schedule ( m_code, service_date, week_day, session_code, session_name, start_time, end_time,  department_code, department_name, clinic_room_code, clinic_room_name,  doctor_code, doctor_name, doctor_title_code, doctor_title, doctor_spec,  doctor_sess_type_code, doctor_sess_type, service_code, service_name,  fee, reg_fee, checkup_fee, service_fee, other_fee, available_number_str,  admit_address_string, admit_time_range, note, time_range_flag, schedule_status,  available_total_num, available_left_num ) VALUES ( 'SCH_DOC_DEPT008_5_20260323_1', '2026-03-23', '1', '1', '上午', '08:00', '12:00', 'DEPT008', '皮肤科', 'ROOM_DEPT008_5', '皮肤科门诊1诊室', 'DOC_DEPT008_5', '郭明', '03', '主治医师', '脱发与头皮管理', '1', '专家门诊', 'SRV_001', '主治医师挂号费', '20.00', '20.00', '0.00', '0.00', '0.00', '4,7,8,10,11,12,13,14,15,16', '主楼6层皮肤科候诊区', '08:00-12:00', '请提前15分钟候诊', '0', '1', '16', '9' );
INSERT INTO doctor_schedule ( m_code, service_date, week_day, session_code, session_name, start_time, end_time,  department_code, department_name, clinic_room_code, clinic_room_name,  doctor_code, doctor_name, doctor_title_code, doctor_title, doctor_spec,  doctor_sess_type_code, doctor_sess_type, service_code, service_name,  fee, reg_fee, checkup_fee, service_fee, other_fee, available_number_str,  admit_address_string, admit_time_range, note, time_range_flag, schedule_status,  available_total_num, available_left_num ) VALUES ( 'SCH_DOC_DEPT008_5_20260325_2', '2026-03-25', '3', '2', '下午', '13:30', '17:30', 'DEPT008', '皮肤科', 'ROOM_DEPT008_2', '皮肤科门诊3诊室', 'DOC_DEPT008_5', '郭明', '03', '主治医师', '脱发与头皮管理', '1', '专家门诊', 'SRV_001', '主治医师挂号费', '50.00', '50.00', '0.00', '0.00', '0.00', '1,2,4,5,6,7,8,9,11,12,13,14,15,16,17,18,19', '主楼1层皮肤科候诊区', '13:30-17:30', '请提前15分钟候诊', '0', '1', '19', '8' );
INSERT INTO doctor_schedule ( m_code, service_date, week_day, session_code, session_name, start_time, end_time,  department_code, department_name, clinic_room_code, clinic_room_name,  doctor_code, doctor_name, doctor_title_code, doctor_title, doctor_spec,  doctor_sess_type_code, doctor_sess_type, service_code, service_name,  fee, reg_fee, checkup_fee, service_fee, other_fee, available_number_str,  admit_address_string, admit_time_range, note, time_range_flag, schedule_status,  available_total_num, available_left_num ) VALUES ( 'SCH_DOC_DEPT008_5_20260325_1', '2026-03-25', '3', '1', '上午', '08:00', '12:00', 'DEPT008', '皮肤科', 'ROOM_DEPT008_5', '皮肤科门诊4诊室', 'DOC_DEPT008_5', '郭明', '03', '主治医师', '脱发与头皮管理', '1', '专家门诊', 'SRV_001', '主治医师挂号费', '20.00', '20.00', '0.00', '0.00', '0.00', '1,2,3,4,5,6,7,8,9,10,13,14,19,20,21,22,23,24', '主楼4层皮肤科候诊区', '08:00-12:00', '请提前15分钟候诊', '0', '1', '24', '16' );
INSERT INTO doctor_schedule ( m_code, service_date, week_day, session_code, session_name, start_time, end_time,  department_code, department_name, clinic_room_code, clinic_room_name,  doctor_code, doctor_name, doctor_title_code, doctor_title, doctor_spec,  doctor_sess_type_code, doctor_sess_type, service_code, service_name,  fee, reg_fee, checkup_fee, service_fee, other_fee, available_number_str,  admit_address_string, admit_time_range, note, time_range_flag, schedule_status,  available_total_num, available_left_num ) VALUES ( 'SCH_DOC_DEPT008_5_20260326_2', '2026-03-26', '4', '2', '下午', '13:30', '17:30', 'DEPT008', '皮肤科', 'ROOM_DEPT008_2', '皮肤科门诊1诊室', 'DOC_DEPT008_5', '郭明', '03', '主治医师', '脱发与头皮管理', '1', '专家门诊', 'SRV_001', '主治医师挂号费', '15.00', '15.00', '0.00', '0.00', '0.00', '1,2,4,6,8,10,11,12,14,15,16,17,19,20,21,22,23,24,25,26,27,28,29,33,34', '主楼6层皮肤科候诊区', '13:30-17:30', '请提前15分钟候诊', '0', '1', '34', '22' );
INSERT INTO doctor_schedule ( m_code, service_date, week_day, session_code, session_name, start_time, end_time,  department_code, department_name, clinic_room_code, clinic_room_name,  doctor_code, doctor_name, doctor_title_code, doctor_title, doctor_spec,  doctor_sess_type_code, doctor_sess_type, service_code, service_name,  fee, reg_fee, checkup_fee, service_fee, other_fee, available_number_str,  admit_address_string, admit_time_range, note, time_range_flag, schedule_status,  available_total_num, available_left_num ) VALUES ( 'SCH_DOC_DEPT008_5_20260326_1', '2026-03-26', '4', '1', '上午', '08:00', '12:00', 'DEPT008', '皮肤科', 'ROOM_DEPT008_1', '皮肤科门诊1诊室', 'DOC_DEPT008_5', '郭明', '03', '主治医师', '脱发与头皮管理', '1', '专家门诊', 'SRV_001', '主治医师挂号费', '15.00', '15.00', '0.00', '0.00', '0.00', '1,4,7,8,9,10,11,12,15,16,17,18,19,20,21,22,25,27', '主楼5层皮肤科候诊区', '08:00-12:00', '请提前15分钟候诊', '0', '1', '29', '26' );
INSERT INTO doctor_schedule ( m_code, service_date, week_day, session_code, session_name, start_time, end_time,  department_code, department_name, clinic_room_code, clinic_room_name,  doctor_code, doctor_name, doctor_title_code, doctor_title, doctor_spec,  doctor_sess_type_code, doctor_sess_type, service_code, service_name,  fee, reg_fee, checkup_fee, service_fee, other_fee, available_number_str,  admit_address_string, admit_time_range, note, time_range_flag, schedule_status,  available_total_num, available_left_num ) VALUES ( 'SCH_DOC_DEPT008_5_20260328_2', '2026-03-28', '6', '2', '下午', '13:30', '17:30', 'DEPT008', '皮肤科', 'ROOM_DEPT008_1', '皮肤科门诊1诊室', 'DOC_DEPT008_5', '郭明', '03', '主治医师', '脱发与头皮管理', '1', '专家门诊', 'SRV_001', '主治医师挂号费', '15.00', '15.00', '0.00', '0.00', '0.00', '1,2,3,4,5,6,7,8,9,10,11,12,13,14,15,16,19,20,21,24,26,27,28,29,30,31,32,34,38,40', '主楼5层皮肤科候诊区', '13:30-17:30', '请提前15分钟候诊', '0', '1', '40', '27' );
INSERT INTO doctor_schedule ( m_code, service_date, week_day, session_code, session_name, start_time, end_time,  department_code, department_name, clinic_room_code, clinic_room_name,  doctor_code, doctor_name, doctor_title_code, doctor_title, doctor_spec,  doctor_sess_type_code, doctor_sess_type, service_code, service_name,  fee, reg_fee, checkup_fee, service_fee, other_fee, available_number_str,  admit_address_string, admit_time_range, note, time_range_flag, schedule_status,  available_total_num, available_left_num ) VALUES ( 'SCH_DOC_DEPT008_5_20260329_2', '2026-03-29', '7', '2', '下午', '13:30', '17:30', 'DEPT008', '皮肤科', 'ROOM_DEPT008_4', '皮肤科门诊3诊室', 'DOC_DEPT008_5', '郭明', '03', '主治医师', '脱发与头皮管理', '1', '专家门诊', 'SRV_001', '主治医师挂号费', '15.00', '15.00', '0.00', '0.00', '0.00', '1,4,5,6,7,8,9,13,15,16,17,18,19,20,21,22,23,24,25,26,27,28,29,31,32,33,35,36', '主楼5层皮肤科候诊区', '13:30-17:30', '请提前15分钟候诊', '0', '1', '37', '33' );
INSERT INTO doctor (doctor_code, doctor_name, department_code, title, specialty, doctor_des, doctor_image) VALUES ('DOC_DEPT009_1', '刘洋', 'DEPT009', '副主任医师', '人工髋/膝关节置换', '刘洋副主任医师，从事骨科临床工作20年，具备深厚的临床背景。她专注于人工髋/膝关节置换的诊疗，已成功治愈数千例相关患者。', 'doc_DOC_DEPT009_1.png');
INSERT INTO doctor_schedule ( m_code, service_date, week_day, session_code, session_name, start_time, end_time,  department_code, department_name, clinic_room_code, clinic_room_name,  doctor_code, doctor_name, doctor_title_code, doctor_title, doctor_spec,  doctor_sess_type_code, doctor_sess_type, service_code, service_name,  fee, reg_fee, checkup_fee, service_fee, other_fee, available_number_str,  admit_address_string, admit_time_range, note, time_range_flag, schedule_status,  available_total_num, available_left_num ) VALUES ( 'SCH_DOC_DEPT009_1_20260316_1', '2026-03-16', '1', '1', '上午', '08:00', '12:00', 'DEPT009', '骨科', 'ROOM_DEPT009_2', '骨科门诊5诊室', 'DOC_DEPT009_1', '刘洋', '02', '副主任医师', '人工髋/膝关节置换', '1', '专家门诊', 'SRV_001', '副主任医师挂号费', '50.00', '50.00', '0.00', '0.00', '0.00', '2,3,5,6,7,9,10,11,12,13,14,15,16,18,21,22,26,31', '主楼1层骨科候诊区', '08:00-12:00', '请提前15分钟候诊', '0', '1', '31', '21' );
INSERT INTO doctor_schedule ( m_code, service_date, week_day, session_code, session_name, start_time, end_time,  department_code, department_name, clinic_room_code, clinic_room_name,  doctor_code, doctor_name, doctor_title_code, doctor_title, doctor_spec,  doctor_sess_type_code, doctor_sess_type, service_code, service_name,  fee, reg_fee, checkup_fee, service_fee, other_fee, available_number_str,  admit_address_string, admit_time_range, note, time_range_flag, schedule_status,  available_total_num, available_left_num ) VALUES ( 'SCH_DOC_DEPT009_1_20260317_2', '2026-03-17', '2', '2', '下午', '13:30', '17:30', 'DEPT009', '骨科', 'ROOM_DEPT009_2', '骨科门诊5诊室', 'DOC_DEPT009_1', '刘洋', '02', '副主任医师', '人工髋/膝关节置换', '1', '专家门诊', 'SRV_001', '副主任医师挂号费', '15.00', '15.00', '0.00', '0.00', '0.00', '2,3,5,6,7,9,10,12,13,14,17,18,19,20,21,23,24,26,27,29,30,31,32,33,35,36,37,38,39', '主楼4层骨科候诊区', '13:30-17:30', '请提前15分钟候诊', '0', '1', '39', '16' );
INSERT INTO doctor_schedule ( m_code, service_date, week_day, session_code, session_name, start_time, end_time,  department_code, department_name, clinic_room_code, clinic_room_name,  doctor_code, doctor_name, doctor_title_code, doctor_title, doctor_spec,  doctor_sess_type_code, doctor_sess_type, service_code, service_name,  fee, reg_fee, checkup_fee, service_fee, other_fee, available_number_str,  admit_address_string, admit_time_range, note, time_range_flag, schedule_status,  available_total_num, available_left_num ) VALUES ( 'SCH_DOC_DEPT009_1_20260317_1', '2026-03-17', '2', '1', '上午', '08:00', '12:00', 'DEPT009', '骨科', 'ROOM_DEPT009_4', '骨科门诊1诊室', 'DOC_DEPT009_1', '刘洋', '02', '副主任医师', '人工髋/膝关节置换', '1', '专家门诊', 'SRV_001', '副主任医师挂号费', '20.00', '20.00', '0.00', '0.00', '0.00', '1,4,5,7,8,9,12,14,15,17,18,19,20,21,22,25', '主楼2层骨科候诊区', '08:00-12:00', '请提前15分钟候诊', '0', '1', '26', '17' );
INSERT INTO doctor_schedule ( m_code, service_date, week_day, session_code, session_name, start_time, end_time,  department_code, department_name, clinic_room_code, clinic_room_name,  doctor_code, doctor_name, doctor_title_code, doctor_title, doctor_spec,  doctor_sess_type_code, doctor_sess_type, service_code, service_name,  fee, reg_fee, checkup_fee, service_fee, other_fee, available_number_str,  admit_address_string, admit_time_range, note, time_range_flag, schedule_status,  available_total_num, available_left_num ) VALUES ( 'SCH_DOC_DEPT009_1_20260318_2', '2026-03-18', '3', '2', '下午', '13:30', '17:30', 'DEPT009', '骨科', 'ROOM_DEPT009_1', '骨科门诊4诊室', 'DOC_DEPT009_1', '刘洋', '02', '副主任医师', '人工髋/膝关节置换', '1', '专家门诊', 'SRV_001', '副主任医师挂号费', '15.00', '15.00', '0.00', '0.00', '0.00', '1,2,4,5,6,7,8,9,10,11,12,13,14,16', '主楼2层骨科候诊区', '13:30-17:30', '请提前15分钟候诊', '0', '1', '17', '10' );
INSERT INTO doctor_schedule ( m_code, service_date, week_day, session_code, session_name, start_time, end_time,  department_code, department_name, clinic_room_code, clinic_room_name,  doctor_code, doctor_name, doctor_title_code, doctor_title, doctor_spec,  doctor_sess_type_code, doctor_sess_type, service_code, service_name,  fee, reg_fee, checkup_fee, service_fee, other_fee, available_number_str,  admit_address_string, admit_time_range, note, time_range_flag, schedule_status,  available_total_num, available_left_num ) VALUES ( 'SCH_DOC_DEPT009_1_20260318_1', '2026-03-18', '3', '1', '上午', '08:00', '12:00', 'DEPT009', '骨科', 'ROOM_DEPT009_5', '骨科门诊5诊室', 'DOC_DEPT009_1', '刘洋', '02', '副主任医师', '人工髋/膝关节置换', '1', '专家门诊', 'SRV_001', '副主任医师挂号费', '15.00', '15.00', '0.00', '0.00', '0.00', '1,2,3,5,6,7,8,10,13,14', '主楼3层骨科候诊区', '08:00-12:00', '请提前15分钟候诊', '0', '1', '15', '7' );
INSERT INTO doctor_schedule ( m_code, service_date, week_day, session_code, session_name, start_time, end_time,  department_code, department_name, clinic_room_code, clinic_room_name,  doctor_code, doctor_name, doctor_title_code, doctor_title, doctor_spec,  doctor_sess_type_code, doctor_sess_type, service_code, service_name,  fee, reg_fee, checkup_fee, service_fee, other_fee, available_number_str,  admit_address_string, admit_time_range, note, time_range_flag, schedule_status,  available_total_num, available_left_num ) VALUES ( 'SCH_DOC_DEPT009_1_20260320_2', '2026-03-20', '5', '2', '下午', '13:30', '17:30', 'DEPT009', '骨科', 'ROOM_DEPT009_5', '骨科门诊2诊室', 'DOC_DEPT009_1', '刘洋', '02', '副主任医师', '人工髋/膝关节置换', '1', '专家门诊', 'SRV_001', '副主任医师挂号费', '20.00', '20.00', '0.00', '0.00', '0.00', '1,2,4,6,7,9,10,11,13,14,15,17,18,20,21,22,23,25,27,29,30,31,33,35,37', '主楼2层骨科候诊区', '13:30-17:30', '请提前15分钟候诊', '0', '1', '37', '25' );
INSERT INTO doctor_schedule ( m_code, service_date, week_day, session_code, session_name, start_time, end_time,  department_code, department_name, clinic_room_code, clinic_room_name,  doctor_code, doctor_name, doctor_title_code, doctor_title, doctor_spec,  doctor_sess_type_code, doctor_sess_type, service_code, service_name,  fee, reg_fee, checkup_fee, service_fee, other_fee, available_number_str,  admit_address_string, admit_time_range, note, time_range_flag, schedule_status,  available_total_num, available_left_num ) VALUES ( 'SCH_DOC_DEPT009_1_20260320_1', '2026-03-20', '5', '1', '上午', '08:00', '12:00', 'DEPT009', '骨科', 'ROOM_DEPT009_2', '骨科门诊2诊室', 'DOC_DEPT009_1', '刘洋', '02', '副主任医师', '人工髋/膝关节置换', '1', '专家门诊', 'SRV_001', '副主任医师挂号费', '20.00', '20.00', '0.00', '0.00', '0.00', '1,2,3,5,6,7,9,10,15,16,17,19,22,24,25,26,27,28,29,30,31,32,33,35,36,37', '主楼2层骨科候诊区', '08:00-12:00', '请提前15分钟候诊', '0', '1', '37', '16' );
INSERT INTO doctor_schedule ( m_code, service_date, week_day, session_code, session_name, start_time, end_time,  department_code, department_name, clinic_room_code, clinic_room_name,  doctor_code, doctor_name, doctor_title_code, doctor_title, doctor_spec,  doctor_sess_type_code, doctor_sess_type, service_code, service_name,  fee, reg_fee, checkup_fee, service_fee, other_fee, available_number_str,  admit_address_string, admit_time_range, note, time_range_flag, schedule_status,  available_total_num, available_left_num ) VALUES ( 'SCH_DOC_DEPT009_1_20260321_1', '2026-03-21', '6', '1', '上午', '08:00', '12:00', 'DEPT009', '骨科', 'ROOM_DEPT009_4', '骨科门诊4诊室', 'DOC_DEPT009_1', '刘洋', '02', '副主任医师', '人工髋/膝关节置换', '1', '专家门诊', 'SRV_001', '副主任医师挂号费', '50.00', '50.00', '0.00', '0.00', '0.00', '1,2,5,6,7,8,10,12,13,15,16,17,18,20,21,23,24,26,27,28,29,30,31,34', '主楼4层骨科候诊区', '08:00-12:00', '请提前15分钟候诊', '0', '1', '34', '34' );
INSERT INTO doctor_schedule ( m_code, service_date, week_day, session_code, session_name, start_time, end_time,  department_code, department_name, clinic_room_code, clinic_room_name,  doctor_code, doctor_name, doctor_title_code, doctor_title, doctor_spec,  doctor_sess_type_code, doctor_sess_type, service_code, service_name,  fee, reg_fee, checkup_fee, service_fee, other_fee, available_number_str,  admit_address_string, admit_time_range, note, time_range_flag, schedule_status,  available_total_num, available_left_num ) VALUES ( 'SCH_DOC_DEPT009_1_20260322_2', '2026-03-22', '7', '2', '下午', '13:30', '17:30', 'DEPT009', '骨科', 'ROOM_DEPT009_1', '骨科门诊5诊室', 'DOC_DEPT009_1', '刘洋', '02', '副主任医师', '人工髋/膝关节置换', '1', '专家门诊', 'SRV_001', '副主任医师挂号费', '15.00', '15.00', '0.00', '0.00', '0.00', '1,5,6,7,8,9,12,13,14,15,16,17,18,20,21,22,24,25,27,28', '主楼2层骨科候诊区', '13:30-17:30', '请提前15分钟候诊', '0', '1', '30', '29' );
INSERT INTO doctor_schedule ( m_code, service_date, week_day, session_code, session_name, start_time, end_time,  department_code, department_name, clinic_room_code, clinic_room_name,  doctor_code, doctor_name, doctor_title_code, doctor_title, doctor_spec,  doctor_sess_type_code, doctor_sess_type, service_code, service_name,  fee, reg_fee, checkup_fee, service_fee, other_fee, available_number_str,  admit_address_string, admit_time_range, note, time_range_flag, schedule_status,  available_total_num, available_left_num ) VALUES ( 'SCH_DOC_DEPT009_1_20260322_1', '2026-03-22', '7', '1', '上午', '08:00', '12:00', 'DEPT009', '骨科', 'ROOM_DEPT009_1', '骨科门诊1诊室', 'DOC_DEPT009_1', '刘洋', '02', '副主任医师', '人工髋/膝关节置换', '1', '专家门诊', 'SRV_001', '副主任医师挂号费', '50.00', '50.00', '0.00', '0.00', '0.00', '2,3,4,5,8,9,10,11,13,16,17,18,20,21', '主楼2层骨科候诊区', '08:00-12:00', '请提前15分钟候诊', '0', '1', '21', '18' );
INSERT INTO doctor_schedule ( m_code, service_date, week_day, session_code, session_name, start_time, end_time,  department_code, department_name, clinic_room_code, clinic_room_name,  doctor_code, doctor_name, doctor_title_code, doctor_title, doctor_spec,  doctor_sess_type_code, doctor_sess_type, service_code, service_name,  fee, reg_fee, checkup_fee, service_fee, other_fee, available_number_str,  admit_address_string, admit_time_range, note, time_range_flag, schedule_status,  available_total_num, available_left_num ) VALUES ( 'SCH_DOC_DEPT009_1_20260323_1', '2026-03-23', '1', '1', '上午', '08:00', '12:00', 'DEPT009', '骨科', 'ROOM_DEPT009_3', '骨科门诊4诊室', 'DOC_DEPT009_1', '刘洋', '02', '副主任医师', '人工髋/膝关节置换', '1', '专家门诊', 'SRV_001', '副主任医师挂号费', '50.00', '50.00', '0.00', '0.00', '0.00', '1,2,3,4,8,9,11', '主楼2层骨科候诊区', '08:00-12:00', '请提前15分钟候诊', '0', '1', '15', '8' );
INSERT INTO doctor_schedule ( m_code, service_date, week_day, session_code, session_name, start_time, end_time,  department_code, department_name, clinic_room_code, clinic_room_name,  doctor_code, doctor_name, doctor_title_code, doctor_title, doctor_spec,  doctor_sess_type_code, doctor_sess_type, service_code, service_name,  fee, reg_fee, checkup_fee, service_fee, other_fee, available_number_str,  admit_address_string, admit_time_range, note, time_range_flag, schedule_status,  available_total_num, available_left_num ) VALUES ( 'SCH_DOC_DEPT009_1_20260324_2', '2026-03-24', '2', '2', '下午', '13:30', '17:30', 'DEPT009', '骨科', 'ROOM_DEPT009_5', '骨科门诊4诊室', 'DOC_DEPT009_1', '刘洋', '02', '副主任医师', '人工髋/膝关节置换', '1', '专家门诊', 'SRV_001', '副主任医师挂号费', '50.00', '50.00', '0.00', '0.00', '0.00', '3,4,5,6,7,8,10,11,12,14,15,16,18,19,20,21,22,23,24,25,26,28,30,34,35,36,37', '主楼1层骨科候诊区', '13:30-17:30', '请提前15分钟候诊', '0', '1', '37', '33' );
INSERT INTO doctor_schedule ( m_code, service_date, week_day, session_code, session_name, start_time, end_time,  department_code, department_name, clinic_room_code, clinic_room_name,  doctor_code, doctor_name, doctor_title_code, doctor_title, doctor_spec,  doctor_sess_type_code, doctor_sess_type, service_code, service_name,  fee, reg_fee, checkup_fee, service_fee, other_fee, available_number_str,  admit_address_string, admit_time_range, note, time_range_flag, schedule_status,  available_total_num, available_left_num ) VALUES ( 'SCH_DOC_DEPT009_1_20260325_2', '2026-03-25', '3', '2', '下午', '13:30', '17:30', 'DEPT009', '骨科', 'ROOM_DEPT009_1', '骨科门诊1诊室', 'DOC_DEPT009_1', '刘洋', '02', '副主任医师', '人工髋/膝关节置换', '1', '专家门诊', 'SRV_001', '副主任医师挂号费', '20.00', '20.00', '0.00', '0.00', '0.00', '4,5,7,10,11,12,13,14,16,17,18,19,20,21,22,24', '主楼3层骨科候诊区', '13:30-17:30', '请提前15分钟候诊', '0', '1', '24', '6' );
INSERT INTO doctor_schedule ( m_code, service_date, week_day, session_code, session_name, start_time, end_time,  department_code, department_name, clinic_room_code, clinic_room_name,  doctor_code, doctor_name, doctor_title_code, doctor_title, doctor_spec,  doctor_sess_type_code, doctor_sess_type, service_code, service_name,  fee, reg_fee, checkup_fee, service_fee, other_fee, available_number_str,  admit_address_string, admit_time_range, note, time_range_flag, schedule_status,  available_total_num, available_left_num ) VALUES ( 'SCH_DOC_DEPT009_1_20260328_2', '2026-03-28', '6', '2', '下午', '13:30', '17:30', 'DEPT009', '骨科', 'ROOM_DEPT009_5', '骨科门诊4诊室', 'DOC_DEPT009_1', '刘洋', '02', '副主任医师', '人工髋/膝关节置换', '1', '专家门诊', 'SRV_001', '副主任医师挂号费', '20.00', '20.00', '0.00', '0.00', '0.00', '1,2,3,4,5,6,7,8,10,12,13,14,15,16,17,19,20,21,22,23,24,26,27,28,29,30,31', '主楼2层骨科候诊区', '13:30-17:30', '请提前15分钟候诊', '0', '1', '32', '19' );
INSERT INTO doctor_schedule ( m_code, service_date, week_day, session_code, session_name, start_time, end_time,  department_code, department_name, clinic_room_code, clinic_room_name,  doctor_code, doctor_name, doctor_title_code, doctor_title, doctor_spec,  doctor_sess_type_code, doctor_sess_type, service_code, service_name,  fee, reg_fee, checkup_fee, service_fee, other_fee, available_number_str,  admit_address_string, admit_time_range, note, time_range_flag, schedule_status,  available_total_num, available_left_num ) VALUES ( 'SCH_DOC_DEPT009_1_20260328_1', '2026-03-28', '6', '1', '上午', '08:00', '12:00', 'DEPT009', '骨科', 'ROOM_DEPT009_2', '骨科门诊5诊室', 'DOC_DEPT009_1', '刘洋', '02', '副主任医师', '人工髋/膝关节置换', '1', '专家门诊', 'SRV_001', '副主任医师挂号费', '50.00', '50.00', '0.00', '0.00', '0.00', '3,4,5,6,9,10,11,13,15,16,17,18,19,22,24,26,27,28,29,30,32,33,34,37,38,39,40', '主楼5层骨科候诊区', '08:00-12:00', '请提前15分钟候诊', '0', '1', '40', '36' );
INSERT INTO doctor_schedule ( m_code, service_date, week_day, session_code, session_name, start_time, end_time,  department_code, department_name, clinic_room_code, clinic_room_name,  doctor_code, doctor_name, doctor_title_code, doctor_title, doctor_spec,  doctor_sess_type_code, doctor_sess_type, service_code, service_name,  fee, reg_fee, checkup_fee, service_fee, other_fee, available_number_str,  admit_address_string, admit_time_range, note, time_range_flag, schedule_status,  available_total_num, available_left_num ) VALUES ( 'SCH_DOC_DEPT009_1_20260329_1', '2026-03-29', '7', '1', '上午', '08:00', '12:00', 'DEPT009', '骨科', 'ROOM_DEPT009_4', '骨科门诊1诊室', 'DOC_DEPT009_1', '刘洋', '02', '副主任医师', '人工髋/膝关节置换', '1', '专家门诊', 'SRV_001', '副主任医师挂号费', '15.00', '15.00', '0.00', '0.00', '0.00', '1,4,5,8,10,11', '主楼3层骨科候诊区', '08:00-12:00', '请提前15分钟候诊', '0', '1', '15', '13' );
INSERT INTO doctor_schedule ( m_code, service_date, week_day, session_code, session_name, start_time, end_time,  department_code, department_name, clinic_room_code, clinic_room_name,  doctor_code, doctor_name, doctor_title_code, doctor_title, doctor_spec,  doctor_sess_type_code, doctor_sess_type, service_code, service_name,  fee, reg_fee, checkup_fee, service_fee, other_fee, available_number_str,  admit_address_string, admit_time_range, note, time_range_flag, schedule_status,  available_total_num, available_left_num ) VALUES ( 'SCH_DOC_DEPT009_1_20260329_2', '2026-03-29', '7', '2', '下午', '13:30', '17:30', 'DEPT009', '骨科', 'ROOM_DEPT009_2', '骨科门诊1诊室', 'DOC_DEPT009_1', '刘洋', '02', '副主任医师', '人工髋/膝关节置换', '1', '专家门诊', 'SRV_001', '副主任医师挂号费', '20.00', '20.00', '0.00', '0.00', '0.00', '2,4,6,7,8,9,10,11,12,13,14,15,16,18,20,21,22,23,25,27,28,29,30,31,32,33,34,35,37,38,39', '主楼6层骨科候诊区', '13:30-17:30', '请提前15分钟候诊', '0', '1', '40', '40' );
INSERT INTO doctor (doctor_code, doctor_name, department_code, title, specialty, doctor_des, doctor_image) VALUES ('DOC_DEPT009_2', '黄刚', 'DEPT009', '主治医师', '腰椎间盘突出微创', '黄刚主治医师，从事骨科临床工作28年，医术精湛。他长期致力于腰椎间盘突出微创的诊疗，已成功治愈数千例相关患者。', 'doc_DOC_DEPT009_2.png');
INSERT INTO doctor_schedule ( m_code, service_date, week_day, session_code, session_name, start_time, end_time,  department_code, department_name, clinic_room_code, clinic_room_name,  doctor_code, doctor_name, doctor_title_code, doctor_title, doctor_spec,  doctor_sess_type_code, doctor_sess_type, service_code, service_name,  fee, reg_fee, checkup_fee, service_fee, other_fee, available_number_str,  admit_address_string, admit_time_range, note, time_range_flag, schedule_status,  available_total_num, available_left_num ) VALUES ( 'SCH_DOC_DEPT009_2_20260316_2', '2026-03-16', '1', '2', '下午', '13:30', '17:30', 'DEPT009', '骨科', 'ROOM_DEPT009_4', '骨科门诊3诊室', 'DOC_DEPT009_2', '黄刚', '03', '主治医师', '腰椎间盘突出微创', '1', '专家门诊', 'SRV_001', '主治医师挂号费', '20.00', '20.00', '0.00', '0.00', '0.00', '1,3,4,5,6,7,8,11,12,13,14,15,16,22,26,27,29,31,32,33', '主楼3层骨科候诊区', '13:30-17:30', '请提前15分钟候诊', '0', '1', '33', '22' );
INSERT INTO doctor_schedule ( m_code, service_date, week_day, session_code, session_name, start_time, end_time,  department_code, department_name, clinic_room_code, clinic_room_name,  doctor_code, doctor_name, doctor_title_code, doctor_title, doctor_spec,  doctor_sess_type_code, doctor_sess_type, service_code, service_name,  fee, reg_fee, checkup_fee, service_fee, other_fee, available_number_str,  admit_address_string, admit_time_range, note, time_range_flag, schedule_status,  available_total_num, available_left_num ) VALUES ( 'SCH_DOC_DEPT009_2_20260319_2', '2026-03-19', '4', '2', '下午', '13:30', '17:30', 'DEPT009', '骨科', 'ROOM_DEPT009_2', '骨科门诊4诊室', 'DOC_DEPT009_2', '黄刚', '03', '主治医师', '腰椎间盘突出微创', '1', '专家门诊', 'SRV_001', '主治医师挂号费', '15.00', '15.00', '0.00', '0.00', '0.00', '2,4,5,6,10,11,12,14', '主楼4层骨科候诊区', '13:30-17:30', '请提前15分钟候诊', '0', '1', '16', '14' );
INSERT INTO doctor_schedule ( m_code, service_date, week_day, session_code, session_name, start_time, end_time,  department_code, department_name, clinic_room_code, clinic_room_name,  doctor_code, doctor_name, doctor_title_code, doctor_title, doctor_spec,  doctor_sess_type_code, doctor_sess_type, service_code, service_name,  fee, reg_fee, checkup_fee, service_fee, other_fee, available_number_str,  admit_address_string, admit_time_range, note, time_range_flag, schedule_status,  available_total_num, available_left_num ) VALUES ( 'SCH_DOC_DEPT009_2_20260319_1', '2026-03-19', '4', '1', '上午', '08:00', '12:00', 'DEPT009', '骨科', 'ROOM_DEPT009_1', '骨科门诊3诊室', 'DOC_DEPT009_2', '黄刚', '03', '主治医师', '腰椎间盘突出微创', '1', '专家门诊', 'SRV_001', '主治医师挂号费', '15.00', '15.00', '0.00', '0.00', '0.00', '2,3,5,6,7,8,9,10,12,13,14,15,16,17,18,19,21,22,23,24,27,29,30,31,32,33,34,35,36,38', '主楼1层骨科候诊区', '08:00-12:00', '请提前15分钟候诊', '0', '1', '38', '16' );
INSERT INTO doctor_schedule ( m_code, service_date, week_day, session_code, session_name, start_time, end_time,  department_code, department_name, clinic_room_code, clinic_room_name,  doctor_code, doctor_name, doctor_title_code, doctor_title, doctor_spec,  doctor_sess_type_code, doctor_sess_type, service_code, service_name,  fee, reg_fee, checkup_fee, service_fee, other_fee, available_number_str,  admit_address_string, admit_time_range, note, time_range_flag, schedule_status,  available_total_num, available_left_num ) VALUES ( 'SCH_DOC_DEPT009_2_20260320_1', '2026-03-20', '5', '1', '上午', '08:00', '12:00', 'DEPT009', '骨科', 'ROOM_DEPT009_5', '骨科门诊2诊室', 'DOC_DEPT009_2', '黄刚', '03', '主治医师', '腰椎间盘突出微创', '1', '专家门诊', 'SRV_001', '主治医师挂号费', '50.00', '50.00', '0.00', '0.00', '0.00', '3,4,5,6,8,9,10,12,14,15,16,18,19,20', '主楼5层骨科候诊区', '08:00-12:00', '请提前15分钟候诊', '0', '1', '20', '7' );
INSERT INTO doctor_schedule ( m_code, service_date, week_day, session_code, session_name, start_time, end_time,  department_code, department_name, clinic_room_code, clinic_room_name,  doctor_code, doctor_name, doctor_title_code, doctor_title, doctor_spec,  doctor_sess_type_code, doctor_sess_type, service_code, service_name,  fee, reg_fee, checkup_fee, service_fee, other_fee, available_number_str,  admit_address_string, admit_time_range, note, time_range_flag, schedule_status,  available_total_num, available_left_num ) VALUES ( 'SCH_DOC_DEPT009_2_20260320_2', '2026-03-20', '5', '2', '下午', '13:30', '17:30', 'DEPT009', '骨科', 'ROOM_DEPT009_5', '骨科门诊5诊室', 'DOC_DEPT009_2', '黄刚', '03', '主治医师', '腰椎间盘突出微创', '1', '专家门诊', 'SRV_001', '主治医师挂号费', '15.00', '15.00', '0.00', '0.00', '0.00', '1,4,5,6,8,9,10,11,12,13,14,15,16,17,18,19', '主楼3层骨科候诊区', '13:30-17:30', '请提前15分钟候诊', '0', '1', '21', '11' );
INSERT INTO doctor_schedule ( m_code, service_date, week_day, session_code, session_name, start_time, end_time,  department_code, department_name, clinic_room_code, clinic_room_name,  doctor_code, doctor_name, doctor_title_code, doctor_title, doctor_spec,  doctor_sess_type_code, doctor_sess_type, service_code, service_name,  fee, reg_fee, checkup_fee, service_fee, other_fee, available_number_str,  admit_address_string, admit_time_range, note, time_range_flag, schedule_status,  available_total_num, available_left_num ) VALUES ( 'SCH_DOC_DEPT009_2_20260322_1', '2026-03-22', '7', '1', '上午', '08:00', '12:00', 'DEPT009', '骨科', 'ROOM_DEPT009_3', '骨科门诊3诊室', 'DOC_DEPT009_2', '黄刚', '03', '主治医师', '腰椎间盘突出微创', '1', '专家门诊', 'SRV_001', '主治医师挂号费', '15.00', '15.00', '0.00', '0.00', '0.00', '1,2,3,4,5,6,7,12,14,17', '主楼5层骨科候诊区', '08:00-12:00', '请提前15分钟候诊', '0', '1', '17', '17' );
INSERT INTO doctor_schedule ( m_code, service_date, week_day, session_code, session_name, start_time, end_time,  department_code, department_name, clinic_room_code, clinic_room_name,  doctor_code, doctor_name, doctor_title_code, doctor_title, doctor_spec,  doctor_sess_type_code, doctor_sess_type, service_code, service_name,  fee, reg_fee, checkup_fee, service_fee, other_fee, available_number_str,  admit_address_string, admit_time_range, note, time_range_flag, schedule_status,  available_total_num, available_left_num ) VALUES ( 'SCH_DOC_DEPT009_2_20260322_2', '2026-03-22', '7', '2', '下午', '13:30', '17:30', 'DEPT009', '骨科', 'ROOM_DEPT009_5', '骨科门诊2诊室', 'DOC_DEPT009_2', '黄刚', '03', '主治医师', '腰椎间盘突出微创', '1', '专家门诊', 'SRV_001', '主治医师挂号费', '15.00', '15.00', '0.00', '0.00', '0.00', '1,4,7,8,11,12,13,14,18,19,20,22,23,24,26,27,28,29', '主楼1层骨科候诊区', '13:30-17:30', '请提前15分钟候诊', '0', '1', '29', '21' );
INSERT INTO doctor_schedule ( m_code, service_date, week_day, session_code, session_name, start_time, end_time,  department_code, department_name, clinic_room_code, clinic_room_name,  doctor_code, doctor_name, doctor_title_code, doctor_title, doctor_spec,  doctor_sess_type_code, doctor_sess_type, service_code, service_name,  fee, reg_fee, checkup_fee, service_fee, other_fee, available_number_str,  admit_address_string, admit_time_range, note, time_range_flag, schedule_status,  available_total_num, available_left_num ) VALUES ( 'SCH_DOC_DEPT009_2_20260325_2', '2026-03-25', '3', '2', '下午', '13:30', '17:30', 'DEPT009', '骨科', 'ROOM_DEPT009_5', '骨科门诊5诊室', 'DOC_DEPT009_2', '黄刚', '03', '主治医师', '腰椎间盘突出微创', '1', '专家门诊', 'SRV_001', '主治医师挂号费', '20.00', '20.00', '0.00', '0.00', '0.00', '1,2,3,4,5,6,7,8,9,12,15,16,17,18,19,20,21,23,25,26,28,30,31,32', '主楼5层骨科候诊区', '13:30-17:30', '请提前15分钟候诊', '0', '1', '32', '11' );
INSERT INTO doctor_schedule ( m_code, service_date, week_day, session_code, session_name, start_time, end_time,  department_code, department_name, clinic_room_code, clinic_room_name,  doctor_code, doctor_name, doctor_title_code, doctor_title, doctor_spec,  doctor_sess_type_code, doctor_sess_type, service_code, service_name,  fee, reg_fee, checkup_fee, service_fee, other_fee, available_number_str,  admit_address_string, admit_time_range, note, time_range_flag, schedule_status,  available_total_num, available_left_num ) VALUES ( 'SCH_DOC_DEPT009_2_20260326_2', '2026-03-26', '4', '2', '下午', '13:30', '17:30', 'DEPT009', '骨科', 'ROOM_DEPT009_2', '骨科门诊3诊室', 'DOC_DEPT009_2', '黄刚', '03', '主治医师', '腰椎间盘突出微创', '1', '专家门诊', 'SRV_001', '主治医师挂号费', '50.00', '50.00', '0.00', '0.00', '0.00', '1,2,4,5,8,9,10,12,13,15,16,17,18', '主楼2层骨科候诊区', '13:30-17:30', '请提前15分钟候诊', '0', '1', '19', '13' );
INSERT INTO doctor_schedule ( m_code, service_date, week_day, session_code, session_name, start_time, end_time,  department_code, department_name, clinic_room_code, clinic_room_name,  doctor_code, doctor_name, doctor_title_code, doctor_title, doctor_spec,  doctor_sess_type_code, doctor_sess_type, service_code, service_name,  fee, reg_fee, checkup_fee, service_fee, other_fee, available_number_str,  admit_address_string, admit_time_range, note, time_range_flag, schedule_status,  available_total_num, available_left_num ) VALUES ( 'SCH_DOC_DEPT009_2_20260326_1', '2026-03-26', '4', '1', '上午', '08:00', '12:00', 'DEPT009', '骨科', 'ROOM_DEPT009_3', '骨科门诊1诊室', 'DOC_DEPT009_2', '黄刚', '03', '主治医师', '腰椎间盘突出微创', '1', '专家门诊', 'SRV_001', '主治医师挂号费', '50.00', '50.00', '0.00', '0.00', '0.00', '1,2,3,4,5,6,8,9,10,11,12,13,14,16,17,18,20', '主楼6层骨科候诊区', '08:00-12:00', '请提前15分钟候诊', '0', '1', '21', '7' );
INSERT INTO doctor_schedule ( m_code, service_date, week_day, session_code, session_name, start_time, end_time,  department_code, department_name, clinic_room_code, clinic_room_name,  doctor_code, doctor_name, doctor_title_code, doctor_title, doctor_spec,  doctor_sess_type_code, doctor_sess_type, service_code, service_name,  fee, reg_fee, checkup_fee, service_fee, other_fee, available_number_str,  admit_address_string, admit_time_range, note, time_range_flag, schedule_status,  available_total_num, available_left_num ) VALUES ( 'SCH_DOC_DEPT009_2_20260327_1', '2026-03-27', '5', '1', '上午', '08:00', '12:00', 'DEPT009', '骨科', 'ROOM_DEPT009_3', '骨科门诊1诊室', 'DOC_DEPT009_2', '黄刚', '03', '主治医师', '腰椎间盘突出微创', '1', '专家门诊', 'SRV_001', '主治医师挂号费', '50.00', '50.00', '0.00', '0.00', '0.00', '1,2,3,4,6,7,9,11,13,14,15,16', '主楼6层骨科候诊区', '08:00-12:00', '请提前15分钟候诊', '0', '1', '16', '14' );
INSERT INTO doctor_schedule ( m_code, service_date, week_day, session_code, session_name, start_time, end_time,  department_code, department_name, clinic_room_code, clinic_room_name,  doctor_code, doctor_name, doctor_title_code, doctor_title, doctor_spec,  doctor_sess_type_code, doctor_sess_type, service_code, service_name,  fee, reg_fee, checkup_fee, service_fee, other_fee, available_number_str,  admit_address_string, admit_time_range, note, time_range_flag, schedule_status,  available_total_num, available_left_num ) VALUES ( 'SCH_DOC_DEPT009_2_20260328_2', '2026-03-28', '6', '2', '下午', '13:30', '17:30', 'DEPT009', '骨科', 'ROOM_DEPT009_4', '骨科门诊5诊室', 'DOC_DEPT009_2', '黄刚', '03', '主治医师', '腰椎间盘突出微创', '1', '专家门诊', 'SRV_001', '主治医师挂号费', '20.00', '20.00', '0.00', '0.00', '0.00', '1,4,5,6,7,9,10,12,13,15,19,20,21,23,24,25,26,27', '主楼2层骨科候诊区', '13:30-17:30', '请提前15分钟候诊', '0', '1', '27', '25' );
INSERT INTO doctor_schedule ( m_code, service_date, week_day, session_code, session_name, start_time, end_time,  department_code, department_name, clinic_room_code, clinic_room_name,  doctor_code, doctor_name, doctor_title_code, doctor_title, doctor_spec,  doctor_sess_type_code, doctor_sess_type, service_code, service_name,  fee, reg_fee, checkup_fee, service_fee, other_fee, available_number_str,  admit_address_string, admit_time_range, note, time_range_flag, schedule_status,  available_total_num, available_left_num ) VALUES ( 'SCH_DOC_DEPT009_2_20260329_2', '2026-03-29', '7', '2', '下午', '13:30', '17:30', 'DEPT009', '骨科', 'ROOM_DEPT009_4', '骨科门诊4诊室', 'DOC_DEPT009_2', '黄刚', '03', '主治医师', '腰椎间盘突出微创', '1', '专家门诊', 'SRV_001', '主治医师挂号费', '15.00', '15.00', '0.00', '0.00', '0.00', '1,2,4,5,7,8,9,10,11,13,17,18,19,20,21,22,24,25,26,27,29,31,32,33,34,36,38', '主楼5层骨科候诊区', '13:30-17:30', '请提前15分钟候诊', '0', '1', '38', '10' );
INSERT INTO doctor (doctor_code, doctor_name, department_code, title, specialty, doctor_des, doctor_image) VALUES ('DOC_DEPT009_3', '胡伟', 'DEPT009', '副主任医师', '复杂骨科创伤救治', '胡伟副主任医师，从事骨科临床工作12年，待人亲切。她长期致力于复杂骨科创伤救治的诊疗，已成功治愈数千例相关患者。', 'doc_DOC_DEPT009_3.png');
INSERT INTO doctor_schedule ( m_code, service_date, week_day, session_code, session_name, start_time, end_time,  department_code, department_name, clinic_room_code, clinic_room_name,  doctor_code, doctor_name, doctor_title_code, doctor_title, doctor_spec,  doctor_sess_type_code, doctor_sess_type, service_code, service_name,  fee, reg_fee, checkup_fee, service_fee, other_fee, available_number_str,  admit_address_string, admit_time_range, note, time_range_flag, schedule_status,  available_total_num, available_left_num ) VALUES ( 'SCH_DOC_DEPT009_3_20260316_2', '2026-03-16', '1', '2', '下午', '13:30', '17:30', 'DEPT009', '骨科', 'ROOM_DEPT009_2', '骨科门诊3诊室', 'DOC_DEPT009_3', '胡伟', '02', '副主任医师', '复杂骨科创伤救治', '1', '专家门诊', 'SRV_001', '副主任医师挂号费', '20.00', '20.00', '0.00', '0.00', '0.00', '3,4,6,9,10,11,12,13,17,18,19,20,21,22,25,26,27,28,29,30', '主楼1层骨科候诊区', '13:30-17:30', '请提前15分钟候诊', '0', '1', '30', '20' );
INSERT INTO doctor_schedule ( m_code, service_date, week_day, session_code, session_name, start_time, end_time,  department_code, department_name, clinic_room_code, clinic_room_name,  doctor_code, doctor_name, doctor_title_code, doctor_title, doctor_spec,  doctor_sess_type_code, doctor_sess_type, service_code, service_name,  fee, reg_fee, checkup_fee, service_fee, other_fee, available_number_str,  admit_address_string, admit_time_range, note, time_range_flag, schedule_status,  available_total_num, available_left_num ) VALUES ( 'SCH_DOC_DEPT009_3_20260317_1', '2026-03-17', '2', '1', '上午', '08:00', '12:00', 'DEPT009', '骨科', 'ROOM_DEPT009_3', '骨科门诊1诊室', 'DOC_DEPT009_3', '胡伟', '02', '副主任医师', '复杂骨科创伤救治', '1', '专家门诊', 'SRV_001', '副主任医师挂号费', '15.00', '15.00', '0.00', '0.00', '0.00', '1,4,5,6,7,10,12,15,17,19,20,22,23', '主楼2层骨科候诊区', '08:00-12:00', '请提前15分钟候诊', '0', '1', '24', '18' );
INSERT INTO doctor_schedule ( m_code, service_date, week_day, session_code, session_name, start_time, end_time,  department_code, department_name, clinic_room_code, clinic_room_name,  doctor_code, doctor_name, doctor_title_code, doctor_title, doctor_spec,  doctor_sess_type_code, doctor_sess_type, service_code, service_name,  fee, reg_fee, checkup_fee, service_fee, other_fee, available_number_str,  admit_address_string, admit_time_range, note, time_range_flag, schedule_status,  available_total_num, available_left_num ) VALUES ( 'SCH_DOC_DEPT009_3_20260317_2', '2026-03-17', '2', '2', '下午', '13:30', '17:30', 'DEPT009', '骨科', 'ROOM_DEPT009_1', '骨科门诊3诊室', 'DOC_DEPT009_3', '胡伟', '02', '副主任医师', '复杂骨科创伤救治', '1', '专家门诊', 'SRV_001', '副主任医师挂号费', '15.00', '15.00', '0.00', '0.00', '0.00', '1,3,4,5,6,8,9,10,11,12,14,15,17', '主楼4层骨科候诊区', '13:30-17:30', '请提前15分钟候诊', '0', '1', '18', '11' );
INSERT INTO doctor_schedule ( m_code, service_date, week_day, session_code, session_name, start_time, end_time,  department_code, department_name, clinic_room_code, clinic_room_name,  doctor_code, doctor_name, doctor_title_code, doctor_title, doctor_spec,  doctor_sess_type_code, doctor_sess_type, service_code, service_name,  fee, reg_fee, checkup_fee, service_fee, other_fee, available_number_str,  admit_address_string, admit_time_range, note, time_range_flag, schedule_status,  available_total_num, available_left_num ) VALUES ( 'SCH_DOC_DEPT009_3_20260319_2', '2026-03-19', '4', '2', '下午', '13:30', '17:30', 'DEPT009', '骨科', 'ROOM_DEPT009_3', '骨科门诊4诊室', 'DOC_DEPT009_3', '胡伟', '02', '副主任医师', '复杂骨科创伤救治', '1', '专家门诊', 'SRV_001', '副主任医师挂号费', '20.00', '20.00', '0.00', '0.00', '0.00', '1,4,5,6,7,8,9,10,13,14,15,17,18,20,22,23,24,26', '主楼3层骨科候诊区', '13:30-17:30', '请提前15分钟候诊', '0', '1', '26', '17' );
INSERT INTO doctor_schedule ( m_code, service_date, week_day, session_code, session_name, start_time, end_time,  department_code, department_name, clinic_room_code, clinic_room_name,  doctor_code, doctor_name, doctor_title_code, doctor_title, doctor_spec,  doctor_sess_type_code, doctor_sess_type, service_code, service_name,  fee, reg_fee, checkup_fee, service_fee, other_fee, available_number_str,  admit_address_string, admit_time_range, note, time_range_flag, schedule_status,  available_total_num, available_left_num ) VALUES ( 'SCH_DOC_DEPT009_3_20260321_1', '2026-03-21', '6', '1', '上午', '08:00', '12:00', 'DEPT009', '骨科', 'ROOM_DEPT009_3', '骨科门诊5诊室', 'DOC_DEPT009_3', '胡伟', '02', '副主任医师', '复杂骨科创伤救治', '1', '专家门诊', 'SRV_001', '副主任医师挂号费', '15.00', '15.00', '0.00', '0.00', '0.00', '1,2,4,5,6,7,9,10,11,12,13,14,15,17,18,19,20,21,22,24,25,26,27,29,31', '主楼5层骨科候诊区', '08:00-12:00', '请提前15分钟候诊', '0', '1', '31', '15' );
INSERT INTO doctor_schedule ( m_code, service_date, week_day, session_code, session_name, start_time, end_time,  department_code, department_name, clinic_room_code, clinic_room_name,  doctor_code, doctor_name, doctor_title_code, doctor_title, doctor_spec,  doctor_sess_type_code, doctor_sess_type, service_code, service_name,  fee, reg_fee, checkup_fee, service_fee, other_fee, available_number_str,  admit_address_string, admit_time_range, note, time_range_flag, schedule_status,  available_total_num, available_left_num ) VALUES ( 'SCH_DOC_DEPT009_3_20260322_1', '2026-03-22', '7', '1', '上午', '08:00', '12:00', 'DEPT009', '骨科', 'ROOM_DEPT009_1', '骨科门诊2诊室', 'DOC_DEPT009_3', '胡伟', '02', '副主任医师', '复杂骨科创伤救治', '1', '专家门诊', 'SRV_001', '副主任医师挂号费', '50.00', '50.00', '0.00', '0.00', '0.00', '1,2,3,4,6,8,9,10,12,13,14,15,16,18,19,20,22,23,24,25,26,27,29,30,31,32,33,34,35,38', '主楼5层骨科候诊区', '08:00-12:00', '请提前15分钟候诊', '0', '1', '39', '31' );
INSERT INTO doctor_schedule ( m_code, service_date, week_day, session_code, session_name, start_time, end_time,  department_code, department_name, clinic_room_code, clinic_room_name,  doctor_code, doctor_name, doctor_title_code, doctor_title, doctor_spec,  doctor_sess_type_code, doctor_sess_type, service_code, service_name,  fee, reg_fee, checkup_fee, service_fee, other_fee, available_number_str,  admit_address_string, admit_time_range, note, time_range_flag, schedule_status,  available_total_num, available_left_num ) VALUES ( 'SCH_DOC_DEPT009_3_20260322_2', '2026-03-22', '7', '2', '下午', '13:30', '17:30', 'DEPT009', '骨科', 'ROOM_DEPT009_2', '骨科门诊1诊室', 'DOC_DEPT009_3', '胡伟', '02', '副主任医师', '复杂骨科创伤救治', '1', '专家门诊', 'SRV_001', '副主任医师挂号费', '20.00', '20.00', '0.00', '0.00', '0.00', '2,3,4,7,8,9,10,11,12,14,15', '主楼4层骨科候诊区', '13:30-17:30', '请提前15分钟候诊', '0', '1', '15', '5' );
INSERT INTO doctor_schedule ( m_code, service_date, week_day, session_code, session_name, start_time, end_time,  department_code, department_name, clinic_room_code, clinic_room_name,  doctor_code, doctor_name, doctor_title_code, doctor_title, doctor_spec,  doctor_sess_type_code, doctor_sess_type, service_code, service_name,  fee, reg_fee, checkup_fee, service_fee, other_fee, available_number_str,  admit_address_string, admit_time_range, note, time_range_flag, schedule_status,  available_total_num, available_left_num ) VALUES ( 'SCH_DOC_DEPT009_3_20260323_2', '2026-03-23', '1', '2', '下午', '13:30', '17:30', 'DEPT009', '骨科', 'ROOM_DEPT009_5', '骨科门诊3诊室', 'DOC_DEPT009_3', '胡伟', '02', '副主任医师', '复杂骨科创伤救治', '1', '专家门诊', 'SRV_001', '副主任医师挂号费', '20.00', '20.00', '0.00', '0.00', '0.00', '2,3,4,5,9,10,11,13,14,15,16,17,18,19,20', '主楼1层骨科候诊区', '13:30-17:30', '请提前15分钟候诊', '0', '1', '20', '15' );
INSERT INTO doctor_schedule ( m_code, service_date, week_day, session_code, session_name, start_time, end_time,  department_code, department_name, clinic_room_code, clinic_room_name,  doctor_code, doctor_name, doctor_title_code, doctor_title, doctor_spec,  doctor_sess_type_code, doctor_sess_type, service_code, service_name,  fee, reg_fee, checkup_fee, service_fee, other_fee, available_number_str,  admit_address_string, admit_time_range, note, time_range_flag, schedule_status,  available_total_num, available_left_num ) VALUES ( 'SCH_DOC_DEPT009_3_20260325_1', '2026-03-25', '3', '1', '上午', '08:00', '12:00', 'DEPT009', '骨科', 'ROOM_DEPT009_4', '骨科门诊1诊室', 'DOC_DEPT009_3', '胡伟', '02', '副主任医师', '复杂骨科创伤救治', '1', '专家门诊', 'SRV_001', '副主任医师挂号费', '20.00', '20.00', '0.00', '0.00', '0.00', '2,3,4,5,8,9,11,12,16,17,18,20,25', '主楼5层骨科候诊区', '08:00-12:00', '请提前15分钟候诊', '0', '1', '26', '6' );
INSERT INTO doctor_schedule ( m_code, service_date, week_day, session_code, session_name, start_time, end_time,  department_code, department_name, clinic_room_code, clinic_room_name,  doctor_code, doctor_name, doctor_title_code, doctor_title, doctor_spec,  doctor_sess_type_code, doctor_sess_type, service_code, service_name,  fee, reg_fee, checkup_fee, service_fee, other_fee, available_number_str,  admit_address_string, admit_time_range, note, time_range_flag, schedule_status,  available_total_num, available_left_num ) VALUES ( 'SCH_DOC_DEPT009_3_20260325_2', '2026-03-25', '3', '2', '下午', '13:30', '17:30', 'DEPT009', '骨科', 'ROOM_DEPT009_3', '骨科门诊4诊室', 'DOC_DEPT009_3', '胡伟', '02', '副主任医师', '复杂骨科创伤救治', '1', '专家门诊', 'SRV_001', '副主任医师挂号费', '50.00', '50.00', '0.00', '0.00', '0.00', '1,2,3,4,6,7,8,9,11,12,13,15,17,18,19,20,22,24', '主楼1层骨科候诊区', '13:30-17:30', '请提前15分钟候诊', '0', '1', '25', '10' );
INSERT INTO doctor_schedule ( m_code, service_date, week_day, session_code, session_name, start_time, end_time,  department_code, department_name, clinic_room_code, clinic_room_name,  doctor_code, doctor_name, doctor_title_code, doctor_title, doctor_spec,  doctor_sess_type_code, doctor_sess_type, service_code, service_name,  fee, reg_fee, checkup_fee, service_fee, other_fee, available_number_str,  admit_address_string, admit_time_range, note, time_range_flag, schedule_status,  available_total_num, available_left_num ) VALUES ( 'SCH_DOC_DEPT009_3_20260327_2', '2026-03-27', '5', '2', '下午', '13:30', '17:30', 'DEPT009', '骨科', 'ROOM_DEPT009_2', '骨科门诊3诊室', 'DOC_DEPT009_3', '胡伟', '02', '副主任医师', '复杂骨科创伤救治', '1', '专家门诊', 'SRV_001', '副主任医师挂号费', '15.00', '15.00', '0.00', '0.00', '0.00', '1,2,3,4,6,7,8,9,10,11,12,13,14,15,16,17,18,19', '主楼1层骨科候诊区', '13:30-17:30', '请提前15分钟候诊', '0', '1', '20', '11' );
INSERT INTO doctor_schedule ( m_code, service_date, week_day, session_code, session_name, start_time, end_time,  department_code, department_name, clinic_room_code, clinic_room_name,  doctor_code, doctor_name, doctor_title_code, doctor_title, doctor_spec,  doctor_sess_type_code, doctor_sess_type, service_code, service_name,  fee, reg_fee, checkup_fee, service_fee, other_fee, available_number_str,  admit_address_string, admit_time_range, note, time_range_flag, schedule_status,  available_total_num, available_left_num ) VALUES ( 'SCH_DOC_DEPT009_3_20260328_2', '2026-03-28', '6', '2', '下午', '13:30', '17:30', 'DEPT009', '骨科', 'ROOM_DEPT009_1', '骨科门诊5诊室', 'DOC_DEPT009_3', '胡伟', '02', '副主任医师', '复杂骨科创伤救治', '1', '专家门诊', 'SRV_001', '副主任医师挂号费', '50.00', '50.00', '0.00', '0.00', '0.00', '1,2,4,5,9,12,13,14,15', '主楼4层骨科候诊区', '13:30-17:30', '请提前15分钟候诊', '0', '1', '16', '15' );
INSERT INTO doctor_schedule ( m_code, service_date, week_day, session_code, session_name, start_time, end_time,  department_code, department_name, clinic_room_code, clinic_room_name,  doctor_code, doctor_name, doctor_title_code, doctor_title, doctor_spec,  doctor_sess_type_code, doctor_sess_type, service_code, service_name,  fee, reg_fee, checkup_fee, service_fee, other_fee, available_number_str,  admit_address_string, admit_time_range, note, time_range_flag, schedule_status,  available_total_num, available_left_num ) VALUES ( 'SCH_DOC_DEPT009_3_20260329_1', '2026-03-29', '7', '1', '上午', '08:00', '12:00', 'DEPT009', '骨科', 'ROOM_DEPT009_2', '骨科门诊2诊室', 'DOC_DEPT009_3', '胡伟', '02', '副主任医师', '复杂骨科创伤救治', '1', '专家门诊', 'SRV_001', '副主任医师挂号费', '50.00', '50.00', '0.00', '0.00', '0.00', '1,2,3,4,5,6,7,8,9,10,11,12,13,17,19,20,21,22,23,24,27', '主楼3层骨科候诊区', '08:00-12:00', '请提前15分钟候诊', '0', '1', '27', '13' );
INSERT INTO doctor_schedule ( m_code, service_date, week_day, session_code, session_name, start_time, end_time,  department_code, department_name, clinic_room_code, clinic_room_name,  doctor_code, doctor_name, doctor_title_code, doctor_title, doctor_spec,  doctor_sess_type_code, doctor_sess_type, service_code, service_name,  fee, reg_fee, checkup_fee, service_fee, other_fee, available_number_str,  admit_address_string, admit_time_range, note, time_range_flag, schedule_status,  available_total_num, available_left_num ) VALUES ( 'SCH_DOC_DEPT009_3_20260329_2', '2026-03-29', '7', '2', '下午', '13:30', '17:30', 'DEPT009', '骨科', 'ROOM_DEPT009_3', '骨科门诊3诊室', 'DOC_DEPT009_3', '胡伟', '02', '副主任医师', '复杂骨科创伤救治', '1', '专家门诊', 'SRV_001', '副主任医师挂号费', '50.00', '50.00', '0.00', '0.00', '0.00', '1,2,4,5,7,8,11,12,14,15,16,17,18,19,20,23,25,27,28,30,31,33,34,35,36,37', '主楼2层骨科候诊区', '13:30-17:30', '请提前15分钟候诊', '0', '1', '37', '8' );
INSERT INTO doctor (doctor_code, doctor_name, department_code, title, specialty, doctor_des, doctor_image) VALUES ('DOC_DEPT009_4', '孙军', 'DEPT009', '主任医师', '交叉韧带重建', '孙军主任医师，从事骨科临床工作9年，医术精湛。她擅长交叉韧带重建的诊疗，已成功治愈数千例相关患者。', 'doc_DOC_DEPT009_4.png');
INSERT INTO doctor_schedule ( m_code, service_date, week_day, session_code, session_name, start_time, end_time,  department_code, department_name, clinic_room_code, clinic_room_name,  doctor_code, doctor_name, doctor_title_code, doctor_title, doctor_spec,  doctor_sess_type_code, doctor_sess_type, service_code, service_name,  fee, reg_fee, checkup_fee, service_fee, other_fee, available_number_str,  admit_address_string, admit_time_range, note, time_range_flag, schedule_status,  available_total_num, available_left_num ) VALUES ( 'SCH_DOC_DEPT009_4_20260316_1', '2026-03-16', '1', '1', '上午', '08:00', '12:00', 'DEPT009', '骨科', 'ROOM_DEPT009_1', '骨科门诊1诊室', 'DOC_DEPT009_4', '孙军', '01', '主任医师', '交叉韧带重建', '1', '专家门诊', 'SRV_001', '主任医师挂号费', '50.00', '50.00', '0.00', '0.00', '0.00', '1,2,4,5,6,7,8,11,12,14,15', '主楼1层骨科候诊区', '08:00-12:00', '请提前15分钟候诊', '0', '1', '15', '14' );
INSERT INTO doctor_schedule ( m_code, service_date, week_day, session_code, session_name, start_time, end_time,  department_code, department_name, clinic_room_code, clinic_room_name,  doctor_code, doctor_name, doctor_title_code, doctor_title, doctor_spec,  doctor_sess_type_code, doctor_sess_type, service_code, service_name,  fee, reg_fee, checkup_fee, service_fee, other_fee, available_number_str,  admit_address_string, admit_time_range, note, time_range_flag, schedule_status,  available_total_num, available_left_num ) VALUES ( 'SCH_DOC_DEPT009_4_20260316_2', '2026-03-16', '1', '2', '下午', '13:30', '17:30', 'DEPT009', '骨科', 'ROOM_DEPT009_3', '骨科门诊3诊室', 'DOC_DEPT009_4', '孙军', '01', '主任医师', '交叉韧带重建', '1', '专家门诊', 'SRV_001', '主任医师挂号费', '20.00', '20.00', '0.00', '0.00', '0.00', '2,3,5,6,7,9,10,11,12,13,14,15,16,17,18,20,21', '主楼6层骨科候诊区', '13:30-17:30', '请提前15分钟候诊', '0', '1', '22', '18' );
INSERT INTO doctor_schedule ( m_code, service_date, week_day, session_code, session_name, start_time, end_time,  department_code, department_name, clinic_room_code, clinic_room_name,  doctor_code, doctor_name, doctor_title_code, doctor_title, doctor_spec,  doctor_sess_type_code, doctor_sess_type, service_code, service_name,  fee, reg_fee, checkup_fee, service_fee, other_fee, available_number_str,  admit_address_string, admit_time_range, note, time_range_flag, schedule_status,  available_total_num, available_left_num ) VALUES ( 'SCH_DOC_DEPT009_4_20260317_2', '2026-03-17', '2', '2', '下午', '13:30', '17:30', 'DEPT009', '骨科', 'ROOM_DEPT009_1', '骨科门诊5诊室', 'DOC_DEPT009_4', '孙军', '01', '主任医师', '交叉韧带重建', '1', '专家门诊', 'SRV_001', '主任医师挂号费', '15.00', '15.00', '0.00', '0.00', '0.00', '1,2,3,4,5,6,8,9,10,11,13,14,15,16,17,18,21,23,24,25,26,28,29,30,31,32,33,34,35,36', '主楼2层骨科候诊区', '13:30-17:30', '请提前15分钟候诊', '0', '1', '36', '31' );
INSERT INTO doctor_schedule ( m_code, service_date, week_day, session_code, session_name, start_time, end_time,  department_code, department_name, clinic_room_code, clinic_room_name,  doctor_code, doctor_name, doctor_title_code, doctor_title, doctor_spec,  doctor_sess_type_code, doctor_sess_type, service_code, service_name,  fee, reg_fee, checkup_fee, service_fee, other_fee, available_number_str,  admit_address_string, admit_time_range, note, time_range_flag, schedule_status,  available_total_num, available_left_num ) VALUES ( 'SCH_DOC_DEPT009_4_20260317_1', '2026-03-17', '2', '1', '上午', '08:00', '12:00', 'DEPT009', '骨科', 'ROOM_DEPT009_3', '骨科门诊3诊室', 'DOC_DEPT009_4', '孙军', '01', '主任医师', '交叉韧带重建', '1', '专家门诊', 'SRV_001', '主任医师挂号费', '20.00', '20.00', '0.00', '0.00', '0.00', '2,4,5,6,7,9,10,11,12,13,14,15,16,17,18,20,21,22,24,25,26,27,28,29,31,33,34,35,36', '主楼5层骨科候诊区', '08:00-12:00', '请提前15分钟候诊', '0', '1', '36', '19' );
INSERT INTO doctor_schedule ( m_code, service_date, week_day, session_code, session_name, start_time, end_time,  department_code, department_name, clinic_room_code, clinic_room_name,  doctor_code, doctor_name, doctor_title_code, doctor_title, doctor_spec,  doctor_sess_type_code, doctor_sess_type, service_code, service_name,  fee, reg_fee, checkup_fee, service_fee, other_fee, available_number_str,  admit_address_string, admit_time_range, note, time_range_flag, schedule_status,  available_total_num, available_left_num ) VALUES ( 'SCH_DOC_DEPT009_4_20260318_2', '2026-03-18', '3', '2', '下午', '13:30', '17:30', 'DEPT009', '骨科', 'ROOM_DEPT009_5', '骨科门诊4诊室', 'DOC_DEPT009_4', '孙军', '01', '主任医师', '交叉韧带重建', '1', '专家门诊', 'SRV_001', '主任医师挂号费', '15.00', '15.00', '0.00', '0.00', '0.00', '3,4,6,7,8,10,11,13,15,16,18,19', '主楼5层骨科候诊区', '13:30-17:30', '请提前15分钟候诊', '0', '1', '20', '9' );
INSERT INTO doctor_schedule ( m_code, service_date, week_day, session_code, session_name, start_time, end_time,  department_code, department_name, clinic_room_code, clinic_room_name,  doctor_code, doctor_name, doctor_title_code, doctor_title, doctor_spec,  doctor_sess_type_code, doctor_sess_type, service_code, service_name,  fee, reg_fee, checkup_fee, service_fee, other_fee, available_number_str,  admit_address_string, admit_time_range, note, time_range_flag, schedule_status,  available_total_num, available_left_num ) VALUES ( 'SCH_DOC_DEPT009_4_20260319_2', '2026-03-19', '4', '2', '下午', '13:30', '17:30', 'DEPT009', '骨科', 'ROOM_DEPT009_3', '骨科门诊4诊室', 'DOC_DEPT009_4', '孙军', '01', '主任医师', '交叉韧带重建', '1', '专家门诊', 'SRV_001', '主任医师挂号费', '15.00', '15.00', '0.00', '0.00', '0.00', '1,2,3,4,5,6,7,8,9,10,11,12,13,15,17,18,19,21,22,23', '主楼1层骨科候诊区', '13:30-17:30', '请提前15分钟候诊', '0', '1', '23', '11' );
INSERT INTO doctor_schedule ( m_code, service_date, week_day, session_code, session_name, start_time, end_time,  department_code, department_name, clinic_room_code, clinic_room_name,  doctor_code, doctor_name, doctor_title_code, doctor_title, doctor_spec,  doctor_sess_type_code, doctor_sess_type, service_code, service_name,  fee, reg_fee, checkup_fee, service_fee, other_fee, available_number_str,  admit_address_string, admit_time_range, note, time_range_flag, schedule_status,  available_total_num, available_left_num ) VALUES ( 'SCH_DOC_DEPT009_4_20260320_1', '2026-03-20', '5', '1', '上午', '08:00', '12:00', 'DEPT009', '骨科', 'ROOM_DEPT009_1', '骨科门诊5诊室', 'DOC_DEPT009_4', '孙军', '01', '主任医师', '交叉韧带重建', '1', '专家门诊', 'SRV_001', '主任医师挂号费', '15.00', '15.00', '0.00', '0.00', '0.00', '2,3,4,5,9,10,11,12,14,15,16,18,19,21', '主楼5层骨科候诊区', '08:00-12:00', '请提前15分钟候诊', '0', '1', '21', '20' );
INSERT INTO doctor_schedule ( m_code, service_date, week_day, session_code, session_name, start_time, end_time,  department_code, department_name, clinic_room_code, clinic_room_name,  doctor_code, doctor_name, doctor_title_code, doctor_title, doctor_spec,  doctor_sess_type_code, doctor_sess_type, service_code, service_name,  fee, reg_fee, checkup_fee, service_fee, other_fee, available_number_str,  admit_address_string, admit_time_range, note, time_range_flag, schedule_status,  available_total_num, available_left_num ) VALUES ( 'SCH_DOC_DEPT009_4_20260321_1', '2026-03-21', '6', '1', '上午', '08:00', '12:00', 'DEPT009', '骨科', 'ROOM_DEPT009_5', '骨科门诊3诊室', 'DOC_DEPT009_4', '孙军', '01', '主任医师', '交叉韧带重建', '1', '专家门诊', 'SRV_001', '主任医师挂号费', '20.00', '20.00', '0.00', '0.00', '0.00', '2,5,7,10,11,12,13,14,15,17,18,21,22', '主楼2层骨科候诊区', '08:00-12:00', '请提前15分钟候诊', '0', '1', '22', '19' );
INSERT INTO doctor_schedule ( m_code, service_date, week_day, session_code, session_name, start_time, end_time,  department_code, department_name, clinic_room_code, clinic_room_name,  doctor_code, doctor_name, doctor_title_code, doctor_title, doctor_spec,  doctor_sess_type_code, doctor_sess_type, service_code, service_name,  fee, reg_fee, checkup_fee, service_fee, other_fee, available_number_str,  admit_address_string, admit_time_range, note, time_range_flag, schedule_status,  available_total_num, available_left_num ) VALUES ( 'SCH_DOC_DEPT009_4_20260322_2', '2026-03-22', '7', '2', '下午', '13:30', '17:30', 'DEPT009', '骨科', 'ROOM_DEPT009_5', '骨科门诊4诊室', 'DOC_DEPT009_4', '孙军', '01', '主任医师', '交叉韧带重建', '1', '专家门诊', 'SRV_001', '主任医师挂号费', '50.00', '50.00', '0.00', '0.00', '0.00', '1,3,4,8,9,10,13,14,17,20,21,22,23,24,26', '主楼2层骨科候诊区', '13:30-17:30', '请提前15分钟候诊', '0', '1', '26', '20' );
INSERT INTO doctor_schedule ( m_code, service_date, week_day, session_code, session_name, start_time, end_time,  department_code, department_name, clinic_room_code, clinic_room_name,  doctor_code, doctor_name, doctor_title_code, doctor_title, doctor_spec,  doctor_sess_type_code, doctor_sess_type, service_code, service_name,  fee, reg_fee, checkup_fee, service_fee, other_fee, available_number_str,  admit_address_string, admit_time_range, note, time_range_flag, schedule_status,  available_total_num, available_left_num ) VALUES ( 'SCH_DOC_DEPT009_4_20260323_1', '2026-03-23', '1', '1', '上午', '08:00', '12:00', 'DEPT009', '骨科', 'ROOM_DEPT009_5', '骨科门诊5诊室', 'DOC_DEPT009_4', '孙军', '01', '主任医师', '交叉韧带重建', '1', '专家门诊', 'SRV_001', '主任医师挂号费', '20.00', '20.00', '0.00', '0.00', '0.00', '1,4,6,9,11,13,16,17,18,19,20,21,23,25,26,27,28,30,31,34,35,36', '主楼4层骨科候诊区', '08:00-12:00', '请提前15分钟候诊', '0', '1', '36', '15' );
INSERT INTO doctor_schedule ( m_code, service_date, week_day, session_code, session_name, start_time, end_time,  department_code, department_name, clinic_room_code, clinic_room_name,  doctor_code, doctor_name, doctor_title_code, doctor_title, doctor_spec,  doctor_sess_type_code, doctor_sess_type, service_code, service_name,  fee, reg_fee, checkup_fee, service_fee, other_fee, available_number_str,  admit_address_string, admit_time_range, note, time_range_flag, schedule_status,  available_total_num, available_left_num ) VALUES ( 'SCH_DOC_DEPT009_4_20260324_2', '2026-03-24', '2', '2', '下午', '13:30', '17:30', 'DEPT009', '骨科', 'ROOM_DEPT009_5', '骨科门诊5诊室', 'DOC_DEPT009_4', '孙军', '01', '主任医师', '交叉韧带重建', '1', '专家门诊', 'SRV_001', '主任医师挂号费', '50.00', '50.00', '0.00', '0.00', '0.00', '2,3,4,5,8,9,11,12,13,14,18,19,20,22,25,26,27', '主楼1层骨科候诊区', '13:30-17:30', '请提前15分钟候诊', '0', '1', '28', '27' );
INSERT INTO doctor_schedule ( m_code, service_date, week_day, session_code, session_name, start_time, end_time,  department_code, department_name, clinic_room_code, clinic_room_name,  doctor_code, doctor_name, doctor_title_code, doctor_title, doctor_spec,  doctor_sess_type_code, doctor_sess_type, service_code, service_name,  fee, reg_fee, checkup_fee, service_fee, other_fee, available_number_str,  admit_address_string, admit_time_range, note, time_range_flag, schedule_status,  available_total_num, available_left_num ) VALUES ( 'SCH_DOC_DEPT009_4_20260324_1', '2026-03-24', '2', '1', '上午', '08:00', '12:00', 'DEPT009', '骨科', 'ROOM_DEPT009_5', '骨科门诊2诊室', 'DOC_DEPT009_4', '孙军', '01', '主任医师', '交叉韧带重建', '1', '专家门诊', 'SRV_001', '主任医师挂号费', '20.00', '20.00', '0.00', '0.00', '0.00', '1,3,4,5,8,9,10,11,13,14,16,17', '主楼4层骨科候诊区', '08:00-12:00', '请提前15分钟候诊', '0', '1', '17', '6' );
INSERT INTO doctor_schedule ( m_code, service_date, week_day, session_code, session_name, start_time, end_time,  department_code, department_name, clinic_room_code, clinic_room_name,  doctor_code, doctor_name, doctor_title_code, doctor_title, doctor_spec,  doctor_sess_type_code, doctor_sess_type, service_code, service_name,  fee, reg_fee, checkup_fee, service_fee, other_fee, available_number_str,  admit_address_string, admit_time_range, note, time_range_flag, schedule_status,  available_total_num, available_left_num ) VALUES ( 'SCH_DOC_DEPT009_4_20260327_1', '2026-03-27', '5', '1', '上午', '08:00', '12:00', 'DEPT009', '骨科', 'ROOM_DEPT009_2', '骨科门诊2诊室', 'DOC_DEPT009_4', '孙军', '01', '主任医师', '交叉韧带重建', '1', '专家门诊', 'SRV_001', '主任医师挂号费', '50.00', '50.00', '0.00', '0.00', '0.00', '4,6,7,8,12,13,14,17,18,19,20,21,23,24,27', '主楼4层骨科候诊区', '08:00-12:00', '请提前15分钟候诊', '0', '1', '27', '14' );
INSERT INTO doctor_schedule ( m_code, service_date, week_day, session_code, session_name, start_time, end_time,  department_code, department_name, clinic_room_code, clinic_room_name,  doctor_code, doctor_name, doctor_title_code, doctor_title, doctor_spec,  doctor_sess_type_code, doctor_sess_type, service_code, service_name,  fee, reg_fee, checkup_fee, service_fee, other_fee, available_number_str,  admit_address_string, admit_time_range, note, time_range_flag, schedule_status,  available_total_num, available_left_num ) VALUES ( 'SCH_DOC_DEPT009_4_20260327_2', '2026-03-27', '5', '2', '下午', '13:30', '17:30', 'DEPT009', '骨科', 'ROOM_DEPT009_2', '骨科门诊5诊室', 'DOC_DEPT009_4', '孙军', '01', '主任医师', '交叉韧带重建', '1', '专家门诊', 'SRV_001', '主任医师挂号费', '20.00', '20.00', '0.00', '0.00', '0.00', '1,2,3,4,5,6,8,11,14,15,16,17,22,23,24,25,26,27,29,30,31', '主楼6层骨科候诊区', '13:30-17:30', '请提前15分钟候诊', '0', '1', '31', '25' );
INSERT INTO doctor_schedule ( m_code, service_date, week_day, session_code, session_name, start_time, end_time,  department_code, department_name, clinic_room_code, clinic_room_name,  doctor_code, doctor_name, doctor_title_code, doctor_title, doctor_spec,  doctor_sess_type_code, doctor_sess_type, service_code, service_name,  fee, reg_fee, checkup_fee, service_fee, other_fee, available_number_str,  admit_address_string, admit_time_range, note, time_range_flag, schedule_status,  available_total_num, available_left_num ) VALUES ( 'SCH_DOC_DEPT009_4_20260328_1', '2026-03-28', '6', '1', '上午', '08:00', '12:00', 'DEPT009', '骨科', 'ROOM_DEPT009_5', '骨科门诊3诊室', 'DOC_DEPT009_4', '孙军', '01', '主任医师', '交叉韧带重建', '1', '专家门诊', 'SRV_001', '主任医师挂号费', '15.00', '15.00', '0.00', '0.00', '0.00', '1,2,3,4,6,7,10,12,13,14,15,16,17,18,19,22,23,24,25,27,28,30,31,32,33,34,35', '主楼6层骨科候诊区', '08:00-12:00', '请提前15分钟候诊', '0', '1', '40', '33' );
INSERT INTO doctor_schedule ( m_code, service_date, week_day, session_code, session_name, start_time, end_time,  department_code, department_name, clinic_room_code, clinic_room_name,  doctor_code, doctor_name, doctor_title_code, doctor_title, doctor_spec,  doctor_sess_type_code, doctor_sess_type, service_code, service_name,  fee, reg_fee, checkup_fee, service_fee, other_fee, available_number_str,  admit_address_string, admit_time_range, note, time_range_flag, schedule_status,  available_total_num, available_left_num ) VALUES ( 'SCH_DOC_DEPT009_4_20260328_2', '2026-03-28', '6', '2', '下午', '13:30', '17:30', 'DEPT009', '骨科', 'ROOM_DEPT009_2', '骨科门诊3诊室', 'DOC_DEPT009_4', '孙军', '01', '主任医师', '交叉韧带重建', '1', '专家门诊', 'SRV_001', '主任医师挂号费', '15.00', '15.00', '0.00', '0.00', '0.00', '5,6,9,10,12,13,15,16,18,19,20,22,23,24,25', '主楼1层骨科候诊区', '13:30-17:30', '请提前15分钟候诊', '0', '1', '25', '20' );
INSERT INTO doctor (doctor_code, doctor_name, department_code, title, specialty, doctor_des, doctor_image) VALUES ('DOC_DEPT009_5', '徐秀英', 'DEPT009', '副主任医师', '骨质疏松综合管理', '徐秀英副主任医师，从事骨科临床工作19年，医术精湛。他擅长骨质疏松综合管理的诊疗，已成功治愈数千例相关患者。', 'doc_DOC_DEPT009_5.png');
INSERT INTO doctor_schedule ( m_code, service_date, week_day, session_code, session_name, start_time, end_time,  department_code, department_name, clinic_room_code, clinic_room_name,  doctor_code, doctor_name, doctor_title_code, doctor_title, doctor_spec,  doctor_sess_type_code, doctor_sess_type, service_code, service_name,  fee, reg_fee, checkup_fee, service_fee, other_fee, available_number_str,  admit_address_string, admit_time_range, note, time_range_flag, schedule_status,  available_total_num, available_left_num ) VALUES ( 'SCH_DOC_DEPT009_5_20260316_2', '2026-03-16', '1', '2', '下午', '13:30', '17:30', 'DEPT009', '骨科', 'ROOM_DEPT009_5', '骨科门诊1诊室', 'DOC_DEPT009_5', '徐秀英', '02', '副主任医师', '骨质疏松综合管理', '1', '专家门诊', 'SRV_001', '副主任医师挂号费', '20.00', '20.00', '0.00', '0.00', '0.00', '1,2,3,4,5,6,8,9,10,11,12,13,14,17,18,19,20,22,24,25,26,27,28,29,30,31,32,34', '主楼4层骨科候诊区', '13:30-17:30', '请提前15分钟候诊', '0', '1', '34', '34' );
INSERT INTO doctor_schedule ( m_code, service_date, week_day, session_code, session_name, start_time, end_time,  department_code, department_name, clinic_room_code, clinic_room_name,  doctor_code, doctor_name, doctor_title_code, doctor_title, doctor_spec,  doctor_sess_type_code, doctor_sess_type, service_code, service_name,  fee, reg_fee, checkup_fee, service_fee, other_fee, available_number_str,  admit_address_string, admit_time_range, note, time_range_flag, schedule_status,  available_total_num, available_left_num ) VALUES ( 'SCH_DOC_DEPT009_5_20260317_2', '2026-03-17', '2', '2', '下午', '13:30', '17:30', 'DEPT009', '骨科', 'ROOM_DEPT009_1', '骨科门诊1诊室', 'DOC_DEPT009_5', '徐秀英', '02', '副主任医师', '骨质疏松综合管理', '1', '专家门诊', 'SRV_001', '副主任医师挂号费', '50.00', '50.00', '0.00', '0.00', '0.00', '5,6,7,8,9,10,12,15,16,17,18,19,20,22,23,24,25,26,29,30,32,33', '主楼3层骨科候诊区', '13:30-17:30', '请提前15分钟候诊', '0', '1', '33', '7' );
INSERT INTO doctor_schedule ( m_code, service_date, week_day, session_code, session_name, start_time, end_time,  department_code, department_name, clinic_room_code, clinic_room_name,  doctor_code, doctor_name, doctor_title_code, doctor_title, doctor_spec,  doctor_sess_type_code, doctor_sess_type, service_code, service_name,  fee, reg_fee, checkup_fee, service_fee, other_fee, available_number_str,  admit_address_string, admit_time_range, note, time_range_flag, schedule_status,  available_total_num, available_left_num ) VALUES ( 'SCH_DOC_DEPT009_5_20260318_2', '2026-03-18', '3', '2', '下午', '13:30', '17:30', 'DEPT009', '骨科', 'ROOM_DEPT009_3', '骨科门诊2诊室', 'DOC_DEPT009_5', '徐秀英', '02', '副主任医师', '骨质疏松综合管理', '1', '专家门诊', 'SRV_001', '副主任医师挂号费', '20.00', '20.00', '0.00', '0.00', '0.00', '1,2,4,5,6,8,9,10,11,12,13,15,16,18,19,20,21,22,23,25,27,28,29,30', '主楼1层骨科候诊区', '13:30-17:30', '请提前15分钟候诊', '0', '1', '31', '24' );
INSERT INTO doctor_schedule ( m_code, service_date, week_day, session_code, session_name, start_time, end_time,  department_code, department_name, clinic_room_code, clinic_room_name,  doctor_code, doctor_name, doctor_title_code, doctor_title, doctor_spec,  doctor_sess_type_code, doctor_sess_type, service_code, service_name,  fee, reg_fee, checkup_fee, service_fee, other_fee, available_number_str,  admit_address_string, admit_time_range, note, time_range_flag, schedule_status,  available_total_num, available_left_num ) VALUES ( 'SCH_DOC_DEPT009_5_20260319_1', '2026-03-19', '4', '1', '上午', '08:00', '12:00', 'DEPT009', '骨科', 'ROOM_DEPT009_3', '骨科门诊4诊室', 'DOC_DEPT009_5', '徐秀英', '02', '副主任医师', '骨质疏松综合管理', '1', '专家门诊', 'SRV_001', '副主任医师挂号费', '15.00', '15.00', '0.00', '0.00', '0.00', '1,2,4,5,6,7,8,9,10,12,13,15,16', '主楼6层骨科候诊区', '08:00-12:00', '请提前15分钟候诊', '0', '1', '17', '8' );
INSERT INTO doctor_schedule ( m_code, service_date, week_day, session_code, session_name, start_time, end_time,  department_code, department_name, clinic_room_code, clinic_room_name,  doctor_code, doctor_name, doctor_title_code, doctor_title, doctor_spec,  doctor_sess_type_code, doctor_sess_type, service_code, service_name,  fee, reg_fee, checkup_fee, service_fee, other_fee, available_number_str,  admit_address_string, admit_time_range, note, time_range_flag, schedule_status,  available_total_num, available_left_num ) VALUES ( 'SCH_DOC_DEPT009_5_20260320_1', '2026-03-20', '5', '1', '上午', '08:00', '12:00', 'DEPT009', '骨科', 'ROOM_DEPT009_1', '骨科门诊3诊室', 'DOC_DEPT009_5', '徐秀英', '02', '副主任医师', '骨质疏松综合管理', '1', '专家门诊', 'SRV_001', '副主任医师挂号费', '50.00', '50.00', '0.00', '0.00', '0.00', '1,2,3,6,7,8,10,11,12,13,14,16,17,23,25', '主楼5层骨科候诊区', '08:00-12:00', '请提前15分钟候诊', '0', '1', '26', '18' );
INSERT INTO doctor_schedule ( m_code, service_date, week_day, session_code, session_name, start_time, end_time,  department_code, department_name, clinic_room_code, clinic_room_name,  doctor_code, doctor_name, doctor_title_code, doctor_title, doctor_spec,  doctor_sess_type_code, doctor_sess_type, service_code, service_name,  fee, reg_fee, checkup_fee, service_fee, other_fee, available_number_str,  admit_address_string, admit_time_range, note, time_range_flag, schedule_status,  available_total_num, available_left_num ) VALUES ( 'SCH_DOC_DEPT009_5_20260320_2', '2026-03-20', '5', '2', '下午', '13:30', '17:30', 'DEPT009', '骨科', 'ROOM_DEPT009_2', '骨科门诊3诊室', 'DOC_DEPT009_5', '徐秀英', '02', '副主任医师', '骨质疏松综合管理', '1', '专家门诊', 'SRV_001', '副主任医师挂号费', '20.00', '20.00', '0.00', '0.00', '0.00', '3,5,8,10,12,13,14,15,17', '主楼6层骨科候诊区', '13:30-17:30', '请提前15分钟候诊', '0', '1', '17', '8' );
INSERT INTO doctor_schedule ( m_code, service_date, week_day, session_code, session_name, start_time, end_time,  department_code, department_name, clinic_room_code, clinic_room_name,  doctor_code, doctor_name, doctor_title_code, doctor_title, doctor_spec,  doctor_sess_type_code, doctor_sess_type, service_code, service_name,  fee, reg_fee, checkup_fee, service_fee, other_fee, available_number_str,  admit_address_string, admit_time_range, note, time_range_flag, schedule_status,  available_total_num, available_left_num ) VALUES ( 'SCH_DOC_DEPT009_5_20260321_2', '2026-03-21', '6', '2', '下午', '13:30', '17:30', 'DEPT009', '骨科', 'ROOM_DEPT009_1', '骨科门诊3诊室', 'DOC_DEPT009_5', '徐秀英', '02', '副主任医师', '骨质疏松综合管理', '1', '专家门诊', 'SRV_001', '副主任医师挂号费', '20.00', '20.00', '0.00', '0.00', '0.00', '2,3,4,5,6,7,8,9,10,11,12,14,15,16,18,20,21,22', '主楼5层骨科候诊区', '13:30-17:30', '请提前15分钟候诊', '0', '1', '22', '15' );
INSERT INTO doctor_schedule ( m_code, service_date, week_day, session_code, session_name, start_time, end_time,  department_code, department_name, clinic_room_code, clinic_room_name,  doctor_code, doctor_name, doctor_title_code, doctor_title, doctor_spec,  doctor_sess_type_code, doctor_sess_type, service_code, service_name,  fee, reg_fee, checkup_fee, service_fee, other_fee, available_number_str,  admit_address_string, admit_time_range, note, time_range_flag, schedule_status,  available_total_num, available_left_num ) VALUES ( 'SCH_DOC_DEPT009_5_20260321_1', '2026-03-21', '6', '1', '上午', '08:00', '12:00', 'DEPT009', '骨科', 'ROOM_DEPT009_1', '骨科门诊2诊室', 'DOC_DEPT009_5', '徐秀英', '02', '副主任医师', '骨质疏松综合管理', '1', '专家门诊', 'SRV_001', '副主任医师挂号费', '50.00', '50.00', '0.00', '0.00', '0.00', '1,2,4,5,6,7,8,9,10,11,12,13,15,17,18,19,20,21,22,24,25,26,27,28,29,32', '主楼2层骨科候诊区', '08:00-12:00', '请提前15分钟候诊', '0', '1', '32', '15' );
INSERT INTO doctor_schedule ( m_code, service_date, week_day, session_code, session_name, start_time, end_time,  department_code, department_name, clinic_room_code, clinic_room_name,  doctor_code, doctor_name, doctor_title_code, doctor_title, doctor_spec,  doctor_sess_type_code, doctor_sess_type, service_code, service_name,  fee, reg_fee, checkup_fee, service_fee, other_fee, available_number_str,  admit_address_string, admit_time_range, note, time_range_flag, schedule_status,  available_total_num, available_left_num ) VALUES ( 'SCH_DOC_DEPT009_5_20260322_2', '2026-03-22', '7', '2', '下午', '13:30', '17:30', 'DEPT009', '骨科', 'ROOM_DEPT009_4', '骨科门诊3诊室', 'DOC_DEPT009_5', '徐秀英', '02', '副主任医师', '骨质疏松综合管理', '1', '专家门诊', 'SRV_001', '副主任医师挂号费', '50.00', '50.00', '0.00', '0.00', '0.00', '2,5,6,7,10,12,13,14,15,17,19,21,22,23,24,25,26,27,29,30,33,34,35,36,37', '主楼5层骨科候诊区', '13:30-17:30', '请提前15分钟候诊', '0', '1', '39', '9' );
INSERT INTO doctor_schedule ( m_code, service_date, week_day, session_code, session_name, start_time, end_time,  department_code, department_name, clinic_room_code, clinic_room_name,  doctor_code, doctor_name, doctor_title_code, doctor_title, doctor_spec,  doctor_sess_type_code, doctor_sess_type, service_code, service_name,  fee, reg_fee, checkup_fee, service_fee, other_fee, available_number_str,  admit_address_string, admit_time_range, note, time_range_flag, schedule_status,  available_total_num, available_left_num ) VALUES ( 'SCH_DOC_DEPT009_5_20260323_1', '2026-03-23', '1', '1', '上午', '08:00', '12:00', 'DEPT009', '骨科', 'ROOM_DEPT009_5', '骨科门诊2诊室', 'DOC_DEPT009_5', '徐秀英', '02', '副主任医师', '骨质疏松综合管理', '1', '专家门诊', 'SRV_001', '副主任医师挂号费', '20.00', '20.00', '0.00', '0.00', '0.00', '1,3,4,5,6,8,10,11,12,13,14,15,16,17,18,19,20,21,22,23', '主楼2层骨科候诊区', '08:00-12:00', '请提前15分钟候诊', '0', '1', '24', '10' );
INSERT INTO doctor_schedule ( m_code, service_date, week_day, session_code, session_name, start_time, end_time,  department_code, department_name, clinic_room_code, clinic_room_name,  doctor_code, doctor_name, doctor_title_code, doctor_title, doctor_spec,  doctor_sess_type_code, doctor_sess_type, service_code, service_name,  fee, reg_fee, checkup_fee, service_fee, other_fee, available_number_str,  admit_address_string, admit_time_range, note, time_range_flag, schedule_status,  available_total_num, available_left_num ) VALUES ( 'SCH_DOC_DEPT009_5_20260323_2', '2026-03-23', '1', '2', '下午', '13:30', '17:30', 'DEPT009', '骨科', 'ROOM_DEPT009_5', '骨科门诊2诊室', 'DOC_DEPT009_5', '徐秀英', '02', '副主任医师', '骨质疏松综合管理', '1', '专家门诊', 'SRV_001', '副主任医师挂号费', '15.00', '15.00', '0.00', '0.00', '0.00', '1,2,4,6,7,8,9,10,11,14,19,20,21,23,24,25,27,28', '主楼4层骨科候诊区', '13:30-17:30', '请提前15分钟候诊', '0', '1', '28', '28' );
INSERT INTO doctor_schedule ( m_code, service_date, week_day, session_code, session_name, start_time, end_time,  department_code, department_name, clinic_room_code, clinic_room_name,  doctor_code, doctor_name, doctor_title_code, doctor_title, doctor_spec,  doctor_sess_type_code, doctor_sess_type, service_code, service_name,  fee, reg_fee, checkup_fee, service_fee, other_fee, available_number_str,  admit_address_string, admit_time_range, note, time_range_flag, schedule_status,  available_total_num, available_left_num ) VALUES ( 'SCH_DOC_DEPT009_5_20260324_1', '2026-03-24', '2', '1', '上午', '08:00', '12:00', 'DEPT009', '骨科', 'ROOM_DEPT009_1', '骨科门诊5诊室', 'DOC_DEPT009_5', '徐秀英', '02', '副主任医师', '骨质疏松综合管理', '1', '专家门诊', 'SRV_001', '副主任医师挂号费', '20.00', '20.00', '0.00', '0.00', '0.00', '1,2,3,4,5,7,8,10,11,12,13,14,18,20,21,22,23,24,27,29,30,31,33,35', '主楼2层骨科候诊区', '08:00-12:00', '请提前15分钟候诊', '0', '1', '36', '11' );
INSERT INTO doctor_schedule ( m_code, service_date, week_day, session_code, session_name, start_time, end_time,  department_code, department_name, clinic_room_code, clinic_room_name,  doctor_code, doctor_name, doctor_title_code, doctor_title, doctor_spec,  doctor_sess_type_code, doctor_sess_type, service_code, service_name,  fee, reg_fee, checkup_fee, service_fee, other_fee, available_number_str,  admit_address_string, admit_time_range, note, time_range_flag, schedule_status,  available_total_num, available_left_num ) VALUES ( 'SCH_DOC_DEPT009_5_20260327_2', '2026-03-27', '5', '2', '下午', '13:30', '17:30', 'DEPT009', '骨科', 'ROOM_DEPT009_5', '骨科门诊3诊室', 'DOC_DEPT009_5', '徐秀英', '02', '副主任医师', '骨质疏松综合管理', '1', '专家门诊', 'SRV_001', '副主任医师挂号费', '20.00', '20.00', '0.00', '0.00', '0.00', '4,5,6,8,9,10,11,12,13,15,17,18,19', '主楼2层骨科候诊区', '13:30-17:30', '请提前15分钟候诊', '0', '1', '20', '18' );
INSERT INTO doctor_schedule ( m_code, service_date, week_day, session_code, session_name, start_time, end_time,  department_code, department_name, clinic_room_code, clinic_room_name,  doctor_code, doctor_name, doctor_title_code, doctor_title, doctor_spec,  doctor_sess_type_code, doctor_sess_type, service_code, service_name,  fee, reg_fee, checkup_fee, service_fee, other_fee, available_number_str,  admit_address_string, admit_time_range, note, time_range_flag, schedule_status,  available_total_num, available_left_num ) VALUES ( 'SCH_DOC_DEPT009_5_20260328_1', '2026-03-28', '6', '1', '上午', '08:00', '12:00', 'DEPT009', '骨科', 'ROOM_DEPT009_4', '骨科门诊1诊室', 'DOC_DEPT009_5', '徐秀英', '02', '副主任医师', '骨质疏松综合管理', '1', '专家门诊', 'SRV_001', '副主任医师挂号费', '50.00', '50.00', '0.00', '0.00', '0.00', '1,3,4,6,7,8,9,10,12,13,14,15,16,17,19,20,21,23,25,27,28,29,30,31,32', '主楼6层骨科候诊区', '08:00-12:00', '请提前15分钟候诊', '0', '1', '33', '28' );
INSERT INTO doctor_schedule ( m_code, service_date, week_day, session_code, session_name, start_time, end_time,  department_code, department_name, clinic_room_code, clinic_room_name,  doctor_code, doctor_name, doctor_title_code, doctor_title, doctor_spec,  doctor_sess_type_code, doctor_sess_type, service_code, service_name,  fee, reg_fee, checkup_fee, service_fee, other_fee, available_number_str,  admit_address_string, admit_time_range, note, time_range_flag, schedule_status,  available_total_num, available_left_num ) VALUES ( 'SCH_DOC_DEPT009_5_20260328_2', '2026-03-28', '6', '2', '下午', '13:30', '17:30', 'DEPT009', '骨科', 'ROOM_DEPT009_5', '骨科门诊3诊室', 'DOC_DEPT009_5', '徐秀英', '02', '副主任医师', '骨质疏松综合管理', '1', '专家门诊', 'SRV_001', '副主任医师挂号费', '20.00', '20.00', '0.00', '0.00', '0.00', '2,3,5,6,8,9,10,11,15,16,17,18', '主楼6层骨科候诊区', '13:30-17:30', '请提前15分钟候诊', '0', '1', '19', '16' );
INSERT INTO doctor (doctor_code, doctor_name, department_code, title, specialty, doctor_des, doctor_image) VALUES ('DOC_DEPT010_1', '杨艳', 'DEPT010', '副主任医师', '中风急性救治', '杨艳副主任医师，从事神经内科临床工作8年，专业严谨。她擅长中风急性救治的诊疗，已成功治愈数千例相关患者。', 'doc_DOC_DEPT010_1.png');
INSERT INTO doctor_schedule ( m_code, service_date, week_day, session_code, session_name, start_time, end_time,  department_code, department_name, clinic_room_code, clinic_room_name,  doctor_code, doctor_name, doctor_title_code, doctor_title, doctor_spec,  doctor_sess_type_code, doctor_sess_type, service_code, service_name,  fee, reg_fee, checkup_fee, service_fee, other_fee, available_number_str,  admit_address_string, admit_time_range, note, time_range_flag, schedule_status,  available_total_num, available_left_num ) VALUES ( 'SCH_DOC_DEPT010_1_20260316_2', '2026-03-16', '1', '2', '下午', '13:30', '17:30', 'DEPT010', '神经内科', 'ROOM_DEPT010_5', '神经内科门诊4诊室', 'DOC_DEPT010_1', '杨艳', '02', '副主任医师', '中风急性救治', '1', '专家门诊', 'SRV_001', '副主任医师挂号费', '20.00', '20.00', '0.00', '0.00', '0.00', '1,2,3,6,7,8,9,10,11,12,13,14,15,16', '主楼2层神经内科候诊区', '13:30-17:30', '请提前15分钟候诊', '0', '1', '17', '14' );
INSERT INTO doctor_schedule ( m_code, service_date, week_day, session_code, session_name, start_time, end_time,  department_code, department_name, clinic_room_code, clinic_room_name,  doctor_code, doctor_name, doctor_title_code, doctor_title, doctor_spec,  doctor_sess_type_code, doctor_sess_type, service_code, service_name,  fee, reg_fee, checkup_fee, service_fee, other_fee, available_number_str,  admit_address_string, admit_time_range, note, time_range_flag, schedule_status,  available_total_num, available_left_num ) VALUES ( 'SCH_DOC_DEPT010_1_20260317_2', '2026-03-17', '2', '2', '下午', '13:30', '17:30', 'DEPT010', '神经内科', 'ROOM_DEPT010_2', '神经内科门诊3诊室', 'DOC_DEPT010_1', '杨艳', '02', '副主任医师', '中风急性救治', '1', '专家门诊', 'SRV_001', '副主任医师挂号费', '50.00', '50.00', '0.00', '0.00', '0.00', '1,2,3,4,5,6,7,8,10,11,13,14,16', '主楼2层神经内科候诊区', '13:30-17:30', '请提前15分钟候诊', '0', '1', '16', '10' );
INSERT INTO doctor_schedule ( m_code, service_date, week_day, session_code, session_name, start_time, end_time,  department_code, department_name, clinic_room_code, clinic_room_name,  doctor_code, doctor_name, doctor_title_code, doctor_title, doctor_spec,  doctor_sess_type_code, doctor_sess_type, service_code, service_name,  fee, reg_fee, checkup_fee, service_fee, other_fee, available_number_str,  admit_address_string, admit_time_range, note, time_range_flag, schedule_status,  available_total_num, available_left_num ) VALUES ( 'SCH_DOC_DEPT010_1_20260317_1', '2026-03-17', '2', '1', '上午', '08:00', '12:00', 'DEPT010', '神经内科', 'ROOM_DEPT010_5', '神经内科门诊1诊室', 'DOC_DEPT010_1', '杨艳', '02', '副主任医师', '中风急性救治', '1', '专家门诊', 'SRV_001', '副主任医师挂号费', '50.00', '50.00', '0.00', '0.00', '0.00', '1,2,4,5,6,7,10,12,13,14,15', '主楼1层神经内科候诊区', '08:00-12:00', '请提前15分钟候诊', '0', '1', '15', '13' );
INSERT INTO doctor_schedule ( m_code, service_date, week_day, session_code, session_name, start_time, end_time,  department_code, department_name, clinic_room_code, clinic_room_name,  doctor_code, doctor_name, doctor_title_code, doctor_title, doctor_spec,  doctor_sess_type_code, doctor_sess_type, service_code, service_name,  fee, reg_fee, checkup_fee, service_fee, other_fee, available_number_str,  admit_address_string, admit_time_range, note, time_range_flag, schedule_status,  available_total_num, available_left_num ) VALUES ( 'SCH_DOC_DEPT010_1_20260318_1', '2026-03-18', '3', '1', '上午', '08:00', '12:00', 'DEPT010', '神经内科', 'ROOM_DEPT010_3', '神经内科门诊2诊室', 'DOC_DEPT010_1', '杨艳', '02', '副主任医师', '中风急性救治', '1', '专家门诊', 'SRV_001', '副主任医师挂号费', '50.00', '50.00', '0.00', '0.00', '0.00', '2,4,5,6,7,8,9,10,11,12,15,16', '主楼5层神经内科候诊区', '08:00-12:00', '请提前15分钟候诊', '0', '1', '16', '14' );
INSERT INTO doctor_schedule ( m_code, service_date, week_day, session_code, session_name, start_time, end_time,  department_code, department_name, clinic_room_code, clinic_room_name,  doctor_code, doctor_name, doctor_title_code, doctor_title, doctor_spec,  doctor_sess_type_code, doctor_sess_type, service_code, service_name,  fee, reg_fee, checkup_fee, service_fee, other_fee, available_number_str,  admit_address_string, admit_time_range, note, time_range_flag, schedule_status,  available_total_num, available_left_num ) VALUES ( 'SCH_DOC_DEPT010_1_20260319_1', '2026-03-19', '4', '1', '上午', '08:00', '12:00', 'DEPT010', '神经内科', 'ROOM_DEPT010_4', '神经内科门诊2诊室', 'DOC_DEPT010_1', '杨艳', '02', '副主任医师', '中风急性救治', '1', '专家门诊', 'SRV_001', '副主任医师挂号费', '50.00', '50.00', '0.00', '0.00', '0.00', '1,2,5,6,7,8,9,10,12,13,14,16,17,18,19,21,22', '主楼5层神经内科候诊区', '08:00-12:00', '请提前15分钟候诊', '0', '1', '22', '21' );
INSERT INTO doctor_schedule ( m_code, service_date, week_day, session_code, session_name, start_time, end_time,  department_code, department_name, clinic_room_code, clinic_room_name,  doctor_code, doctor_name, doctor_title_code, doctor_title, doctor_spec,  doctor_sess_type_code, doctor_sess_type, service_code, service_name,  fee, reg_fee, checkup_fee, service_fee, other_fee, available_number_str,  admit_address_string, admit_time_range, note, time_range_flag, schedule_status,  available_total_num, available_left_num ) VALUES ( 'SCH_DOC_DEPT010_1_20260321_2', '2026-03-21', '6', '2', '下午', '13:30', '17:30', 'DEPT010', '神经内科', 'ROOM_DEPT010_3', '神经内科门诊5诊室', 'DOC_DEPT010_1', '杨艳', '02', '副主任医师', '中风急性救治', '1', '专家门诊', 'SRV_001', '副主任医师挂号费', '20.00', '20.00', '0.00', '0.00', '0.00', '1,2,3,4,6,7,9,11,12,14,15,16,17,18,19,22,23,24,25,26,28', '主楼5层神经内科候诊区', '13:30-17:30', '请提前15分钟候诊', '0', '1', '28', '25' );
INSERT INTO doctor_schedule ( m_code, service_date, week_day, session_code, session_name, start_time, end_time,  department_code, department_name, clinic_room_code, clinic_room_name,  doctor_code, doctor_name, doctor_title_code, doctor_title, doctor_spec,  doctor_sess_type_code, doctor_sess_type, service_code, service_name,  fee, reg_fee, checkup_fee, service_fee, other_fee, available_number_str,  admit_address_string, admit_time_range, note, time_range_flag, schedule_status,  available_total_num, available_left_num ) VALUES ( 'SCH_DOC_DEPT010_1_20260321_1', '2026-03-21', '6', '1', '上午', '08:00', '12:00', 'DEPT010', '神经内科', 'ROOM_DEPT010_2', '神经内科门诊1诊室', 'DOC_DEPT010_1', '杨艳', '02', '副主任医师', '中风急性救治', '1', '专家门诊', 'SRV_001', '副主任医师挂号费', '15.00', '15.00', '0.00', '0.00', '0.00', '1,2,3,4,5,6,7,8,9,11,12,16,18,20,21,22,23,24,26,28', '主楼4层神经内科候诊区', '08:00-12:00', '请提前15分钟候诊', '0', '1', '28', '21' );
INSERT INTO doctor_schedule ( m_code, service_date, week_day, session_code, session_name, start_time, end_time,  department_code, department_name, clinic_room_code, clinic_room_name,  doctor_code, doctor_name, doctor_title_code, doctor_title, doctor_spec,  doctor_sess_type_code, doctor_sess_type, service_code, service_name,  fee, reg_fee, checkup_fee, service_fee, other_fee, available_number_str,  admit_address_string, admit_time_range, note, time_range_flag, schedule_status,  available_total_num, available_left_num ) VALUES ( 'SCH_DOC_DEPT010_1_20260322_2', '2026-03-22', '7', '2', '下午', '13:30', '17:30', 'DEPT010', '神经内科', 'ROOM_DEPT010_4', '神经内科门诊1诊室', 'DOC_DEPT010_1', '杨艳', '02', '副主任医师', '中风急性救治', '1', '专家门诊', 'SRV_001', '副主任医师挂号费', '50.00', '50.00', '0.00', '0.00', '0.00', '1,2,5,6,7,10,11,14,15,16', '主楼4层神经内科候诊区', '13:30-17:30', '请提前15分钟候诊', '0', '1', '16', '10' );
INSERT INTO doctor_schedule ( m_code, service_date, week_day, session_code, session_name, start_time, end_time,  department_code, department_name, clinic_room_code, clinic_room_name,  doctor_code, doctor_name, doctor_title_code, doctor_title, doctor_spec,  doctor_sess_type_code, doctor_sess_type, service_code, service_name,  fee, reg_fee, checkup_fee, service_fee, other_fee, available_number_str,  admit_address_string, admit_time_range, note, time_range_flag, schedule_status,  available_total_num, available_left_num ) VALUES ( 'SCH_DOC_DEPT010_1_20260322_1', '2026-03-22', '7', '1', '上午', '08:00', '12:00', 'DEPT010', '神经内科', 'ROOM_DEPT010_4', '神经内科门诊1诊室', 'DOC_DEPT010_1', '杨艳', '02', '副主任医师', '中风急性救治', '1', '专家门诊', 'SRV_001', '副主任医师挂号费', '15.00', '15.00', '0.00', '0.00', '0.00', '1,2,3,6,7,8,10,11,12,14,15,16,17,20,24,26,27,29,30,31,32,33', '主楼6层神经内科候诊区', '08:00-12:00', '请提前15分钟候诊', '0', '1', '33', '26' );
INSERT INTO doctor_schedule ( m_code, service_date, week_day, session_code, session_name, start_time, end_time,  department_code, department_name, clinic_room_code, clinic_room_name,  doctor_code, doctor_name, doctor_title_code, doctor_title, doctor_spec,  doctor_sess_type_code, doctor_sess_type, service_code, service_name,  fee, reg_fee, checkup_fee, service_fee, other_fee, available_number_str,  admit_address_string, admit_time_range, note, time_range_flag, schedule_status,  available_total_num, available_left_num ) VALUES ( 'SCH_DOC_DEPT010_1_20260323_1', '2026-03-23', '1', '1', '上午', '08:00', '12:00', 'DEPT010', '神经内科', 'ROOM_DEPT010_5', '神经内科门诊4诊室', 'DOC_DEPT010_1', '杨艳', '02', '副主任医师', '中风急性救治', '1', '专家门诊', 'SRV_001', '副主任医师挂号费', '15.00', '15.00', '0.00', '0.00', '0.00', '1,2,3,4,7,8,9,10,11,13,14,16,19,20,22,23', '主楼5层神经内科候诊区', '08:00-12:00', '请提前15分钟候诊', '0', '1', '23', '17' );
INSERT INTO doctor_schedule ( m_code, service_date, week_day, session_code, session_name, start_time, end_time,  department_code, department_name, clinic_room_code, clinic_room_name,  doctor_code, doctor_name, doctor_title_code, doctor_title, doctor_spec,  doctor_sess_type_code, doctor_sess_type, service_code, service_name,  fee, reg_fee, checkup_fee, service_fee, other_fee, available_number_str,  admit_address_string, admit_time_range, note, time_range_flag, schedule_status,  available_total_num, available_left_num ) VALUES ( 'SCH_DOC_DEPT010_1_20260324_2', '2026-03-24', '2', '2', '下午', '13:30', '17:30', 'DEPT010', '神经内科', 'ROOM_DEPT010_4', '神经内科门诊3诊室', 'DOC_DEPT010_1', '杨艳', '02', '副主任医师', '中风急性救治', '1', '专家门诊', 'SRV_001', '副主任医师挂号费', '15.00', '15.00', '0.00', '0.00', '0.00', '1,2,3,5,6,8,9,10,11,13,14,16,17,18,19,20,21,22,24,25,26,28,29,30,31,32,34,37,38,39', '主楼6层神经内科候诊区', '13:30-17:30', '请提前15分钟候诊', '0', '1', '40', '33' );
INSERT INTO doctor_schedule ( m_code, service_date, week_day, session_code, session_name, start_time, end_time,  department_code, department_name, clinic_room_code, clinic_room_name,  doctor_code, doctor_name, doctor_title_code, doctor_title, doctor_spec,  doctor_sess_type_code, doctor_sess_type, service_code, service_name,  fee, reg_fee, checkup_fee, service_fee, other_fee, available_number_str,  admit_address_string, admit_time_range, note, time_range_flag, schedule_status,  available_total_num, available_left_num ) VALUES ( 'SCH_DOC_DEPT010_1_20260326_1', '2026-03-26', '4', '1', '上午', '08:00', '12:00', 'DEPT010', '神经内科', 'ROOM_DEPT010_2', '神经内科门诊1诊室', 'DOC_DEPT010_1', '杨艳', '02', '副主任医师', '中风急性救治', '1', '专家门诊', 'SRV_001', '副主任医师挂号费', '50.00', '50.00', '0.00', '0.00', '0.00', '1,2,3,4,5,6,7,8,11,12,14,16,17,20,21,23,25,26,28,29,30,31,32,34,35', '主楼4层神经内科候诊区', '08:00-12:00', '请提前15分钟候诊', '0', '1', '35', '16' );
INSERT INTO doctor_schedule ( m_code, service_date, week_day, session_code, session_name, start_time, end_time,  department_code, department_name, clinic_room_code, clinic_room_name,  doctor_code, doctor_name, doctor_title_code, doctor_title, doctor_spec,  doctor_sess_type_code, doctor_sess_type, service_code, service_name,  fee, reg_fee, checkup_fee, service_fee, other_fee, available_number_str,  admit_address_string, admit_time_range, note, time_range_flag, schedule_status,  available_total_num, available_left_num ) VALUES ( 'SCH_DOC_DEPT010_1_20260327_2', '2026-03-27', '5', '2', '下午', '13:30', '17:30', 'DEPT010', '神经内科', 'ROOM_DEPT010_3', '神经内科门诊1诊室', 'DOC_DEPT010_1', '杨艳', '02', '副主任医师', '中风急性救治', '1', '专家门诊', 'SRV_001', '副主任医师挂号费', '50.00', '50.00', '0.00', '0.00', '0.00', '1,3,4,7,8,9,10,11,12,13,14,15,16,18,19,20,21,22,23,24,26,27,29,30,31,32,33,34,35,36,37', '主楼2层神经内科候诊区', '13:30-17:30', '请提前15分钟候诊', '0', '1', '38', '15' );
INSERT INTO doctor_schedule ( m_code, service_date, week_day, session_code, session_name, start_time, end_time,  department_code, department_name, clinic_room_code, clinic_room_name,  doctor_code, doctor_name, doctor_title_code, doctor_title, doctor_spec,  doctor_sess_type_code, doctor_sess_type, service_code, service_name,  fee, reg_fee, checkup_fee, service_fee, other_fee, available_number_str,  admit_address_string, admit_time_range, note, time_range_flag, schedule_status,  available_total_num, available_left_num ) VALUES ( 'SCH_DOC_DEPT010_1_20260327_1', '2026-03-27', '5', '1', '上午', '08:00', '12:00', 'DEPT010', '神经内科', 'ROOM_DEPT010_1', '神经内科门诊2诊室', 'DOC_DEPT010_1', '杨艳', '02', '副主任医师', '中风急性救治', '1', '专家门诊', 'SRV_001', '副主任医师挂号费', '50.00', '50.00', '0.00', '0.00', '0.00', '1,3,5,6,7,8,10,12,13,14,19,21,23,24', '主楼4层神经内科候诊区', '08:00-12:00', '请提前15分钟候诊', '0', '1', '24', '6' );
INSERT INTO doctor (doctor_code, doctor_name, department_code, title, specialty, doctor_des, doctor_image) VALUES ('DOC_DEPT010_2', '郭霞', 'DEPT010', '副主任医师', '癫痫规律管控', '郭霞副主任医师，从事神经内科临床工作14年，具备深厚的临床背景。她擅长癫痫规律管控的诊疗，已成功治愈数千例相关患者。', 'doc_DOC_DEPT010_2.png');
INSERT INTO doctor_schedule ( m_code, service_date, week_day, session_code, session_name, start_time, end_time,  department_code, department_name, clinic_room_code, clinic_room_name,  doctor_code, doctor_name, doctor_title_code, doctor_title, doctor_spec,  doctor_sess_type_code, doctor_sess_type, service_code, service_name,  fee, reg_fee, checkup_fee, service_fee, other_fee, available_number_str,  admit_address_string, admit_time_range, note, time_range_flag, schedule_status,  available_total_num, available_left_num ) VALUES ( 'SCH_DOC_DEPT010_2_20260317_1', '2026-03-17', '2', '1', '上午', '08:00', '12:00', 'DEPT010', '神经内科', 'ROOM_DEPT010_2', '神经内科门诊3诊室', 'DOC_DEPT010_2', '郭霞', '02', '副主任医师', '癫痫规律管控', '1', '专家门诊', 'SRV_001', '副主任医师挂号费', '20.00', '20.00', '0.00', '0.00', '0.00', '1,2,3,4,5,7,9,11,12,13,14,15,16,17', '主楼6层神经内科候诊区', '08:00-12:00', '请提前15分钟候诊', '0', '1', '17', '16' );
INSERT INTO doctor_schedule ( m_code, service_date, week_day, session_code, session_name, start_time, end_time,  department_code, department_name, clinic_room_code, clinic_room_name,  doctor_code, doctor_name, doctor_title_code, doctor_title, doctor_spec,  doctor_sess_type_code, doctor_sess_type, service_code, service_name,  fee, reg_fee, checkup_fee, service_fee, other_fee, available_number_str,  admit_address_string, admit_time_range, note, time_range_flag, schedule_status,  available_total_num, available_left_num ) VALUES ( 'SCH_DOC_DEPT010_2_20260318_2', '2026-03-18', '3', '2', '下午', '13:30', '17:30', 'DEPT010', '神经内科', 'ROOM_DEPT010_1', '神经内科门诊4诊室', 'DOC_DEPT010_2', '郭霞', '02', '副主任医师', '癫痫规律管控', '1', '专家门诊', 'SRV_001', '副主任医师挂号费', '15.00', '15.00', '0.00', '0.00', '0.00', '3,4,5,6,7,8,9,10,12,13,14,16,18,21,22,23,24,25,26', '主楼1层神经内科候诊区', '13:30-17:30', '请提前15分钟候诊', '0', '1', '26', '14' );
INSERT INTO doctor_schedule ( m_code, service_date, week_day, session_code, session_name, start_time, end_time,  department_code, department_name, clinic_room_code, clinic_room_name,  doctor_code, doctor_name, doctor_title_code, doctor_title, doctor_spec,  doctor_sess_type_code, doctor_sess_type, service_code, service_name,  fee, reg_fee, checkup_fee, service_fee, other_fee, available_number_str,  admit_address_string, admit_time_range, note, time_range_flag, schedule_status,  available_total_num, available_left_num ) VALUES ( 'SCH_DOC_DEPT010_2_20260319_2', '2026-03-19', '4', '2', '下午', '13:30', '17:30', 'DEPT010', '神经内科', 'ROOM_DEPT010_2', '神经内科门诊5诊室', 'DOC_DEPT010_2', '郭霞', '02', '副主任医师', '癫痫规律管控', '1', '专家门诊', 'SRV_001', '副主任医师挂号费', '20.00', '20.00', '0.00', '0.00', '0.00', '1,2,3,4,5,6,7,9,11,12,13,14,15,17,18,19,21,22,23,24,25,26,27,28,33,34,35,36,37,38,40', '主楼3层神经内科候诊区', '13:30-17:30', '请提前15分钟候诊', '0', '1', '40', '27' );
INSERT INTO doctor_schedule ( m_code, service_date, week_day, session_code, session_name, start_time, end_time,  department_code, department_name, clinic_room_code, clinic_room_name,  doctor_code, doctor_name, doctor_title_code, doctor_title, doctor_spec,  doctor_sess_type_code, doctor_sess_type, service_code, service_name,  fee, reg_fee, checkup_fee, service_fee, other_fee, available_number_str,  admit_address_string, admit_time_range, note, time_range_flag, schedule_status,  available_total_num, available_left_num ) VALUES ( 'SCH_DOC_DEPT010_2_20260320_2', '2026-03-20', '5', '2', '下午', '13:30', '17:30', 'DEPT010', '神经内科', 'ROOM_DEPT010_2', '神经内科门诊4诊室', 'DOC_DEPT010_2', '郭霞', '02', '副主任医师', '癫痫规律管控', '1', '专家门诊', 'SRV_001', '副主任医师挂号费', '20.00', '20.00', '0.00', '0.00', '0.00', '1,2,4,7,8,10,11,12,13,14,15,16,17,18,19', '主楼3层神经内科候诊区', '13:30-17:30', '请提前15分钟候诊', '0', '1', '20', '9' );
INSERT INTO doctor_schedule ( m_code, service_date, week_day, session_code, session_name, start_time, end_time,  department_code, department_name, clinic_room_code, clinic_room_name,  doctor_code, doctor_name, doctor_title_code, doctor_title, doctor_spec,  doctor_sess_type_code, doctor_sess_type, service_code, service_name,  fee, reg_fee, checkup_fee, service_fee, other_fee, available_number_str,  admit_address_string, admit_time_range, note, time_range_flag, schedule_status,  available_total_num, available_left_num ) VALUES ( 'SCH_DOC_DEPT010_2_20260320_1', '2026-03-20', '5', '1', '上午', '08:00', '12:00', 'DEPT010', '神经内科', 'ROOM_DEPT010_4', '神经内科门诊4诊室', 'DOC_DEPT010_2', '郭霞', '02', '副主任医师', '癫痫规律管控', '1', '专家门诊', 'SRV_001', '副主任医师挂号费', '20.00', '20.00', '0.00', '0.00', '0.00', '1,2,3,4,6,7,8,9,12,13,18,19,20,21,22,23,24,26', '主楼3层神经内科候诊区', '08:00-12:00', '请提前15分钟候诊', '0', '1', '26', '18' );
INSERT INTO doctor_schedule ( m_code, service_date, week_day, session_code, session_name, start_time, end_time,  department_code, department_name, clinic_room_code, clinic_room_name,  doctor_code, doctor_name, doctor_title_code, doctor_title, doctor_spec,  doctor_sess_type_code, doctor_sess_type, service_code, service_name,  fee, reg_fee, checkup_fee, service_fee, other_fee, available_number_str,  admit_address_string, admit_time_range, note, time_range_flag, schedule_status,  available_total_num, available_left_num ) VALUES ( 'SCH_DOC_DEPT010_2_20260323_2', '2026-03-23', '1', '2', '下午', '13:30', '17:30', 'DEPT010', '神经内科', 'ROOM_DEPT010_1', '神经内科门诊2诊室', 'DOC_DEPT010_2', '郭霞', '02', '副主任医师', '癫痫规律管控', '1', '专家门诊', 'SRV_001', '副主任医师挂号费', '20.00', '20.00', '0.00', '0.00', '0.00', '2,3,4,5,7,8,11,13,14,15,16,17,18,19,20,21,22,23,24,25,27,28,32', '主楼3层神经内科候诊区', '13:30-17:30', '请提前15分钟候诊', '0', '1', '32', '16' );
INSERT INTO doctor_schedule ( m_code, service_date, week_day, session_code, session_name, start_time, end_time,  department_code, department_name, clinic_room_code, clinic_room_name,  doctor_code, doctor_name, doctor_title_code, doctor_title, doctor_spec,  doctor_sess_type_code, doctor_sess_type, service_code, service_name,  fee, reg_fee, checkup_fee, service_fee, other_fee, available_number_str,  admit_address_string, admit_time_range, note, time_range_flag, schedule_status,  available_total_num, available_left_num ) VALUES ( 'SCH_DOC_DEPT010_2_20260323_1', '2026-03-23', '1', '1', '上午', '08:00', '12:00', 'DEPT010', '神经内科', 'ROOM_DEPT010_2', '神经内科门诊4诊室', 'DOC_DEPT010_2', '郭霞', '02', '副主任医师', '癫痫规律管控', '1', '专家门诊', 'SRV_001', '副主任医师挂号费', '15.00', '15.00', '0.00', '0.00', '0.00', '1,2,3,5,7,8,10,11,12,13,14,15,17,18,20,21,22,23,25,26,27,28,29,30', '主楼5层神经内科候诊区', '08:00-12:00', '请提前15分钟候诊', '0', '1', '30', '12' );
INSERT INTO doctor_schedule ( m_code, service_date, week_day, session_code, session_name, start_time, end_time,  department_code, department_name, clinic_room_code, clinic_room_name,  doctor_code, doctor_name, doctor_title_code, doctor_title, doctor_spec,  doctor_sess_type_code, doctor_sess_type, service_code, service_name,  fee, reg_fee, checkup_fee, service_fee, other_fee, available_number_str,  admit_address_string, admit_time_range, note, time_range_flag, schedule_status,  available_total_num, available_left_num ) VALUES ( 'SCH_DOC_DEPT010_2_20260324_2', '2026-03-24', '2', '2', '下午', '13:30', '17:30', 'DEPT010', '神经内科', 'ROOM_DEPT010_4', '神经内科门诊1诊室', 'DOC_DEPT010_2', '郭霞', '02', '副主任医师', '癫痫规律管控', '1', '专家门诊', 'SRV_001', '副主任医师挂号费', '50.00', '50.00', '0.00', '0.00', '0.00', '1,3,5,6,7,8,9,10,13,15,16,18,21,22,23,24,27', '主楼3层神经内科候诊区', '13:30-17:30', '请提前15分钟候诊', '0', '1', '27', '8' );
INSERT INTO doctor_schedule ( m_code, service_date, week_day, session_code, session_name, start_time, end_time,  department_code, department_name, clinic_room_code, clinic_room_name,  doctor_code, doctor_name, doctor_title_code, doctor_title, doctor_spec,  doctor_sess_type_code, doctor_sess_type, service_code, service_name,  fee, reg_fee, checkup_fee, service_fee, other_fee, available_number_str,  admit_address_string, admit_time_range, note, time_range_flag, schedule_status,  available_total_num, available_left_num ) VALUES ( 'SCH_DOC_DEPT010_2_20260324_1', '2026-03-24', '2', '1', '上午', '08:00', '12:00', 'DEPT010', '神经内科', 'ROOM_DEPT010_4', '神经内科门诊2诊室', 'DOC_DEPT010_2', '郭霞', '02', '副主任医师', '癫痫规律管控', '1', '专家门诊', 'SRV_001', '副主任医师挂号费', '15.00', '15.00', '0.00', '0.00', '0.00', '2,3,4,5,8,9,10,11,12,14,15,17,18,19', '主楼3层神经内科候诊区', '08:00-12:00', '请提前15分钟候诊', '0', '1', '20', '13' );
INSERT INTO doctor_schedule ( m_code, service_date, week_day, session_code, session_name, start_time, end_time,  department_code, department_name, clinic_room_code, clinic_room_name,  doctor_code, doctor_name, doctor_title_code, doctor_title, doctor_spec,  doctor_sess_type_code, doctor_sess_type, service_code, service_name,  fee, reg_fee, checkup_fee, service_fee, other_fee, available_number_str,  admit_address_string, admit_time_range, note, time_range_flag, schedule_status,  available_total_num, available_left_num ) VALUES ( 'SCH_DOC_DEPT010_2_20260325_2', '2026-03-25', '3', '2', '下午', '13:30', '17:30', 'DEPT010', '神经内科', 'ROOM_DEPT010_4', '神经内科门诊1诊室', 'DOC_DEPT010_2', '郭霞', '02', '副主任医师', '癫痫规律管控', '1', '专家门诊', 'SRV_001', '副主任医师挂号费', '50.00', '50.00', '0.00', '0.00', '0.00', '1,2,3,5,6,7,10,12,13,14,16,17,18,19,20,22,23,24,25,26,27,28,29,30,31,32,33,34', '主楼4层神经内科候诊区', '13:30-17:30', '请提前15分钟候诊', '0', '1', '34', '23' );
INSERT INTO doctor_schedule ( m_code, service_date, week_day, session_code, session_name, start_time, end_time,  department_code, department_name, clinic_room_code, clinic_room_name,  doctor_code, doctor_name, doctor_title_code, doctor_title, doctor_spec,  doctor_sess_type_code, doctor_sess_type, service_code, service_name,  fee, reg_fee, checkup_fee, service_fee, other_fee, available_number_str,  admit_address_string, admit_time_range, note, time_range_flag, schedule_status,  available_total_num, available_left_num ) VALUES ( 'SCH_DOC_DEPT010_2_20260326_1', '2026-03-26', '4', '1', '上午', '08:00', '12:00', 'DEPT010', '神经内科', 'ROOM_DEPT010_3', '神经内科门诊3诊室', 'DOC_DEPT010_2', '郭霞', '02', '副主任医师', '癫痫规律管控', '1', '专家门诊', 'SRV_001', '副主任医师挂号费', '50.00', '50.00', '0.00', '0.00', '0.00', '1,4,5,6,7,9,10,11,13,14,15,17,18,19,20', '主楼2层神经内科候诊区', '08:00-12:00', '请提前15分钟候诊', '0', '1', '20', '12' );
INSERT INTO doctor_schedule ( m_code, service_date, week_day, session_code, session_name, start_time, end_time,  department_code, department_name, clinic_room_code, clinic_room_name,  doctor_code, doctor_name, doctor_title_code, doctor_title, doctor_spec,  doctor_sess_type_code, doctor_sess_type, service_code, service_name,  fee, reg_fee, checkup_fee, service_fee, other_fee, available_number_str,  admit_address_string, admit_time_range, note, time_range_flag, schedule_status,  available_total_num, available_left_num ) VALUES ( 'SCH_DOC_DEPT010_2_20260327_1', '2026-03-27', '5', '1', '上午', '08:00', '12:00', 'DEPT010', '神经内科', 'ROOM_DEPT010_5', '神经内科门诊5诊室', 'DOC_DEPT010_2', '郭霞', '02', '副主任医师', '癫痫规律管控', '1', '专家门诊', 'SRV_001', '副主任医师挂号费', '20.00', '20.00', '0.00', '0.00', '0.00', '4,5,6,10,11,12,13,15,18,21,24,26,28,29,30,31,33,34,35,36', '主楼1层神经内科候诊区', '08:00-12:00', '请提前15分钟候诊', '0', '1', '37', '13' );
INSERT INTO doctor_schedule ( m_code, service_date, week_day, session_code, session_name, start_time, end_time,  department_code, department_name, clinic_room_code, clinic_room_name,  doctor_code, doctor_name, doctor_title_code, doctor_title, doctor_spec,  doctor_sess_type_code, doctor_sess_type, service_code, service_name,  fee, reg_fee, checkup_fee, service_fee, other_fee, available_number_str,  admit_address_string, admit_time_range, note, time_range_flag, schedule_status,  available_total_num, available_left_num ) VALUES ( 'SCH_DOC_DEPT010_2_20260328_2', '2026-03-28', '6', '2', '下午', '13:30', '17:30', 'DEPT010', '神经内科', 'ROOM_DEPT010_5', '神经内科门诊5诊室', 'DOC_DEPT010_2', '郭霞', '02', '副主任医师', '癫痫规律管控', '1', '专家门诊', 'SRV_001', '副主任医师挂号费', '50.00', '50.00', '0.00', '0.00', '0.00', '2,3,4,5,6,7,8,11,12,13,15,16,18,19,20,21,22,23,24,26,27,28,29,30,31,33,34,36,38', '主楼5层神经内科候诊区', '13:30-17:30', '请提前15分钟候诊', '0', '1', '39', '13' );
INSERT INTO doctor_schedule ( m_code, service_date, week_day, session_code, session_name, start_time, end_time,  department_code, department_name, clinic_room_code, clinic_room_name,  doctor_code, doctor_name, doctor_title_code, doctor_title, doctor_spec,  doctor_sess_type_code, doctor_sess_type, service_code, service_name,  fee, reg_fee, checkup_fee, service_fee, other_fee, available_number_str,  admit_address_string, admit_time_range, note, time_range_flag, schedule_status,  available_total_num, available_left_num ) VALUES ( 'SCH_DOC_DEPT010_2_20260328_1', '2026-03-28', '6', '1', '上午', '08:00', '12:00', 'DEPT010', '神经内科', 'ROOM_DEPT010_5', '神经内科门诊2诊室', 'DOC_DEPT010_2', '郭霞', '02', '副主任医师', '癫痫规律管控', '1', '专家门诊', 'SRV_001', '副主任医师挂号费', '20.00', '20.00', '0.00', '0.00', '0.00', '1,2,3,4,5,6,7,9,10,11,12,13,14,15,16,17,18,19,21,23,24,25', '主楼5层神经内科候诊区', '08:00-12:00', '请提前15分钟候诊', '0', '1', '25', '19' );
INSERT INTO doctor_schedule ( m_code, service_date, week_day, session_code, session_name, start_time, end_time,  department_code, department_name, clinic_room_code, clinic_room_name,  doctor_code, doctor_name, doctor_title_code, doctor_title, doctor_spec,  doctor_sess_type_code, doctor_sess_type, service_code, service_name,  fee, reg_fee, checkup_fee, service_fee, other_fee, available_number_str,  admit_address_string, admit_time_range, note, time_range_flag, schedule_status,  available_total_num, available_left_num ) VALUES ( 'SCH_DOC_DEPT010_2_20260329_1', '2026-03-29', '7', '1', '上午', '08:00', '12:00', 'DEPT010', '神经内科', 'ROOM_DEPT010_4', '神经内科门诊4诊室', 'DOC_DEPT010_2', '郭霞', '02', '副主任医师', '癫痫规律管控', '1', '专家门诊', 'SRV_001', '副主任医师挂号费', '20.00', '20.00', '0.00', '0.00', '0.00', '1,2,3,5,6,7,8,9,10,11,12,17,18,19,20', '主楼2层神经内科候诊区', '08:00-12:00', '请提前15分钟候诊', '0', '1', '21', '10' );
INSERT INTO doctor_schedule ( m_code, service_date, week_day, session_code, session_name, start_time, end_time,  department_code, department_name, clinic_room_code, clinic_room_name,  doctor_code, doctor_name, doctor_title_code, doctor_title, doctor_spec,  doctor_sess_type_code, doctor_sess_type, service_code, service_name,  fee, reg_fee, checkup_fee, service_fee, other_fee, available_number_str,  admit_address_string, admit_time_range, note, time_range_flag, schedule_status,  available_total_num, available_left_num ) VALUES ( 'SCH_DOC_DEPT010_2_20260329_2', '2026-03-29', '7', '2', '下午', '13:30', '17:30', 'DEPT010', '神经内科', 'ROOM_DEPT010_1', '神经内科门诊5诊室', 'DOC_DEPT010_2', '郭霞', '02', '副主任医师', '癫痫规律管控', '1', '专家门诊', 'SRV_001', '副主任医师挂号费', '15.00', '15.00', '0.00', '0.00', '0.00', '2,3,4,6,7,8,9,10,11,12,13,14,15,16,17,21,22,23,24,26,27,30,32,35,36,37', '主楼3层神经内科候诊区', '13:30-17:30', '请提前15分钟候诊', '0', '1', '37', '11' );
INSERT INTO doctor (doctor_code, doctor_name, department_code, title, specialty, doctor_des, doctor_image) VALUES ('DOC_DEPT010_3', '周艳', 'DEPT010', '主治医师', '失眠与认知障碍', '周艳主治医师，从事神经内科临床工作18年，待人亲切。他擅长失眠与认知障碍的诊疗，已成功治愈数千例相关患者。', 'doc_DOC_DEPT010_3.png');
INSERT INTO doctor_schedule ( m_code, service_date, week_day, session_code, session_name, start_time, end_time,  department_code, department_name, clinic_room_code, clinic_room_name,  doctor_code, doctor_name, doctor_title_code, doctor_title, doctor_spec,  doctor_sess_type_code, doctor_sess_type, service_code, service_name,  fee, reg_fee, checkup_fee, service_fee, other_fee, available_number_str,  admit_address_string, admit_time_range, note, time_range_flag, schedule_status,  available_total_num, available_left_num ) VALUES ( 'SCH_DOC_DEPT010_3_20260316_1', '2026-03-16', '1', '1', '上午', '08:00', '12:00', 'DEPT010', '神经内科', 'ROOM_DEPT010_2', '神经内科门诊3诊室', 'DOC_DEPT010_3', '周艳', '03', '主治医师', '失眠与认知障碍', '1', '专家门诊', 'SRV_001', '主治医师挂号费', '50.00', '50.00', '0.00', '0.00', '0.00', '2,3,4,8,9,10,11,12,14,15,16,17,21,23', '主楼3层神经内科候诊区', '08:00-12:00', '请提前15分钟候诊', '0', '1', '23', '8' );
INSERT INTO doctor_schedule ( m_code, service_date, week_day, session_code, session_name, start_time, end_time,  department_code, department_name, clinic_room_code, clinic_room_name,  doctor_code, doctor_name, doctor_title_code, doctor_title, doctor_spec,  doctor_sess_type_code, doctor_sess_type, service_code, service_name,  fee, reg_fee, checkup_fee, service_fee, other_fee, available_number_str,  admit_address_string, admit_time_range, note, time_range_flag, schedule_status,  available_total_num, available_left_num ) VALUES ( 'SCH_DOC_DEPT010_3_20260317_2', '2026-03-17', '2', '2', '下午', '13:30', '17:30', 'DEPT010', '神经内科', 'ROOM_DEPT010_3', '神经内科门诊1诊室', 'DOC_DEPT010_3', '周艳', '03', '主治医师', '失眠与认知障碍', '1', '专家门诊', 'SRV_001', '主治医师挂号费', '15.00', '15.00', '0.00', '0.00', '0.00', '1,2,3,5,6,9,11,13,14,15,16,17,18,20,21,23,26,27,28', '主楼3层神经内科候诊区', '13:30-17:30', '请提前15分钟候诊', '0', '1', '28', '23' );
INSERT INTO doctor_schedule ( m_code, service_date, week_day, session_code, session_name, start_time, end_time,  department_code, department_name, clinic_room_code, clinic_room_name,  doctor_code, doctor_name, doctor_title_code, doctor_title, doctor_spec,  doctor_sess_type_code, doctor_sess_type, service_code, service_name,  fee, reg_fee, checkup_fee, service_fee, other_fee, available_number_str,  admit_address_string, admit_time_range, note, time_range_flag, schedule_status,  available_total_num, available_left_num ) VALUES ( 'SCH_DOC_DEPT010_3_20260318_1', '2026-03-18', '3', '1', '上午', '08:00', '12:00', 'DEPT010', '神经内科', 'ROOM_DEPT010_1', '神经内科门诊3诊室', 'DOC_DEPT010_3', '周艳', '03', '主治医师', '失眠与认知障碍', '1', '专家门诊', 'SRV_001', '主治医师挂号费', '15.00', '15.00', '0.00', '0.00', '0.00', '1,2,3,4,5,6,9,10,11,12,13,14,15,16,17,19,20,21,22,23,25,28,29,30,31,33,38,39', '主楼3层神经内科候诊区', '08:00-12:00', '请提前15分钟候诊', '0', '1', '39', '39' );
INSERT INTO doctor_schedule ( m_code, service_date, week_day, session_code, session_name, start_time, end_time,  department_code, department_name, clinic_room_code, clinic_room_name,  doctor_code, doctor_name, doctor_title_code, doctor_title, doctor_spec,  doctor_sess_type_code, doctor_sess_type, service_code, service_name,  fee, reg_fee, checkup_fee, service_fee, other_fee, available_number_str,  admit_address_string, admit_time_range, note, time_range_flag, schedule_status,  available_total_num, available_left_num ) VALUES ( 'SCH_DOC_DEPT010_3_20260318_2', '2026-03-18', '3', '2', '下午', '13:30', '17:30', 'DEPT010', '神经内科', 'ROOM_DEPT010_1', '神经内科门诊4诊室', 'DOC_DEPT010_3', '周艳', '03', '主治医师', '失眠与认知障碍', '1', '专家门诊', 'SRV_001', '主治医师挂号费', '50.00', '50.00', '0.00', '0.00', '0.00', '1,2,3,5,7,8,9,10,12,13,14,16,20,21,22,23,24,25,26,29,30,32,33,35,38,39', '主楼5层神经内科候诊区', '13:30-17:30', '请提前15分钟候诊', '0', '1', '39', '35' );
INSERT INTO doctor_schedule ( m_code, service_date, week_day, session_code, session_name, start_time, end_time,  department_code, department_name, clinic_room_code, clinic_room_name,  doctor_code, doctor_name, doctor_title_code, doctor_title, doctor_spec,  doctor_sess_type_code, doctor_sess_type, service_code, service_name,  fee, reg_fee, checkup_fee, service_fee, other_fee, available_number_str,  admit_address_string, admit_time_range, note, time_range_flag, schedule_status,  available_total_num, available_left_num ) VALUES ( 'SCH_DOC_DEPT010_3_20260320_1', '2026-03-20', '5', '1', '上午', '08:00', '12:00', 'DEPT010', '神经内科', 'ROOM_DEPT010_3', '神经内科门诊2诊室', 'DOC_DEPT010_3', '周艳', '03', '主治医师', '失眠与认知障碍', '1', '专家门诊', 'SRV_001', '主治医师挂号费', '50.00', '50.00', '0.00', '0.00', '0.00', '1,2,4,6,7,9,10,12,13,14,15,17,20,21,22,23,24,26,27,28', '主楼5层神经内科候诊区', '08:00-12:00', '请提前15分钟候诊', '0', '1', '28', '17' );
INSERT INTO doctor_schedule ( m_code, service_date, week_day, session_code, session_name, start_time, end_time,  department_code, department_name, clinic_room_code, clinic_room_name,  doctor_code, doctor_name, doctor_title_code, doctor_title, doctor_spec,  doctor_sess_type_code, doctor_sess_type, service_code, service_name,  fee, reg_fee, checkup_fee, service_fee, other_fee, available_number_str,  admit_address_string, admit_time_range, note, time_range_flag, schedule_status,  available_total_num, available_left_num ) VALUES ( 'SCH_DOC_DEPT010_3_20260322_1', '2026-03-22', '7', '1', '上午', '08:00', '12:00', 'DEPT010', '神经内科', 'ROOM_DEPT010_5', '神经内科门诊3诊室', 'DOC_DEPT010_3', '周艳', '03', '主治医师', '失眠与认知障碍', '1', '专家门诊', 'SRV_001', '主治医师挂号费', '20.00', '20.00', '0.00', '0.00', '0.00', '2,3,4,5,6,7,8,9,10,11,12,13,14,15,16,17,19,20,22', '主楼3层神经内科候诊区', '08:00-12:00', '请提前15分钟候诊', '0', '1', '22', '17' );
INSERT INTO doctor_schedule ( m_code, service_date, week_day, session_code, session_name, start_time, end_time,  department_code, department_name, clinic_room_code, clinic_room_name,  doctor_code, doctor_name, doctor_title_code, doctor_title, doctor_spec,  doctor_sess_type_code, doctor_sess_type, service_code, service_name,  fee, reg_fee, checkup_fee, service_fee, other_fee, available_number_str,  admit_address_string, admit_time_range, note, time_range_flag, schedule_status,  available_total_num, available_left_num ) VALUES ( 'SCH_DOC_DEPT010_3_20260322_2', '2026-03-22', '7', '2', '下午', '13:30', '17:30', 'DEPT010', '神经内科', 'ROOM_DEPT010_5', '神经内科门诊2诊室', 'DOC_DEPT010_3', '周艳', '03', '主治医师', '失眠与认知障碍', '1', '专家门诊', 'SRV_001', '主治医师挂号费', '15.00', '15.00', '0.00', '0.00', '0.00', '1,2,3,4,5,6,7,8,9,11,12,14,16', '主楼6层神经内科候诊区', '13:30-17:30', '请提前15分钟候诊', '0', '1', '16', '13' );
INSERT INTO doctor_schedule ( m_code, service_date, week_day, session_code, session_name, start_time, end_time,  department_code, department_name, clinic_room_code, clinic_room_name,  doctor_code, doctor_name, doctor_title_code, doctor_title, doctor_spec,  doctor_sess_type_code, doctor_sess_type, service_code, service_name,  fee, reg_fee, checkup_fee, service_fee, other_fee, available_number_str,  admit_address_string, admit_time_range, note, time_range_flag, schedule_status,  available_total_num, available_left_num ) VALUES ( 'SCH_DOC_DEPT010_3_20260323_2', '2026-03-23', '1', '2', '下午', '13:30', '17:30', 'DEPT010', '神经内科', 'ROOM_DEPT010_5', '神经内科门诊1诊室', 'DOC_DEPT010_3', '周艳', '03', '主治医师', '失眠与认知障碍', '1', '专家门诊', 'SRV_001', '主治医师挂号费', '20.00', '20.00', '0.00', '0.00', '0.00', '1,2,3,4,5,7,8,9,10,11,13,14,16,17,19,21,22,25', '主楼6层神经内科候诊区', '13:30-17:30', '请提前15分钟候诊', '0', '1', '25', '11' );
INSERT INTO doctor_schedule ( m_code, service_date, week_day, session_code, session_name, start_time, end_time,  department_code, department_name, clinic_room_code, clinic_room_name,  doctor_code, doctor_name, doctor_title_code, doctor_title, doctor_spec,  doctor_sess_type_code, doctor_sess_type, service_code, service_name,  fee, reg_fee, checkup_fee, service_fee, other_fee, available_number_str,  admit_address_string, admit_time_range, note, time_range_flag, schedule_status,  available_total_num, available_left_num ) VALUES ( 'SCH_DOC_DEPT010_3_20260323_1', '2026-03-23', '1', '1', '上午', '08:00', '12:00', 'DEPT010', '神经内科', 'ROOM_DEPT010_3', '神经内科门诊2诊室', 'DOC_DEPT010_3', '周艳', '03', '主治医师', '失眠与认知障碍', '1', '专家门诊', 'SRV_001', '主治医师挂号费', '20.00', '20.00', '0.00', '0.00', '0.00', '1,3,4,11,12,13,14,15,16,18,19,21,23,24,26,30,31,32,33,34,35', '主楼2层神经内科候诊区', '08:00-12:00', '请提前15分钟候诊', '0', '1', '37', '14' );
INSERT INTO doctor_schedule ( m_code, service_date, week_day, session_code, session_name, start_time, end_time,  department_code, department_name, clinic_room_code, clinic_room_name,  doctor_code, doctor_name, doctor_title_code, doctor_title, doctor_spec,  doctor_sess_type_code, doctor_sess_type, service_code, service_name,  fee, reg_fee, checkup_fee, service_fee, other_fee, available_number_str,  admit_address_string, admit_time_range, note, time_range_flag, schedule_status,  available_total_num, available_left_num ) VALUES ( 'SCH_DOC_DEPT010_3_20260324_2', '2026-03-24', '2', '2', '下午', '13:30', '17:30', 'DEPT010', '神经内科', 'ROOM_DEPT010_2', '神经内科门诊5诊室', 'DOC_DEPT010_3', '周艳', '03', '主治医师', '失眠与认知障碍', '1', '专家门诊', 'SRV_001', '主治医师挂号费', '20.00', '20.00', '0.00', '0.00', '0.00', '1,2,3,5,6,7,10,11,12,14,15,16,17,18,19,20', '主楼2层神经内科候诊区', '13:30-17:30', '请提前15分钟候诊', '0', '1', '23', '9' );
INSERT INTO doctor_schedule ( m_code, service_date, week_day, session_code, session_name, start_time, end_time,  department_code, department_name, clinic_room_code, clinic_room_name,  doctor_code, doctor_name, doctor_title_code, doctor_title, doctor_spec,  doctor_sess_type_code, doctor_sess_type, service_code, service_name,  fee, reg_fee, checkup_fee, service_fee, other_fee, available_number_str,  admit_address_string, admit_time_range, note, time_range_flag, schedule_status,  available_total_num, available_left_num ) VALUES ( 'SCH_DOC_DEPT010_3_20260324_1', '2026-03-24', '2', '1', '上午', '08:00', '12:00', 'DEPT010', '神经内科', 'ROOM_DEPT010_2', '神经内科门诊5诊室', 'DOC_DEPT010_3', '周艳', '03', '主治医师', '失眠与认知障碍', '1', '专家门诊', 'SRV_001', '主治医师挂号费', '20.00', '20.00', '0.00', '0.00', '0.00', '1,2,4,7,8,9,10,11,12,13,14,15,17,18,21,24,25', '主楼3层神经内科候诊区', '08:00-12:00', '请提前15分钟候诊', '0', '1', '25', '24' );
INSERT INTO doctor_schedule ( m_code, service_date, week_day, session_code, session_name, start_time, end_time,  department_code, department_name, clinic_room_code, clinic_room_name,  doctor_code, doctor_name, doctor_title_code, doctor_title, doctor_spec,  doctor_sess_type_code, doctor_sess_type, service_code, service_name,  fee, reg_fee, checkup_fee, service_fee, other_fee, available_number_str,  admit_address_string, admit_time_range, note, time_range_flag, schedule_status,  available_total_num, available_left_num ) VALUES ( 'SCH_DOC_DEPT010_3_20260325_2', '2026-03-25', '3', '2', '下午', '13:30', '17:30', 'DEPT010', '神经内科', 'ROOM_DEPT010_2', '神经内科门诊1诊室', 'DOC_DEPT010_3', '周艳', '03', '主治医师', '失眠与认知障碍', '1', '专家门诊', 'SRV_001', '主治医师挂号费', '20.00', '20.00', '0.00', '0.00', '0.00', '1,2,3,4,5,6,8,9,11,12,13,15,17,19,20,21,23,24,25', '主楼5层神经内科候诊区', '13:30-17:30', '请提前15分钟候诊', '0', '1', '25', '7' );
INSERT INTO doctor_schedule ( m_code, service_date, week_day, session_code, session_name, start_time, end_time,  department_code, department_name, clinic_room_code, clinic_room_name,  doctor_code, doctor_name, doctor_title_code, doctor_title, doctor_spec,  doctor_sess_type_code, doctor_sess_type, service_code, service_name,  fee, reg_fee, checkup_fee, service_fee, other_fee, available_number_str,  admit_address_string, admit_time_range, note, time_range_flag, schedule_status,  available_total_num, available_left_num ) VALUES ( 'SCH_DOC_DEPT010_3_20260326_2', '2026-03-26', '4', '2', '下午', '13:30', '17:30', 'DEPT010', '神经内科', 'ROOM_DEPT010_2', '神经内科门诊4诊室', 'DOC_DEPT010_3', '周艳', '03', '主治医师', '失眠与认知障碍', '1', '专家门诊', 'SRV_001', '主治医师挂号费', '20.00', '20.00', '0.00', '0.00', '0.00', '1,2,3,4,5,7,8,10,11,13,14,15,16,20,21,22,23,24,25,26,27,28,29,32,33,34,35,38,39', '主楼6层神经内科候诊区', '13:30-17:30', '请提前15分钟候诊', '0', '1', '39', '13' );
INSERT INTO doctor_schedule ( m_code, service_date, week_day, session_code, session_name, start_time, end_time,  department_code, department_name, clinic_room_code, clinic_room_name,  doctor_code, doctor_name, doctor_title_code, doctor_title, doctor_spec,  doctor_sess_type_code, doctor_sess_type, service_code, service_name,  fee, reg_fee, checkup_fee, service_fee, other_fee, available_number_str,  admit_address_string, admit_time_range, note, time_range_flag, schedule_status,  available_total_num, available_left_num ) VALUES ( 'SCH_DOC_DEPT010_3_20260327_1', '2026-03-27', '5', '1', '上午', '08:00', '12:00', 'DEPT010', '神经内科', 'ROOM_DEPT010_4', '神经内科门诊1诊室', 'DOC_DEPT010_3', '周艳', '03', '主治医师', '失眠与认知障碍', '1', '专家门诊', 'SRV_001', '主治医师挂号费', '15.00', '15.00', '0.00', '0.00', '0.00', '1,2,3,5,8,9,11,12,13,14,17,18', '主楼5层神经内科候诊区', '08:00-12:00', '请提前15分钟候诊', '0', '1', '18', '7' );
INSERT INTO doctor_schedule ( m_code, service_date, week_day, session_code, session_name, start_time, end_time,  department_code, department_name, clinic_room_code, clinic_room_name,  doctor_code, doctor_name, doctor_title_code, doctor_title, doctor_spec,  doctor_sess_type_code, doctor_sess_type, service_code, service_name,  fee, reg_fee, checkup_fee, service_fee, other_fee, available_number_str,  admit_address_string, admit_time_range, note, time_range_flag, schedule_status,  available_total_num, available_left_num ) VALUES ( 'SCH_DOC_DEPT010_3_20260329_1', '2026-03-29', '7', '1', '上午', '08:00', '12:00', 'DEPT010', '神经内科', 'ROOM_DEPT010_1', '神经内科门诊1诊室', 'DOC_DEPT010_3', '周艳', '03', '主治医师', '失眠与认知障碍', '1', '专家门诊', 'SRV_001', '主治医师挂号费', '20.00', '20.00', '0.00', '0.00', '0.00', '1,2,3,4,7,8,10,11,12,13,14,15,18,19,20,21,22,23,24,25,27,28,29,30,31,32,33,34,35,36,38,39', '主楼3层神经内科候诊区', '08:00-12:00', '请提前15分钟候诊', '0', '1', '39', '20' );
INSERT INTO doctor_schedule ( m_code, service_date, week_day, session_code, session_name, start_time, end_time,  department_code, department_name, clinic_room_code, clinic_room_name,  doctor_code, doctor_name, doctor_title_code, doctor_title, doctor_spec,  doctor_sess_type_code, doctor_sess_type, service_code, service_name,  fee, reg_fee, checkup_fee, service_fee, other_fee, available_number_str,  admit_address_string, admit_time_range, note, time_range_flag, schedule_status,  available_total_num, available_left_num ) VALUES ( 'SCH_DOC_DEPT010_3_20260329_2', '2026-03-29', '7', '2', '下午', '13:30', '17:30', 'DEPT010', '神经内科', 'ROOM_DEPT010_5', '神经内科门诊2诊室', 'DOC_DEPT010_3', '周艳', '03', '主治医师', '失眠与认知障碍', '1', '专家门诊', 'SRV_001', '主治医师挂号费', '20.00', '20.00', '0.00', '0.00', '0.00', '1,2,3,4,6,11,12,13,14,15,16,17,18,19,20,21,22,24,25,26,27,28,29', '主楼2层神经内科候诊区', '13:30-17:30', '请提前15分钟候诊', '0', '1', '29', '8' );
INSERT INTO doctor (doctor_code, doctor_name, department_code, title, specialty, doctor_des, doctor_image) VALUES ('DOC_DEPT010_4', '杨敏', 'DEPT010', '副主任医师', '帕金森综合征', '杨敏副主任医师，从事神经内科临床工作30年，经验丰富。他长期致力于帕金森综合征的诊疗，已成功治愈数千例相关患者。', 'doc_DOC_DEPT010_4.png');
INSERT INTO doctor_schedule ( m_code, service_date, week_day, session_code, session_name, start_time, end_time,  department_code, department_name, clinic_room_code, clinic_room_name,  doctor_code, doctor_name, doctor_title_code, doctor_title, doctor_spec,  doctor_sess_type_code, doctor_sess_type, service_code, service_name,  fee, reg_fee, checkup_fee, service_fee, other_fee, available_number_str,  admit_address_string, admit_time_range, note, time_range_flag, schedule_status,  available_total_num, available_left_num ) VALUES ( 'SCH_DOC_DEPT010_4_20260317_1', '2026-03-17', '2', '1', '上午', '08:00', '12:00', 'DEPT010', '神经内科', 'ROOM_DEPT010_3', '神经内科门诊3诊室', 'DOC_DEPT010_4', '杨敏', '02', '副主任医师', '帕金森综合征', '1', '专家门诊', 'SRV_001', '副主任医师挂号费', '20.00', '20.00', '0.00', '0.00', '0.00', '1,2,3,4,5,7,8,9,10,11,14,15,16,17,18,20,21,22,23,24,25,26,27,28,30,31,32,33,34,35,36,37,38,39', '主楼5层神经内科候诊区', '08:00-12:00', '请提前15分钟候诊', '0', '1', '39', '26' );
INSERT INTO doctor_schedule ( m_code, service_date, week_day, session_code, session_name, start_time, end_time,  department_code, department_name, clinic_room_code, clinic_room_name,  doctor_code, doctor_name, doctor_title_code, doctor_title, doctor_spec,  doctor_sess_type_code, doctor_sess_type, service_code, service_name,  fee, reg_fee, checkup_fee, service_fee, other_fee, available_number_str,  admit_address_string, admit_time_range, note, time_range_flag, schedule_status,  available_total_num, available_left_num ) VALUES ( 'SCH_DOC_DEPT010_4_20260318_2', '2026-03-18', '3', '2', '下午', '13:30', '17:30', 'DEPT010', '神经内科', 'ROOM_DEPT010_4', '神经内科门诊5诊室', 'DOC_DEPT010_4', '杨敏', '02', '副主任医师', '帕金森综合征', '1', '专家门诊', 'SRV_001', '副主任医师挂号费', '50.00', '50.00', '0.00', '0.00', '0.00', '2,3,5,6,8,9,10,11,12,13,14,16,18', '主楼4层神经内科候诊区', '13:30-17:30', '请提前15分钟候诊', '0', '1', '18', '4' );
INSERT INTO doctor_schedule ( m_code, service_date, week_day, session_code, session_name, start_time, end_time,  department_code, department_name, clinic_room_code, clinic_room_name,  doctor_code, doctor_name, doctor_title_code, doctor_title, doctor_spec,  doctor_sess_type_code, doctor_sess_type, service_code, service_name,  fee, reg_fee, checkup_fee, service_fee, other_fee, available_number_str,  admit_address_string, admit_time_range, note, time_range_flag, schedule_status,  available_total_num, available_left_num ) VALUES ( 'SCH_DOC_DEPT010_4_20260319_1', '2026-03-19', '4', '1', '上午', '08:00', '12:00', 'DEPT010', '神经内科', 'ROOM_DEPT010_4', '神经内科门诊3诊室', 'DOC_DEPT010_4', '杨敏', '02', '副主任医师', '帕金森综合征', '1', '专家门诊', 'SRV_001', '副主任医师挂号费', '15.00', '15.00', '0.00', '0.00', '0.00', '2,3,4,7,11,12,13,14,15,16,17,18,19,20,21,23,24,27', '主楼1层神经内科候诊区', '08:00-12:00', '请提前15分钟候诊', '0', '1', '28', '21' );
INSERT INTO doctor_schedule ( m_code, service_date, week_day, session_code, session_name, start_time, end_time,  department_code, department_name, clinic_room_code, clinic_room_name,  doctor_code, doctor_name, doctor_title_code, doctor_title, doctor_spec,  doctor_sess_type_code, doctor_sess_type, service_code, service_name,  fee, reg_fee, checkup_fee, service_fee, other_fee, available_number_str,  admit_address_string, admit_time_range, note, time_range_flag, schedule_status,  available_total_num, available_left_num ) VALUES ( 'SCH_DOC_DEPT010_4_20260319_2', '2026-03-19', '4', '2', '下午', '13:30', '17:30', 'DEPT010', '神经内科', 'ROOM_DEPT010_3', '神经内科门诊1诊室', 'DOC_DEPT010_4', '杨敏', '02', '副主任医师', '帕金森综合征', '1', '专家门诊', 'SRV_001', '副主任医师挂号费', '15.00', '15.00', '0.00', '0.00', '0.00', '1,2,3,4,6,7,9,10,11,14,15,16,17,18', '主楼2层神经内科候诊区', '13:30-17:30', '请提前15分钟候诊', '0', '1', '18', '10' );
INSERT INTO doctor_schedule ( m_code, service_date, week_day, session_code, session_name, start_time, end_time,  department_code, department_name, clinic_room_code, clinic_room_name,  doctor_code, doctor_name, doctor_title_code, doctor_title, doctor_spec,  doctor_sess_type_code, doctor_sess_type, service_code, service_name,  fee, reg_fee, checkup_fee, service_fee, other_fee, available_number_str,  admit_address_string, admit_time_range, note, time_range_flag, schedule_status,  available_total_num, available_left_num ) VALUES ( 'SCH_DOC_DEPT010_4_20260320_1', '2026-03-20', '5', '1', '上午', '08:00', '12:00', 'DEPT010', '神经内科', 'ROOM_DEPT010_3', '神经内科门诊1诊室', 'DOC_DEPT010_4', '杨敏', '02', '副主任医师', '帕金森综合征', '1', '专家门诊', 'SRV_001', '副主任医师挂号费', '50.00', '50.00', '0.00', '0.00', '0.00', '1,2,3,4,5,6,7,8,9,12,13,16,17,18,19,21,22,23,24,25,26,27,28,30', '主楼4层神经内科候诊区', '08:00-12:00', '请提前15分钟候诊', '0', '1', '32', '22' );
INSERT INTO doctor_schedule ( m_code, service_date, week_day, session_code, session_name, start_time, end_time,  department_code, department_name, clinic_room_code, clinic_room_name,  doctor_code, doctor_name, doctor_title_code, doctor_title, doctor_spec,  doctor_sess_type_code, doctor_sess_type, service_code, service_name,  fee, reg_fee, checkup_fee, service_fee, other_fee, available_number_str,  admit_address_string, admit_time_range, note, time_range_flag, schedule_status,  available_total_num, available_left_num ) VALUES ( 'SCH_DOC_DEPT010_4_20260320_2', '2026-03-20', '5', '2', '下午', '13:30', '17:30', 'DEPT010', '神经内科', 'ROOM_DEPT010_2', '神经内科门诊2诊室', 'DOC_DEPT010_4', '杨敏', '02', '副主任医师', '帕金森综合征', '1', '专家门诊', 'SRV_001', '副主任医师挂号费', '20.00', '20.00', '0.00', '0.00', '0.00', '2,3,5,6,7,8,9,11,12,14,15,18,19,20,21,23,24,25,26,27,29,30,32,34,35', '主楼6层神经内科候诊区', '13:30-17:30', '请提前15分钟候诊', '0', '1', '35', '27' );
INSERT INTO doctor_schedule ( m_code, service_date, week_day, session_code, session_name, start_time, end_time,  department_code, department_name, clinic_room_code, clinic_room_name,  doctor_code, doctor_name, doctor_title_code, doctor_title, doctor_spec,  doctor_sess_type_code, doctor_sess_type, service_code, service_name,  fee, reg_fee, checkup_fee, service_fee, other_fee, available_number_str,  admit_address_string, admit_time_range, note, time_range_flag, schedule_status,  available_total_num, available_left_num ) VALUES ( 'SCH_DOC_DEPT010_4_20260321_1', '2026-03-21', '6', '1', '上午', '08:00', '12:00', 'DEPT010', '神经内科', 'ROOM_DEPT010_2', '神经内科门诊5诊室', 'DOC_DEPT010_4', '杨敏', '02', '副主任医师', '帕金森综合征', '1', '专家门诊', 'SRV_001', '副主任医师挂号费', '50.00', '50.00', '0.00', '0.00', '0.00', '1,2,4,6,7,9,11,15,16,17,18,20,21,22,23', '主楼3层神经内科候诊区', '08:00-12:00', '请提前15分钟候诊', '0', '1', '23', '5' );
INSERT INTO doctor_schedule ( m_code, service_date, week_day, session_code, session_name, start_time, end_time,  department_code, department_name, clinic_room_code, clinic_room_name,  doctor_code, doctor_name, doctor_title_code, doctor_title, doctor_spec,  doctor_sess_type_code, doctor_sess_type, service_code, service_name,  fee, reg_fee, checkup_fee, service_fee, other_fee, available_number_str,  admit_address_string, admit_time_range, note, time_range_flag, schedule_status,  available_total_num, available_left_num ) VALUES ( 'SCH_DOC_DEPT010_4_20260321_2', '2026-03-21', '6', '2', '下午', '13:30', '17:30', 'DEPT010', '神经内科', 'ROOM_DEPT010_5', '神经内科门诊4诊室', 'DOC_DEPT010_4', '杨敏', '02', '副主任医师', '帕金森综合征', '1', '专家门诊', 'SRV_001', '副主任医师挂号费', '20.00', '20.00', '0.00', '0.00', '0.00', '1,2,3,4,5,6,7,9,10,11,12,13,15,16,17,19,20,22,23,24,25', '主楼6层神经内科候诊区', '13:30-17:30', '请提前15分钟候诊', '0', '1', '26', '18' );
INSERT INTO doctor_schedule ( m_code, service_date, week_day, session_code, session_name, start_time, end_time,  department_code, department_name, clinic_room_code, clinic_room_name,  doctor_code, doctor_name, doctor_title_code, doctor_title, doctor_spec,  doctor_sess_type_code, doctor_sess_type, service_code, service_name,  fee, reg_fee, checkup_fee, service_fee, other_fee, available_number_str,  admit_address_string, admit_time_range, note, time_range_flag, schedule_status,  available_total_num, available_left_num ) VALUES ( 'SCH_DOC_DEPT010_4_20260322_2', '2026-03-22', '7', '2', '下午', '13:30', '17:30', 'DEPT010', '神经内科', 'ROOM_DEPT010_4', '神经内科门诊3诊室', 'DOC_DEPT010_4', '杨敏', '02', '副主任医师', '帕金森综合征', '1', '专家门诊', 'SRV_001', '副主任医师挂号费', '50.00', '50.00', '0.00', '0.00', '0.00', '1,2,4,5,6,7,9,10,11,12,13,14,16,17,18,19,20,21,22', '主楼5层神经内科候诊区', '13:30-17:30', '请提前15分钟候诊', '0', '1', '22', '5' );
INSERT INTO doctor_schedule ( m_code, service_date, week_day, session_code, session_name, start_time, end_time,  department_code, department_name, clinic_room_code, clinic_room_name,  doctor_code, doctor_name, doctor_title_code, doctor_title, doctor_spec,  doctor_sess_type_code, doctor_sess_type, service_code, service_name,  fee, reg_fee, checkup_fee, service_fee, other_fee, available_number_str,  admit_address_string, admit_time_range, note, time_range_flag, schedule_status,  available_total_num, available_left_num ) VALUES ( 'SCH_DOC_DEPT010_4_20260323_2', '2026-03-23', '1', '2', '下午', '13:30', '17:30', 'DEPT010', '神经内科', 'ROOM_DEPT010_3', '神经内科门诊3诊室', 'DOC_DEPT010_4', '杨敏', '02', '副主任医师', '帕金森综合征', '1', '专家门诊', 'SRV_001', '副主任医师挂号费', '15.00', '15.00', '0.00', '0.00', '0.00', '1,3,6,9,10,12,14,15,17,18,19,20,21,23,24,25,26,27,28,29,30', '主楼3层神经内科候诊区', '13:30-17:30', '请提前15分钟候诊', '0', '1', '31', '30' );
INSERT INTO doctor_schedule ( m_code, service_date, week_day, session_code, session_name, start_time, end_time,  department_code, department_name, clinic_room_code, clinic_room_name,  doctor_code, doctor_name, doctor_title_code, doctor_title, doctor_spec,  doctor_sess_type_code, doctor_sess_type, service_code, service_name,  fee, reg_fee, checkup_fee, service_fee, other_fee, available_number_str,  admit_address_string, admit_time_range, note, time_range_flag, schedule_status,  available_total_num, available_left_num ) VALUES ( 'SCH_DOC_DEPT010_4_20260323_1', '2026-03-23', '1', '1', '上午', '08:00', '12:00', 'DEPT010', '神经内科', 'ROOM_DEPT010_5', '神经内科门诊2诊室', 'DOC_DEPT010_4', '杨敏', '02', '副主任医师', '帕金森综合征', '1', '专家门诊', 'SRV_001', '副主任医师挂号费', '20.00', '20.00', '0.00', '0.00', '0.00', '2,3,4,5,6,7,8,9,10,13,16,17,18,20,22,23,24,25,26,27', '主楼2层神经内科候诊区', '08:00-12:00', '请提前15分钟候诊', '0', '1', '28', '27' );
INSERT INTO doctor_schedule ( m_code, service_date, week_day, session_code, session_name, start_time, end_time,  department_code, department_name, clinic_room_code, clinic_room_name,  doctor_code, doctor_name, doctor_title_code, doctor_title, doctor_spec,  doctor_sess_type_code, doctor_sess_type, service_code, service_name,  fee, reg_fee, checkup_fee, service_fee, other_fee, available_number_str,  admit_address_string, admit_time_range, note, time_range_flag, schedule_status,  available_total_num, available_left_num ) VALUES ( 'SCH_DOC_DEPT010_4_20260325_2', '2026-03-25', '3', '2', '下午', '13:30', '17:30', 'DEPT010', '神经内科', 'ROOM_DEPT010_3', '神经内科门诊2诊室', 'DOC_DEPT010_4', '杨敏', '02', '副主任医师', '帕金森综合征', '1', '专家门诊', 'SRV_001', '副主任医师挂号费', '15.00', '15.00', '0.00', '0.00', '0.00', '1,2,4,6,7,9,10,11,12,13,14,16,17,18,20,21,22,24,25,26,28,29,32', '主楼6层神经内科候诊区', '13:30-17:30', '请提前15分钟候诊', '0', '1', '32', '9' );
INSERT INTO doctor_schedule ( m_code, service_date, week_day, session_code, session_name, start_time, end_time,  department_code, department_name, clinic_room_code, clinic_room_name,  doctor_code, doctor_name, doctor_title_code, doctor_title, doctor_spec,  doctor_sess_type_code, doctor_sess_type, service_code, service_name,  fee, reg_fee, checkup_fee, service_fee, other_fee, available_number_str,  admit_address_string, admit_time_range, note, time_range_flag, schedule_status,  available_total_num, available_left_num ) VALUES ( 'SCH_DOC_DEPT010_4_20260326_2', '2026-03-26', '4', '2', '下午', '13:30', '17:30', 'DEPT010', '神经内科', 'ROOM_DEPT010_4', '神经内科门诊3诊室', 'DOC_DEPT010_4', '杨敏', '02', '副主任医师', '帕金森综合征', '1', '专家门诊', 'SRV_001', '副主任医师挂号费', '50.00', '50.00', '0.00', '0.00', '0.00', '2,3,4,6,8,9,10,11,12,13,14,16,18,19,20,21,22,23,25,27,28,29,30,31', '主楼3层神经内科候诊区', '13:30-17:30', '请提前15分钟候诊', '0', '1', '32', '18' );
INSERT INTO doctor_schedule ( m_code, service_date, week_day, session_code, session_name, start_time, end_time,  department_code, department_name, clinic_room_code, clinic_room_name,  doctor_code, doctor_name, doctor_title_code, doctor_title, doctor_spec,  doctor_sess_type_code, doctor_sess_type, service_code, service_name,  fee, reg_fee, checkup_fee, service_fee, other_fee, available_number_str,  admit_address_string, admit_time_range, note, time_range_flag, schedule_status,  available_total_num, available_left_num ) VALUES ( 'SCH_DOC_DEPT010_4_20260327_2', '2026-03-27', '5', '2', '下午', '13:30', '17:30', 'DEPT010', '神经内科', 'ROOM_DEPT010_5', '神经内科门诊2诊室', 'DOC_DEPT010_4', '杨敏', '02', '副主任医师', '帕金森综合征', '1', '专家门诊', 'SRV_001', '副主任医师挂号费', '20.00', '20.00', '0.00', '0.00', '0.00', '1,2,3,4,5,6,7,8,9,10,11,12,14,16,19,21,22,23,24,25,27,28,30,31,34,36,37,38', '主楼5层神经内科候诊区', '13:30-17:30', '请提前15分钟候诊', '0', '1', '38', '30' );
INSERT INTO doctor_schedule ( m_code, service_date, week_day, session_code, session_name, start_time, end_time,  department_code, department_name, clinic_room_code, clinic_room_name,  doctor_code, doctor_name, doctor_title_code, doctor_title, doctor_spec,  doctor_sess_type_code, doctor_sess_type, service_code, service_name,  fee, reg_fee, checkup_fee, service_fee, other_fee, available_number_str,  admit_address_string, admit_time_range, note, time_range_flag, schedule_status,  available_total_num, available_left_num ) VALUES ( 'SCH_DOC_DEPT010_4_20260328_1', '2026-03-28', '6', '1', '上午', '08:00', '12:00', 'DEPT010', '神经内科', 'ROOM_DEPT010_4', '神经内科门诊4诊室', 'DOC_DEPT010_4', '杨敏', '02', '副主任医师', '帕金森综合征', '1', '专家门诊', 'SRV_001', '副主任医师挂号费', '20.00', '20.00', '0.00', '0.00', '0.00', '1,2,3,4,5,7,8,10,12,13,15,17,18', '主楼4层神经内科候诊区', '08:00-12:00', '请提前15分钟候诊', '0', '1', '19', '19' );
INSERT INTO doctor_schedule ( m_code, service_date, week_day, session_code, session_name, start_time, end_time,  department_code, department_name, clinic_room_code, clinic_room_name,  doctor_code, doctor_name, doctor_title_code, doctor_title, doctor_spec,  doctor_sess_type_code, doctor_sess_type, service_code, service_name,  fee, reg_fee, checkup_fee, service_fee, other_fee, available_number_str,  admit_address_string, admit_time_range, note, time_range_flag, schedule_status,  available_total_num, available_left_num ) VALUES ( 'SCH_DOC_DEPT010_4_20260328_2', '2026-03-28', '6', '2', '下午', '13:30', '17:30', 'DEPT010', '神经内科', 'ROOM_DEPT010_3', '神经内科门诊3诊室', 'DOC_DEPT010_4', '杨敏', '02', '副主任医师', '帕金森综合征', '1', '专家门诊', 'SRV_001', '副主任医师挂号费', '20.00', '20.00', '0.00', '0.00', '0.00', '1,2,4,5,6,7,8,9,10,11,12,13,14,15,16,17,19,21,23,24,25,26,27,29,30,31,32,35,36,37,38,39', '主楼2层神经内科候诊区', '13:30-17:30', '请提前15分钟候诊', '0', '1', '39', '27' );
INSERT INTO doctor_schedule ( m_code, service_date, week_day, session_code, session_name, start_time, end_time,  department_code, department_name, clinic_room_code, clinic_room_name,  doctor_code, doctor_name, doctor_title_code, doctor_title, doctor_spec,  doctor_sess_type_code, doctor_sess_type, service_code, service_name,  fee, reg_fee, checkup_fee, service_fee, other_fee, available_number_str,  admit_address_string, admit_time_range, note, time_range_flag, schedule_status,  available_total_num, available_left_num ) VALUES ( 'SCH_DOC_DEPT010_4_20260329_2', '2026-03-29', '7', '2', '下午', '13:30', '17:30', 'DEPT010', '神经内科', 'ROOM_DEPT010_2', '神经内科门诊2诊室', 'DOC_DEPT010_4', '杨敏', '02', '副主任医师', '帕金森综合征', '1', '专家门诊', 'SRV_001', '副主任医师挂号费', '15.00', '15.00', '0.00', '0.00', '0.00', '1,2,3,4,5,8,10,11,12,14,15,16,17,18,20,21,23,24,25,27,28,32,33,34,35', '主楼4层神经内科候诊区', '13:30-17:30', '请提前15分钟候诊', '0', '1', '35', '14' );
INSERT INTO doctor (doctor_code, doctor_name, department_code, title, specialty, doctor_des, doctor_image) VALUES ('DOC_DEPT010_5', '郭娜', 'DEPT010', '主任医师', '周围神经压迫修复', '郭娜主任医师，从事神经内科临床工作14年，医术精湛。她长期致力于周围神经压迫修复的诊疗，已成功治愈数千例相关患者。', 'doc_DOC_DEPT010_5.png');
INSERT INTO doctor_schedule ( m_code, service_date, week_day, session_code, session_name, start_time, end_time,  department_code, department_name, clinic_room_code, clinic_room_name,  doctor_code, doctor_name, doctor_title_code, doctor_title, doctor_spec,  doctor_sess_type_code, doctor_sess_type, service_code, service_name,  fee, reg_fee, checkup_fee, service_fee, other_fee, available_number_str,  admit_address_string, admit_time_range, note, time_range_flag, schedule_status,  available_total_num, available_left_num ) VALUES ( 'SCH_DOC_DEPT010_5_20260316_1', '2026-03-16', '1', '1', '上午', '08:00', '12:00', 'DEPT010', '神经内科', 'ROOM_DEPT010_3', '神经内科门诊4诊室', 'DOC_DEPT010_5', '郭娜', '01', '主任医师', '周围神经压迫修复', '1', '专家门诊', 'SRV_001', '主任医师挂号费', '20.00', '20.00', '0.00', '0.00', '0.00', '1,3,5,6,7,8,10,13,14,15,16,17,18,19,20,21,22,23,24,25,29,31,34,35,36,37,38,40', '主楼2层神经内科候诊区', '08:00-12:00', '请提前15分钟候诊', '0', '1', '40', '17' );
INSERT INTO doctor_schedule ( m_code, service_date, week_day, session_code, session_name, start_time, end_time,  department_code, department_name, clinic_room_code, clinic_room_name,  doctor_code, doctor_name, doctor_title_code, doctor_title, doctor_spec,  doctor_sess_type_code, doctor_sess_type, service_code, service_name,  fee, reg_fee, checkup_fee, service_fee, other_fee, available_number_str,  admit_address_string, admit_time_range, note, time_range_flag, schedule_status,  available_total_num, available_left_num ) VALUES ( 'SCH_DOC_DEPT010_5_20260317_1', '2026-03-17', '2', '1', '上午', '08:00', '12:00', 'DEPT010', '神经内科', 'ROOM_DEPT010_5', '神经内科门诊1诊室', 'DOC_DEPT010_5', '郭娜', '01', '主任医师', '周围神经压迫修复', '1', '专家门诊', 'SRV_001', '主任医师挂号费', '15.00', '15.00', '0.00', '0.00', '0.00', '3,4,5,6,7,8,9,10,12,13,14,15,16,17,18,19,20,21', '主楼6层神经内科候诊区', '08:00-12:00', '请提前15分钟候诊', '0', '1', '22', '6' );
INSERT INTO doctor_schedule ( m_code, service_date, week_day, session_code, session_name, start_time, end_time,  department_code, department_name, clinic_room_code, clinic_room_name,  doctor_code, doctor_name, doctor_title_code, doctor_title, doctor_spec,  doctor_sess_type_code, doctor_sess_type, service_code, service_name,  fee, reg_fee, checkup_fee, service_fee, other_fee, available_number_str,  admit_address_string, admit_time_range, note, time_range_flag, schedule_status,  available_total_num, available_left_num ) VALUES ( 'SCH_DOC_DEPT010_5_20260321_2', '2026-03-21', '6', '2', '下午', '13:30', '17:30', 'DEPT010', '神经内科', 'ROOM_DEPT010_3', '神经内科门诊5诊室', 'DOC_DEPT010_5', '郭娜', '01', '主任医师', '周围神经压迫修复', '1', '专家门诊', 'SRV_001', '主任医师挂号费', '50.00', '50.00', '0.00', '0.00', '0.00', '2,4,7,10,11,14,16,18,19,20,21,22,23,25', '主楼2层神经内科候诊区', '13:30-17:30', '请提前15分钟候诊', '0', '1', '26', '20' );
INSERT INTO doctor_schedule ( m_code, service_date, week_day, session_code, session_name, start_time, end_time,  department_code, department_name, clinic_room_code, clinic_room_name,  doctor_code, doctor_name, doctor_title_code, doctor_title, doctor_spec,  doctor_sess_type_code, doctor_sess_type, service_code, service_name,  fee, reg_fee, checkup_fee, service_fee, other_fee, available_number_str,  admit_address_string, admit_time_range, note, time_range_flag, schedule_status,  available_total_num, available_left_num ) VALUES ( 'SCH_DOC_DEPT010_5_20260322_2', '2026-03-22', '7', '2', '下午', '13:30', '17:30', 'DEPT010', '神经内科', 'ROOM_DEPT010_1', '神经内科门诊4诊室', 'DOC_DEPT010_5', '郭娜', '01', '主任医师', '周围神经压迫修复', '1', '专家门诊', 'SRV_001', '主任医师挂号费', '50.00', '50.00', '0.00', '0.00', '0.00', '1,2,3,4,5,7,9,11,12,13,15,17,18,19,20,21,22,23,25,27', '主楼4层神经内科候诊区', '13:30-17:30', '请提前15分钟候诊', '0', '1', '27', '19' );
INSERT INTO doctor_schedule ( m_code, service_date, week_day, session_code, session_name, start_time, end_time,  department_code, department_name, clinic_room_code, clinic_room_name,  doctor_code, doctor_name, doctor_title_code, doctor_title, doctor_spec,  doctor_sess_type_code, doctor_sess_type, service_code, service_name,  fee, reg_fee, checkup_fee, service_fee, other_fee, available_number_str,  admit_address_string, admit_time_range, note, time_range_flag, schedule_status,  available_total_num, available_left_num ) VALUES ( 'SCH_DOC_DEPT010_5_20260323_2', '2026-03-23', '1', '2', '下午', '13:30', '17:30', 'DEPT010', '神经内科', 'ROOM_DEPT010_3', '神经内科门诊4诊室', 'DOC_DEPT010_5', '郭娜', '01', '主任医师', '周围神经压迫修复', '1', '专家门诊', 'SRV_001', '主任医师挂号费', '50.00', '50.00', '0.00', '0.00', '0.00', '1,2,3,4,6,7,8,9,10,11,13,14,15,16,17,18,19,20,21,22,26,27,28,29,31,32,33,34,35,36', '主楼4层神经内科候诊区', '13:30-17:30', '请提前15分钟候诊', '0', '1', '36', '18' );
INSERT INTO doctor_schedule ( m_code, service_date, week_day, session_code, session_name, start_time, end_time,  department_code, department_name, clinic_room_code, clinic_room_name,  doctor_code, doctor_name, doctor_title_code, doctor_title, doctor_spec,  doctor_sess_type_code, doctor_sess_type, service_code, service_name,  fee, reg_fee, checkup_fee, service_fee, other_fee, available_number_str,  admit_address_string, admit_time_range, note, time_range_flag, schedule_status,  available_total_num, available_left_num ) VALUES ( 'SCH_DOC_DEPT010_5_20260324_2', '2026-03-24', '2', '2', '下午', '13:30', '17:30', 'DEPT010', '神经内科', 'ROOM_DEPT010_5', '神经内科门诊4诊室', 'DOC_DEPT010_5', '郭娜', '01', '主任医师', '周围神经压迫修复', '1', '专家门诊', 'SRV_001', '主任医师挂号费', '20.00', '20.00', '0.00', '0.00', '0.00', '2,3,10,11,12,13,14,15,17,18,19,20,22,23,24,25', '主楼4层神经内科候诊区', '13:30-17:30', '请提前15分钟候诊', '0', '1', '26', '24' );
INSERT INTO doctor_schedule ( m_code, service_date, week_day, session_code, session_name, start_time, end_time,  department_code, department_name, clinic_room_code, clinic_room_name,  doctor_code, doctor_name, doctor_title_code, doctor_title, doctor_spec,  doctor_sess_type_code, doctor_sess_type, service_code, service_name,  fee, reg_fee, checkup_fee, service_fee, other_fee, available_number_str,  admit_address_string, admit_time_range, note, time_range_flag, schedule_status,  available_total_num, available_left_num ) VALUES ( 'SCH_DOC_DEPT010_5_20260324_1', '2026-03-24', '2', '1', '上午', '08:00', '12:00', 'DEPT010', '神经内科', 'ROOM_DEPT010_3', '神经内科门诊4诊室', 'DOC_DEPT010_5', '郭娜', '01', '主任医师', '周围神经压迫修复', '1', '专家门诊', 'SRV_001', '主任医师挂号费', '50.00', '50.00', '0.00', '0.00', '0.00', '1,2,4,5,6,7,8,9,10,11,13,14,15,16,17,19,23,24,25', '主楼3层神经内科候诊区', '08:00-12:00', '请提前15分钟候诊', '0', '1', '27', '27' );
INSERT INTO doctor_schedule ( m_code, service_date, week_day, session_code, session_name, start_time, end_time,  department_code, department_name, clinic_room_code, clinic_room_name,  doctor_code, doctor_name, doctor_title_code, doctor_title, doctor_spec,  doctor_sess_type_code, doctor_sess_type, service_code, service_name,  fee, reg_fee, checkup_fee, service_fee, other_fee, available_number_str,  admit_address_string, admit_time_range, note, time_range_flag, schedule_status,  available_total_num, available_left_num ) VALUES ( 'SCH_DOC_DEPT010_5_20260325_1', '2026-03-25', '3', '1', '上午', '08:00', '12:00', 'DEPT010', '神经内科', 'ROOM_DEPT010_1', '神经内科门诊5诊室', 'DOC_DEPT010_5', '郭娜', '01', '主任医师', '周围神经压迫修复', '1', '专家门诊', 'SRV_001', '主任医师挂号费', '20.00', '20.00', '0.00', '0.00', '0.00', '1,2,3,7,8,9,10,11,12,13,14,15,16,19', '主楼2层神经内科候诊区', '08:00-12:00', '请提前15分钟候诊', '0', '1', '20', '15' );
INSERT INTO doctor_schedule ( m_code, service_date, week_day, session_code, session_name, start_time, end_time,  department_code, department_name, clinic_room_code, clinic_room_name,  doctor_code, doctor_name, doctor_title_code, doctor_title, doctor_spec,  doctor_sess_type_code, doctor_sess_type, service_code, service_name,  fee, reg_fee, checkup_fee, service_fee, other_fee, available_number_str,  admit_address_string, admit_time_range, note, time_range_flag, schedule_status,  available_total_num, available_left_num ) VALUES ( 'SCH_DOC_DEPT010_5_20260326_1', '2026-03-26', '4', '1', '上午', '08:00', '12:00', 'DEPT010', '神经内科', 'ROOM_DEPT010_2', '神经内科门诊5诊室', 'DOC_DEPT010_5', '郭娜', '01', '主任医师', '周围神经压迫修复', '1', '专家门诊', 'SRV_001', '主任医师挂号费', '50.00', '50.00', '0.00', '0.00', '0.00', '1,2,3,4,6,7,8,10,11,12,14,16,17,18,19,24,26,27,28,29,30,31,32,33,34,35,36,38,39', '主楼6层神经内科候诊区', '08:00-12:00', '请提前15分钟候诊', '0', '1', '39', '27' );
INSERT INTO doctor_schedule ( m_code, service_date, week_day, session_code, session_name, start_time, end_time,  department_code, department_name, clinic_room_code, clinic_room_name,  doctor_code, doctor_name, doctor_title_code, doctor_title, doctor_spec,  doctor_sess_type_code, doctor_sess_type, service_code, service_name,  fee, reg_fee, checkup_fee, service_fee, other_fee, available_number_str,  admit_address_string, admit_time_range, note, time_range_flag, schedule_status,  available_total_num, available_left_num ) VALUES ( 'SCH_DOC_DEPT010_5_20260326_2', '2026-03-26', '4', '2', '下午', '13:30', '17:30', 'DEPT010', '神经内科', 'ROOM_DEPT010_1', '神经内科门诊3诊室', 'DOC_DEPT010_5', '郭娜', '01', '主任医师', '周围神经压迫修复', '1', '专家门诊', 'SRV_001', '主任医师挂号费', '20.00', '20.00', '0.00', '0.00', '0.00', '2,4,5,6,7,8,9,10,11,13,14,15,17,19', '主楼3层神经内科候诊区', '13:30-17:30', '请提前15分钟候诊', '0', '1', '19', '13' );
INSERT INTO doctor_schedule ( m_code, service_date, week_day, session_code, session_name, start_time, end_time,  department_code, department_name, clinic_room_code, clinic_room_name,  doctor_code, doctor_name, doctor_title_code, doctor_title, doctor_spec,  doctor_sess_type_code, doctor_sess_type, service_code, service_name,  fee, reg_fee, checkup_fee, service_fee, other_fee, available_number_str,  admit_address_string, admit_time_range, note, time_range_flag, schedule_status,  available_total_num, available_left_num ) VALUES ( 'SCH_DOC_DEPT010_5_20260329_1', '2026-03-29', '7', '1', '上午', '08:00', '12:00', 'DEPT010', '神经内科', 'ROOM_DEPT010_4', '神经内科门诊3诊室', 'DOC_DEPT010_5', '郭娜', '01', '主任医师', '周围神经压迫修复', '1', '专家门诊', 'SRV_001', '主任医师挂号费', '50.00', '50.00', '0.00', '0.00', '0.00', '1,2,3,4,5,7,9,10,11,12,13,14,15,17,19,20,21,24,25,26,28,30,31,32,33,35,36,37', '主楼4层神经内科候诊区', '08:00-12:00', '请提前15分钟候诊', '0', '1', '37', '16' );
INSERT INTO doctor_schedule ( m_code, service_date, week_day, session_code, session_name, start_time, end_time,  department_code, department_name, clinic_room_code, clinic_room_name,  doctor_code, doctor_name, doctor_title_code, doctor_title, doctor_spec,  doctor_sess_type_code, doctor_sess_type, service_code, service_name,  fee, reg_fee, checkup_fee, service_fee, other_fee, available_number_str,  admit_address_string, admit_time_range, note, time_range_flag, schedule_status,  available_total_num, available_left_num ) VALUES ( 'SCH_DOC_DEPT010_5_20260329_2', '2026-03-29', '7', '2', '下午', '13:30', '17:30', 'DEPT010', '神经内科', 'ROOM_DEPT010_2', '神经内科门诊3诊室', 'DOC_DEPT010_5', '郭娜', '01', '主任医师', '周围神经压迫修复', '1', '专家门诊', 'SRV_001', '主任医师挂号费', '15.00', '15.00', '0.00', '0.00', '0.00', '1,2,3,4,5,8,10,11,13', '主楼6层神经内科候诊区', '13:30-17:30', '请提前15分钟候诊', '0', '1', '15', '14' );
INSERT INTO doctor (doctor_code, doctor_name, department_code, title, specialty, doctor_des, doctor_image) VALUES ('DOC_DEPT011_1', '何伟', 'DEPT011', '主治医师', '心脏冠脉介入', '何伟主治医师，从事心内科临床工作5年，经验丰富。他长期致力于心脏冠脉介入的诊疗，已成功治愈数千例相关患者。', 'doc_DOC_DEPT011_1.png');
INSERT INTO doctor_schedule ( m_code, service_date, week_day, session_code, session_name, start_time, end_time,  department_code, department_name, clinic_room_code, clinic_room_name,  doctor_code, doctor_name, doctor_title_code, doctor_title, doctor_spec,  doctor_sess_type_code, doctor_sess_type, service_code, service_name,  fee, reg_fee, checkup_fee, service_fee, other_fee, available_number_str,  admit_address_string, admit_time_range, note, time_range_flag, schedule_status,  available_total_num, available_left_num ) VALUES ( 'SCH_DOC_DEPT011_1_20260316_2', '2026-03-16', '1', '2', '下午', '13:30', '17:30', 'DEPT011', '心内科', 'ROOM_DEPT011_1', '心内科门诊5诊室', 'DOC_DEPT011_1', '何伟', '03', '主治医师', '心脏冠脉介入', '1', '专家门诊', 'SRV_001', '主治医师挂号费', '20.00', '20.00', '0.00', '0.00', '0.00', '2,3,4,5,6,7,8,9,10,11,12,14,15,17,18,19,20,22,24,25,27,28', '主楼2层心内科候诊区', '13:30-17:30', '请提前15分钟候诊', '0', '1', '28', '6' );
INSERT INTO doctor_schedule ( m_code, service_date, week_day, session_code, session_name, start_time, end_time,  department_code, department_name, clinic_room_code, clinic_room_name,  doctor_code, doctor_name, doctor_title_code, doctor_title, doctor_spec,  doctor_sess_type_code, doctor_sess_type, service_code, service_name,  fee, reg_fee, checkup_fee, service_fee, other_fee, available_number_str,  admit_address_string, admit_time_range, note, time_range_flag, schedule_status,  available_total_num, available_left_num ) VALUES ( 'SCH_DOC_DEPT011_1_20260317_2', '2026-03-17', '2', '2', '下午', '13:30', '17:30', 'DEPT011', '心内科', 'ROOM_DEPT011_4', '心内科门诊2诊室', 'DOC_DEPT011_1', '何伟', '03', '主治医师', '心脏冠脉介入', '1', '专家门诊', 'SRV_001', '主治医师挂号费', '15.00', '15.00', '0.00', '0.00', '0.00', '2,3,4,5,6,7,8,10,11,12,13,14,15,17,20,21,23,24,25,26,28,29,30,31,34,35,37', '主楼2层心内科候诊区', '13:30-17:30', '请提前15分钟候诊', '0', '1', '37', '14' );
INSERT INTO doctor_schedule ( m_code, service_date, week_day, session_code, session_name, start_time, end_time,  department_code, department_name, clinic_room_code, clinic_room_name,  doctor_code, doctor_name, doctor_title_code, doctor_title, doctor_spec,  doctor_sess_type_code, doctor_sess_type, service_code, service_name,  fee, reg_fee, checkup_fee, service_fee, other_fee, available_number_str,  admit_address_string, admit_time_range, note, time_range_flag, schedule_status,  available_total_num, available_left_num ) VALUES ( 'SCH_DOC_DEPT011_1_20260318_2', '2026-03-18', '3', '2', '下午', '13:30', '17:30', 'DEPT011', '心内科', 'ROOM_DEPT011_1', '心内科门诊3诊室', 'DOC_DEPT011_1', '何伟', '03', '主治医师', '心脏冠脉介入', '1', '专家门诊', 'SRV_001', '主治医师挂号费', '15.00', '15.00', '0.00', '0.00', '0.00', '2,3,4,7,9,11,12,13,14,15,16,17,18,19,21,22,23,24,25,26,27,28,29,31,32,34,35,36,37,38,39,40', '主楼5层心内科候诊区', '13:30-17:30', '请提前15分钟候诊', '0', '1', '40', '29' );
INSERT INTO doctor_schedule ( m_code, service_date, week_day, session_code, session_name, start_time, end_time,  department_code, department_name, clinic_room_code, clinic_room_name,  doctor_code, doctor_name, doctor_title_code, doctor_title, doctor_spec,  doctor_sess_type_code, doctor_sess_type, service_code, service_name,  fee, reg_fee, checkup_fee, service_fee, other_fee, available_number_str,  admit_address_string, admit_time_range, note, time_range_flag, schedule_status,  available_total_num, available_left_num ) VALUES ( 'SCH_DOC_DEPT011_1_20260318_1', '2026-03-18', '3', '1', '上午', '08:00', '12:00', 'DEPT011', '心内科', 'ROOM_DEPT011_3', '心内科门诊5诊室', 'DOC_DEPT011_1', '何伟', '03', '主治医师', '心脏冠脉介入', '1', '专家门诊', 'SRV_001', '主治医师挂号费', '50.00', '50.00', '0.00', '0.00', '0.00', '1,2,3,4,5,6,7,8,9,11,12,14,15,16,18,19,20,21,23,25,26,28,29,30,33,34,36,37', '主楼5层心内科候诊区', '08:00-12:00', '请提前15分钟候诊', '0', '1', '37', '13' );
INSERT INTO doctor_schedule ( m_code, service_date, week_day, session_code, session_name, start_time, end_time,  department_code, department_name, clinic_room_code, clinic_room_name,  doctor_code, doctor_name, doctor_title_code, doctor_title, doctor_spec,  doctor_sess_type_code, doctor_sess_type, service_code, service_name,  fee, reg_fee, checkup_fee, service_fee, other_fee, available_number_str,  admit_address_string, admit_time_range, note, time_range_flag, schedule_status,  available_total_num, available_left_num ) VALUES ( 'SCH_DOC_DEPT011_1_20260319_1', '2026-03-19', '4', '1', '上午', '08:00', '12:00', 'DEPT011', '心内科', 'ROOM_DEPT011_2', '心内科门诊5诊室', 'DOC_DEPT011_1', '何伟', '03', '主治医师', '心脏冠脉介入', '1', '专家门诊', 'SRV_001', '主治医师挂号费', '50.00', '50.00', '0.00', '0.00', '0.00', '1,2,3,4,6,7,8,9,10,12,15,16,18,19,20,21,22,23,24,25,27,28,31,32,36', '主楼3层心内科候诊区', '08:00-12:00', '请提前15分钟候诊', '0', '1', '39', '17' );
INSERT INTO doctor_schedule ( m_code, service_date, week_day, session_code, session_name, start_time, end_time,  department_code, department_name, clinic_room_code, clinic_room_name,  doctor_code, doctor_name, doctor_title_code, doctor_title, doctor_spec,  doctor_sess_type_code, doctor_sess_type, service_code, service_name,  fee, reg_fee, checkup_fee, service_fee, other_fee, available_number_str,  admit_address_string, admit_time_range, note, time_range_flag, schedule_status,  available_total_num, available_left_num ) VALUES ( 'SCH_DOC_DEPT011_1_20260319_2', '2026-03-19', '4', '2', '下午', '13:30', '17:30', 'DEPT011', '心内科', 'ROOM_DEPT011_2', '心内科门诊4诊室', 'DOC_DEPT011_1', '何伟', '03', '主治医师', '心脏冠脉介入', '1', '专家门诊', 'SRV_001', '主治医师挂号费', '20.00', '20.00', '0.00', '0.00', '0.00', '1,2,3,4,6,8,10,11,12,13,15,16,18,19,20,21,23,25,27,28,30,31', '主楼3层心内科候诊区', '13:30-17:30', '请提前15分钟候诊', '0', '1', '31', '21' );
INSERT INTO doctor_schedule ( m_code, service_date, week_day, session_code, session_name, start_time, end_time,  department_code, department_name, clinic_room_code, clinic_room_name,  doctor_code, doctor_name, doctor_title_code, doctor_title, doctor_spec,  doctor_sess_type_code, doctor_sess_type, service_code, service_name,  fee, reg_fee, checkup_fee, service_fee, other_fee, available_number_str,  admit_address_string, admit_time_range, note, time_range_flag, schedule_status,  available_total_num, available_left_num ) VALUES ( 'SCH_DOC_DEPT011_1_20260320_2', '2026-03-20', '5', '2', '下午', '13:30', '17:30', 'DEPT011', '心内科', 'ROOM_DEPT011_2', '心内科门诊3诊室', 'DOC_DEPT011_1', '何伟', '03', '主治医师', '心脏冠脉介入', '1', '专家门诊', 'SRV_001', '主治医师挂号费', '15.00', '15.00', '0.00', '0.00', '0.00', '1,2,4,5,7,8,9,11,13,14,18,19,20,21,22,24,25', '主楼6层心内科候诊区', '13:30-17:30', '请提前15分钟候诊', '0', '1', '25', '18' );
INSERT INTO doctor_schedule ( m_code, service_date, week_day, session_code, session_name, start_time, end_time,  department_code, department_name, clinic_room_code, clinic_room_name,  doctor_code, doctor_name, doctor_title_code, doctor_title, doctor_spec,  doctor_sess_type_code, doctor_sess_type, service_code, service_name,  fee, reg_fee, checkup_fee, service_fee, other_fee, available_number_str,  admit_address_string, admit_time_range, note, time_range_flag, schedule_status,  available_total_num, available_left_num ) VALUES ( 'SCH_DOC_DEPT011_1_20260320_1', '2026-03-20', '5', '1', '上午', '08:00', '12:00', 'DEPT011', '心内科', 'ROOM_DEPT011_4', '心内科门诊1诊室', 'DOC_DEPT011_1', '何伟', '03', '主治医师', '心脏冠脉介入', '1', '专家门诊', 'SRV_001', '主治医师挂号费', '20.00', '20.00', '0.00', '0.00', '0.00', '1,3,4,5,6,7,8,9,14,15,16,18,19,22,23,24,27,31,33', '主楼4层心内科候诊区', '08:00-12:00', '请提前15分钟候诊', '0', '1', '34', '30' );
INSERT INTO doctor_schedule ( m_code, service_date, week_day, session_code, session_name, start_time, end_time,  department_code, department_name, clinic_room_code, clinic_room_name,  doctor_code, doctor_name, doctor_title_code, doctor_title, doctor_spec,  doctor_sess_type_code, doctor_sess_type, service_code, service_name,  fee, reg_fee, checkup_fee, service_fee, other_fee, available_number_str,  admit_address_string, admit_time_range, note, time_range_flag, schedule_status,  available_total_num, available_left_num ) VALUES ( 'SCH_DOC_DEPT011_1_20260321_2', '2026-03-21', '6', '2', '下午', '13:30', '17:30', 'DEPT011', '心内科', 'ROOM_DEPT011_4', '心内科门诊2诊室', 'DOC_DEPT011_1', '何伟', '03', '主治医师', '心脏冠脉介入', '1', '专家门诊', 'SRV_001', '主治医师挂号费', '20.00', '20.00', '0.00', '0.00', '0.00', '1,2,3,4,5,6,7,8,9,10,12,13,14,15,16,17,19,20,21,22,24,27', '主楼5层心内科候诊区', '13:30-17:30', '请提前15分钟候诊', '0', '1', '28', '22' );
INSERT INTO doctor_schedule ( m_code, service_date, week_day, session_code, session_name, start_time, end_time,  department_code, department_name, clinic_room_code, clinic_room_name,  doctor_code, doctor_name, doctor_title_code, doctor_title, doctor_spec,  doctor_sess_type_code, doctor_sess_type, service_code, service_name,  fee, reg_fee, checkup_fee, service_fee, other_fee, available_number_str,  admit_address_string, admit_time_range, note, time_range_flag, schedule_status,  available_total_num, available_left_num ) VALUES ( 'SCH_DOC_DEPT011_1_20260324_2', '2026-03-24', '2', '2', '下午', '13:30', '17:30', 'DEPT011', '心内科', 'ROOM_DEPT011_2', '心内科门诊4诊室', 'DOC_DEPT011_1', '何伟', '03', '主治医师', '心脏冠脉介入', '1', '专家门诊', 'SRV_001', '主治医师挂号费', '15.00', '15.00', '0.00', '0.00', '0.00', '1,2,3,4,5,7,8,10,11,12,13,14,15,16,17,20', '主楼6层心内科候诊区', '13:30-17:30', '请提前15分钟候诊', '0', '1', '20', '14' );
INSERT INTO doctor_schedule ( m_code, service_date, week_day, session_code, session_name, start_time, end_time,  department_code, department_name, clinic_room_code, clinic_room_name,  doctor_code, doctor_name, doctor_title_code, doctor_title, doctor_spec,  doctor_sess_type_code, doctor_sess_type, service_code, service_name,  fee, reg_fee, checkup_fee, service_fee, other_fee, available_number_str,  admit_address_string, admit_time_range, note, time_range_flag, schedule_status,  available_total_num, available_left_num ) VALUES ( 'SCH_DOC_DEPT011_1_20260324_1', '2026-03-24', '2', '1', '上午', '08:00', '12:00', 'DEPT011', '心内科', 'ROOM_DEPT011_5', '心内科门诊1诊室', 'DOC_DEPT011_1', '何伟', '03', '主治医师', '心脏冠脉介入', '1', '专家门诊', 'SRV_001', '主治医师挂号费', '50.00', '50.00', '0.00', '0.00', '0.00', '1,2,4,6,7,9,10,11,12,13,14,15,16,17,18,20,21,22,25,27', '主楼1层心内科候诊区', '08:00-12:00', '请提前15分钟候诊', '0', '1', '27', '18' );
INSERT INTO doctor_schedule ( m_code, service_date, week_day, session_code, session_name, start_time, end_time,  department_code, department_name, clinic_room_code, clinic_room_name,  doctor_code, doctor_name, doctor_title_code, doctor_title, doctor_spec,  doctor_sess_type_code, doctor_sess_type, service_code, service_name,  fee, reg_fee, checkup_fee, service_fee, other_fee, available_number_str,  admit_address_string, admit_time_range, note, time_range_flag, schedule_status,  available_total_num, available_left_num ) VALUES ( 'SCH_DOC_DEPT011_1_20260326_2', '2026-03-26', '4', '2', '下午', '13:30', '17:30', 'DEPT011', '心内科', 'ROOM_DEPT011_4', '心内科门诊4诊室', 'DOC_DEPT011_1', '何伟', '03', '主治医师', '心脏冠脉介入', '1', '专家门诊', 'SRV_001', '主治医师挂号费', '20.00', '20.00', '0.00', '0.00', '0.00', '3,4,5,6,7,11,12,14,16,17,18,19,20,22,23', '主楼4层心内科候诊区', '13:30-17:30', '请提前15分钟候诊', '0', '1', '23', '15' );
INSERT INTO doctor_schedule ( m_code, service_date, week_day, session_code, session_name, start_time, end_time,  department_code, department_name, clinic_room_code, clinic_room_name,  doctor_code, doctor_name, doctor_title_code, doctor_title, doctor_spec,  doctor_sess_type_code, doctor_sess_type, service_code, service_name,  fee, reg_fee, checkup_fee, service_fee, other_fee, available_number_str,  admit_address_string, admit_time_range, note, time_range_flag, schedule_status,  available_total_num, available_left_num ) VALUES ( 'SCH_DOC_DEPT011_1_20260327_2', '2026-03-27', '5', '2', '下午', '13:30', '17:30', 'DEPT011', '心内科', 'ROOM_DEPT011_4', '心内科门诊2诊室', 'DOC_DEPT011_1', '何伟', '03', '主治医师', '心脏冠脉介入', '1', '专家门诊', 'SRV_001', '主治医师挂号费', '20.00', '20.00', '0.00', '0.00', '0.00', '1,2,3,4,5,7,9,10,11,12,13,14,15', '主楼2层心内科候诊区', '13:30-17:30', '请提前15分钟候诊', '0', '1', '15', '13' );
INSERT INTO doctor_schedule ( m_code, service_date, week_day, session_code, session_name, start_time, end_time,  department_code, department_name, clinic_room_code, clinic_room_name,  doctor_code, doctor_name, doctor_title_code, doctor_title, doctor_spec,  doctor_sess_type_code, doctor_sess_type, service_code, service_name,  fee, reg_fee, checkup_fee, service_fee, other_fee, available_number_str,  admit_address_string, admit_time_range, note, time_range_flag, schedule_status,  available_total_num, available_left_num ) VALUES ( 'SCH_DOC_DEPT011_1_20260327_1', '2026-03-27', '5', '1', '上午', '08:00', '12:00', 'DEPT011', '心内科', 'ROOM_DEPT011_3', '心内科门诊3诊室', 'DOC_DEPT011_1', '何伟', '03', '主治医师', '心脏冠脉介入', '1', '专家门诊', 'SRV_001', '主治医师挂号费', '15.00', '15.00', '0.00', '0.00', '0.00', '1,2,3,4,7,8,9,10,13,14,16,17,18,23,24,26,27,30,32,33,34,35,36,37,39', '主楼2层心内科候诊区', '08:00-12:00', '请提前15分钟候诊', '0', '1', '39', '33' );
INSERT INTO doctor_schedule ( m_code, service_date, week_day, session_code, session_name, start_time, end_time,  department_code, department_name, clinic_room_code, clinic_room_name,  doctor_code, doctor_name, doctor_title_code, doctor_title, doctor_spec,  doctor_sess_type_code, doctor_sess_type, service_code, service_name,  fee, reg_fee, checkup_fee, service_fee, other_fee, available_number_str,  admit_address_string, admit_time_range, note, time_range_flag, schedule_status,  available_total_num, available_left_num ) VALUES ( 'SCH_DOC_DEPT011_1_20260328_1', '2026-03-28', '6', '1', '上午', '08:00', '12:00', 'DEPT011', '心内科', 'ROOM_DEPT011_1', '心内科门诊1诊室', 'DOC_DEPT011_1', '何伟', '03', '主治医师', '心脏冠脉介入', '1', '专家门诊', 'SRV_001', '主治医师挂号费', '50.00', '50.00', '0.00', '0.00', '0.00', '1,2,3,4,5,8,9,10,14,15,16,17,18,19,20,21,22,23,24,26,28,30,31,32,33,36,37,38', '主楼3层心内科候诊区', '08:00-12:00', '请提前15分钟候诊', '0', '1', '38', '20' );
INSERT INTO doctor_schedule ( m_code, service_date, week_day, session_code, session_name, start_time, end_time,  department_code, department_name, clinic_room_code, clinic_room_name,  doctor_code, doctor_name, doctor_title_code, doctor_title, doctor_spec,  doctor_sess_type_code, doctor_sess_type, service_code, service_name,  fee, reg_fee, checkup_fee, service_fee, other_fee, available_number_str,  admit_address_string, admit_time_range, note, time_range_flag, schedule_status,  available_total_num, available_left_num ) VALUES ( 'SCH_DOC_DEPT011_1_20260328_2', '2026-03-28', '6', '2', '下午', '13:30', '17:30', 'DEPT011', '心内科', 'ROOM_DEPT011_1', '心内科门诊3诊室', 'DOC_DEPT011_1', '何伟', '03', '主治医师', '心脏冠脉介入', '1', '专家门诊', 'SRV_001', '主治医师挂号费', '50.00', '50.00', '0.00', '0.00', '0.00', '1,2,3,7,8,9,10,12,13,14,15,16,17,18,19,20,22,23,25,26,28,29,30,31,32,33,36,37', '主楼6层心内科候诊区', '13:30-17:30', '请提前15分钟候诊', '0', '1', '37', '31' );
INSERT INTO doctor_schedule ( m_code, service_date, week_day, session_code, session_name, start_time, end_time,  department_code, department_name, clinic_room_code, clinic_room_name,  doctor_code, doctor_name, doctor_title_code, doctor_title, doctor_spec,  doctor_sess_type_code, doctor_sess_type, service_code, service_name,  fee, reg_fee, checkup_fee, service_fee, other_fee, available_number_str,  admit_address_string, admit_time_range, note, time_range_flag, schedule_status,  available_total_num, available_left_num ) VALUES ( 'SCH_DOC_DEPT011_1_20260329_2', '2026-03-29', '7', '2', '下午', '13:30', '17:30', 'DEPT011', '心内科', 'ROOM_DEPT011_4', '心内科门诊2诊室', 'DOC_DEPT011_1', '何伟', '03', '主治医师', '心脏冠脉介入', '1', '专家门诊', 'SRV_001', '主治医师挂号费', '20.00', '20.00', '0.00', '0.00', '0.00', '2,4,5,6,11,12,14,17,19', '主楼6层心内科候诊区', '13:30-17:30', '请提前15分钟候诊', '0', '1', '19', '11' );
INSERT INTO doctor (doctor_code, doctor_name, department_code, title, specialty, doctor_des, doctor_image) VALUES ('DOC_DEPT011_2', '陈杰', 'DEPT011', '主任医师', '心律失常射频消融', '陈杰主任医师，从事心内科临床工作19年，经验丰富。她擅长心律失常射频消融的诊疗，已成功治愈数千例相关患者。', 'doc_DOC_DEPT011_2.png');
INSERT INTO doctor_schedule ( m_code, service_date, week_day, session_code, session_name, start_time, end_time,  department_code, department_name, clinic_room_code, clinic_room_name,  doctor_code, doctor_name, doctor_title_code, doctor_title, doctor_spec,  doctor_sess_type_code, doctor_sess_type, service_code, service_name,  fee, reg_fee, checkup_fee, service_fee, other_fee, available_number_str,  admit_address_string, admit_time_range, note, time_range_flag, schedule_status,  available_total_num, available_left_num ) VALUES ( 'SCH_DOC_DEPT011_2_20260316_1', '2026-03-16', '1', '1', '上午', '08:00', '12:00', 'DEPT011', '心内科', 'ROOM_DEPT011_4', '心内科门诊5诊室', 'DOC_DEPT011_2', '陈杰', '01', '主任医师', '心律失常射频消融', '1', '专家门诊', 'SRV_001', '主任医师挂号费', '50.00', '50.00', '0.00', '0.00', '0.00', '1,3,4,6,7,8,12,13,15,16,17,18,20,21,22,23,25,29,31', '主楼1层心内科候诊区', '08:00-12:00', '请提前15分钟候诊', '0', '1', '31', '17' );
INSERT INTO doctor_schedule ( m_code, service_date, week_day, session_code, session_name, start_time, end_time,  department_code, department_name, clinic_room_code, clinic_room_name,  doctor_code, doctor_name, doctor_title_code, doctor_title, doctor_spec,  doctor_sess_type_code, doctor_sess_type, service_code, service_name,  fee, reg_fee, checkup_fee, service_fee, other_fee, available_number_str,  admit_address_string, admit_time_range, note, time_range_flag, schedule_status,  available_total_num, available_left_num ) VALUES ( 'SCH_DOC_DEPT011_2_20260316_2', '2026-03-16', '1', '2', '下午', '13:30', '17:30', 'DEPT011', '心内科', 'ROOM_DEPT011_1', '心内科门诊2诊室', 'DOC_DEPT011_2', '陈杰', '01', '主任医师', '心律失常射频消融', '1', '专家门诊', 'SRV_001', '主任医师挂号费', '20.00', '20.00', '0.00', '0.00', '0.00', '1,2,3,4,5,6,7,9,11,13,15,17,19,20,21,22,23,24', '主楼1层心内科候诊区', '13:30-17:30', '请提前15分钟候诊', '0', '1', '25', '23' );
INSERT INTO doctor_schedule ( m_code, service_date, week_day, session_code, session_name, start_time, end_time,  department_code, department_name, clinic_room_code, clinic_room_name,  doctor_code, doctor_name, doctor_title_code, doctor_title, doctor_spec,  doctor_sess_type_code, doctor_sess_type, service_code, service_name,  fee, reg_fee, checkup_fee, service_fee, other_fee, available_number_str,  admit_address_string, admit_time_range, note, time_range_flag, schedule_status,  available_total_num, available_left_num ) VALUES ( 'SCH_DOC_DEPT011_2_20260317_2', '2026-03-17', '2', '2', '下午', '13:30', '17:30', 'DEPT011', '心内科', 'ROOM_DEPT011_5', '心内科门诊4诊室', 'DOC_DEPT011_2', '陈杰', '01', '主任医师', '心律失常射频消融', '1', '专家门诊', 'SRV_001', '主任医师挂号费', '20.00', '20.00', '0.00', '0.00', '0.00', '1,2,3,4,5,6,7,8,9,10,12,13,15,17,18,19,21,23,24,25,26,27,28,29,30,31,33', '主楼3层心内科候诊区', '13:30-17:30', '请提前15分钟候诊', '0', '1', '33', '16' );
INSERT INTO doctor_schedule ( m_code, service_date, week_day, session_code, session_name, start_time, end_time,  department_code, department_name, clinic_room_code, clinic_room_name,  doctor_code, doctor_name, doctor_title_code, doctor_title, doctor_spec,  doctor_sess_type_code, doctor_sess_type, service_code, service_name,  fee, reg_fee, checkup_fee, service_fee, other_fee, available_number_str,  admit_address_string, admit_time_range, note, time_range_flag, schedule_status,  available_total_num, available_left_num ) VALUES ( 'SCH_DOC_DEPT011_2_20260317_1', '2026-03-17', '2', '1', '上午', '08:00', '12:00', 'DEPT011', '心内科', 'ROOM_DEPT011_3', '心内科门诊3诊室', 'DOC_DEPT011_2', '陈杰', '01', '主任医师', '心律失常射频消融', '1', '专家门诊', 'SRV_001', '主任医师挂号费', '15.00', '15.00', '0.00', '0.00', '0.00', '1,2,3,4,5,6,8,9,10,14,15,17,18,19,20,21,23,25,26', '主楼6层心内科候诊区', '08:00-12:00', '请提前15分钟候诊', '0', '1', '27', '20' );
INSERT INTO doctor_schedule ( m_code, service_date, week_day, session_code, session_name, start_time, end_time,  department_code, department_name, clinic_room_code, clinic_room_name,  doctor_code, doctor_name, doctor_title_code, doctor_title, doctor_spec,  doctor_sess_type_code, doctor_sess_type, service_code, service_name,  fee, reg_fee, checkup_fee, service_fee, other_fee, available_number_str,  admit_address_string, admit_time_range, note, time_range_flag, schedule_status,  available_total_num, available_left_num ) VALUES ( 'SCH_DOC_DEPT011_2_20260318_2', '2026-03-18', '3', '2', '下午', '13:30', '17:30', 'DEPT011', '心内科', 'ROOM_DEPT011_3', '心内科门诊2诊室', 'DOC_DEPT011_2', '陈杰', '01', '主任医师', '心律失常射频消融', '1', '专家门诊', 'SRV_001', '主任医师挂号费', '20.00', '20.00', '0.00', '0.00', '0.00', '2,3,5,6,7,8,9,11,13,14,15,16,17,18,19,20,21,22,23,24,25,26,29,31', '主楼3层心内科候诊区', '13:30-17:30', '请提前15分钟候诊', '0', '1', '31', '28' );
INSERT INTO doctor_schedule ( m_code, service_date, week_day, session_code, session_name, start_time, end_time,  department_code, department_name, clinic_room_code, clinic_room_name,  doctor_code, doctor_name, doctor_title_code, doctor_title, doctor_spec,  doctor_sess_type_code, doctor_sess_type, service_code, service_name,  fee, reg_fee, checkup_fee, service_fee, other_fee, available_number_str,  admit_address_string, admit_time_range, note, time_range_flag, schedule_status,  available_total_num, available_left_num ) VALUES ( 'SCH_DOC_DEPT011_2_20260318_1', '2026-03-18', '3', '1', '上午', '08:00', '12:00', 'DEPT011', '心内科', 'ROOM_DEPT011_4', '心内科门诊4诊室', 'DOC_DEPT011_2', '陈杰', '01', '主任医师', '心律失常射频消融', '1', '专家门诊', 'SRV_001', '主任医师挂号费', '50.00', '50.00', '0.00', '0.00', '0.00', '1,2,3,5,7,8,9,10,11,12,14,15,16', '主楼1层心内科候诊区', '08:00-12:00', '请提前15分钟候诊', '0', '1', '16', '14' );
INSERT INTO doctor_schedule ( m_code, service_date, week_day, session_code, session_name, start_time, end_time,  department_code, department_name, clinic_room_code, clinic_room_name,  doctor_code, doctor_name, doctor_title_code, doctor_title, doctor_spec,  doctor_sess_type_code, doctor_sess_type, service_code, service_name,  fee, reg_fee, checkup_fee, service_fee, other_fee, available_number_str,  admit_address_string, admit_time_range, note, time_range_flag, schedule_status,  available_total_num, available_left_num ) VALUES ( 'SCH_DOC_DEPT011_2_20260319_1', '2026-03-19', '4', '1', '上午', '08:00', '12:00', 'DEPT011', '心内科', 'ROOM_DEPT011_2', '心内科门诊4诊室', 'DOC_DEPT011_2', '陈杰', '01', '主任医师', '心律失常射频消融', '1', '专家门诊', 'SRV_001', '主任医师挂号费', '15.00', '15.00', '0.00', '0.00', '0.00', '1,2,3,6,9,10,12,15,16,17,18,19,20,21,26,27,28,30,32,35', '主楼3层心内科候诊区', '08:00-12:00', '请提前15分钟候诊', '0', '1', '35', '29' );
INSERT INTO doctor_schedule ( m_code, service_date, week_day, session_code, session_name, start_time, end_time,  department_code, department_name, clinic_room_code, clinic_room_name,  doctor_code, doctor_name, doctor_title_code, doctor_title, doctor_spec,  doctor_sess_type_code, doctor_sess_type, service_code, service_name,  fee, reg_fee, checkup_fee, service_fee, other_fee, available_number_str,  admit_address_string, admit_time_range, note, time_range_flag, schedule_status,  available_total_num, available_left_num ) VALUES ( 'SCH_DOC_DEPT011_2_20260320_2', '2026-03-20', '5', '2', '下午', '13:30', '17:30', 'DEPT011', '心内科', 'ROOM_DEPT011_5', '心内科门诊5诊室', 'DOC_DEPT011_2', '陈杰', '01', '主任医师', '心律失常射频消融', '1', '专家门诊', 'SRV_001', '主任医师挂号费', '15.00', '15.00', '0.00', '0.00', '0.00', '1,4,5,6,7,8,14,15,16,17,18,19,20,22,24,25,26', '主楼1层心内科候诊区', '13:30-17:30', '请提前15分钟候诊', '0', '1', '26', '17' );
INSERT INTO doctor_schedule ( m_code, service_date, week_day, session_code, session_name, start_time, end_time,  department_code, department_name, clinic_room_code, clinic_room_name,  doctor_code, doctor_name, doctor_title_code, doctor_title, doctor_spec,  doctor_sess_type_code, doctor_sess_type, service_code, service_name,  fee, reg_fee, checkup_fee, service_fee, other_fee, available_number_str,  admit_address_string, admit_time_range, note, time_range_flag, schedule_status,  available_total_num, available_left_num ) VALUES ( 'SCH_DOC_DEPT011_2_20260320_1', '2026-03-20', '5', '1', '上午', '08:00', '12:00', 'DEPT011', '心内科', 'ROOM_DEPT011_5', '心内科门诊5诊室', 'DOC_DEPT011_2', '陈杰', '01', '主任医师', '心律失常射频消融', '1', '专家门诊', 'SRV_001', '主任医师挂号费', '50.00', '50.00', '0.00', '0.00', '0.00', '1,2,3,4,5,8,10,11,16,17,18,19,21,23,25,27,28,29', '主楼2层心内科候诊区', '08:00-12:00', '请提前15分钟候诊', '0', '1', '29', '28' );
INSERT INTO doctor_schedule ( m_code, service_date, week_day, session_code, session_name, start_time, end_time,  department_code, department_name, clinic_room_code, clinic_room_name,  doctor_code, doctor_name, doctor_title_code, doctor_title, doctor_spec,  doctor_sess_type_code, doctor_sess_type, service_code, service_name,  fee, reg_fee, checkup_fee, service_fee, other_fee, available_number_str,  admit_address_string, admit_time_range, note, time_range_flag, schedule_status,  available_total_num, available_left_num ) VALUES ( 'SCH_DOC_DEPT011_2_20260321_1', '2026-03-21', '6', '1', '上午', '08:00', '12:00', 'DEPT011', '心内科', 'ROOM_DEPT011_3', '心内科门诊1诊室', 'DOC_DEPT011_2', '陈杰', '01', '主任医师', '心律失常射频消融', '1', '专家门诊', 'SRV_001', '主任医师挂号费', '15.00', '15.00', '0.00', '0.00', '0.00', '1,2,3,4,6,7,11,12,13,14,15,17,18,21,22,23,24,25,26,27,28,29,30,31,36,37,39', '主楼1层心内科候诊区', '08:00-12:00', '请提前15分钟候诊', '0', '1', '39', '22' );
INSERT INTO doctor_schedule ( m_code, service_date, week_day, session_code, session_name, start_time, end_time,  department_code, department_name, clinic_room_code, clinic_room_name,  doctor_code, doctor_name, doctor_title_code, doctor_title, doctor_spec,  doctor_sess_type_code, doctor_sess_type, service_code, service_name,  fee, reg_fee, checkup_fee, service_fee, other_fee, available_number_str,  admit_address_string, admit_time_range, note, time_range_flag, schedule_status,  available_total_num, available_left_num ) VALUES ( 'SCH_DOC_DEPT011_2_20260321_2', '2026-03-21', '6', '2', '下午', '13:30', '17:30', 'DEPT011', '心内科', 'ROOM_DEPT011_5', '心内科门诊1诊室', 'DOC_DEPT011_2', '陈杰', '01', '主任医师', '心律失常射频消融', '1', '专家门诊', 'SRV_001', '主任医师挂号费', '15.00', '15.00', '0.00', '0.00', '0.00', '1,2,3,5,6,8,9,11,12,14,15,17,23,25,26,27,28,29,30,31,32,34,35,36,37,38,39', '主楼5层心内科候诊区', '13:30-17:30', '请提前15分钟候诊', '0', '1', '39', '31' );
INSERT INTO doctor_schedule ( m_code, service_date, week_day, session_code, session_name, start_time, end_time,  department_code, department_name, clinic_room_code, clinic_room_name,  doctor_code, doctor_name, doctor_title_code, doctor_title, doctor_spec,  doctor_sess_type_code, doctor_sess_type, service_code, service_name,  fee, reg_fee, checkup_fee, service_fee, other_fee, available_number_str,  admit_address_string, admit_time_range, note, time_range_flag, schedule_status,  available_total_num, available_left_num ) VALUES ( 'SCH_DOC_DEPT011_2_20260322_1', '2026-03-22', '7', '1', '上午', '08:00', '12:00', 'DEPT011', '心内科', 'ROOM_DEPT011_3', '心内科门诊2诊室', 'DOC_DEPT011_2', '陈杰', '01', '主任医师', '心律失常射频消融', '1', '专家门诊', 'SRV_001', '主任医师挂号费', '50.00', '50.00', '0.00', '0.00', '0.00', '2,3,6,7,8,9,11,12,13,14,16,17,19,20,22,23,24,26,27,28,29,30', '主楼2层心内科候诊区', '08:00-12:00', '请提前15分钟候诊', '0', '1', '30', '20' );
INSERT INTO doctor_schedule ( m_code, service_date, week_day, session_code, session_name, start_time, end_time,  department_code, department_name, clinic_room_code, clinic_room_name,  doctor_code, doctor_name, doctor_title_code, doctor_title, doctor_spec,  doctor_sess_type_code, doctor_sess_type, service_code, service_name,  fee, reg_fee, checkup_fee, service_fee, other_fee, available_number_str,  admit_address_string, admit_time_range, note, time_range_flag, schedule_status,  available_total_num, available_left_num ) VALUES ( 'SCH_DOC_DEPT011_2_20260323_1', '2026-03-23', '1', '1', '上午', '08:00', '12:00', 'DEPT011', '心内科', 'ROOM_DEPT011_1', '心内科门诊4诊室', 'DOC_DEPT011_2', '陈杰', '01', '主任医师', '心律失常射频消融', '1', '专家门诊', 'SRV_001', '主任医师挂号费', '15.00', '15.00', '0.00', '0.00', '0.00', '4,5,6,7,8,9,10,11,12,13,14,15,17,19,20,22,24,26,29', '主楼2层心内科候诊区', '08:00-12:00', '请提前15分钟候诊', '0', '1', '31', '17' );
INSERT INTO doctor_schedule ( m_code, service_date, week_day, session_code, session_name, start_time, end_time,  department_code, department_name, clinic_room_code, clinic_room_name,  doctor_code, doctor_name, doctor_title_code, doctor_title, doctor_spec,  doctor_sess_type_code, doctor_sess_type, service_code, service_name,  fee, reg_fee, checkup_fee, service_fee, other_fee, available_number_str,  admit_address_string, admit_time_range, note, time_range_flag, schedule_status,  available_total_num, available_left_num ) VALUES ( 'SCH_DOC_DEPT011_2_20260324_1', '2026-03-24', '2', '1', '上午', '08:00', '12:00', 'DEPT011', '心内科', 'ROOM_DEPT011_4', '心内科门诊2诊室', 'DOC_DEPT011_2', '陈杰', '01', '主任医师', '心律失常射频消融', '1', '专家门诊', 'SRV_001', '主任医师挂号费', '20.00', '20.00', '0.00', '0.00', '0.00', '2,3,4,5,6,7,8,9,11,12,13,15,16', '主楼2层心内科候诊区', '08:00-12:00', '请提前15分钟候诊', '0', '1', '16', '6' );
INSERT INTO doctor_schedule ( m_code, service_date, week_day, session_code, session_name, start_time, end_time,  department_code, department_name, clinic_room_code, clinic_room_name,  doctor_code, doctor_name, doctor_title_code, doctor_title, doctor_spec,  doctor_sess_type_code, doctor_sess_type, service_code, service_name,  fee, reg_fee, checkup_fee, service_fee, other_fee, available_number_str,  admit_address_string, admit_time_range, note, time_range_flag, schedule_status,  available_total_num, available_left_num ) VALUES ( 'SCH_DOC_DEPT011_2_20260325_2', '2026-03-25', '3', '2', '下午', '13:30', '17:30', 'DEPT011', '心内科', 'ROOM_DEPT011_3', '心内科门诊3诊室', 'DOC_DEPT011_2', '陈杰', '01', '主任医师', '心律失常射频消融', '1', '专家门诊', 'SRV_001', '主任医师挂号费', '20.00', '20.00', '0.00', '0.00', '0.00', '1,3,4,5,6,7,8,9,10,11,12,13,14,15,17,18,19,20,21,24,26,27', '主楼6层心内科候诊区', '13:30-17:30', '请提前15分钟候诊', '0', '1', '27', '18' );
INSERT INTO doctor_schedule ( m_code, service_date, week_day, session_code, session_name, start_time, end_time,  department_code, department_name, clinic_room_code, clinic_room_name,  doctor_code, doctor_name, doctor_title_code, doctor_title, doctor_spec,  doctor_sess_type_code, doctor_sess_type, service_code, service_name,  fee, reg_fee, checkup_fee, service_fee, other_fee, available_number_str,  admit_address_string, admit_time_range, note, time_range_flag, schedule_status,  available_total_num, available_left_num ) VALUES ( 'SCH_DOC_DEPT011_2_20260325_1', '2026-03-25', '3', '1', '上午', '08:00', '12:00', 'DEPT011', '心内科', 'ROOM_DEPT011_1', '心内科门诊2诊室', 'DOC_DEPT011_2', '陈杰', '01', '主任医师', '心律失常射频消融', '1', '专家门诊', 'SRV_001', '主任医师挂号费', '50.00', '50.00', '0.00', '0.00', '0.00', '1,2,3,4,7,10,11,12,13,16,17,19,20,23,24,25,26', '主楼3层心内科候诊区', '08:00-12:00', '请提前15分钟候诊', '0', '1', '26', '8' );
INSERT INTO doctor_schedule ( m_code, service_date, week_day, session_code, session_name, start_time, end_time,  department_code, department_name, clinic_room_code, clinic_room_name,  doctor_code, doctor_name, doctor_title_code, doctor_title, doctor_spec,  doctor_sess_type_code, doctor_sess_type, service_code, service_name,  fee, reg_fee, checkup_fee, service_fee, other_fee, available_number_str,  admit_address_string, admit_time_range, note, time_range_flag, schedule_status,  available_total_num, available_left_num ) VALUES ( 'SCH_DOC_DEPT011_2_20260326_1', '2026-03-26', '4', '1', '上午', '08:00', '12:00', 'DEPT011', '心内科', 'ROOM_DEPT011_3', '心内科门诊1诊室', 'DOC_DEPT011_2', '陈杰', '01', '主任医师', '心律失常射频消融', '1', '专家门诊', 'SRV_001', '主任医师挂号费', '50.00', '50.00', '0.00', '0.00', '0.00', '1,2,3,4,7,8,9,10,11,12,13,14,15,17,18,19,20,21,22,23,24,25', '主楼3层心内科候诊区', '08:00-12:00', '请提前15分钟候诊', '0', '1', '25', '9' );
INSERT INTO doctor_schedule ( m_code, service_date, week_day, session_code, session_name, start_time, end_time,  department_code, department_name, clinic_room_code, clinic_room_name,  doctor_code, doctor_name, doctor_title_code, doctor_title, doctor_spec,  doctor_sess_type_code, doctor_sess_type, service_code, service_name,  fee, reg_fee, checkup_fee, service_fee, other_fee, available_number_str,  admit_address_string, admit_time_range, note, time_range_flag, schedule_status,  available_total_num, available_left_num ) VALUES ( 'SCH_DOC_DEPT011_2_20260327_2', '2026-03-27', '5', '2', '下午', '13:30', '17:30', 'DEPT011', '心内科', 'ROOM_DEPT011_4', '心内科门诊5诊室', 'DOC_DEPT011_2', '陈杰', '01', '主任医师', '心律失常射频消融', '1', '专家门诊', 'SRV_001', '主任医师挂号费', '15.00', '15.00', '0.00', '0.00', '0.00', '1,2,3,4,5,6,8,9,10,12,13,14,15,16,18,19,20,21,23,24,25,27,28,30,31,32,33,37,38', '主楼1层心内科候诊区', '13:30-17:30', '请提前15分钟候诊', '0', '1', '38', '29' );
INSERT INTO doctor_schedule ( m_code, service_date, week_day, session_code, session_name, start_time, end_time,  department_code, department_name, clinic_room_code, clinic_room_name,  doctor_code, doctor_name, doctor_title_code, doctor_title, doctor_spec,  doctor_sess_type_code, doctor_sess_type, service_code, service_name,  fee, reg_fee, checkup_fee, service_fee, other_fee, available_number_str,  admit_address_string, admit_time_range, note, time_range_flag, schedule_status,  available_total_num, available_left_num ) VALUES ( 'SCH_DOC_DEPT011_2_20260328_2', '2026-03-28', '6', '2', '下午', '13:30', '17:30', 'DEPT011', '心内科', 'ROOM_DEPT011_2', '心内科门诊2诊室', 'DOC_DEPT011_2', '陈杰', '01', '主任医师', '心律失常射频消融', '1', '专家门诊', 'SRV_001', '主任医师挂号费', '15.00', '15.00', '0.00', '0.00', '0.00', '1,3,4,6,8,10,11,12,13,14,16', '主楼1层心内科候诊区', '13:30-17:30', '请提前15分钟候诊', '0', '1', '16', '12' );
INSERT INTO doctor_schedule ( m_code, service_date, week_day, session_code, session_name, start_time, end_time,  department_code, department_name, clinic_room_code, clinic_room_name,  doctor_code, doctor_name, doctor_title_code, doctor_title, doctor_spec,  doctor_sess_type_code, doctor_sess_type, service_code, service_name,  fee, reg_fee, checkup_fee, service_fee, other_fee, available_number_str,  admit_address_string, admit_time_range, note, time_range_flag, schedule_status,  available_total_num, available_left_num ) VALUES ( 'SCH_DOC_DEPT011_2_20260329_2', '2026-03-29', '7', '2', '下午', '13:30', '17:30', 'DEPT011', '心内科', 'ROOM_DEPT011_5', '心内科门诊5诊室', 'DOC_DEPT011_2', '陈杰', '01', '主任医师', '心律失常射频消融', '1', '专家门诊', 'SRV_001', '主任医师挂号费', '15.00', '15.00', '0.00', '0.00', '0.00', '1,2,3,4,5,6,7,9,10,11,12,13,16,17,21,23,25,26,27,29,30,31,32,33,34', '主楼3层心内科候诊区', '13:30-17:30', '请提前15分钟候诊', '0', '1', '35', '14' );
INSERT INTO doctor_schedule ( m_code, service_date, week_day, session_code, session_name, start_time, end_time,  department_code, department_name, clinic_room_code, clinic_room_name,  doctor_code, doctor_name, doctor_title_code, doctor_title, doctor_spec,  doctor_sess_type_code, doctor_sess_type, service_code, service_name,  fee, reg_fee, checkup_fee, service_fee, other_fee, available_number_str,  admit_address_string, admit_time_range, note, time_range_flag, schedule_status,  available_total_num, available_left_num ) VALUES ( 'SCH_DOC_DEPT011_2_20260329_1', '2026-03-29', '7', '1', '上午', '08:00', '12:00', 'DEPT011', '心内科', 'ROOM_DEPT011_1', '心内科门诊3诊室', 'DOC_DEPT011_2', '陈杰', '01', '主任医师', '心律失常射频消融', '1', '专家门诊', 'SRV_001', '主任医师挂号费', '20.00', '20.00', '0.00', '0.00', '0.00', '1,3,4,5,6,7,8,9,10,14,15,16,18,21,22,23,24,25', '主楼4层心内科候诊区', '08:00-12:00', '请提前15分钟候诊', '0', '1', '25', '7' );
INSERT INTO doctor (doctor_code, doctor_name, department_code, title, specialty, doctor_des, doctor_image) VALUES ('DOC_DEPT011_3', '周伟', 'DEPT011', '主任医师', '心脏起搏器植入', '周伟主任医师，从事心内科临床工作20年，医术精湛。他擅长心脏起搏器植入的诊疗，已成功治愈数千例相关患者。', 'doc_DOC_DEPT011_3.png');
INSERT INTO doctor_schedule ( m_code, service_date, week_day, session_code, session_name, start_time, end_time,  department_code, department_name, clinic_room_code, clinic_room_name,  doctor_code, doctor_name, doctor_title_code, doctor_title, doctor_spec,  doctor_sess_type_code, doctor_sess_type, service_code, service_name,  fee, reg_fee, checkup_fee, service_fee, other_fee, available_number_str,  admit_address_string, admit_time_range, note, time_range_flag, schedule_status,  available_total_num, available_left_num ) VALUES ( 'SCH_DOC_DEPT011_3_20260316_1', '2026-03-16', '1', '1', '上午', '08:00', '12:00', 'DEPT011', '心内科', 'ROOM_DEPT011_1', '心内科门诊5诊室', 'DOC_DEPT011_3', '周伟', '01', '主任医师', '心脏起搏器植入', '1', '专家门诊', 'SRV_001', '主任医师挂号费', '20.00', '20.00', '0.00', '0.00', '0.00', '1,3,4,5,6,8,9,10,14,15,17,18,19,20,22,23,24,26,27,28,30,31', '主楼1层心内科候诊区', '08:00-12:00', '请提前15分钟候诊', '0', '1', '31', '26' );
INSERT INTO doctor_schedule ( m_code, service_date, week_day, session_code, session_name, start_time, end_time,  department_code, department_name, clinic_room_code, clinic_room_name,  doctor_code, doctor_name, doctor_title_code, doctor_title, doctor_spec,  doctor_sess_type_code, doctor_sess_type, service_code, service_name,  fee, reg_fee, checkup_fee, service_fee, other_fee, available_number_str,  admit_address_string, admit_time_range, note, time_range_flag, schedule_status,  available_total_num, available_left_num ) VALUES ( 'SCH_DOC_DEPT011_3_20260316_2', '2026-03-16', '1', '2', '下午', '13:30', '17:30', 'DEPT011', '心内科', 'ROOM_DEPT011_5', '心内科门诊5诊室', 'DOC_DEPT011_3', '周伟', '01', '主任医师', '心脏起搏器植入', '1', '专家门诊', 'SRV_001', '主任医师挂号费', '15.00', '15.00', '0.00', '0.00', '0.00', '1,4,5,6,8,9,10,11,12,13,15,16,17,18,19,21', '主楼1层心内科候诊区', '13:30-17:30', '请提前15分钟候诊', '0', '1', '21', '15' );
INSERT INTO doctor_schedule ( m_code, service_date, week_day, session_code, session_name, start_time, end_time,  department_code, department_name, clinic_room_code, clinic_room_name,  doctor_code, doctor_name, doctor_title_code, doctor_title, doctor_spec,  doctor_sess_type_code, doctor_sess_type, service_code, service_name,  fee, reg_fee, checkup_fee, service_fee, other_fee, available_number_str,  admit_address_string, admit_time_range, note, time_range_flag, schedule_status,  available_total_num, available_left_num ) VALUES ( 'SCH_DOC_DEPT011_3_20260317_1', '2026-03-17', '2', '1', '上午', '08:00', '12:00', 'DEPT011', '心内科', 'ROOM_DEPT011_1', '心内科门诊5诊室', 'DOC_DEPT011_3', '周伟', '01', '主任医师', '心脏起搏器植入', '1', '专家门诊', 'SRV_001', '主任医师挂号费', '20.00', '20.00', '0.00', '0.00', '0.00', '1,2,4,5,7,9,10,11,13,14,15,17,18,19,20,21,23,24,25,26,27', '主楼5层心内科候诊区', '08:00-12:00', '请提前15分钟候诊', '0', '1', '27', '8' );
INSERT INTO doctor_schedule ( m_code, service_date, week_day, session_code, session_name, start_time, end_time,  department_code, department_name, clinic_room_code, clinic_room_name,  doctor_code, doctor_name, doctor_title_code, doctor_title, doctor_spec,  doctor_sess_type_code, doctor_sess_type, service_code, service_name,  fee, reg_fee, checkup_fee, service_fee, other_fee, available_number_str,  admit_address_string, admit_time_range, note, time_range_flag, schedule_status,  available_total_num, available_left_num ) VALUES ( 'SCH_DOC_DEPT011_3_20260317_2', '2026-03-17', '2', '2', '下午', '13:30', '17:30', 'DEPT011', '心内科', 'ROOM_DEPT011_3', '心内科门诊2诊室', 'DOC_DEPT011_3', '周伟', '01', '主任医师', '心脏起搏器植入', '1', '专家门诊', 'SRV_001', '主任医师挂号费', '50.00', '50.00', '0.00', '0.00', '0.00', '1,2,3,4,6,7,8,9,11,15,18,19,20,23,24,25,26,27,28,29,30,31,32,35', '主楼3层心内科候诊区', '13:30-17:30', '请提前15分钟候诊', '0', '1', '36', '15' );
INSERT INTO doctor_schedule ( m_code, service_date, week_day, session_code, session_name, start_time, end_time,  department_code, department_name, clinic_room_code, clinic_room_name,  doctor_code, doctor_name, doctor_title_code, doctor_title, doctor_spec,  doctor_sess_type_code, doctor_sess_type, service_code, service_name,  fee, reg_fee, checkup_fee, service_fee, other_fee, available_number_str,  admit_address_string, admit_time_range, note, time_range_flag, schedule_status,  available_total_num, available_left_num ) VALUES ( 'SCH_DOC_DEPT011_3_20260318_2', '2026-03-18', '3', '2', '下午', '13:30', '17:30', 'DEPT011', '心内科', 'ROOM_DEPT011_4', '心内科门诊5诊室', 'DOC_DEPT011_3', '周伟', '01', '主任医师', '心脏起搏器植入', '1', '专家门诊', 'SRV_001', '主任医师挂号费', '20.00', '20.00', '0.00', '0.00', '0.00', '3,4,5,6,7,8,9,10,11,15,16,18,19,20,21,22,24', '主楼2层心内科候诊区', '13:30-17:30', '请提前15分钟候诊', '0', '1', '24', '13' );
INSERT INTO doctor_schedule ( m_code, service_date, week_day, session_code, session_name, start_time, end_time,  department_code, department_name, clinic_room_code, clinic_room_name,  doctor_code, doctor_name, doctor_title_code, doctor_title, doctor_spec,  doctor_sess_type_code, doctor_sess_type, service_code, service_name,  fee, reg_fee, checkup_fee, service_fee, other_fee, available_number_str,  admit_address_string, admit_time_range, note, time_range_flag, schedule_status,  available_total_num, available_left_num ) VALUES ( 'SCH_DOC_DEPT011_3_20260319_2', '2026-03-19', '4', '2', '下午', '13:30', '17:30', 'DEPT011', '心内科', 'ROOM_DEPT011_3', '心内科门诊1诊室', 'DOC_DEPT011_3', '周伟', '01', '主任医师', '心脏起搏器植入', '1', '专家门诊', 'SRV_001', '主任医师挂号费', '20.00', '20.00', '0.00', '0.00', '0.00', '2,3,4,10,11,13,14,16,19,20,21,24,26,28,30', '主楼6层心内科候诊区', '13:30-17:30', '请提前15分钟候诊', '0', '1', '33', '30' );
INSERT INTO doctor_schedule ( m_code, service_date, week_day, session_code, session_name, start_time, end_time,  department_code, department_name, clinic_room_code, clinic_room_name,  doctor_code, doctor_name, doctor_title_code, doctor_title, doctor_spec,  doctor_sess_type_code, doctor_sess_type, service_code, service_name,  fee, reg_fee, checkup_fee, service_fee, other_fee, available_number_str,  admit_address_string, admit_time_range, note, time_range_flag, schedule_status,  available_total_num, available_left_num ) VALUES ( 'SCH_DOC_DEPT011_3_20260321_1', '2026-03-21', '6', '1', '上午', '08:00', '12:00', 'DEPT011', '心内科', 'ROOM_DEPT011_2', '心内科门诊3诊室', 'DOC_DEPT011_3', '周伟', '01', '主任医师', '心脏起搏器植入', '1', '专家门诊', 'SRV_001', '主任医师挂号费', '15.00', '15.00', '0.00', '0.00', '0.00', '1,2,3,4,5,6,7,9,10,11,13,14,15,16,17,18,19,20,22,23,25,26,27,28,29,30,31,33,34,35', '主楼2层心内科候诊区', '08:00-12:00', '请提前15分钟候诊', '0', '1', '35', '23' );
INSERT INTO doctor_schedule ( m_code, service_date, week_day, session_code, session_name, start_time, end_time,  department_code, department_name, clinic_room_code, clinic_room_name,  doctor_code, doctor_name, doctor_title_code, doctor_title, doctor_spec,  doctor_sess_type_code, doctor_sess_type, service_code, service_name,  fee, reg_fee, checkup_fee, service_fee, other_fee, available_number_str,  admit_address_string, admit_time_range, note, time_range_flag, schedule_status,  available_total_num, available_left_num ) VALUES ( 'SCH_DOC_DEPT011_3_20260322_1', '2026-03-22', '7', '1', '上午', '08:00', '12:00', 'DEPT011', '心内科', 'ROOM_DEPT011_2', '心内科门诊2诊室', 'DOC_DEPT011_3', '周伟', '01', '主任医师', '心脏起搏器植入', '1', '专家门诊', 'SRV_001', '主任医师挂号费', '50.00', '50.00', '0.00', '0.00', '0.00', '1,3,4,7,8,9,12,14,16,18,19,20,21,22', '主楼5层心内科候诊区', '08:00-12:00', '请提前15分钟候诊', '0', '1', '23', '5' );
INSERT INTO doctor_schedule ( m_code, service_date, week_day, session_code, session_name, start_time, end_time,  department_code, department_name, clinic_room_code, clinic_room_name,  doctor_code, doctor_name, doctor_title_code, doctor_title, doctor_spec,  doctor_sess_type_code, doctor_sess_type, service_code, service_name,  fee, reg_fee, checkup_fee, service_fee, other_fee, available_number_str,  admit_address_string, admit_time_range, note, time_range_flag, schedule_status,  available_total_num, available_left_num ) VALUES ( 'SCH_DOC_DEPT011_3_20260322_2', '2026-03-22', '7', '2', '下午', '13:30', '17:30', 'DEPT011', '心内科', 'ROOM_DEPT011_1', '心内科门诊3诊室', 'DOC_DEPT011_3', '周伟', '01', '主任医师', '心脏起搏器植入', '1', '专家门诊', 'SRV_001', '主任医师挂号费', '50.00', '50.00', '0.00', '0.00', '0.00', '1,2,3,4,6,7,9,10,12,13,15,16,17,18,19', '主楼2层心内科候诊区', '13:30-17:30', '请提前15分钟候诊', '0', '1', '19', '16' );
INSERT INTO doctor_schedule ( m_code, service_date, week_day, session_code, session_name, start_time, end_time,  department_code, department_name, clinic_room_code, clinic_room_name,  doctor_code, doctor_name, doctor_title_code, doctor_title, doctor_spec,  doctor_sess_type_code, doctor_sess_type, service_code, service_name,  fee, reg_fee, checkup_fee, service_fee, other_fee, available_number_str,  admit_address_string, admit_time_range, note, time_range_flag, schedule_status,  available_total_num, available_left_num ) VALUES ( 'SCH_DOC_DEPT011_3_20260324_1', '2026-03-24', '2', '1', '上午', '08:00', '12:00', 'DEPT011', '心内科', 'ROOM_DEPT011_5', '心内科门诊4诊室', 'DOC_DEPT011_3', '周伟', '01', '主任医师', '心脏起搏器植入', '1', '专家门诊', 'SRV_001', '主任医师挂号费', '15.00', '15.00', '0.00', '0.00', '0.00', '3,5,6,7,8,10,14,15,16,19,21,23,25,26,27,28,30,31,32,34,35,37,38,39', '主楼1层心内科候诊区', '08:00-12:00', '请提前15分钟候诊', '0', '1', '39', '14' );
INSERT INTO doctor_schedule ( m_code, service_date, week_day, session_code, session_name, start_time, end_time,  department_code, department_name, clinic_room_code, clinic_room_name,  doctor_code, doctor_name, doctor_title_code, doctor_title, doctor_spec,  doctor_sess_type_code, doctor_sess_type, service_code, service_name,  fee, reg_fee, checkup_fee, service_fee, other_fee, available_number_str,  admit_address_string, admit_time_range, note, time_range_flag, schedule_status,  available_total_num, available_left_num ) VALUES ( 'SCH_DOC_DEPT011_3_20260324_2', '2026-03-24', '2', '2', '下午', '13:30', '17:30', 'DEPT011', '心内科', 'ROOM_DEPT011_3', '心内科门诊4诊室', 'DOC_DEPT011_3', '周伟', '01', '主任医师', '心脏起搏器植入', '1', '专家门诊', 'SRV_001', '主任医师挂号费', '15.00', '15.00', '0.00', '0.00', '0.00', '1,2,3,6,8,9,10,11,13,18', '主楼5层心内科候诊区', '13:30-17:30', '请提前15分钟候诊', '0', '1', '18', '17' );
INSERT INTO doctor_schedule ( m_code, service_date, week_day, session_code, session_name, start_time, end_time,  department_code, department_name, clinic_room_code, clinic_room_name,  doctor_code, doctor_name, doctor_title_code, doctor_title, doctor_spec,  doctor_sess_type_code, doctor_sess_type, service_code, service_name,  fee, reg_fee, checkup_fee, service_fee, other_fee, available_number_str,  admit_address_string, admit_time_range, note, time_range_flag, schedule_status,  available_total_num, available_left_num ) VALUES ( 'SCH_DOC_DEPT011_3_20260325_1', '2026-03-25', '3', '1', '上午', '08:00', '12:00', 'DEPT011', '心内科', 'ROOM_DEPT011_1', '心内科门诊1诊室', 'DOC_DEPT011_3', '周伟', '01', '主任医师', '心脏起搏器植入', '1', '专家门诊', 'SRV_001', '主任医师挂号费', '20.00', '20.00', '0.00', '0.00', '0.00', '4,6,8,9,10,11,12,14,15,16,20,21,22,23,24,25,27,29', '主楼6层心内科候诊区', '08:00-12:00', '请提前15分钟候诊', '0', '1', '29', '12' );
INSERT INTO doctor_schedule ( m_code, service_date, week_day, session_code, session_name, start_time, end_time,  department_code, department_name, clinic_room_code, clinic_room_name,  doctor_code, doctor_name, doctor_title_code, doctor_title, doctor_spec,  doctor_sess_type_code, doctor_sess_type, service_code, service_name,  fee, reg_fee, checkup_fee, service_fee, other_fee, available_number_str,  admit_address_string, admit_time_range, note, time_range_flag, schedule_status,  available_total_num, available_left_num ) VALUES ( 'SCH_DOC_DEPT011_3_20260326_1', '2026-03-26', '4', '1', '上午', '08:00', '12:00', 'DEPT011', '心内科', 'ROOM_DEPT011_5', '心内科门诊5诊室', 'DOC_DEPT011_3', '周伟', '01', '主任医师', '心脏起搏器植入', '1', '专家门诊', 'SRV_001', '主任医师挂号费', '50.00', '50.00', '0.00', '0.00', '0.00', '2,6,7,9,12,13,14,15,16,17,18,19,20,21,22', '主楼1层心内科候诊区', '08:00-12:00', '请提前15分钟候诊', '0', '1', '22', '21' );
INSERT INTO doctor_schedule ( m_code, service_date, week_day, session_code, session_name, start_time, end_time,  department_code, department_name, clinic_room_code, clinic_room_name,  doctor_code, doctor_name, doctor_title_code, doctor_title, doctor_spec,  doctor_sess_type_code, doctor_sess_type, service_code, service_name,  fee, reg_fee, checkup_fee, service_fee, other_fee, available_number_str,  admit_address_string, admit_time_range, note, time_range_flag, schedule_status,  available_total_num, available_left_num ) VALUES ( 'SCH_DOC_DEPT011_3_20260326_2', '2026-03-26', '4', '2', '下午', '13:30', '17:30', 'DEPT011', '心内科', 'ROOM_DEPT011_4', '心内科门诊3诊室', 'DOC_DEPT011_3', '周伟', '01', '主任医师', '心脏起搏器植入', '1', '专家门诊', 'SRV_001', '主任医师挂号费', '15.00', '15.00', '0.00', '0.00', '0.00', '2,5,7,8,9,10,11,13,15,16,21,22,23,24,25,26,27,28,29,30,31,32,33,34', '主楼5层心内科候诊区', '13:30-17:30', '请提前15分钟候诊', '0', '1', '36', '18' );
INSERT INTO doctor_schedule ( m_code, service_date, week_day, session_code, session_name, start_time, end_time,  department_code, department_name, clinic_room_code, clinic_room_name,  doctor_code, doctor_name, doctor_title_code, doctor_title, doctor_spec,  doctor_sess_type_code, doctor_sess_type, service_code, service_name,  fee, reg_fee, checkup_fee, service_fee, other_fee, available_number_str,  admit_address_string, admit_time_range, note, time_range_flag, schedule_status,  available_total_num, available_left_num ) VALUES ( 'SCH_DOC_DEPT011_3_20260327_2', '2026-03-27', '5', '2', '下午', '13:30', '17:30', 'DEPT011', '心内科', 'ROOM_DEPT011_1', '心内科门诊4诊室', 'DOC_DEPT011_3', '周伟', '01', '主任医师', '心脏起搏器植入', '1', '专家门诊', 'SRV_001', '主任医师挂号费', '15.00', '15.00', '0.00', '0.00', '0.00', '1,2,3,4,6,7,8,9,11,12,13,15,16', '主楼4层心内科候诊区', '13:30-17:30', '请提前15分钟候诊', '0', '1', '17', '14' );
INSERT INTO doctor_schedule ( m_code, service_date, week_day, session_code, session_name, start_time, end_time,  department_code, department_name, clinic_room_code, clinic_room_name,  doctor_code, doctor_name, doctor_title_code, doctor_title, doctor_spec,  doctor_sess_type_code, doctor_sess_type, service_code, service_name,  fee, reg_fee, checkup_fee, service_fee, other_fee, available_number_str,  admit_address_string, admit_time_range, note, time_range_flag, schedule_status,  available_total_num, available_left_num ) VALUES ( 'SCH_DOC_DEPT011_3_20260327_1', '2026-03-27', '5', '1', '上午', '08:00', '12:00', 'DEPT011', '心内科', 'ROOM_DEPT011_3', '心内科门诊5诊室', 'DOC_DEPT011_3', '周伟', '01', '主任医师', '心脏起搏器植入', '1', '专家门诊', 'SRV_001', '主任医师挂号费', '20.00', '20.00', '0.00', '0.00', '0.00', '2,3,4,6,7,8,9,10,11,12,13,15,16,17,18,19,22,25,26,28,29,31,32,34', '主楼2层心内科候诊区', '08:00-12:00', '请提前15分钟候诊', '0', '1', '34', '9' );
INSERT INTO doctor_schedule ( m_code, service_date, week_day, session_code, session_name, start_time, end_time,  department_code, department_name, clinic_room_code, clinic_room_name,  doctor_code, doctor_name, doctor_title_code, doctor_title, doctor_spec,  doctor_sess_type_code, doctor_sess_type, service_code, service_name,  fee, reg_fee, checkup_fee, service_fee, other_fee, available_number_str,  admit_address_string, admit_time_range, note, time_range_flag, schedule_status,  available_total_num, available_left_num ) VALUES ( 'SCH_DOC_DEPT011_3_20260329_2', '2026-03-29', '7', '2', '下午', '13:30', '17:30', 'DEPT011', '心内科', 'ROOM_DEPT011_5', '心内科门诊5诊室', 'DOC_DEPT011_3', '周伟', '01', '主任医师', '心脏起搏器植入', '1', '专家门诊', 'SRV_001', '主任医师挂号费', '50.00', '50.00', '0.00', '0.00', '0.00', '1,2,3,6,7,8,9,11,12,14,15,16,17,20,21,22', '主楼3层心内科候诊区', '13:30-17:30', '请提前15分钟候诊', '0', '1', '22', '12' );
INSERT INTO doctor (doctor_code, doctor_name, department_code, title, specialty, doctor_des, doctor_image) VALUES ('DOC_DEPT011_4', '黄洋', 'DEPT011', '副主任医师', '顽固性高血压治疗', '黄洋副主任医师，从事心内科临床工作24年，具备深厚的临床背景。他专注于顽固性高血压治疗的诊疗，已成功治愈数千例相关患者。', 'doc_DOC_DEPT011_4.png');
INSERT INTO doctor_schedule ( m_code, service_date, week_day, session_code, session_name, start_time, end_time,  department_code, department_name, clinic_room_code, clinic_room_name,  doctor_code, doctor_name, doctor_title_code, doctor_title, doctor_spec,  doctor_sess_type_code, doctor_sess_type, service_code, service_name,  fee, reg_fee, checkup_fee, service_fee, other_fee, available_number_str,  admit_address_string, admit_time_range, note, time_range_flag, schedule_status,  available_total_num, available_left_num ) VALUES ( 'SCH_DOC_DEPT011_4_20260317_2', '2026-03-17', '2', '2', '下午', '13:30', '17:30', 'DEPT011', '心内科', 'ROOM_DEPT011_1', '心内科门诊5诊室', 'DOC_DEPT011_4', '黄洋', '02', '副主任医师', '顽固性高血压治疗', '1', '专家门诊', 'SRV_001', '副主任医师挂号费', '15.00', '15.00', '0.00', '0.00', '0.00', '1,2,5,6,7,8,10,11,12,13,14,16,17,19,20,21,23,27,28,29,31,33,34', '主楼2层心内科候诊区', '13:30-17:30', '请提前15分钟候诊', '0', '1', '34', '31' );
INSERT INTO doctor_schedule ( m_code, service_date, week_day, session_code, session_name, start_time, end_time,  department_code, department_name, clinic_room_code, clinic_room_name,  doctor_code, doctor_name, doctor_title_code, doctor_title, doctor_spec,  doctor_sess_type_code, doctor_sess_type, service_code, service_name,  fee, reg_fee, checkup_fee, service_fee, other_fee, available_number_str,  admit_address_string, admit_time_range, note, time_range_flag, schedule_status,  available_total_num, available_left_num ) VALUES ( 'SCH_DOC_DEPT011_4_20260317_1', '2026-03-17', '2', '1', '上午', '08:00', '12:00', 'DEPT011', '心内科', 'ROOM_DEPT011_4', '心内科门诊1诊室', 'DOC_DEPT011_4', '黄洋', '02', '副主任医师', '顽固性高血压治疗', '1', '专家门诊', 'SRV_001', '副主任医师挂号费', '20.00', '20.00', '0.00', '0.00', '0.00', '1,2,4,6,7,9,11,12,13,16,17,18,20,22,23', '主楼6层心内科候诊区', '08:00-12:00', '请提前15分钟候诊', '0', '1', '23', '15' );
INSERT INTO doctor_schedule ( m_code, service_date, week_day, session_code, session_name, start_time, end_time,  department_code, department_name, clinic_room_code, clinic_room_name,  doctor_code, doctor_name, doctor_title_code, doctor_title, doctor_spec,  doctor_sess_type_code, doctor_sess_type, service_code, service_name,  fee, reg_fee, checkup_fee, service_fee, other_fee, available_number_str,  admit_address_string, admit_time_range, note, time_range_flag, schedule_status,  available_total_num, available_left_num ) VALUES ( 'SCH_DOC_DEPT011_4_20260318_1', '2026-03-18', '3', '1', '上午', '08:00', '12:00', 'DEPT011', '心内科', 'ROOM_DEPT011_1', '心内科门诊2诊室', 'DOC_DEPT011_4', '黄洋', '02', '副主任医师', '顽固性高血压治疗', '1', '专家门诊', 'SRV_001', '副主任医师挂号费', '15.00', '15.00', '0.00', '0.00', '0.00', '1,2,5,6,7,9,10,11,12,13,14,15,16,17,18,21,22,23', '主楼1层心内科候诊区', '08:00-12:00', '请提前15分钟候诊', '0', '1', '23', '13' );
INSERT INTO doctor_schedule ( m_code, service_date, week_day, session_code, session_name, start_time, end_time,  department_code, department_name, clinic_room_code, clinic_room_name,  doctor_code, doctor_name, doctor_title_code, doctor_title, doctor_spec,  doctor_sess_type_code, doctor_sess_type, service_code, service_name,  fee, reg_fee, checkup_fee, service_fee, other_fee, available_number_str,  admit_address_string, admit_time_range, note, time_range_flag, schedule_status,  available_total_num, available_left_num ) VALUES ( 'SCH_DOC_DEPT011_4_20260319_2', '2026-03-19', '4', '2', '下午', '13:30', '17:30', 'DEPT011', '心内科', 'ROOM_DEPT011_1', '心内科门诊5诊室', 'DOC_DEPT011_4', '黄洋', '02', '副主任医师', '顽固性高血压治疗', '1', '专家门诊', 'SRV_001', '副主任医师挂号费', '15.00', '15.00', '0.00', '0.00', '0.00', '1,2,3,4,5,6,9,10,11,12,13,15,16,17,18', '主楼6层心内科候诊区', '13:30-17:30', '请提前15分钟候诊', '0', '1', '19', '13' );
INSERT INTO doctor_schedule ( m_code, service_date, week_day, session_code, session_name, start_time, end_time,  department_code, department_name, clinic_room_code, clinic_room_name,  doctor_code, doctor_name, doctor_title_code, doctor_title, doctor_spec,  doctor_sess_type_code, doctor_sess_type, service_code, service_name,  fee, reg_fee, checkup_fee, service_fee, other_fee, available_number_str,  admit_address_string, admit_time_range, note, time_range_flag, schedule_status,  available_total_num, available_left_num ) VALUES ( 'SCH_DOC_DEPT011_4_20260319_1', '2026-03-19', '4', '1', '上午', '08:00', '12:00', 'DEPT011', '心内科', 'ROOM_DEPT011_2', '心内科门诊2诊室', 'DOC_DEPT011_4', '黄洋', '02', '副主任医师', '顽固性高血压治疗', '1', '专家门诊', 'SRV_001', '副主任医师挂号费', '15.00', '15.00', '0.00', '0.00', '0.00', '1,2,6,8,9,10,11,12,14,15,16,17,19,20,21,22,24,25,26,27,28,29,30,31,32,33,34,35,37,38', '主楼4层心内科候诊区', '08:00-12:00', '请提前15分钟候诊', '0', '1', '39', '36' );
INSERT INTO doctor_schedule ( m_code, service_date, week_day, session_code, session_name, start_time, end_time,  department_code, department_name, clinic_room_code, clinic_room_name,  doctor_code, doctor_name, doctor_title_code, doctor_title, doctor_spec,  doctor_sess_type_code, doctor_sess_type, service_code, service_name,  fee, reg_fee, checkup_fee, service_fee, other_fee, available_number_str,  admit_address_string, admit_time_range, note, time_range_flag, schedule_status,  available_total_num, available_left_num ) VALUES ( 'SCH_DOC_DEPT011_4_20260321_2', '2026-03-21', '6', '2', '下午', '13:30', '17:30', 'DEPT011', '心内科', 'ROOM_DEPT011_1', '心内科门诊2诊室', 'DOC_DEPT011_4', '黄洋', '02', '副主任医师', '顽固性高血压治疗', '1', '专家门诊', 'SRV_001', '副主任医师挂号费', '15.00', '15.00', '0.00', '0.00', '0.00', '3,4,5,6,7,8,9,11,13,14,15,17,19,20,21,23,24,26,27,28', '主楼2层心内科候诊区', '13:30-17:30', '请提前15分钟候诊', '0', '1', '29', '15' );
INSERT INTO doctor_schedule ( m_code, service_date, week_day, session_code, session_name, start_time, end_time,  department_code, department_name, clinic_room_code, clinic_room_name,  doctor_code, doctor_name, doctor_title_code, doctor_title, doctor_spec,  doctor_sess_type_code, doctor_sess_type, service_code, service_name,  fee, reg_fee, checkup_fee, service_fee, other_fee, available_number_str,  admit_address_string, admit_time_range, note, time_range_flag, schedule_status,  available_total_num, available_left_num ) VALUES ( 'SCH_DOC_DEPT011_4_20260321_1', '2026-03-21', '6', '1', '上午', '08:00', '12:00', 'DEPT011', '心内科', 'ROOM_DEPT011_4', '心内科门诊1诊室', 'DOC_DEPT011_4', '黄洋', '02', '副主任医师', '顽固性高血压治疗', '1', '专家门诊', 'SRV_001', '副主任医师挂号费', '50.00', '50.00', '0.00', '0.00', '0.00', '3,5,6,7,8,9,10,14,15,16,17,18,19,20,21,22,23,24,27,28,29', '主楼4层心内科候诊区', '08:00-12:00', '请提前15分钟候诊', '0', '1', '29', '13' );
INSERT INTO doctor_schedule ( m_code, service_date, week_day, session_code, session_name, start_time, end_time,  department_code, department_name, clinic_room_code, clinic_room_name,  doctor_code, doctor_name, doctor_title_code, doctor_title, doctor_spec,  doctor_sess_type_code, doctor_sess_type, service_code, service_name,  fee, reg_fee, checkup_fee, service_fee, other_fee, available_number_str,  admit_address_string, admit_time_range, note, time_range_flag, schedule_status,  available_total_num, available_left_num ) VALUES ( 'SCH_DOC_DEPT011_4_20260322_2', '2026-03-22', '7', '2', '下午', '13:30', '17:30', 'DEPT011', '心内科', 'ROOM_DEPT011_2', '心内科门诊3诊室', 'DOC_DEPT011_4', '黄洋', '02', '副主任医师', '顽固性高血压治疗', '1', '专家门诊', 'SRV_001', '副主任医师挂号费', '15.00', '15.00', '0.00', '0.00', '0.00', '1,4,5,7,8,9,11,12,13,16', '主楼1层心内科候诊区', '13:30-17:30', '请提前15分钟候诊', '0', '1', '16', '5' );
INSERT INTO doctor_schedule ( m_code, service_date, week_day, session_code, session_name, start_time, end_time,  department_code, department_name, clinic_room_code, clinic_room_name,  doctor_code, doctor_name, doctor_title_code, doctor_title, doctor_spec,  doctor_sess_type_code, doctor_sess_type, service_code, service_name,  fee, reg_fee, checkup_fee, service_fee, other_fee, available_number_str,  admit_address_string, admit_time_range, note, time_range_flag, schedule_status,  available_total_num, available_left_num ) VALUES ( 'SCH_DOC_DEPT011_4_20260323_2', '2026-03-23', '1', '2', '下午', '13:30', '17:30', 'DEPT011', '心内科', 'ROOM_DEPT011_1', '心内科门诊5诊室', 'DOC_DEPT011_4', '黄洋', '02', '副主任医师', '顽固性高血压治疗', '1', '专家门诊', 'SRV_001', '副主任医师挂号费', '15.00', '15.00', '0.00', '0.00', '0.00', '2,3,4,5,6,9,10,11,12,13,14', '主楼1层心内科候诊区', '13:30-17:30', '请提前15分钟候诊', '0', '1', '15', '5' );
INSERT INTO doctor_schedule ( m_code, service_date, week_day, session_code, session_name, start_time, end_time,  department_code, department_name, clinic_room_code, clinic_room_name,  doctor_code, doctor_name, doctor_title_code, doctor_title, doctor_spec,  doctor_sess_type_code, doctor_sess_type, service_code, service_name,  fee, reg_fee, checkup_fee, service_fee, other_fee, available_number_str,  admit_address_string, admit_time_range, note, time_range_flag, schedule_status,  available_total_num, available_left_num ) VALUES ( 'SCH_DOC_DEPT011_4_20260325_2', '2026-03-25', '3', '2', '下午', '13:30', '17:30', 'DEPT011', '心内科', 'ROOM_DEPT011_1', '心内科门诊4诊室', 'DOC_DEPT011_4', '黄洋', '02', '副主任医师', '顽固性高血压治疗', '1', '专家门诊', 'SRV_001', '副主任医师挂号费', '50.00', '50.00', '0.00', '0.00', '0.00', '1,2,3,4,6,7,8,10,11,13,14', '主楼5层心内科候诊区', '13:30-17:30', '请提前15分钟候诊', '0', '1', '15', '8' );
INSERT INTO doctor_schedule ( m_code, service_date, week_day, session_code, session_name, start_time, end_time,  department_code, department_name, clinic_room_code, clinic_room_name,  doctor_code, doctor_name, doctor_title_code, doctor_title, doctor_spec,  doctor_sess_type_code, doctor_sess_type, service_code, service_name,  fee, reg_fee, checkup_fee, service_fee, other_fee, available_number_str,  admit_address_string, admit_time_range, note, time_range_flag, schedule_status,  available_total_num, available_left_num ) VALUES ( 'SCH_DOC_DEPT011_4_20260325_1', '2026-03-25', '3', '1', '上午', '08:00', '12:00', 'DEPT011', '心内科', 'ROOM_DEPT011_2', '心内科门诊2诊室', 'DOC_DEPT011_4', '黄洋', '02', '副主任医师', '顽固性高血压治疗', '1', '专家门诊', 'SRV_001', '副主任医师挂号费', '15.00', '15.00', '0.00', '0.00', '0.00', '1,2,4,5,6,9,10,11,12,13,15,16', '主楼1层心内科候诊区', '08:00-12:00', '请提前15分钟候诊', '0', '1', '21', '5' );
INSERT INTO doctor_schedule ( m_code, service_date, week_day, session_code, session_name, start_time, end_time,  department_code, department_name, clinic_room_code, clinic_room_name,  doctor_code, doctor_name, doctor_title_code, doctor_title, doctor_spec,  doctor_sess_type_code, doctor_sess_type, service_code, service_name,  fee, reg_fee, checkup_fee, service_fee, other_fee, available_number_str,  admit_address_string, admit_time_range, note, time_range_flag, schedule_status,  available_total_num, available_left_num ) VALUES ( 'SCH_DOC_DEPT011_4_20260326_1', '2026-03-26', '4', '1', '上午', '08:00', '12:00', 'DEPT011', '心内科', 'ROOM_DEPT011_3', '心内科门诊1诊室', 'DOC_DEPT011_4', '黄洋', '02', '副主任医师', '顽固性高血压治疗', '1', '专家门诊', 'SRV_001', '副主任医师挂号费', '20.00', '20.00', '0.00', '0.00', '0.00', '1,2,3,4,6,8,9,10,13,17,19', '主楼1层心内科候诊区', '08:00-12:00', '请提前15分钟候诊', '0', '1', '20', '11' );
INSERT INTO doctor_schedule ( m_code, service_date, week_day, session_code, session_name, start_time, end_time,  department_code, department_name, clinic_room_code, clinic_room_name,  doctor_code, doctor_name, doctor_title_code, doctor_title, doctor_spec,  doctor_sess_type_code, doctor_sess_type, service_code, service_name,  fee, reg_fee, checkup_fee, service_fee, other_fee, available_number_str,  admit_address_string, admit_time_range, note, time_range_flag, schedule_status,  available_total_num, available_left_num ) VALUES ( 'SCH_DOC_DEPT011_4_20260327_1', '2026-03-27', '5', '1', '上午', '08:00', '12:00', 'DEPT011', '心内科', 'ROOM_DEPT011_4', '心内科门诊3诊室', 'DOC_DEPT011_4', '黄洋', '02', '副主任医师', '顽固性高血压治疗', '1', '专家门诊', 'SRV_001', '副主任医师挂号费', '20.00', '20.00', '0.00', '0.00', '0.00', '1,2,3,4,5,6,7,8,9,10,11,13,14,15,16,17,20,22,23,24,26,27,29,31,32,34,35', '主楼5层心内科候诊区', '08:00-12:00', '请提前15分钟候诊', '0', '1', '36', '17' );
INSERT INTO doctor_schedule ( m_code, service_date, week_day, session_code, session_name, start_time, end_time,  department_code, department_name, clinic_room_code, clinic_room_name,  doctor_code, doctor_name, doctor_title_code, doctor_title, doctor_spec,  doctor_sess_type_code, doctor_sess_type, service_code, service_name,  fee, reg_fee, checkup_fee, service_fee, other_fee, available_number_str,  admit_address_string, admit_time_range, note, time_range_flag, schedule_status,  available_total_num, available_left_num ) VALUES ( 'SCH_DOC_DEPT011_4_20260327_2', '2026-03-27', '5', '2', '下午', '13:30', '17:30', 'DEPT011', '心内科', 'ROOM_DEPT011_1', '心内科门诊3诊室', 'DOC_DEPT011_4', '黄洋', '02', '副主任医师', '顽固性高血压治疗', '1', '专家门诊', 'SRV_001', '副主任医师挂号费', '50.00', '50.00', '0.00', '0.00', '0.00', '1,2,4,5,7,8,10,11,14,18,19,20,21,22,23,24,25,26', '主楼3层心内科候诊区', '13:30-17:30', '请提前15分钟候诊', '0', '1', '26', '20' );
INSERT INTO doctor_schedule ( m_code, service_date, week_day, session_code, session_name, start_time, end_time,  department_code, department_name, clinic_room_code, clinic_room_name,  doctor_code, doctor_name, doctor_title_code, doctor_title, doctor_spec,  doctor_sess_type_code, doctor_sess_type, service_code, service_name,  fee, reg_fee, checkup_fee, service_fee, other_fee, available_number_str,  admit_address_string, admit_time_range, note, time_range_flag, schedule_status,  available_total_num, available_left_num ) VALUES ( 'SCH_DOC_DEPT011_4_20260328_2', '2026-03-28', '6', '2', '下午', '13:30', '17:30', 'DEPT011', '心内科', 'ROOM_DEPT011_4', '心内科门诊1诊室', 'DOC_DEPT011_4', '黄洋', '02', '副主任医师', '顽固性高血压治疗', '1', '专家门诊', 'SRV_001', '副主任医师挂号费', '20.00', '20.00', '0.00', '0.00', '0.00', '1,2,3,4,7,8,9,12,13,14,15,16,18,19,20,21,22,24,25,26,27,29,30,31,32,33,34,35', '主楼5层心内科候诊区', '13:30-17:30', '请提前15分钟候诊', '0', '1', '35', '14' );
INSERT INTO doctor_schedule ( m_code, service_date, week_day, session_code, session_name, start_time, end_time,  department_code, department_name, clinic_room_code, clinic_room_name,  doctor_code, doctor_name, doctor_title_code, doctor_title, doctor_spec,  doctor_sess_type_code, doctor_sess_type, service_code, service_name,  fee, reg_fee, checkup_fee, service_fee, other_fee, available_number_str,  admit_address_string, admit_time_range, note, time_range_flag, schedule_status,  available_total_num, available_left_num ) VALUES ( 'SCH_DOC_DEPT011_4_20260328_1', '2026-03-28', '6', '1', '上午', '08:00', '12:00', 'DEPT011', '心内科', 'ROOM_DEPT011_5', '心内科门诊2诊室', 'DOC_DEPT011_4', '黄洋', '02', '副主任医师', '顽固性高血压治疗', '1', '专家门诊', 'SRV_001', '副主任医师挂号费', '50.00', '50.00', '0.00', '0.00', '0.00', '4,5,7,9,10,11,13,16,17,18,19,21,22,23,24,25,26,27,28,29,30,31,32,33,34', '主楼6层心内科候诊区', '08:00-12:00', '请提前15分钟候诊', '0', '1', '34', '22' );
INSERT INTO doctor (doctor_code, doctor_name, department_code, title, specialty, doctor_des, doctor_image) VALUES ('DOC_DEPT011_5', '周霞', 'DEPT011', '主任医师', '结构性心脏病', '周霞主任医师，从事心内科临床工作5年，待人亲切。他专注于结构性心脏病的诊疗，已成功治愈数千例相关患者。', 'doc_DOC_DEPT011_5.png');
INSERT INTO doctor_schedule ( m_code, service_date, week_day, session_code, session_name, start_time, end_time,  department_code, department_name, clinic_room_code, clinic_room_name,  doctor_code, doctor_name, doctor_title_code, doctor_title, doctor_spec,  doctor_sess_type_code, doctor_sess_type, service_code, service_name,  fee, reg_fee, checkup_fee, service_fee, other_fee, available_number_str,  admit_address_string, admit_time_range, note, time_range_flag, schedule_status,  available_total_num, available_left_num ) VALUES ( 'SCH_DOC_DEPT011_5_20260316_1', '2026-03-16', '1', '1', '上午', '08:00', '12:00', 'DEPT011', '心内科', 'ROOM_DEPT011_1', '心内科门诊4诊室', 'DOC_DEPT011_5', '周霞', '01', '主任医师', '结构性心脏病', '1', '专家门诊', 'SRV_001', '主任医师挂号费', '15.00', '15.00', '0.00', '0.00', '0.00', '1,3,5,6,7,8,11,12,13,14,15,17,18,21,22', '主楼1层心内科候诊区', '08:00-12:00', '请提前15分钟候诊', '0', '1', '22', '10' );
INSERT INTO doctor_schedule ( m_code, service_date, week_day, session_code, session_name, start_time, end_time,  department_code, department_name, clinic_room_code, clinic_room_name,  doctor_code, doctor_name, doctor_title_code, doctor_title, doctor_spec,  doctor_sess_type_code, doctor_sess_type, service_code, service_name,  fee, reg_fee, checkup_fee, service_fee, other_fee, available_number_str,  admit_address_string, admit_time_range, note, time_range_flag, schedule_status,  available_total_num, available_left_num ) VALUES ( 'SCH_DOC_DEPT011_5_20260317_1', '2026-03-17', '2', '1', '上午', '08:00', '12:00', 'DEPT011', '心内科', 'ROOM_DEPT011_2', '心内科门诊3诊室', 'DOC_DEPT011_5', '周霞', '01', '主任医师', '结构性心脏病', '1', '专家门诊', 'SRV_001', '主任医师挂号费', '15.00', '15.00', '0.00', '0.00', '0.00', '3,7,8,9,11,12,13,14,15,16,17,18,20,21,22', '主楼6层心内科候诊区', '08:00-12:00', '请提前15分钟候诊', '0', '1', '22', '16' );
INSERT INTO doctor_schedule ( m_code, service_date, week_day, session_code, session_name, start_time, end_time,  department_code, department_name, clinic_room_code, clinic_room_name,  doctor_code, doctor_name, doctor_title_code, doctor_title, doctor_spec,  doctor_sess_type_code, doctor_sess_type, service_code, service_name,  fee, reg_fee, checkup_fee, service_fee, other_fee, available_number_str,  admit_address_string, admit_time_range, note, time_range_flag, schedule_status,  available_total_num, available_left_num ) VALUES ( 'SCH_DOC_DEPT011_5_20260317_2', '2026-03-17', '2', '2', '下午', '13:30', '17:30', 'DEPT011', '心内科', 'ROOM_DEPT011_4', '心内科门诊3诊室', 'DOC_DEPT011_5', '周霞', '01', '主任医师', '结构性心脏病', '1', '专家门诊', 'SRV_001', '主任医师挂号费', '15.00', '15.00', '0.00', '0.00', '0.00', '1,4,6,7,9,10,12,13,14,15,16,18,19', '主楼1层心内科候诊区', '13:30-17:30', '请提前15分钟候诊', '0', '1', '20', '10' );
INSERT INTO doctor_schedule ( m_code, service_date, week_day, session_code, session_name, start_time, end_time,  department_code, department_name, clinic_room_code, clinic_room_name,  doctor_code, doctor_name, doctor_title_code, doctor_title, doctor_spec,  doctor_sess_type_code, doctor_sess_type, service_code, service_name,  fee, reg_fee, checkup_fee, service_fee, other_fee, available_number_str,  admit_address_string, admit_time_range, note, time_range_flag, schedule_status,  available_total_num, available_left_num ) VALUES ( 'SCH_DOC_DEPT011_5_20260318_1', '2026-03-18', '3', '1', '上午', '08:00', '12:00', 'DEPT011', '心内科', 'ROOM_DEPT011_4', '心内科门诊3诊室', 'DOC_DEPT011_5', '周霞', '01', '主任医师', '结构性心脏病', '1', '专家门诊', 'SRV_001', '主任医师挂号费', '15.00', '15.00', '0.00', '0.00', '0.00', '1,2,3,4,5,6,7,9,10,12,13,14,15,17,18,20,21,22,23,25,26,27,28,30', '主楼3层心内科候诊区', '08:00-12:00', '请提前15分钟候诊', '0', '1', '30', '23' );
INSERT INTO doctor_schedule ( m_code, service_date, week_day, session_code, session_name, start_time, end_time,  department_code, department_name, clinic_room_code, clinic_room_name,  doctor_code, doctor_name, doctor_title_code, doctor_title, doctor_spec,  doctor_sess_type_code, doctor_sess_type, service_code, service_name,  fee, reg_fee, checkup_fee, service_fee, other_fee, available_number_str,  admit_address_string, admit_time_range, note, time_range_flag, schedule_status,  available_total_num, available_left_num ) VALUES ( 'SCH_DOC_DEPT011_5_20260318_2', '2026-03-18', '3', '2', '下午', '13:30', '17:30', 'DEPT011', '心内科', 'ROOM_DEPT011_1', '心内科门诊1诊室', 'DOC_DEPT011_5', '周霞', '01', '主任医师', '结构性心脏病', '1', '专家门诊', 'SRV_001', '主任医师挂号费', '15.00', '15.00', '0.00', '0.00', '0.00', '1,2,4,5,6,7,8,9,10,11,13,14,16,17,18,19,20,22,23,24,26,28,29,30,31,32,35,36,38', '主楼3层心内科候诊区', '13:30-17:30', '请提前15分钟候诊', '0', '1', '39', '35' );
INSERT INTO doctor_schedule ( m_code, service_date, week_day, session_code, session_name, start_time, end_time,  department_code, department_name, clinic_room_code, clinic_room_name,  doctor_code, doctor_name, doctor_title_code, doctor_title, doctor_spec,  doctor_sess_type_code, doctor_sess_type, service_code, service_name,  fee, reg_fee, checkup_fee, service_fee, other_fee, available_number_str,  admit_address_string, admit_time_range, note, time_range_flag, schedule_status,  available_total_num, available_left_num ) VALUES ( 'SCH_DOC_DEPT011_5_20260319_1', '2026-03-19', '4', '1', '上午', '08:00', '12:00', 'DEPT011', '心内科', 'ROOM_DEPT011_3', '心内科门诊1诊室', 'DOC_DEPT011_5', '周霞', '01', '主任医师', '结构性心脏病', '1', '专家门诊', 'SRV_001', '主任医师挂号费', '50.00', '50.00', '0.00', '0.00', '0.00', '1,2,3,4,5,7,8,9,13,15,16,18,19,20,21,22,25,26,27,28,29,30,31,32', '主楼6层心内科候诊区', '08:00-12:00', '请提前15分钟候诊', '0', '1', '32', '29' );
INSERT INTO doctor_schedule ( m_code, service_date, week_day, session_code, session_name, start_time, end_time,  department_code, department_name, clinic_room_code, clinic_room_name,  doctor_code, doctor_name, doctor_title_code, doctor_title, doctor_spec,  doctor_sess_type_code, doctor_sess_type, service_code, service_name,  fee, reg_fee, checkup_fee, service_fee, other_fee, available_number_str,  admit_address_string, admit_time_range, note, time_range_flag, schedule_status,  available_total_num, available_left_num ) VALUES ( 'SCH_DOC_DEPT011_5_20260320_2', '2026-03-20', '5', '2', '下午', '13:30', '17:30', 'DEPT011', '心内科', 'ROOM_DEPT011_1', '心内科门诊5诊室', 'DOC_DEPT011_5', '周霞', '01', '主任医师', '结构性心脏病', '1', '专家门诊', 'SRV_001', '主任医师挂号费', '20.00', '20.00', '0.00', '0.00', '0.00', '2,3,4,5,6,7,8,10,11,13,15,17,18,20,24,25,27,28', '主楼5层心内科候诊区', '13:30-17:30', '请提前15分钟候诊', '0', '1', '31', '19' );
INSERT INTO doctor_schedule ( m_code, service_date, week_day, session_code, session_name, start_time, end_time,  department_code, department_name, clinic_room_code, clinic_room_name,  doctor_code, doctor_name, doctor_title_code, doctor_title, doctor_spec,  doctor_sess_type_code, doctor_sess_type, service_code, service_name,  fee, reg_fee, checkup_fee, service_fee, other_fee, available_number_str,  admit_address_string, admit_time_range, note, time_range_flag, schedule_status,  available_total_num, available_left_num ) VALUES ( 'SCH_DOC_DEPT011_5_20260323_1', '2026-03-23', '1', '1', '上午', '08:00', '12:00', 'DEPT011', '心内科', 'ROOM_DEPT011_3', '心内科门诊3诊室', 'DOC_DEPT011_5', '周霞', '01', '主任医师', '结构性心脏病', '1', '专家门诊', 'SRV_001', '主任医师挂号费', '15.00', '15.00', '0.00', '0.00', '0.00', '1,3,5,6,8,9,12,13,14,15,16,17', '主楼1层心内科候诊区', '08:00-12:00', '请提前15分钟候诊', '0', '1', '17', '11' );
INSERT INTO doctor_schedule ( m_code, service_date, week_day, session_code, session_name, start_time, end_time,  department_code, department_name, clinic_room_code, clinic_room_name,  doctor_code, doctor_name, doctor_title_code, doctor_title, doctor_spec,  doctor_sess_type_code, doctor_sess_type, service_code, service_name,  fee, reg_fee, checkup_fee, service_fee, other_fee, available_number_str,  admit_address_string, admit_time_range, note, time_range_flag, schedule_status,  available_total_num, available_left_num ) VALUES ( 'SCH_DOC_DEPT011_5_20260325_1', '2026-03-25', '3', '1', '上午', '08:00', '12:00', 'DEPT011', '心内科', 'ROOM_DEPT011_5', '心内科门诊5诊室', 'DOC_DEPT011_5', '周霞', '01', '主任医师', '结构性心脏病', '1', '专家门诊', 'SRV_001', '主任医师挂号费', '50.00', '50.00', '0.00', '0.00', '0.00', '1,2,3,4,5,6,7,9,10,11,12,13,14,15,16,17,20,21,22,23,25,27', '主楼6层心内科候诊区', '08:00-12:00', '请提前15分钟候诊', '0', '1', '27', '27' );
INSERT INTO doctor_schedule ( m_code, service_date, week_day, session_code, session_name, start_time, end_time,  department_code, department_name, clinic_room_code, clinic_room_name,  doctor_code, doctor_name, doctor_title_code, doctor_title, doctor_spec,  doctor_sess_type_code, doctor_sess_type, service_code, service_name,  fee, reg_fee, checkup_fee, service_fee, other_fee, available_number_str,  admit_address_string, admit_time_range, note, time_range_flag, schedule_status,  available_total_num, available_left_num ) VALUES ( 'SCH_DOC_DEPT011_5_20260325_2', '2026-03-25', '3', '2', '下午', '13:30', '17:30', 'DEPT011', '心内科', 'ROOM_DEPT011_1', '心内科门诊3诊室', 'DOC_DEPT011_5', '周霞', '01', '主任医师', '结构性心脏病', '1', '专家门诊', 'SRV_001', '主任医师挂号费', '50.00', '50.00', '0.00', '0.00', '0.00', '4,5,7,13,17,19,21,22,23,24,25,26,27,28,29,30,31,32', '主楼4层心内科候诊区', '13:30-17:30', '请提前15分钟候诊', '0', '1', '32', '9' );
INSERT INTO doctor_schedule ( m_code, service_date, week_day, session_code, session_name, start_time, end_time,  department_code, department_name, clinic_room_code, clinic_room_name,  doctor_code, doctor_name, doctor_title_code, doctor_title, doctor_spec,  doctor_sess_type_code, doctor_sess_type, service_code, service_name,  fee, reg_fee, checkup_fee, service_fee, other_fee, available_number_str,  admit_address_string, admit_time_range, note, time_range_flag, schedule_status,  available_total_num, available_left_num ) VALUES ( 'SCH_DOC_DEPT011_5_20260326_2', '2026-03-26', '4', '2', '下午', '13:30', '17:30', 'DEPT011', '心内科', 'ROOM_DEPT011_1', '心内科门诊2诊室', 'DOC_DEPT011_5', '周霞', '01', '主任医师', '结构性心脏病', '1', '专家门诊', 'SRV_001', '主任医师挂号费', '15.00', '15.00', '0.00', '0.00', '0.00', '2,3,4,5,6,7,8,9,10,11,12,13,14,16,17,19,21,23', '主楼4层心内科候诊区', '13:30-17:30', '请提前15分钟候诊', '0', '1', '25', '21' );
INSERT INTO doctor_schedule ( m_code, service_date, week_day, session_code, session_name, start_time, end_time,  department_code, department_name, clinic_room_code, clinic_room_name,  doctor_code, doctor_name, doctor_title_code, doctor_title, doctor_spec,  doctor_sess_type_code, doctor_sess_type, service_code, service_name,  fee, reg_fee, checkup_fee, service_fee, other_fee, available_number_str,  admit_address_string, admit_time_range, note, time_range_flag, schedule_status,  available_total_num, available_left_num ) VALUES ( 'SCH_DOC_DEPT011_5_20260326_1', '2026-03-26', '4', '1', '上午', '08:00', '12:00', 'DEPT011', '心内科', 'ROOM_DEPT011_5', '心内科门诊2诊室', 'DOC_DEPT011_5', '周霞', '01', '主任医师', '结构性心脏病', '1', '专家门诊', 'SRV_001', '主任医师挂号费', '50.00', '50.00', '0.00', '0.00', '0.00', '1,2,3,4,5,6,7,8,11,13,15', '主楼4层心内科候诊区', '08:00-12:00', '请提前15分钟候诊', '0', '1', '15', '5' );
INSERT INTO doctor_schedule ( m_code, service_date, week_day, session_code, session_name, start_time, end_time,  department_code, department_name, clinic_room_code, clinic_room_name,  doctor_code, doctor_name, doctor_title_code, doctor_title, doctor_spec,  doctor_sess_type_code, doctor_sess_type, service_code, service_name,  fee, reg_fee, checkup_fee, service_fee, other_fee, available_number_str,  admit_address_string, admit_time_range, note, time_range_flag, schedule_status,  available_total_num, available_left_num ) VALUES ( 'SCH_DOC_DEPT011_5_20260327_2', '2026-03-27', '5', '2', '下午', '13:30', '17:30', 'DEPT011', '心内科', 'ROOM_DEPT011_5', '心内科门诊5诊室', 'DOC_DEPT011_5', '周霞', '01', '主任医师', '结构性心脏病', '1', '专家门诊', 'SRV_001', '主任医师挂号费', '15.00', '15.00', '0.00', '0.00', '0.00', '2,4,5,7,8,9,11,12,14,16,19,20,21,23,24,26,27,29,30', '主楼5层心内科候诊区', '13:30-17:30', '请提前15分钟候诊', '0', '1', '30', '20' );
INSERT INTO doctor_schedule ( m_code, service_date, week_day, session_code, session_name, start_time, end_time,  department_code, department_name, clinic_room_code, clinic_room_name,  doctor_code, doctor_name, doctor_title_code, doctor_title, doctor_spec,  doctor_sess_type_code, doctor_sess_type, service_code, service_name,  fee, reg_fee, checkup_fee, service_fee, other_fee, available_number_str,  admit_address_string, admit_time_range, note, time_range_flag, schedule_status,  available_total_num, available_left_num ) VALUES ( 'SCH_DOC_DEPT011_5_20260327_1', '2026-03-27', '5', '1', '上午', '08:00', '12:00', 'DEPT011', '心内科', 'ROOM_DEPT011_5', '心内科门诊3诊室', 'DOC_DEPT011_5', '周霞', '01', '主任医师', '结构性心脏病', '1', '专家门诊', 'SRV_001', '主任医师挂号费', '15.00', '15.00', '0.00', '0.00', '0.00', '2,3,6,9,10,11,16,18,19,20,21,22,27,30,32,33,34,35', '主楼3层心内科候诊区', '08:00-12:00', '请提前15分钟候诊', '0', '1', '36', '33' );
INSERT INTO doctor_schedule ( m_code, service_date, week_day, session_code, session_name, start_time, end_time,  department_code, department_name, clinic_room_code, clinic_room_name,  doctor_code, doctor_name, doctor_title_code, doctor_title, doctor_spec,  doctor_sess_type_code, doctor_sess_type, service_code, service_name,  fee, reg_fee, checkup_fee, service_fee, other_fee, available_number_str,  admit_address_string, admit_time_range, note, time_range_flag, schedule_status,  available_total_num, available_left_num ) VALUES ( 'SCH_DOC_DEPT011_5_20260328_1', '2026-03-28', '6', '1', '上午', '08:00', '12:00', 'DEPT011', '心内科', 'ROOM_DEPT011_1', '心内科门诊2诊室', 'DOC_DEPT011_5', '周霞', '01', '主任医师', '结构性心脏病', '1', '专家门诊', 'SRV_001', '主任医师挂号费', '15.00', '15.00', '0.00', '0.00', '0.00', '1,2,4,6,7,8,10,12,13,15,16,17,18,19,20,23,25,26,27,28,29,30,31,32,33,35,36,37,38,39,40', '主楼3层心内科候诊区', '08:00-12:00', '请提前15分钟候诊', '0', '1', '40', '21' );
INSERT INTO doctor_schedule ( m_code, service_date, week_day, session_code, session_name, start_time, end_time,  department_code, department_name, clinic_room_code, clinic_room_name,  doctor_code, doctor_name, doctor_title_code, doctor_title, doctor_spec,  doctor_sess_type_code, doctor_sess_type, service_code, service_name,  fee, reg_fee, checkup_fee, service_fee, other_fee, available_number_str,  admit_address_string, admit_time_range, note, time_range_flag, schedule_status,  available_total_num, available_left_num ) VALUES ( 'SCH_DOC_DEPT011_5_20260328_2', '2026-03-28', '6', '2', '下午', '13:30', '17:30', 'DEPT011', '心内科', 'ROOM_DEPT011_4', '心内科门诊2诊室', 'DOC_DEPT011_5', '周霞', '01', '主任医师', '结构性心脏病', '1', '专家门诊', 'SRV_001', '主任医师挂号费', '20.00', '20.00', '0.00', '0.00', '0.00', '1,2,3,4,5,8,9,10,12,14,15,16,18,19,21,22,23,24,25,27,29,30,31', '主楼1层心内科候诊区', '13:30-17:30', '请提前15分钟候诊', '0', '1', '31', '11' );
INSERT INTO doctor_schedule ( m_code, service_date, week_day, session_code, session_name, start_time, end_time,  department_code, department_name, clinic_room_code, clinic_room_name,  doctor_code, doctor_name, doctor_title_code, doctor_title, doctor_spec,  doctor_sess_type_code, doctor_sess_type, service_code, service_name,  fee, reg_fee, checkup_fee, service_fee, other_fee, available_number_str,  admit_address_string, admit_time_range, note, time_range_flag, schedule_status,  available_total_num, available_left_num ) VALUES ( 'SCH_DOC_DEPT011_5_20260329_1', '2026-03-29', '7', '1', '上午', '08:00', '12:00', 'DEPT011', '心内科', 'ROOM_DEPT011_4', '心内科门诊5诊室', 'DOC_DEPT011_5', '周霞', '01', '主任医师', '结构性心脏病', '1', '专家门诊', 'SRV_001', '主任医师挂号费', '20.00', '20.00', '0.00', '0.00', '0.00', '1,2,3,7,8,9,10,11,12,13,14,16,18,19,20,21,22,23,24,26,27,30,32,33,34,35,36', '主楼1层心内科候诊区', '08:00-12:00', '请提前15分钟候诊', '0', '1', '36', '18' );
INSERT INTO doctor (doctor_code, doctor_name, department_code, title, specialty, doctor_des, doctor_image) VALUES ('DOC_DEPT012_1', '张刚', 'DEPT012', '副主任医师', '消化道早期肿瘤筛查', '张刚副主任医师，从事消化内科临床工作11年，经验丰富。他长期致力于消化道早期肿瘤筛查的诊疗，已成功治愈数千例相关患者。', 'doc_DOC_DEPT012_1.png');
INSERT INTO doctor_schedule ( m_code, service_date, week_day, session_code, session_name, start_time, end_time,  department_code, department_name, clinic_room_code, clinic_room_name,  doctor_code, doctor_name, doctor_title_code, doctor_title, doctor_spec,  doctor_sess_type_code, doctor_sess_type, service_code, service_name,  fee, reg_fee, checkup_fee, service_fee, other_fee, available_number_str,  admit_address_string, admit_time_range, note, time_range_flag, schedule_status,  available_total_num, available_left_num ) VALUES ( 'SCH_DOC_DEPT012_1_20260316_1', '2026-03-16', '1', '1', '上午', '08:00', '12:00', 'DEPT012', '消化内科', 'ROOM_DEPT012_3', '消化内科门诊5诊室', 'DOC_DEPT012_1', '张刚', '02', '副主任医师', '消化道早期肿瘤筛查', '1', '专家门诊', 'SRV_001', '副主任医师挂号费', '20.00', '20.00', '0.00', '0.00', '0.00', '1,2,3,4,5,7,8,9,12,13,14,15,18,19,20,21,22,23,25,26,28', '主楼4层消化内科候诊区', '08:00-12:00', '请提前15分钟候诊', '0', '1', '28', '12' );
INSERT INTO doctor_schedule ( m_code, service_date, week_day, session_code, session_name, start_time, end_time,  department_code, department_name, clinic_room_code, clinic_room_name,  doctor_code, doctor_name, doctor_title_code, doctor_title, doctor_spec,  doctor_sess_type_code, doctor_sess_type, service_code, service_name,  fee, reg_fee, checkup_fee, service_fee, other_fee, available_number_str,  admit_address_string, admit_time_range, note, time_range_flag, schedule_status,  available_total_num, available_left_num ) VALUES ( 'SCH_DOC_DEPT012_1_20260317_1', '2026-03-17', '2', '1', '上午', '08:00', '12:00', 'DEPT012', '消化内科', 'ROOM_DEPT012_4', '消化内科门诊1诊室', 'DOC_DEPT012_1', '张刚', '02', '副主任医师', '消化道早期肿瘤筛查', '1', '专家门诊', 'SRV_001', '副主任医师挂号费', '50.00', '50.00', '0.00', '0.00', '0.00', '1,2,3,4,5,6,8,9,10,11,12,13,15,16,17,18,19,20,21,22,23,24,25,28', '主楼4层消化内科候诊区', '08:00-12:00', '请提前15分钟候诊', '0', '1', '31', '7' );
INSERT INTO doctor_schedule ( m_code, service_date, week_day, session_code, session_name, start_time, end_time,  department_code, department_name, clinic_room_code, clinic_room_name,  doctor_code, doctor_name, doctor_title_code, doctor_title, doctor_spec,  doctor_sess_type_code, doctor_sess_type, service_code, service_name,  fee, reg_fee, checkup_fee, service_fee, other_fee, available_number_str,  admit_address_string, admit_time_range, note, time_range_flag, schedule_status,  available_total_num, available_left_num ) VALUES ( 'SCH_DOC_DEPT012_1_20260318_1', '2026-03-18', '3', '1', '上午', '08:00', '12:00', 'DEPT012', '消化内科', 'ROOM_DEPT012_4', '消化内科门诊3诊室', 'DOC_DEPT012_1', '张刚', '02', '副主任医师', '消化道早期肿瘤筛查', '1', '专家门诊', 'SRV_001', '副主任医师挂号费', '15.00', '15.00', '0.00', '0.00', '0.00', '2,4,5,6,8,10,12,13,14,15,17,18,19,20,21,23,24,25,27,31', '主楼3层消化内科候诊区', '08:00-12:00', '请提前15分钟候诊', '0', '1', '31', '8' );
INSERT INTO doctor_schedule ( m_code, service_date, week_day, session_code, session_name, start_time, end_time,  department_code, department_name, clinic_room_code, clinic_room_name,  doctor_code, doctor_name, doctor_title_code, doctor_title, doctor_spec,  doctor_sess_type_code, doctor_sess_type, service_code, service_name,  fee, reg_fee, checkup_fee, service_fee, other_fee, available_number_str,  admit_address_string, admit_time_range, note, time_range_flag, schedule_status,  available_total_num, available_left_num ) VALUES ( 'SCH_DOC_DEPT012_1_20260319_1', '2026-03-19', '4', '1', '上午', '08:00', '12:00', 'DEPT012', '消化内科', 'ROOM_DEPT012_3', '消化内科门诊5诊室', 'DOC_DEPT012_1', '张刚', '02', '副主任医师', '消化道早期肿瘤筛查', '1', '专家门诊', 'SRV_001', '副主任医师挂号费', '50.00', '50.00', '0.00', '0.00', '0.00', '1,2,3,4,5,6,7,10,11,13,14,16,17,19,20,22,23,24,27,28', '主楼5层消化内科候诊区', '08:00-12:00', '请提前15分钟候诊', '0', '1', '28', '10' );
INSERT INTO doctor_schedule ( m_code, service_date, week_day, session_code, session_name, start_time, end_time,  department_code, department_name, clinic_room_code, clinic_room_name,  doctor_code, doctor_name, doctor_title_code, doctor_title, doctor_spec,  doctor_sess_type_code, doctor_sess_type, service_code, service_name,  fee, reg_fee, checkup_fee, service_fee, other_fee, available_number_str,  admit_address_string, admit_time_range, note, time_range_flag, schedule_status,  available_total_num, available_left_num ) VALUES ( 'SCH_DOC_DEPT012_1_20260319_2', '2026-03-19', '4', '2', '下午', '13:30', '17:30', 'DEPT012', '消化内科', 'ROOM_DEPT012_5', '消化内科门诊1诊室', 'DOC_DEPT012_1', '张刚', '02', '副主任医师', '消化道早期肿瘤筛查', '1', '专家门诊', 'SRV_001', '副主任医师挂号费', '50.00', '50.00', '0.00', '0.00', '0.00', '2,3,4,5,6,7,8,9,12,13,15,16,19,20,23,24,25,27,29,30,31,33,35,36', '主楼6层消化内科候诊区', '13:30-17:30', '请提前15分钟候诊', '0', '1', '36', '8' );
INSERT INTO doctor_schedule ( m_code, service_date, week_day, session_code, session_name, start_time, end_time,  department_code, department_name, clinic_room_code, clinic_room_name,  doctor_code, doctor_name, doctor_title_code, doctor_title, doctor_spec,  doctor_sess_type_code, doctor_sess_type, service_code, service_name,  fee, reg_fee, checkup_fee, service_fee, other_fee, available_number_str,  admit_address_string, admit_time_range, note, time_range_flag, schedule_status,  available_total_num, available_left_num ) VALUES ( 'SCH_DOC_DEPT012_1_20260320_2', '2026-03-20', '5', '2', '下午', '13:30', '17:30', 'DEPT012', '消化内科', 'ROOM_DEPT012_4', '消化内科门诊5诊室', 'DOC_DEPT012_1', '张刚', '02', '副主任医师', '消化道早期肿瘤筛查', '1', '专家门诊', 'SRV_001', '副主任医师挂号费', '50.00', '50.00', '0.00', '0.00', '0.00', '1,2,3,4,5,7,11,13,14,15,16,18,21,22,23,25,26,27', '主楼5层消化内科候诊区', '13:30-17:30', '请提前15分钟候诊', '0', '1', '29', '15' );
INSERT INTO doctor_schedule ( m_code, service_date, week_day, session_code, session_name, start_time, end_time,  department_code, department_name, clinic_room_code, clinic_room_name,  doctor_code, doctor_name, doctor_title_code, doctor_title, doctor_spec,  doctor_sess_type_code, doctor_sess_type, service_code, service_name,  fee, reg_fee, checkup_fee, service_fee, other_fee, available_number_str,  admit_address_string, admit_time_range, note, time_range_flag, schedule_status,  available_total_num, available_left_num ) VALUES ( 'SCH_DOC_DEPT012_1_20260321_1', '2026-03-21', '6', '1', '上午', '08:00', '12:00', 'DEPT012', '消化内科', 'ROOM_DEPT012_2', '消化内科门诊5诊室', 'DOC_DEPT012_1', '张刚', '02', '副主任医师', '消化道早期肿瘤筛查', '1', '专家门诊', 'SRV_001', '副主任医师挂号费', '15.00', '15.00', '0.00', '0.00', '0.00', '1,3,4,5,6,7,8,9,10,11,12,13,15,17,19,21,22,23,24,25,26,27,28,29,31,32', '主楼3层消化内科候诊区', '08:00-12:00', '请提前15分钟候诊', '0', '1', '32', '9' );
INSERT INTO doctor_schedule ( m_code, service_date, week_day, session_code, session_name, start_time, end_time,  department_code, department_name, clinic_room_code, clinic_room_name,  doctor_code, doctor_name, doctor_title_code, doctor_title, doctor_spec,  doctor_sess_type_code, doctor_sess_type, service_code, service_name,  fee, reg_fee, checkup_fee, service_fee, other_fee, available_number_str,  admit_address_string, admit_time_range, note, time_range_flag, schedule_status,  available_total_num, available_left_num ) VALUES ( 'SCH_DOC_DEPT012_1_20260321_2', '2026-03-21', '6', '2', '下午', '13:30', '17:30', 'DEPT012', '消化内科', 'ROOM_DEPT012_4', '消化内科门诊5诊室', 'DOC_DEPT012_1', '张刚', '02', '副主任医师', '消化道早期肿瘤筛查', '1', '专家门诊', 'SRV_001', '副主任医师挂号费', '20.00', '20.00', '0.00', '0.00', '0.00', '2,3,4,6,7,8,9,10,11,12,13,15,17,18,19,20,21,23,24,25,26,28,29,30,31,33,34,35', '主楼2层消化内科候诊区', '13:30-17:30', '请提前15分钟候诊', '0', '1', '35', '32' );
INSERT INTO doctor_schedule ( m_code, service_date, week_day, session_code, session_name, start_time, end_time,  department_code, department_name, clinic_room_code, clinic_room_name,  doctor_code, doctor_name, doctor_title_code, doctor_title, doctor_spec,  doctor_sess_type_code, doctor_sess_type, service_code, service_name,  fee, reg_fee, checkup_fee, service_fee, other_fee, available_number_str,  admit_address_string, admit_time_range, note, time_range_flag, schedule_status,  available_total_num, available_left_num ) VALUES ( 'SCH_DOC_DEPT012_1_20260325_1', '2026-03-25', '3', '1', '上午', '08:00', '12:00', 'DEPT012', '消化内科', 'ROOM_DEPT012_3', '消化内科门诊2诊室', 'DOC_DEPT012_1', '张刚', '02', '副主任医师', '消化道早期肿瘤筛查', '1', '专家门诊', 'SRV_001', '副主任医师挂号费', '50.00', '50.00', '0.00', '0.00', '0.00', '1,2,3,4,5,6,7,9,11,12,13,15,16,17,19,21,22,24,25,26,28,30,31,32,34,35,36,38', '主楼6层消化内科候诊区', '08:00-12:00', '请提前15分钟候诊', '0', '1', '38', '9' );
INSERT INTO doctor_schedule ( m_code, service_date, week_day, session_code, session_name, start_time, end_time,  department_code, department_name, clinic_room_code, clinic_room_name,  doctor_code, doctor_name, doctor_title_code, doctor_title, doctor_spec,  doctor_sess_type_code, doctor_sess_type, service_code, service_name,  fee, reg_fee, checkup_fee, service_fee, other_fee, available_number_str,  admit_address_string, admit_time_range, note, time_range_flag, schedule_status,  available_total_num, available_left_num ) VALUES ( 'SCH_DOC_DEPT012_1_20260325_2', '2026-03-25', '3', '2', '下午', '13:30', '17:30', 'DEPT012', '消化内科', 'ROOM_DEPT012_1', '消化内科门诊2诊室', 'DOC_DEPT012_1', '张刚', '02', '副主任医师', '消化道早期肿瘤筛查', '1', '专家门诊', 'SRV_001', '副主任医师挂号费', '50.00', '50.00', '0.00', '0.00', '0.00', '1,2,3,4,8,11,13,14,15,17,18,19,20,21', '主楼5层消化内科候诊区', '13:30-17:30', '请提前15分钟候诊', '0', '1', '21', '9' );
INSERT INTO doctor_schedule ( m_code, service_date, week_day, session_code, session_name, start_time, end_time,  department_code, department_name, clinic_room_code, clinic_room_name,  doctor_code, doctor_name, doctor_title_code, doctor_title, doctor_spec,  doctor_sess_type_code, doctor_sess_type, service_code, service_name,  fee, reg_fee, checkup_fee, service_fee, other_fee, available_number_str,  admit_address_string, admit_time_range, note, time_range_flag, schedule_status,  available_total_num, available_left_num ) VALUES ( 'SCH_DOC_DEPT012_1_20260326_1', '2026-03-26', '4', '1', '上午', '08:00', '12:00', 'DEPT012', '消化内科', 'ROOM_DEPT012_4', '消化内科门诊3诊室', 'DOC_DEPT012_1', '张刚', '02', '副主任医师', '消化道早期肿瘤筛查', '1', '专家门诊', 'SRV_001', '副主任医师挂号费', '50.00', '50.00', '0.00', '0.00', '0.00', '1,3,4,9,10,13,14,16,22', '主楼6层消化内科候诊区', '08:00-12:00', '请提前15分钟候诊', '0', '1', '22', '15' );
INSERT INTO doctor_schedule ( m_code, service_date, week_day, session_code, session_name, start_time, end_time,  department_code, department_name, clinic_room_code, clinic_room_name,  doctor_code, doctor_name, doctor_title_code, doctor_title, doctor_spec,  doctor_sess_type_code, doctor_sess_type, service_code, service_name,  fee, reg_fee, checkup_fee, service_fee, other_fee, available_number_str,  admit_address_string, admit_time_range, note, time_range_flag, schedule_status,  available_total_num, available_left_num ) VALUES ( 'SCH_DOC_DEPT012_1_20260327_2', '2026-03-27', '5', '2', '下午', '13:30', '17:30', 'DEPT012', '消化内科', 'ROOM_DEPT012_2', '消化内科门诊1诊室', 'DOC_DEPT012_1', '张刚', '02', '副主任医师', '消化道早期肿瘤筛查', '1', '专家门诊', 'SRV_001', '副主任医师挂号费', '50.00', '50.00', '0.00', '0.00', '0.00', '1,3,4,5,6,7,8,9,10,12,14,15,16,17,18', '主楼2层消化内科候诊区', '13:30-17:30', '请提前15分钟候诊', '0', '1', '18', '12' );
INSERT INTO doctor_schedule ( m_code, service_date, week_day, session_code, session_name, start_time, end_time,  department_code, department_name, clinic_room_code, clinic_room_name,  doctor_code, doctor_name, doctor_title_code, doctor_title, doctor_spec,  doctor_sess_type_code, doctor_sess_type, service_code, service_name,  fee, reg_fee, checkup_fee, service_fee, other_fee, available_number_str,  admit_address_string, admit_time_range, note, time_range_flag, schedule_status,  available_total_num, available_left_num ) VALUES ( 'SCH_DOC_DEPT012_1_20260327_1', '2026-03-27', '5', '1', '上午', '08:00', '12:00', 'DEPT012', '消化内科', 'ROOM_DEPT012_2', '消化内科门诊5诊室', 'DOC_DEPT012_1', '张刚', '02', '副主任医师', '消化道早期肿瘤筛查', '1', '专家门诊', 'SRV_001', '副主任医师挂号费', '50.00', '50.00', '0.00', '0.00', '0.00', '1,2,4,5,6,7,8,9,10,12,14,15,18,20', '主楼2层消化内科候诊区', '08:00-12:00', '请提前15分钟候诊', '0', '1', '22', '6' );
INSERT INTO doctor_schedule ( m_code, service_date, week_day, session_code, session_name, start_time, end_time,  department_code, department_name, clinic_room_code, clinic_room_name,  doctor_code, doctor_name, doctor_title_code, doctor_title, doctor_spec,  doctor_sess_type_code, doctor_sess_type, service_code, service_name,  fee, reg_fee, checkup_fee, service_fee, other_fee, available_number_str,  admit_address_string, admit_time_range, note, time_range_flag, schedule_status,  available_total_num, available_left_num ) VALUES ( 'SCH_DOC_DEPT012_1_20260328_2', '2026-03-28', '6', '2', '下午', '13:30', '17:30', 'DEPT012', '消化内科', 'ROOM_DEPT012_1', '消化内科门诊2诊室', 'DOC_DEPT012_1', '张刚', '02', '副主任医师', '消化道早期肿瘤筛查', '1', '专家门诊', 'SRV_001', '副主任医师挂号费', '50.00', '50.00', '0.00', '0.00', '0.00', '1,3,4,5,6,7,8,9,11,12,16,18', '主楼5层消化内科候诊区', '13:30-17:30', '请提前15分钟候诊', '0', '1', '22', '5' );
INSERT INTO doctor_schedule ( m_code, service_date, week_day, session_code, session_name, start_time, end_time,  department_code, department_name, clinic_room_code, clinic_room_name,  doctor_code, doctor_name, doctor_title_code, doctor_title, doctor_spec,  doctor_sess_type_code, doctor_sess_type, service_code, service_name,  fee, reg_fee, checkup_fee, service_fee, other_fee, available_number_str,  admit_address_string, admit_time_range, note, time_range_flag, schedule_status,  available_total_num, available_left_num ) VALUES ( 'SCH_DOC_DEPT012_1_20260329_1', '2026-03-29', '7', '1', '上午', '08:00', '12:00', 'DEPT012', '消化内科', 'ROOM_DEPT012_2', '消化内科门诊2诊室', 'DOC_DEPT012_1', '张刚', '02', '副主任医师', '消化道早期肿瘤筛查', '1', '专家门诊', 'SRV_001', '副主任医师挂号费', '15.00', '15.00', '0.00', '0.00', '0.00', '2,3,4,5,6,7,8,9,10,11,12,14,15,17,18,19,20,21,24,29,30,31,33', '主楼4层消化内科候诊区', '08:00-12:00', '请提前15分钟候诊', '0', '1', '33', '24' );
INSERT INTO doctor_schedule ( m_code, service_date, week_day, session_code, session_name, start_time, end_time,  department_code, department_name, clinic_room_code, clinic_room_name,  doctor_code, doctor_name, doctor_title_code, doctor_title, doctor_spec,  doctor_sess_type_code, doctor_sess_type, service_code, service_name,  fee, reg_fee, checkup_fee, service_fee, other_fee, available_number_str,  admit_address_string, admit_time_range, note, time_range_flag, schedule_status,  available_total_num, available_left_num ) VALUES ( 'SCH_DOC_DEPT012_1_20260329_2', '2026-03-29', '7', '2', '下午', '13:30', '17:30', 'DEPT012', '消化内科', 'ROOM_DEPT012_5', '消化内科门诊1诊室', 'DOC_DEPT012_1', '张刚', '02', '副主任医师', '消化道早期肿瘤筛查', '1', '专家门诊', 'SRV_001', '副主任医师挂号费', '50.00', '50.00', '0.00', '0.00', '0.00', '2,3,4,6,7,8,10,11,13,16,17,19,20,21', '主楼2层消化内科候诊区', '13:30-17:30', '请提前15分钟候诊', '0', '1', '25', '18' );
INSERT INTO doctor (doctor_code, doctor_name, department_code, title, specialty, doctor_des, doctor_image) VALUES ('DOC_DEPT012_2', '林涛', 'DEPT012', '主治医师', '炎症性肠病管理', '林涛主治医师，从事消化内科临床工作11年，待人亲切。他擅长炎症性肠病管理的诊疗，已成功治愈数千例相关患者。', 'doc_DOC_DEPT012_2.png');
INSERT INTO doctor_schedule ( m_code, service_date, week_day, session_code, session_name, start_time, end_time,  department_code, department_name, clinic_room_code, clinic_room_name,  doctor_code, doctor_name, doctor_title_code, doctor_title, doctor_spec,  doctor_sess_type_code, doctor_sess_type, service_code, service_name,  fee, reg_fee, checkup_fee, service_fee, other_fee, available_number_str,  admit_address_string, admit_time_range, note, time_range_flag, schedule_status,  available_total_num, available_left_num ) VALUES ( 'SCH_DOC_DEPT012_2_20260316_2', '2026-03-16', '1', '2', '下午', '13:30', '17:30', 'DEPT012', '消化内科', 'ROOM_DEPT012_2', '消化内科门诊3诊室', 'DOC_DEPT012_2', '林涛', '03', '主治医师', '炎症性肠病管理', '1', '专家门诊', 'SRV_001', '主治医师挂号费', '20.00', '20.00', '0.00', '0.00', '0.00', '1,3,5,7,8,10,11,12,13,14,17,18,20,22,23', '主楼4层消化内科候诊区', '13:30-17:30', '请提前15分钟候诊', '0', '1', '23', '6' );
INSERT INTO doctor_schedule ( m_code, service_date, week_day, session_code, session_name, start_time, end_time,  department_code, department_name, clinic_room_code, clinic_room_name,  doctor_code, doctor_name, doctor_title_code, doctor_title, doctor_spec,  doctor_sess_type_code, doctor_sess_type, service_code, service_name,  fee, reg_fee, checkup_fee, service_fee, other_fee, available_number_str,  admit_address_string, admit_time_range, note, time_range_flag, schedule_status,  available_total_num, available_left_num ) VALUES ( 'SCH_DOC_DEPT012_2_20260316_1', '2026-03-16', '1', '1', '上午', '08:00', '12:00', 'DEPT012', '消化内科', 'ROOM_DEPT012_5', '消化内科门诊3诊室', 'DOC_DEPT012_2', '林涛', '03', '主治医师', '炎症性肠病管理', '1', '专家门诊', 'SRV_001', '主治医师挂号费', '15.00', '15.00', '0.00', '0.00', '0.00', '1,3,4,7,9,11,14,15', '主楼3层消化内科候诊区', '08:00-12:00', '请提前15分钟候诊', '0', '1', '15', '6' );
INSERT INTO doctor_schedule ( m_code, service_date, week_day, session_code, session_name, start_time, end_time,  department_code, department_name, clinic_room_code, clinic_room_name,  doctor_code, doctor_name, doctor_title_code, doctor_title, doctor_spec,  doctor_sess_type_code, doctor_sess_type, service_code, service_name,  fee, reg_fee, checkup_fee, service_fee, other_fee, available_number_str,  admit_address_string, admit_time_range, note, time_range_flag, schedule_status,  available_total_num, available_left_num ) VALUES ( 'SCH_DOC_DEPT012_2_20260317_1', '2026-03-17', '2', '1', '上午', '08:00', '12:00', 'DEPT012', '消化内科', 'ROOM_DEPT012_3', '消化内科门诊2诊室', 'DOC_DEPT012_2', '林涛', '03', '主治医师', '炎症性肠病管理', '1', '专家门诊', 'SRV_001', '主治医师挂号费', '15.00', '15.00', '0.00', '0.00', '0.00', '1,2,3,4,7,8,9,11,12,17,19,20,21,22,24', '主楼5层消化内科候诊区', '08:00-12:00', '请提前15分钟候诊', '0', '1', '24', '5' );
INSERT INTO doctor_schedule ( m_code, service_date, week_day, session_code, session_name, start_time, end_time,  department_code, department_name, clinic_room_code, clinic_room_name,  doctor_code, doctor_name, doctor_title_code, doctor_title, doctor_spec,  doctor_sess_type_code, doctor_sess_type, service_code, service_name,  fee, reg_fee, checkup_fee, service_fee, other_fee, available_number_str,  admit_address_string, admit_time_range, note, time_range_flag, schedule_status,  available_total_num, available_left_num ) VALUES ( 'SCH_DOC_DEPT012_2_20260317_2', '2026-03-17', '2', '2', '下午', '13:30', '17:30', 'DEPT012', '消化内科', 'ROOM_DEPT012_2', '消化内科门诊1诊室', 'DOC_DEPT012_2', '林涛', '03', '主治医师', '炎症性肠病管理', '1', '专家门诊', 'SRV_001', '主治医师挂号费', '50.00', '50.00', '0.00', '0.00', '0.00', '2,4,5,6,8,9,10,11,13,16,17', '主楼1层消化内科候诊区', '13:30-17:30', '请提前15分钟候诊', '0', '1', '17', '6' );
INSERT INTO doctor_schedule ( m_code, service_date, week_day, session_code, session_name, start_time, end_time,  department_code, department_name, clinic_room_code, clinic_room_name,  doctor_code, doctor_name, doctor_title_code, doctor_title, doctor_spec,  doctor_sess_type_code, doctor_sess_type, service_code, service_name,  fee, reg_fee, checkup_fee, service_fee, other_fee, available_number_str,  admit_address_string, admit_time_range, note, time_range_flag, schedule_status,  available_total_num, available_left_num ) VALUES ( 'SCH_DOC_DEPT012_2_20260319_2', '2026-03-19', '4', '2', '下午', '13:30', '17:30', 'DEPT012', '消化内科', 'ROOM_DEPT012_2', '消化内科门诊4诊室', 'DOC_DEPT012_2', '林涛', '03', '主治医师', '炎症性肠病管理', '1', '专家门诊', 'SRV_001', '主治医师挂号费', '15.00', '15.00', '0.00', '0.00', '0.00', '1,2,3,4,5,6,8,9,10,11,12,13,14,17,18,19,20,21,22,23,26,27,28,29,30,31,33,34,36,37', '主楼5层消化内科候诊区', '13:30-17:30', '请提前15分钟候诊', '0', '1', '37', '20' );
INSERT INTO doctor_schedule ( m_code, service_date, week_day, session_code, session_name, start_time, end_time,  department_code, department_name, clinic_room_code, clinic_room_name,  doctor_code, doctor_name, doctor_title_code, doctor_title, doctor_spec,  doctor_sess_type_code, doctor_sess_type, service_code, service_name,  fee, reg_fee, checkup_fee, service_fee, other_fee, available_number_str,  admit_address_string, admit_time_range, note, time_range_flag, schedule_status,  available_total_num, available_left_num ) VALUES ( 'SCH_DOC_DEPT012_2_20260320_1', '2026-03-20', '5', '1', '上午', '08:00', '12:00', 'DEPT012', '消化内科', 'ROOM_DEPT012_4', '消化内科门诊4诊室', 'DOC_DEPT012_2', '林涛', '03', '主治医师', '炎症性肠病管理', '1', '专家门诊', 'SRV_001', '主治医师挂号费', '20.00', '20.00', '0.00', '0.00', '0.00', '1,2,4,7,8,10,12,14,15,16,19,20,22,23,24,25,26,28,29,30,31,33,34', '主楼6层消化内科候诊区', '08:00-12:00', '请提前15分钟候诊', '0', '1', '36', '20' );
INSERT INTO doctor_schedule ( m_code, service_date, week_day, session_code, session_name, start_time, end_time,  department_code, department_name, clinic_room_code, clinic_room_name,  doctor_code, doctor_name, doctor_title_code, doctor_title, doctor_spec,  doctor_sess_type_code, doctor_sess_type, service_code, service_name,  fee, reg_fee, checkup_fee, service_fee, other_fee, available_number_str,  admit_address_string, admit_time_range, note, time_range_flag, schedule_status,  available_total_num, available_left_num ) VALUES ( 'SCH_DOC_DEPT012_2_20260320_2', '2026-03-20', '5', '2', '下午', '13:30', '17:30', 'DEPT012', '消化内科', 'ROOM_DEPT012_5', '消化内科门诊1诊室', 'DOC_DEPT012_2', '林涛', '03', '主治医师', '炎症性肠病管理', '1', '专家门诊', 'SRV_001', '主治医师挂号费', '20.00', '20.00', '0.00', '0.00', '0.00', '5,6,7,10,11,12,13,14,15,17,18,20,21,22,24,27', '主楼4层消化内科候诊区', '13:30-17:30', '请提前15分钟候诊', '0', '1', '27', '27' );
INSERT INTO doctor_schedule ( m_code, service_date, week_day, session_code, session_name, start_time, end_time,  department_code, department_name, clinic_room_code, clinic_room_name,  doctor_code, doctor_name, doctor_title_code, doctor_title, doctor_spec,  doctor_sess_type_code, doctor_sess_type, service_code, service_name,  fee, reg_fee, checkup_fee, service_fee, other_fee, available_number_str,  admit_address_string, admit_time_range, note, time_range_flag, schedule_status,  available_total_num, available_left_num ) VALUES ( 'SCH_DOC_DEPT012_2_20260322_2', '2026-03-22', '7', '2', '下午', '13:30', '17:30', 'DEPT012', '消化内科', 'ROOM_DEPT012_3', '消化内科门诊4诊室', 'DOC_DEPT012_2', '林涛', '03', '主治医师', '炎症性肠病管理', '1', '专家门诊', 'SRV_001', '主治医师挂号费', '50.00', '50.00', '0.00', '0.00', '0.00', '3,4,5,6,7,8,9,10,11,12,13,14,15,19', '主楼1层消化内科候诊区', '13:30-17:30', '请提前15分钟候诊', '0', '1', '19', '6' );
INSERT INTO doctor_schedule ( m_code, service_date, week_day, session_code, session_name, start_time, end_time,  department_code, department_name, clinic_room_code, clinic_room_name,  doctor_code, doctor_name, doctor_title_code, doctor_title, doctor_spec,  doctor_sess_type_code, doctor_sess_type, service_code, service_name,  fee, reg_fee, checkup_fee, service_fee, other_fee, available_number_str,  admit_address_string, admit_time_range, note, time_range_flag, schedule_status,  available_total_num, available_left_num ) VALUES ( 'SCH_DOC_DEPT012_2_20260324_1', '2026-03-24', '2', '1', '上午', '08:00', '12:00', 'DEPT012', '消化内科', 'ROOM_DEPT012_4', '消化内科门诊5诊室', 'DOC_DEPT012_2', '林涛', '03', '主治医师', '炎症性肠病管理', '1', '专家门诊', 'SRV_001', '主治医师挂号费', '15.00', '15.00', '0.00', '0.00', '0.00', '1,2,4,5,6,7,8,9,12,14,15,16,17,19,20,21,23,25', '主楼2层消化内科候诊区', '08:00-12:00', '请提前15分钟候诊', '0', '1', '25', '21' );
INSERT INTO doctor_schedule ( m_code, service_date, week_day, session_code, session_name, start_time, end_time,  department_code, department_name, clinic_room_code, clinic_room_name,  doctor_code, doctor_name, doctor_title_code, doctor_title, doctor_spec,  doctor_sess_type_code, doctor_sess_type, service_code, service_name,  fee, reg_fee, checkup_fee, service_fee, other_fee, available_number_str,  admit_address_string, admit_time_range, note, time_range_flag, schedule_status,  available_total_num, available_left_num ) VALUES ( 'SCH_DOC_DEPT012_2_20260325_1', '2026-03-25', '3', '1', '上午', '08:00', '12:00', 'DEPT012', '消化内科', 'ROOM_DEPT012_5', '消化内科门诊4诊室', 'DOC_DEPT012_2', '林涛', '03', '主治医师', '炎症性肠病管理', '1', '专家门诊', 'SRV_001', '主治医师挂号费', '20.00', '20.00', '0.00', '0.00', '0.00', '1,2,3,4,5,6,8,11,13,14,16,17,18,19,20,21,23,24,26,27,28,29,31,32,34,35,36,37', '主楼4层消化内科候诊区', '08:00-12:00', '请提前15分钟候诊', '0', '1', '37', '19' );
INSERT INTO doctor_schedule ( m_code, service_date, week_day, session_code, session_name, start_time, end_time,  department_code, department_name, clinic_room_code, clinic_room_name,  doctor_code, doctor_name, doctor_title_code, doctor_title, doctor_spec,  doctor_sess_type_code, doctor_sess_type, service_code, service_name,  fee, reg_fee, checkup_fee, service_fee, other_fee, available_number_str,  admit_address_string, admit_time_range, note, time_range_flag, schedule_status,  available_total_num, available_left_num ) VALUES ( 'SCH_DOC_DEPT012_2_20260325_2', '2026-03-25', '3', '2', '下午', '13:30', '17:30', 'DEPT012', '消化内科', 'ROOM_DEPT012_3', '消化内科门诊4诊室', 'DOC_DEPT012_2', '林涛', '03', '主治医师', '炎症性肠病管理', '1', '专家门诊', 'SRV_001', '主治医师挂号费', '15.00', '15.00', '0.00', '0.00', '0.00', '2,3,4,5,6,7,8,9,11,12,13,14,15,17,18', '主楼4层消化内科候诊区', '13:30-17:30', '请提前15分钟候诊', '0', '1', '18', '6' );
INSERT INTO doctor_schedule ( m_code, service_date, week_day, session_code, session_name, start_time, end_time,  department_code, department_name, clinic_room_code, clinic_room_name,  doctor_code, doctor_name, doctor_title_code, doctor_title, doctor_spec,  doctor_sess_type_code, doctor_sess_type, service_code, service_name,  fee, reg_fee, checkup_fee, service_fee, other_fee, available_number_str,  admit_address_string, admit_time_range, note, time_range_flag, schedule_status,  available_total_num, available_left_num ) VALUES ( 'SCH_DOC_DEPT012_2_20260326_2', '2026-03-26', '4', '2', '下午', '13:30', '17:30', 'DEPT012', '消化内科', 'ROOM_DEPT012_3', '消化内科门诊1诊室', 'DOC_DEPT012_2', '林涛', '03', '主治医师', '炎症性肠病管理', '1', '专家门诊', 'SRV_001', '主治医师挂号费', '50.00', '50.00', '0.00', '0.00', '0.00', '2,4,5,6,7,8,9,10,11,12,13,15,16,20,21,23,24,25,26,27,28,29,30,31,33', '主楼4层消化内科候诊区', '13:30-17:30', '请提前15分钟候诊', '0', '1', '33', '32' );
INSERT INTO doctor_schedule ( m_code, service_date, week_day, session_code, session_name, start_time, end_time,  department_code, department_name, clinic_room_code, clinic_room_name,  doctor_code, doctor_name, doctor_title_code, doctor_title, doctor_spec,  doctor_sess_type_code, doctor_sess_type, service_code, service_name,  fee, reg_fee, checkup_fee, service_fee, other_fee, available_number_str,  admit_address_string, admit_time_range, note, time_range_flag, schedule_status,  available_total_num, available_left_num ) VALUES ( 'SCH_DOC_DEPT012_2_20260326_1', '2026-03-26', '4', '1', '上午', '08:00', '12:00', 'DEPT012', '消化内科', 'ROOM_DEPT012_5', '消化内科门诊2诊室', 'DOC_DEPT012_2', '林涛', '03', '主治医师', '炎症性肠病管理', '1', '专家门诊', 'SRV_001', '主治医师挂号费', '15.00', '15.00', '0.00', '0.00', '0.00', '1,2,3,4,6,7,8,9,11,13,14,15,16,17,18,20,22,23,24,26,27,28,29,30,32,34,35', '主楼6层消化内科候诊区', '08:00-12:00', '请提前15分钟候诊', '0', '1', '35', '12' );
INSERT INTO doctor_schedule ( m_code, service_date, week_day, session_code, session_name, start_time, end_time,  department_code, department_name, clinic_room_code, clinic_room_name,  doctor_code, doctor_name, doctor_title_code, doctor_title, doctor_spec,  doctor_sess_type_code, doctor_sess_type, service_code, service_name,  fee, reg_fee, checkup_fee, service_fee, other_fee, available_number_str,  admit_address_string, admit_time_range, note, time_range_flag, schedule_status,  available_total_num, available_left_num ) VALUES ( 'SCH_DOC_DEPT012_2_20260327_2', '2026-03-27', '5', '2', '下午', '13:30', '17:30', 'DEPT012', '消化内科', 'ROOM_DEPT012_2', '消化内科门诊4诊室', 'DOC_DEPT012_2', '林涛', '03', '主治医师', '炎症性肠病管理', '1', '专家门诊', 'SRV_001', '主治医师挂号费', '15.00', '15.00', '0.00', '0.00', '0.00', '3,5,6,7,8,10,12,13,14,16,17,18,19,20', '主楼2层消化内科候诊区', '13:30-17:30', '请提前15分钟候诊', '0', '1', '21', '12' );
INSERT INTO doctor_schedule ( m_code, service_date, week_day, session_code, session_name, start_time, end_time,  department_code, department_name, clinic_room_code, clinic_room_name,  doctor_code, doctor_name, doctor_title_code, doctor_title, doctor_spec,  doctor_sess_type_code, doctor_sess_type, service_code, service_name,  fee, reg_fee, checkup_fee, service_fee, other_fee, available_number_str,  admit_address_string, admit_time_range, note, time_range_flag, schedule_status,  available_total_num, available_left_num ) VALUES ( 'SCH_DOC_DEPT012_2_20260329_1', '2026-03-29', '7', '1', '上午', '08:00', '12:00', 'DEPT012', '消化内科', 'ROOM_DEPT012_4', '消化内科门诊1诊室', 'DOC_DEPT012_2', '林涛', '03', '主治医师', '炎症性肠病管理', '1', '专家门诊', 'SRV_001', '主治医师挂号费', '15.00', '15.00', '0.00', '0.00', '0.00', '1,2,3,4,5,6,7,11,12,13,14,15,16,18,19,21,22,23', '主楼2层消化内科候诊区', '08:00-12:00', '请提前15分钟候诊', '0', '1', '24', '24' );
INSERT INTO doctor_schedule ( m_code, service_date, week_day, session_code, session_name, start_time, end_time,  department_code, department_name, clinic_room_code, clinic_room_name,  doctor_code, doctor_name, doctor_title_code, doctor_title, doctor_spec,  doctor_sess_type_code, doctor_sess_type, service_code, service_name,  fee, reg_fee, checkup_fee, service_fee, other_fee, available_number_str,  admit_address_string, admit_time_range, note, time_range_flag, schedule_status,  available_total_num, available_left_num ) VALUES ( 'SCH_DOC_DEPT012_2_20260329_2', '2026-03-29', '7', '2', '下午', '13:30', '17:30', 'DEPT012', '消化内科', 'ROOM_DEPT012_4', '消化内科门诊3诊室', 'DOC_DEPT012_2', '林涛', '03', '主治医师', '炎症性肠病管理', '1', '专家门诊', 'SRV_001', '主治医师挂号费', '20.00', '20.00', '0.00', '0.00', '0.00', '1,2,3,4,5,6,7,8,10,11,12,15,16,17,18,19,20,21', '主楼2层消化内科候诊区', '13:30-17:30', '请提前15分钟候诊', '0', '1', '21', '6' );
INSERT INTO doctor (doctor_code, doctor_name, department_code, title, specialty, doctor_des, doctor_image) VALUES ('DOC_DEPT012_3', '周芳', 'DEPT012', '主治医师', '肝硬化失代偿期救治', '周芳主治医师，从事消化内科临床工作15年，医术精湛。他专注于肝硬化失代偿期救治的诊疗，已成功治愈数千例相关患者。', 'doc_DOC_DEPT012_3.png');
INSERT INTO doctor_schedule ( m_code, service_date, week_day, session_code, session_name, start_time, end_time,  department_code, department_name, clinic_room_code, clinic_room_name,  doctor_code, doctor_name, doctor_title_code, doctor_title, doctor_spec,  doctor_sess_type_code, doctor_sess_type, service_code, service_name,  fee, reg_fee, checkup_fee, service_fee, other_fee, available_number_str,  admit_address_string, admit_time_range, note, time_range_flag, schedule_status,  available_total_num, available_left_num ) VALUES ( 'SCH_DOC_DEPT012_3_20260317_1', '2026-03-17', '2', '1', '上午', '08:00', '12:00', 'DEPT012', '消化内科', 'ROOM_DEPT012_3', '消化内科门诊5诊室', 'DOC_DEPT012_3', '周芳', '03', '主治医师', '肝硬化失代偿期救治', '1', '专家门诊', 'SRV_001', '主治医师挂号费', '50.00', '50.00', '0.00', '0.00', '0.00', '2,4,5,6,7,8,10,11,12,14,15,16,17,18,19,20,21', '主楼1层消化内科候诊区', '08:00-12:00', '请提前15分钟候诊', '0', '1', '21', '13' );
INSERT INTO doctor_schedule ( m_code, service_date, week_day, session_code, session_name, start_time, end_time,  department_code, department_name, clinic_room_code, clinic_room_name,  doctor_code, doctor_name, doctor_title_code, doctor_title, doctor_spec,  doctor_sess_type_code, doctor_sess_type, service_code, service_name,  fee, reg_fee, checkup_fee, service_fee, other_fee, available_number_str,  admit_address_string, admit_time_range, note, time_range_flag, schedule_status,  available_total_num, available_left_num ) VALUES ( 'SCH_DOC_DEPT012_3_20260317_2', '2026-03-17', '2', '2', '下午', '13:30', '17:30', 'DEPT012', '消化内科', 'ROOM_DEPT012_1', '消化内科门诊2诊室', 'DOC_DEPT012_3', '周芳', '03', '主治医师', '肝硬化失代偿期救治', '1', '专家门诊', 'SRV_001', '主治医师挂号费', '50.00', '50.00', '0.00', '0.00', '0.00', '3,4,5,6,8,9,11,12,14,15,17,18,19,21,23,25,26,27,28,29,30,33,35,36,37,38,39', '主楼3层消化内科候诊区', '13:30-17:30', '请提前15分钟候诊', '0', '1', '39', '36' );
INSERT INTO doctor_schedule ( m_code, service_date, week_day, session_code, session_name, start_time, end_time,  department_code, department_name, clinic_room_code, clinic_room_name,  doctor_code, doctor_name, doctor_title_code, doctor_title, doctor_spec,  doctor_sess_type_code, doctor_sess_type, service_code, service_name,  fee, reg_fee, checkup_fee, service_fee, other_fee, available_number_str,  admit_address_string, admit_time_range, note, time_range_flag, schedule_status,  available_total_num, available_left_num ) VALUES ( 'SCH_DOC_DEPT012_3_20260318_2', '2026-03-18', '3', '2', '下午', '13:30', '17:30', 'DEPT012', '消化内科', 'ROOM_DEPT012_2', '消化内科门诊1诊室', 'DOC_DEPT012_3', '周芳', '03', '主治医师', '肝硬化失代偿期救治', '1', '专家门诊', 'SRV_001', '主治医师挂号费', '20.00', '20.00', '0.00', '0.00', '0.00', '1,2,3,4,5,9,11,14,18,19,20,21', '主楼2层消化内科候诊区', '13:30-17:30', '请提前15分钟候诊', '0', '1', '21', '18' );
INSERT INTO doctor_schedule ( m_code, service_date, week_day, session_code, session_name, start_time, end_time,  department_code, department_name, clinic_room_code, clinic_room_name,  doctor_code, doctor_name, doctor_title_code, doctor_title, doctor_spec,  doctor_sess_type_code, doctor_sess_type, service_code, service_name,  fee, reg_fee, checkup_fee, service_fee, other_fee, available_number_str,  admit_address_string, admit_time_range, note, time_range_flag, schedule_status,  available_total_num, available_left_num ) VALUES ( 'SCH_DOC_DEPT012_3_20260318_1', '2026-03-18', '3', '1', '上午', '08:00', '12:00', 'DEPT012', '消化内科', 'ROOM_DEPT012_2', '消化内科门诊1诊室', 'DOC_DEPT012_3', '周芳', '03', '主治医师', '肝硬化失代偿期救治', '1', '专家门诊', 'SRV_001', '主治医师挂号费', '50.00', '50.00', '0.00', '0.00', '0.00', '1,2,3,6,8,10,11,12,13,14,16,17,19', '主楼5层消化内科候诊区', '08:00-12:00', '请提前15分钟候诊', '0', '1', '20', '7' );
INSERT INTO doctor_schedule ( m_code, service_date, week_day, session_code, session_name, start_time, end_time,  department_code, department_name, clinic_room_code, clinic_room_name,  doctor_code, doctor_name, doctor_title_code, doctor_title, doctor_spec,  doctor_sess_type_code, doctor_sess_type, service_code, service_name,  fee, reg_fee, checkup_fee, service_fee, other_fee, available_number_str,  admit_address_string, admit_time_range, note, time_range_flag, schedule_status,  available_total_num, available_left_num ) VALUES ( 'SCH_DOC_DEPT012_3_20260319_2', '2026-03-19', '4', '2', '下午', '13:30', '17:30', 'DEPT012', '消化内科', 'ROOM_DEPT012_4', '消化内科门诊3诊室', 'DOC_DEPT012_3', '周芳', '03', '主治医师', '肝硬化失代偿期救治', '1', '专家门诊', 'SRV_001', '主治医师挂号费', '50.00', '50.00', '0.00', '0.00', '0.00', '1,2,3,4,5,7,8,10,12,13,15,17', '主楼6层消化内科候诊区', '13:30-17:30', '请提前15分钟候诊', '0', '1', '17', '15' );
INSERT INTO doctor_schedule ( m_code, service_date, week_day, session_code, session_name, start_time, end_time,  department_code, department_name, clinic_room_code, clinic_room_name,  doctor_code, doctor_name, doctor_title_code, doctor_title, doctor_spec,  doctor_sess_type_code, doctor_sess_type, service_code, service_name,  fee, reg_fee, checkup_fee, service_fee, other_fee, available_number_str,  admit_address_string, admit_time_range, note, time_range_flag, schedule_status,  available_total_num, available_left_num ) VALUES ( 'SCH_DOC_DEPT012_3_20260320_1', '2026-03-20', '5', '1', '上午', '08:00', '12:00', 'DEPT012', '消化内科', 'ROOM_DEPT012_1', '消化内科门诊4诊室', 'DOC_DEPT012_3', '周芳', '03', '主治医师', '肝硬化失代偿期救治', '1', '专家门诊', 'SRV_001', '主治医师挂号费', '20.00', '20.00', '0.00', '0.00', '0.00', '2,4,6,7,8,9,10,15,17,18,22,24,25,26', '主楼5层消化内科候诊区', '08:00-12:00', '请提前15分钟候诊', '0', '1', '26', '10' );
INSERT INTO doctor_schedule ( m_code, service_date, week_day, session_code, session_name, start_time, end_time,  department_code, department_name, clinic_room_code, clinic_room_name,  doctor_code, doctor_name, doctor_title_code, doctor_title, doctor_spec,  doctor_sess_type_code, doctor_sess_type, service_code, service_name,  fee, reg_fee, checkup_fee, service_fee, other_fee, available_number_str,  admit_address_string, admit_time_range, note, time_range_flag, schedule_status,  available_total_num, available_left_num ) VALUES ( 'SCH_DOC_DEPT012_3_20260321_2', '2026-03-21', '6', '2', '下午', '13:30', '17:30', 'DEPT012', '消化内科', 'ROOM_DEPT012_3', '消化内科门诊1诊室', 'DOC_DEPT012_3', '周芳', '03', '主治医师', '肝硬化失代偿期救治', '1', '专家门诊', 'SRV_001', '主治医师挂号费', '50.00', '50.00', '0.00', '0.00', '0.00', '2,3,4,6,7,9,12,13,14,15,16,18,19,20,21,22,23,24,25,26', '主楼6层消化内科候诊区', '13:30-17:30', '请提前15分钟候诊', '0', '1', '26', '9' );
INSERT INTO doctor_schedule ( m_code, service_date, week_day, session_code, session_name, start_time, end_time,  department_code, department_name, clinic_room_code, clinic_room_name,  doctor_code, doctor_name, doctor_title_code, doctor_title, doctor_spec,  doctor_sess_type_code, doctor_sess_type, service_code, service_name,  fee, reg_fee, checkup_fee, service_fee, other_fee, available_number_str,  admit_address_string, admit_time_range, note, time_range_flag, schedule_status,  available_total_num, available_left_num ) VALUES ( 'SCH_DOC_DEPT012_3_20260321_1', '2026-03-21', '6', '1', '上午', '08:00', '12:00', 'DEPT012', '消化内科', 'ROOM_DEPT012_3', '消化内科门诊1诊室', 'DOC_DEPT012_3', '周芳', '03', '主治医师', '肝硬化失代偿期救治', '1', '专家门诊', 'SRV_001', '主治医师挂号费', '20.00', '20.00', '0.00', '0.00', '0.00', '1,3,4,5,7,10,12,13,16,17,19,20,21,22,24,26,27,28', '主楼3层消化内科候诊区', '08:00-12:00', '请提前15分钟候诊', '0', '1', '28', '11' );
INSERT INTO doctor_schedule ( m_code, service_date, week_day, session_code, session_name, start_time, end_time,  department_code, department_name, clinic_room_code, clinic_room_name,  doctor_code, doctor_name, doctor_title_code, doctor_title, doctor_spec,  doctor_sess_type_code, doctor_sess_type, service_code, service_name,  fee, reg_fee, checkup_fee, service_fee, other_fee, available_number_str,  admit_address_string, admit_time_range, note, time_range_flag, schedule_status,  available_total_num, available_left_num ) VALUES ( 'SCH_DOC_DEPT012_3_20260322_1', '2026-03-22', '7', '1', '上午', '08:00', '12:00', 'DEPT012', '消化内科', 'ROOM_DEPT012_4', '消化内科门诊2诊室', 'DOC_DEPT012_3', '周芳', '03', '主治医师', '肝硬化失代偿期救治', '1', '专家门诊', 'SRV_001', '主治医师挂号费', '15.00', '15.00', '0.00', '0.00', '0.00', '2,3,4,5,6,7,8,9,11,14,15,16,19,20', '主楼5层消化内科候诊区', '08:00-12:00', '请提前15分钟候诊', '0', '1', '21', '10' );
INSERT INTO doctor_schedule ( m_code, service_date, week_day, session_code, session_name, start_time, end_time,  department_code, department_name, clinic_room_code, clinic_room_name,  doctor_code, doctor_name, doctor_title_code, doctor_title, doctor_spec,  doctor_sess_type_code, doctor_sess_type, service_code, service_name,  fee, reg_fee, checkup_fee, service_fee, other_fee, available_number_str,  admit_address_string, admit_time_range, note, time_range_flag, schedule_status,  available_total_num, available_left_num ) VALUES ( 'SCH_DOC_DEPT012_3_20260322_2', '2026-03-22', '7', '2', '下午', '13:30', '17:30', 'DEPT012', '消化内科', 'ROOM_DEPT012_2', '消化内科门诊2诊室', 'DOC_DEPT012_3', '周芳', '03', '主治医师', '肝硬化失代偿期救治', '1', '专家门诊', 'SRV_001', '主治医师挂号费', '50.00', '50.00', '0.00', '0.00', '0.00', '1,2,3,4,5,7,9,11,12,14,17,19,22,23,24', '主楼5层消化内科候诊区', '13:30-17:30', '请提前15分钟候诊', '0', '1', '24', '8' );
INSERT INTO doctor_schedule ( m_code, service_date, week_day, session_code, session_name, start_time, end_time,  department_code, department_name, clinic_room_code, clinic_room_name,  doctor_code, doctor_name, doctor_title_code, doctor_title, doctor_spec,  doctor_sess_type_code, doctor_sess_type, service_code, service_name,  fee, reg_fee, checkup_fee, service_fee, other_fee, available_number_str,  admit_address_string, admit_time_range, note, time_range_flag, schedule_status,  available_total_num, available_left_num ) VALUES ( 'SCH_DOC_DEPT012_3_20260323_2', '2026-03-23', '1', '2', '下午', '13:30', '17:30', 'DEPT012', '消化内科', 'ROOM_DEPT012_2', '消化内科门诊5诊室', 'DOC_DEPT012_3', '周芳', '03', '主治医师', '肝硬化失代偿期救治', '1', '专家门诊', 'SRV_001', '主治医师挂号费', '50.00', '50.00', '0.00', '0.00', '0.00', '4,5,6,8,9,11,13,14,17,18,19,20,22,23,24,25,26,29,30,32,34', '主楼4层消化内科候诊区', '13:30-17:30', '请提前15分钟候诊', '0', '1', '34', '32' );
INSERT INTO doctor_schedule ( m_code, service_date, week_day, session_code, session_name, start_time, end_time,  department_code, department_name, clinic_room_code, clinic_room_name,  doctor_code, doctor_name, doctor_title_code, doctor_title, doctor_spec,  doctor_sess_type_code, doctor_sess_type, service_code, service_name,  fee, reg_fee, checkup_fee, service_fee, other_fee, available_number_str,  admit_address_string, admit_time_range, note, time_range_flag, schedule_status,  available_total_num, available_left_num ) VALUES ( 'SCH_DOC_DEPT012_3_20260325_2', '2026-03-25', '3', '2', '下午', '13:30', '17:30', 'DEPT012', '消化内科', 'ROOM_DEPT012_1', '消化内科门诊3诊室', 'DOC_DEPT012_3', '周芳', '03', '主治医师', '肝硬化失代偿期救治', '1', '专家门诊', 'SRV_001', '主治医师挂号费', '15.00', '15.00', '0.00', '0.00', '0.00', '3,4,5,7,8,9,11,12,13,14,15,16,17,18,19,20,21,22', '主楼2层消化内科候诊区', '13:30-17:30', '请提前15分钟候诊', '0', '1', '22', '8' );
INSERT INTO doctor_schedule ( m_code, service_date, week_day, session_code, session_name, start_time, end_time,  department_code, department_name, clinic_room_code, clinic_room_name,  doctor_code, doctor_name, doctor_title_code, doctor_title, doctor_spec,  doctor_sess_type_code, doctor_sess_type, service_code, service_name,  fee, reg_fee, checkup_fee, service_fee, other_fee, available_number_str,  admit_address_string, admit_time_range, note, time_range_flag, schedule_status,  available_total_num, available_left_num ) VALUES ( 'SCH_DOC_DEPT012_3_20260326_2', '2026-03-26', '4', '2', '下午', '13:30', '17:30', 'DEPT012', '消化内科', 'ROOM_DEPT012_3', '消化内科门诊1诊室', 'DOC_DEPT012_3', '周芳', '03', '主治医师', '肝硬化失代偿期救治', '1', '专家门诊', 'SRV_001', '主治医师挂号费', '20.00', '20.00', '0.00', '0.00', '0.00', '1,2,3,4,5,6,7,8,10,11,12,15,16,17,19,24,25,26,27', '主楼1层消化内科候诊区', '13:30-17:30', '请提前15分钟候诊', '0', '1', '27', '23' );
INSERT INTO doctor_schedule ( m_code, service_date, week_day, session_code, session_name, start_time, end_time,  department_code, department_name, clinic_room_code, clinic_room_name,  doctor_code, doctor_name, doctor_title_code, doctor_title, doctor_spec,  doctor_sess_type_code, doctor_sess_type, service_code, service_name,  fee, reg_fee, checkup_fee, service_fee, other_fee, available_number_str,  admit_address_string, admit_time_range, note, time_range_flag, schedule_status,  available_total_num, available_left_num ) VALUES ( 'SCH_DOC_DEPT012_3_20260327_2', '2026-03-27', '5', '2', '下午', '13:30', '17:30', 'DEPT012', '消化内科', 'ROOM_DEPT012_3', '消化内科门诊2诊室', 'DOC_DEPT012_3', '周芳', '03', '主治医师', '肝硬化失代偿期救治', '1', '专家门诊', 'SRV_001', '主治医师挂号费', '50.00', '50.00', '0.00', '0.00', '0.00', '1,2,3,4,5,6,7,8,9,10,11,13,16,18,20,21,24,25,26,27,28,31,32,34,35,36,37', '主楼6层消化内科候诊区', '13:30-17:30', '请提前15分钟候诊', '0', '1', '37', '36' );
INSERT INTO doctor_schedule ( m_code, service_date, week_day, session_code, session_name, start_time, end_time,  department_code, department_name, clinic_room_code, clinic_room_name,  doctor_code, doctor_name, doctor_title_code, doctor_title, doctor_spec,  doctor_sess_type_code, doctor_sess_type, service_code, service_name,  fee, reg_fee, checkup_fee, service_fee, other_fee, available_number_str,  admit_address_string, admit_time_range, note, time_range_flag, schedule_status,  available_total_num, available_left_num ) VALUES ( 'SCH_DOC_DEPT012_3_20260328_2', '2026-03-28', '6', '2', '下午', '13:30', '17:30', 'DEPT012', '消化内科', 'ROOM_DEPT012_4', '消化内科门诊2诊室', 'DOC_DEPT012_3', '周芳', '03', '主治医师', '肝硬化失代偿期救治', '1', '专家门诊', 'SRV_001', '主治医师挂号费', '50.00', '50.00', '0.00', '0.00', '0.00', '2,3,4,5,6,8,10,11,12,13,14,15,16,17,18,20,21,22,23,24,25,26,27,28,29,30,31,34,35', '主楼4层消化内科候诊区', '13:30-17:30', '请提前15分钟候诊', '0', '1', '35', '27' );
INSERT INTO doctor_schedule ( m_code, service_date, week_day, session_code, session_name, start_time, end_time,  department_code, department_name, clinic_room_code, clinic_room_name,  doctor_code, doctor_name, doctor_title_code, doctor_title, doctor_spec,  doctor_sess_type_code, doctor_sess_type, service_code, service_name,  fee, reg_fee, checkup_fee, service_fee, other_fee, available_number_str,  admit_address_string, admit_time_range, note, time_range_flag, schedule_status,  available_total_num, available_left_num ) VALUES ( 'SCH_DOC_DEPT012_3_20260329_2', '2026-03-29', '7', '2', '下午', '13:30', '17:30', 'DEPT012', '消化内科', 'ROOM_DEPT012_5', '消化内科门诊3诊室', 'DOC_DEPT012_3', '周芳', '03', '主治医师', '肝硬化失代偿期救治', '1', '专家门诊', 'SRV_001', '主治医师挂号费', '50.00', '50.00', '0.00', '0.00', '0.00', '1,2,3,4,5,7,8,9,12,13,15,16,17,19,20,22,23,24,25,29,30,32,34,35,36,39', '主楼6层消化内科候诊区', '13:30-17:30', '请提前15分钟候诊', '0', '1', '39', '27' );
INSERT INTO doctor (doctor_code, doctor_name, department_code, title, specialty, doctor_des, doctor_image) VALUES ('DOC_DEPT012_4', '王磊', 'DEPT012', '副主任医师', '幽门螺杆菌根除', '王磊副主任医师，从事消化内科临床工作5年，待人亲切。他擅长幽门螺杆菌根除的诊疗，已成功治愈数千例相关患者。', 'doc_DOC_DEPT012_4.png');
INSERT INTO doctor_schedule ( m_code, service_date, week_day, session_code, session_name, start_time, end_time,  department_code, department_name, clinic_room_code, clinic_room_name,  doctor_code, doctor_name, doctor_title_code, doctor_title, doctor_spec,  doctor_sess_type_code, doctor_sess_type, service_code, service_name,  fee, reg_fee, checkup_fee, service_fee, other_fee, available_number_str,  admit_address_string, admit_time_range, note, time_range_flag, schedule_status,  available_total_num, available_left_num ) VALUES ( 'SCH_DOC_DEPT012_4_20260316_2', '2026-03-16', '1', '2', '下午', '13:30', '17:30', 'DEPT012', '消化内科', 'ROOM_DEPT012_3', '消化内科门诊2诊室', 'DOC_DEPT012_4', '王磊', '02', '副主任医师', '幽门螺杆菌根除', '1', '专家门诊', 'SRV_001', '副主任医师挂号费', '15.00', '15.00', '0.00', '0.00', '0.00', '1,2,4,7,10,11,12,14,16,17,19,21,22,23,24,25,27,28,29,30,32,34,35,36,37,38', '主楼5层消化内科候诊区', '13:30-17:30', '请提前15分钟候诊', '0', '1', '38', '20' );
INSERT INTO doctor_schedule ( m_code, service_date, week_day, session_code, session_name, start_time, end_time,  department_code, department_name, clinic_room_code, clinic_room_name,  doctor_code, doctor_name, doctor_title_code, doctor_title, doctor_spec,  doctor_sess_type_code, doctor_sess_type, service_code, service_name,  fee, reg_fee, checkup_fee, service_fee, other_fee, available_number_str,  admit_address_string, admit_time_range, note, time_range_flag, schedule_status,  available_total_num, available_left_num ) VALUES ( 'SCH_DOC_DEPT012_4_20260317_2', '2026-03-17', '2', '2', '下午', '13:30', '17:30', 'DEPT012', '消化内科', 'ROOM_DEPT012_2', '消化内科门诊2诊室', 'DOC_DEPT012_4', '王磊', '02', '副主任医师', '幽门螺杆菌根除', '1', '专家门诊', 'SRV_001', '副主任医师挂号费', '50.00', '50.00', '0.00', '0.00', '0.00', '1,2,3,4,5,6,8,10,12,14,15,16,17,18,19,20,21,22,23,24,25,26,27,30,31,33,34,35,36,37', '主楼3层消化内科候诊区', '13:30-17:30', '请提前15分钟候诊', '0', '1', '37', '13' );
INSERT INTO doctor_schedule ( m_code, service_date, week_day, session_code, session_name, start_time, end_time,  department_code, department_name, clinic_room_code, clinic_room_name,  doctor_code, doctor_name, doctor_title_code, doctor_title, doctor_spec,  doctor_sess_type_code, doctor_sess_type, service_code, service_name,  fee, reg_fee, checkup_fee, service_fee, other_fee, available_number_str,  admit_address_string, admit_time_range, note, time_range_flag, schedule_status,  available_total_num, available_left_num ) VALUES ( 'SCH_DOC_DEPT012_4_20260317_1', '2026-03-17', '2', '1', '上午', '08:00', '12:00', 'DEPT012', '消化内科', 'ROOM_DEPT012_4', '消化内科门诊3诊室', 'DOC_DEPT012_4', '王磊', '02', '副主任医师', '幽门螺杆菌根除', '1', '专家门诊', 'SRV_001', '副主任医师挂号费', '20.00', '20.00', '0.00', '0.00', '0.00', '2,3,5,6,10,11,12,14,15,16,17,19,20,21,22,23,24,25,26', '主楼2层消化内科候诊区', '08:00-12:00', '请提前15分钟候诊', '0', '1', '26', '9' );
INSERT INTO doctor_schedule ( m_code, service_date, week_day, session_code, session_name, start_time, end_time,  department_code, department_name, clinic_room_code, clinic_room_name,  doctor_code, doctor_name, doctor_title_code, doctor_title, doctor_spec,  doctor_sess_type_code, doctor_sess_type, service_code, service_name,  fee, reg_fee, checkup_fee, service_fee, other_fee, available_number_str,  admit_address_string, admit_time_range, note, time_range_flag, schedule_status,  available_total_num, available_left_num ) VALUES ( 'SCH_DOC_DEPT012_4_20260318_2', '2026-03-18', '3', '2', '下午', '13:30', '17:30', 'DEPT012', '消化内科', 'ROOM_DEPT012_1', '消化内科门诊2诊室', 'DOC_DEPT012_4', '王磊', '02', '副主任医师', '幽门螺杆菌根除', '1', '专家门诊', 'SRV_001', '副主任医师挂号费', '20.00', '20.00', '0.00', '0.00', '0.00', '1,2,5,6,7,10,11,12,16,17,19,20,21,22,23,24,25,26,27,29', '主楼2层消化内科候诊区', '13:30-17:30', '请提前15分钟候诊', '0', '1', '29', '27' );
INSERT INTO doctor_schedule ( m_code, service_date, week_day, session_code, session_name, start_time, end_time,  department_code, department_name, clinic_room_code, clinic_room_name,  doctor_code, doctor_name, doctor_title_code, doctor_title, doctor_spec,  doctor_sess_type_code, doctor_sess_type, service_code, service_name,  fee, reg_fee, checkup_fee, service_fee, other_fee, available_number_str,  admit_address_string, admit_time_range, note, time_range_flag, schedule_status,  available_total_num, available_left_num ) VALUES ( 'SCH_DOC_DEPT012_4_20260318_1', '2026-03-18', '3', '1', '上午', '08:00', '12:00', 'DEPT012', '消化内科', 'ROOM_DEPT012_5', '消化内科门诊2诊室', 'DOC_DEPT012_4', '王磊', '02', '副主任医师', '幽门螺杆菌根除', '1', '专家门诊', 'SRV_001', '副主任医师挂号费', '15.00', '15.00', '0.00', '0.00', '0.00', '1,3,4,6,7,10,11,12,13,14,15,17', '主楼4层消化内科候诊区', '08:00-12:00', '请提前15分钟候诊', '0', '1', '17', '16' );
INSERT INTO doctor_schedule ( m_code, service_date, week_day, session_code, session_name, start_time, end_time,  department_code, department_name, clinic_room_code, clinic_room_name,  doctor_code, doctor_name, doctor_title_code, doctor_title, doctor_spec,  doctor_sess_type_code, doctor_sess_type, service_code, service_name,  fee, reg_fee, checkup_fee, service_fee, other_fee, available_number_str,  admit_address_string, admit_time_range, note, time_range_flag, schedule_status,  available_total_num, available_left_num ) VALUES ( 'SCH_DOC_DEPT012_4_20260319_1', '2026-03-19', '4', '1', '上午', '08:00', '12:00', 'DEPT012', '消化内科', 'ROOM_DEPT012_2', '消化内科门诊1诊室', 'DOC_DEPT012_4', '王磊', '02', '副主任医师', '幽门螺杆菌根除', '1', '专家门诊', 'SRV_001', '副主任医师挂号费', '50.00', '50.00', '0.00', '0.00', '0.00', '1,3,4,5,7,9,12,14,15,16,17,19', '主楼4层消化内科候诊区', '08:00-12:00', '请提前15分钟候诊', '0', '1', '22', '9' );
INSERT INTO doctor_schedule ( m_code, service_date, week_day, session_code, session_name, start_time, end_time,  department_code, department_name, clinic_room_code, clinic_room_name,  doctor_code, doctor_name, doctor_title_code, doctor_title, doctor_spec,  doctor_sess_type_code, doctor_sess_type, service_code, service_name,  fee, reg_fee, checkup_fee, service_fee, other_fee, available_number_str,  admit_address_string, admit_time_range, note, time_range_flag, schedule_status,  available_total_num, available_left_num ) VALUES ( 'SCH_DOC_DEPT012_4_20260319_2', '2026-03-19', '4', '2', '下午', '13:30', '17:30', 'DEPT012', '消化内科', 'ROOM_DEPT012_3', '消化内科门诊1诊室', 'DOC_DEPT012_4', '王磊', '02', '副主任医师', '幽门螺杆菌根除', '1', '专家门诊', 'SRV_001', '副主任医师挂号费', '20.00', '20.00', '0.00', '0.00', '0.00', '2,4,6,7,10,11,12,13,16,17,18,19,20,22,23,24', '主楼4层消化内科候诊区', '13:30-17:30', '请提前15分钟候诊', '0', '1', '24', '24' );
INSERT INTO doctor_schedule ( m_code, service_date, week_day, session_code, session_name, start_time, end_time,  department_code, department_name, clinic_room_code, clinic_room_name,  doctor_code, doctor_name, doctor_title_code, doctor_title, doctor_spec,  doctor_sess_type_code, doctor_sess_type, service_code, service_name,  fee, reg_fee, checkup_fee, service_fee, other_fee, available_number_str,  admit_address_string, admit_time_range, note, time_range_flag, schedule_status,  available_total_num, available_left_num ) VALUES ( 'SCH_DOC_DEPT012_4_20260320_2', '2026-03-20', '5', '2', '下午', '13:30', '17:30', 'DEPT012', '消化内科', 'ROOM_DEPT012_1', '消化内科门诊3诊室', 'DOC_DEPT012_4', '王磊', '02', '副主任医师', '幽门螺杆菌根除', '1', '专家门诊', 'SRV_001', '副主任医师挂号费', '20.00', '20.00', '0.00', '0.00', '0.00', '1,3,5,6,7,8,9,12,13,14,15,16,17', '主楼2层消化内科候诊区', '13:30-17:30', '请提前15分钟候诊', '0', '1', '20', '20' );
INSERT INTO doctor_schedule ( m_code, service_date, week_day, session_code, session_name, start_time, end_time,  department_code, department_name, clinic_room_code, clinic_room_name,  doctor_code, doctor_name, doctor_title_code, doctor_title, doctor_spec,  doctor_sess_type_code, doctor_sess_type, service_code, service_name,  fee, reg_fee, checkup_fee, service_fee, other_fee, available_number_str,  admit_address_string, admit_time_range, note, time_range_flag, schedule_status,  available_total_num, available_left_num ) VALUES ( 'SCH_DOC_DEPT012_4_20260320_1', '2026-03-20', '5', '1', '上午', '08:00', '12:00', 'DEPT012', '消化内科', 'ROOM_DEPT012_4', '消化内科门诊5诊室', 'DOC_DEPT012_4', '王磊', '02', '副主任医师', '幽门螺杆菌根除', '1', '专家门诊', 'SRV_001', '副主任医师挂号费', '20.00', '20.00', '0.00', '0.00', '0.00', '1,2,3,4,5,7,8,13,14,17,20,21,25', '主楼4层消化内科候诊区', '08:00-12:00', '请提前15分钟候诊', '0', '1', '25', '14' );
INSERT INTO doctor_schedule ( m_code, service_date, week_day, session_code, session_name, start_time, end_time,  department_code, department_name, clinic_room_code, clinic_room_name,  doctor_code, doctor_name, doctor_title_code, doctor_title, doctor_spec,  doctor_sess_type_code, doctor_sess_type, service_code, service_name,  fee, reg_fee, checkup_fee, service_fee, other_fee, available_number_str,  admit_address_string, admit_time_range, note, time_range_flag, schedule_status,  available_total_num, available_left_num ) VALUES ( 'SCH_DOC_DEPT012_4_20260321_1', '2026-03-21', '6', '1', '上午', '08:00', '12:00', 'DEPT012', '消化内科', 'ROOM_DEPT012_1', '消化内科门诊4诊室', 'DOC_DEPT012_4', '王磊', '02', '副主任医师', '幽门螺杆菌根除', '1', '专家门诊', 'SRV_001', '副主任医师挂号费', '15.00', '15.00', '0.00', '0.00', '0.00', '1,3,4,6,7,8,9,10,11,14,15,16,17', '主楼2层消化内科候诊区', '08:00-12:00', '请提前15分钟候诊', '0', '1', '17', '17' );
INSERT INTO doctor_schedule ( m_code, service_date, week_day, session_code, session_name, start_time, end_time,  department_code, department_name, clinic_room_code, clinic_room_name,  doctor_code, doctor_name, doctor_title_code, doctor_title, doctor_spec,  doctor_sess_type_code, doctor_sess_type, service_code, service_name,  fee, reg_fee, checkup_fee, service_fee, other_fee, available_number_str,  admit_address_string, admit_time_range, note, time_range_flag, schedule_status,  available_total_num, available_left_num ) VALUES ( 'SCH_DOC_DEPT012_4_20260321_2', '2026-03-21', '6', '2', '下午', '13:30', '17:30', 'DEPT012', '消化内科', 'ROOM_DEPT012_2', '消化内科门诊2诊室', 'DOC_DEPT012_4', '王磊', '02', '副主任医师', '幽门螺杆菌根除', '1', '专家门诊', 'SRV_001', '副主任医师挂号费', '20.00', '20.00', '0.00', '0.00', '0.00', '4,8,9,10,13,14,15,16,18,19,20,21,22,23,25,26,27,28', '主楼2层消化内科候诊区', '13:30-17:30', '请提前15分钟候诊', '0', '1', '29', '13' );
INSERT INTO doctor_schedule ( m_code, service_date, week_day, session_code, session_name, start_time, end_time,  department_code, department_name, clinic_room_code, clinic_room_name,  doctor_code, doctor_name, doctor_title_code, doctor_title, doctor_spec,  doctor_sess_type_code, doctor_sess_type, service_code, service_name,  fee, reg_fee, checkup_fee, service_fee, other_fee, available_number_str,  admit_address_string, admit_time_range, note, time_range_flag, schedule_status,  available_total_num, available_left_num ) VALUES ( 'SCH_DOC_DEPT012_4_20260322_2', '2026-03-22', '7', '2', '下午', '13:30', '17:30', 'DEPT012', '消化内科', 'ROOM_DEPT012_4', '消化内科门诊3诊室', 'DOC_DEPT012_4', '王磊', '02', '副主任医师', '幽门螺杆菌根除', '1', '专家门诊', 'SRV_001', '副主任医师挂号费', '50.00', '50.00', '0.00', '0.00', '0.00', '2,3,4,5,7,11,14,15,16,17,18,19,21,22,23,26,27', '主楼4层消化内科候诊区', '13:30-17:30', '请提前15分钟候诊', '0', '1', '27', '10' );
INSERT INTO doctor_schedule ( m_code, service_date, week_day, session_code, session_name, start_time, end_time,  department_code, department_name, clinic_room_code, clinic_room_name,  doctor_code, doctor_name, doctor_title_code, doctor_title, doctor_spec,  doctor_sess_type_code, doctor_sess_type, service_code, service_name,  fee, reg_fee, checkup_fee, service_fee, other_fee, available_number_str,  admit_address_string, admit_time_range, note, time_range_flag, schedule_status,  available_total_num, available_left_num ) VALUES ( 'SCH_DOC_DEPT012_4_20260322_1', '2026-03-22', '7', '1', '上午', '08:00', '12:00', 'DEPT012', '消化内科', 'ROOM_DEPT012_1', '消化内科门诊4诊室', 'DOC_DEPT012_4', '王磊', '02', '副主任医师', '幽门螺杆菌根除', '1', '专家门诊', 'SRV_001', '副主任医师挂号费', '15.00', '15.00', '0.00', '0.00', '0.00', '1,2,3,4,5,6,7,9,10,11,12,13,14,15,16,17', '主楼1层消化内科候诊区', '08:00-12:00', '请提前15分钟候诊', '0', '1', '17', '8' );
INSERT INTO doctor_schedule ( m_code, service_date, week_day, session_code, session_name, start_time, end_time,  department_code, department_name, clinic_room_code, clinic_room_name,  doctor_code, doctor_name, doctor_title_code, doctor_title, doctor_spec,  doctor_sess_type_code, doctor_sess_type, service_code, service_name,  fee, reg_fee, checkup_fee, service_fee, other_fee, available_number_str,  admit_address_string, admit_time_range, note, time_range_flag, schedule_status,  available_total_num, available_left_num ) VALUES ( 'SCH_DOC_DEPT012_4_20260324_2', '2026-03-24', '2', '2', '下午', '13:30', '17:30', 'DEPT012', '消化内科', 'ROOM_DEPT012_1', '消化内科门诊5诊室', 'DOC_DEPT012_4', '王磊', '02', '副主任医师', '幽门螺杆菌根除', '1', '专家门诊', 'SRV_001', '副主任医师挂号费', '15.00', '15.00', '0.00', '0.00', '0.00', '1,3,4,5,6,7,9,11,12,14,15,17', '主楼3层消化内科候诊区', '13:30-17:30', '请提前15分钟候诊', '0', '1', '17', '8' );
INSERT INTO doctor_schedule ( m_code, service_date, week_day, session_code, session_name, start_time, end_time,  department_code, department_name, clinic_room_code, clinic_room_name,  doctor_code, doctor_name, doctor_title_code, doctor_title, doctor_spec,  doctor_sess_type_code, doctor_sess_type, service_code, service_name,  fee, reg_fee, checkup_fee, service_fee, other_fee, available_number_str,  admit_address_string, admit_time_range, note, time_range_flag, schedule_status,  available_total_num, available_left_num ) VALUES ( 'SCH_DOC_DEPT012_4_20260325_2', '2026-03-25', '3', '2', '下午', '13:30', '17:30', 'DEPT012', '消化内科', 'ROOM_DEPT012_3', '消化内科门诊4诊室', 'DOC_DEPT012_4', '王磊', '02', '副主任医师', '幽门螺杆菌根除', '1', '专家门诊', 'SRV_001', '副主任医师挂号费', '15.00', '15.00', '0.00', '0.00', '0.00', '1,3,6,7,8,9,10,11,14,15,16,17,19,21,23,24,25,27,28,29', '主楼3层消化内科候诊区', '13:30-17:30', '请提前15分钟候诊', '0', '1', '29', '6' );
INSERT INTO doctor_schedule ( m_code, service_date, week_day, session_code, session_name, start_time, end_time,  department_code, department_name, clinic_room_code, clinic_room_name,  doctor_code, doctor_name, doctor_title_code, doctor_title, doctor_spec,  doctor_sess_type_code, doctor_sess_type, service_code, service_name,  fee, reg_fee, checkup_fee, service_fee, other_fee, available_number_str,  admit_address_string, admit_time_range, note, time_range_flag, schedule_status,  available_total_num, available_left_num ) VALUES ( 'SCH_DOC_DEPT012_4_20260327_1', '2026-03-27', '5', '1', '上午', '08:00', '12:00', 'DEPT012', '消化内科', 'ROOM_DEPT012_3', '消化内科门诊3诊室', 'DOC_DEPT012_4', '王磊', '02', '副主任医师', '幽门螺杆菌根除', '1', '专家门诊', 'SRV_001', '副主任医师挂号费', '50.00', '50.00', '0.00', '0.00', '0.00', '1,2,3,5,6,7,8,10,11,13,14,15', '主楼6层消化内科候诊区', '08:00-12:00', '请提前15分钟候诊', '0', '1', '17', '6' );
INSERT INTO doctor_schedule ( m_code, service_date, week_day, session_code, session_name, start_time, end_time,  department_code, department_name, clinic_room_code, clinic_room_name,  doctor_code, doctor_name, doctor_title_code, doctor_title, doctor_spec,  doctor_sess_type_code, doctor_sess_type, service_code, service_name,  fee, reg_fee, checkup_fee, service_fee, other_fee, available_number_str,  admit_address_string, admit_time_range, note, time_range_flag, schedule_status,  available_total_num, available_left_num ) VALUES ( 'SCH_DOC_DEPT012_4_20260327_2', '2026-03-27', '5', '2', '下午', '13:30', '17:30', 'DEPT012', '消化内科', 'ROOM_DEPT012_4', '消化内科门诊3诊室', 'DOC_DEPT012_4', '王磊', '02', '副主任医师', '幽门螺杆菌根除', '1', '专家门诊', 'SRV_001', '副主任医师挂号费', '20.00', '20.00', '0.00', '0.00', '0.00', '2,4,7,8,11,12,13,14,15,16,22,23,24,26,27,28', '主楼4层消化内科候诊区', '13:30-17:30', '请提前15分钟候诊', '0', '1', '28', '16' );
INSERT INTO doctor_schedule ( m_code, service_date, week_day, session_code, session_name, start_time, end_time,  department_code, department_name, clinic_room_code, clinic_room_name,  doctor_code, doctor_name, doctor_title_code, doctor_title, doctor_spec,  doctor_sess_type_code, doctor_sess_type, service_code, service_name,  fee, reg_fee, checkup_fee, service_fee, other_fee, available_number_str,  admit_address_string, admit_time_range, note, time_range_flag, schedule_status,  available_total_num, available_left_num ) VALUES ( 'SCH_DOC_DEPT012_4_20260328_1', '2026-03-28', '6', '1', '上午', '08:00', '12:00', 'DEPT012', '消化内科', 'ROOM_DEPT012_3', '消化内科门诊2诊室', 'DOC_DEPT012_4', '王磊', '02', '副主任医师', '幽门螺杆菌根除', '1', '专家门诊', 'SRV_001', '副主任医师挂号费', '20.00', '20.00', '0.00', '0.00', '0.00', '1,2,4,8,14,15,16,17,18,19,20,21,22,24,25,27,28,29,30,31,36', '主楼3层消化内科候诊区', '08:00-12:00', '请提前15分钟候诊', '0', '1', '36', '19' );
INSERT INTO doctor_schedule ( m_code, service_date, week_day, session_code, session_name, start_time, end_time,  department_code, department_name, clinic_room_code, clinic_room_name,  doctor_code, doctor_name, doctor_title_code, doctor_title, doctor_spec,  doctor_sess_type_code, doctor_sess_type, service_code, service_name,  fee, reg_fee, checkup_fee, service_fee, other_fee, available_number_str,  admit_address_string, admit_time_range, note, time_range_flag, schedule_status,  available_total_num, available_left_num ) VALUES ( 'SCH_DOC_DEPT012_4_20260328_2', '2026-03-28', '6', '2', '下午', '13:30', '17:30', 'DEPT012', '消化内科', 'ROOM_DEPT012_1', '消化内科门诊1诊室', 'DOC_DEPT012_4', '王磊', '02', '副主任医师', '幽门螺杆菌根除', '1', '专家门诊', 'SRV_001', '副主任医师挂号费', '15.00', '15.00', '0.00', '0.00', '0.00', '1,2,4,6,7,8,9,11,12,13,14,16,17,19,20,21,23,24,25,26,27,28,29', '主楼5层消化内科候诊区', '13:30-17:30', '请提前15分钟候诊', '0', '1', '29', '9' );
INSERT INTO doctor (doctor_code, doctor_name, department_code, title, specialty, doctor_des, doctor_image) VALUES ('DOC_DEPT012_5', '周超', 'DEPT012', '主任医师', '胃肠镜微创手术', '周超主任医师，从事消化内科临床工作8年，经验丰富。她擅长胃肠镜微创手术的诊疗，已成功治愈数千例相关患者。', 'doc_DOC_DEPT012_5.png');
INSERT INTO doctor_schedule ( m_code, service_date, week_day, session_code, session_name, start_time, end_time,  department_code, department_name, clinic_room_code, clinic_room_name,  doctor_code, doctor_name, doctor_title_code, doctor_title, doctor_spec,  doctor_sess_type_code, doctor_sess_type, service_code, service_name,  fee, reg_fee, checkup_fee, service_fee, other_fee, available_number_str,  admit_address_string, admit_time_range, note, time_range_flag, schedule_status,  available_total_num, available_left_num ) VALUES ( 'SCH_DOC_DEPT012_5_20260316_2', '2026-03-16', '1', '2', '下午', '13:30', '17:30', 'DEPT012', '消化内科', 'ROOM_DEPT012_5', '消化内科门诊1诊室', 'DOC_DEPT012_5', '周超', '01', '主任医师', '胃肠镜微创手术', '1', '专家门诊', 'SRV_001', '主任医师挂号费', '20.00', '20.00', '0.00', '0.00', '0.00', '1,2,3,5,8,10,11,12,13,14,16,18,19,21,22,23,24,25,26,28,29,30,31,32', '主楼2层消化内科候诊区', '13:30-17:30', '请提前15分钟候诊', '0', '1', '32', '13' );
INSERT INTO doctor_schedule ( m_code, service_date, week_day, session_code, session_name, start_time, end_time,  department_code, department_name, clinic_room_code, clinic_room_name,  doctor_code, doctor_name, doctor_title_code, doctor_title, doctor_spec,  doctor_sess_type_code, doctor_sess_type, service_code, service_name,  fee, reg_fee, checkup_fee, service_fee, other_fee, available_number_str,  admit_address_string, admit_time_range, note, time_range_flag, schedule_status,  available_total_num, available_left_num ) VALUES ( 'SCH_DOC_DEPT012_5_20260316_1', '2026-03-16', '1', '1', '上午', '08:00', '12:00', 'DEPT012', '消化内科', 'ROOM_DEPT012_2', '消化内科门诊1诊室', 'DOC_DEPT012_5', '周超', '01', '主任医师', '胃肠镜微创手术', '1', '专家门诊', 'SRV_001', '主任医师挂号费', '20.00', '20.00', '0.00', '0.00', '0.00', '1,2,4,6,7,8,9,10,11,12,13,15,16,18,19,20,21,22', '主楼3层消化内科候诊区', '08:00-12:00', '请提前15分钟候诊', '0', '1', '22', '10' );
INSERT INTO doctor_schedule ( m_code, service_date, week_day, session_code, session_name, start_time, end_time,  department_code, department_name, clinic_room_code, clinic_room_name,  doctor_code, doctor_name, doctor_title_code, doctor_title, doctor_spec,  doctor_sess_type_code, doctor_sess_type, service_code, service_name,  fee, reg_fee, checkup_fee, service_fee, other_fee, available_number_str,  admit_address_string, admit_time_range, note, time_range_flag, schedule_status,  available_total_num, available_left_num ) VALUES ( 'SCH_DOC_DEPT012_5_20260317_2', '2026-03-17', '2', '2', '下午', '13:30', '17:30', 'DEPT012', '消化内科', 'ROOM_DEPT012_1', '消化内科门诊4诊室', 'DOC_DEPT012_5', '周超', '01', '主任医师', '胃肠镜微创手术', '1', '专家门诊', 'SRV_001', '主任医师挂号费', '50.00', '50.00', '0.00', '0.00', '0.00', '1,2,4,5,6,8,9,10,11,12,13,15,17,18,20,21,22,23,26,28,29', '主楼4层消化内科候诊区', '13:30-17:30', '请提前15分钟候诊', '0', '1', '29', '22' );
INSERT INTO doctor_schedule ( m_code, service_date, week_day, session_code, session_name, start_time, end_time,  department_code, department_name, clinic_room_code, clinic_room_name,  doctor_code, doctor_name, doctor_title_code, doctor_title, doctor_spec,  doctor_sess_type_code, doctor_sess_type, service_code, service_name,  fee, reg_fee, checkup_fee, service_fee, other_fee, available_number_str,  admit_address_string, admit_time_range, note, time_range_flag, schedule_status,  available_total_num, available_left_num ) VALUES ( 'SCH_DOC_DEPT012_5_20260317_1', '2026-03-17', '2', '1', '上午', '08:00', '12:00', 'DEPT012', '消化内科', 'ROOM_DEPT012_1', '消化内科门诊3诊室', 'DOC_DEPT012_5', '周超', '01', '主任医师', '胃肠镜微创手术', '1', '专家门诊', 'SRV_001', '主任医师挂号费', '15.00', '15.00', '0.00', '0.00', '0.00', '2,4,7,8,9,10,12,13,15,16,17', '主楼2层消化内科候诊区', '08:00-12:00', '请提前15分钟候诊', '0', '1', '20', '11' );
INSERT INTO doctor_schedule ( m_code, service_date, week_day, session_code, session_name, start_time, end_time,  department_code, department_name, clinic_room_code, clinic_room_name,  doctor_code, doctor_name, doctor_title_code, doctor_title, doctor_spec,  doctor_sess_type_code, doctor_sess_type, service_code, service_name,  fee, reg_fee, checkup_fee, service_fee, other_fee, available_number_str,  admit_address_string, admit_time_range, note, time_range_flag, schedule_status,  available_total_num, available_left_num ) VALUES ( 'SCH_DOC_DEPT012_5_20260319_2', '2026-03-19', '4', '2', '下午', '13:30', '17:30', 'DEPT012', '消化内科', 'ROOM_DEPT012_2', '消化内科门诊1诊室', 'DOC_DEPT012_5', '周超', '01', '主任医师', '胃肠镜微创手术', '1', '专家门诊', 'SRV_001', '主任医师挂号费', '20.00', '20.00', '0.00', '0.00', '0.00', '1,2,4,5,6,7,8,9,10,11,13,15,16,17,19,20,22,23,24,25,28,29,31,32', '主楼1层消化内科候诊区', '13:30-17:30', '请提前15分钟候诊', '0', '1', '32', '12' );
INSERT INTO doctor_schedule ( m_code, service_date, week_day, session_code, session_name, start_time, end_time,  department_code, department_name, clinic_room_code, clinic_room_name,  doctor_code, doctor_name, doctor_title_code, doctor_title, doctor_spec,  doctor_sess_type_code, doctor_sess_type, service_code, service_name,  fee, reg_fee, checkup_fee, service_fee, other_fee, available_number_str,  admit_address_string, admit_time_range, note, time_range_flag, schedule_status,  available_total_num, available_left_num ) VALUES ( 'SCH_DOC_DEPT012_5_20260322_1', '2026-03-22', '7', '1', '上午', '08:00', '12:00', 'DEPT012', '消化内科', 'ROOM_DEPT012_1', '消化内科门诊3诊室', 'DOC_DEPT012_5', '周超', '01', '主任医师', '胃肠镜微创手术', '1', '专家门诊', 'SRV_001', '主任医师挂号费', '15.00', '15.00', '0.00', '0.00', '0.00', '2,3,4,5,6,7,8,9,10,11,12,14,16,18,21,22,23,24,25,27,28,29,30,32,33', '主楼3层消化内科候诊区', '08:00-12:00', '请提前15分钟候诊', '0', '1', '33', '29' );
INSERT INTO doctor_schedule ( m_code, service_date, week_day, session_code, session_name, start_time, end_time,  department_code, department_name, clinic_room_code, clinic_room_name,  doctor_code, doctor_name, doctor_title_code, doctor_title, doctor_spec,  doctor_sess_type_code, doctor_sess_type, service_code, service_name,  fee, reg_fee, checkup_fee, service_fee, other_fee, available_number_str,  admit_address_string, admit_time_range, note, time_range_flag, schedule_status,  available_total_num, available_left_num ) VALUES ( 'SCH_DOC_DEPT012_5_20260323_2', '2026-03-23', '1', '2', '下午', '13:30', '17:30', 'DEPT012', '消化内科', 'ROOM_DEPT012_3', '消化内科门诊2诊室', 'DOC_DEPT012_5', '周超', '01', '主任医师', '胃肠镜微创手术', '1', '专家门诊', 'SRV_001', '主任医师挂号费', '15.00', '15.00', '0.00', '0.00', '0.00', '1,2,3,5,6,8,9,10,14,17,18,19,20,21,22', '主楼3层消化内科候诊区', '13:30-17:30', '请提前15分钟候诊', '0', '1', '22', '5' );
INSERT INTO doctor_schedule ( m_code, service_date, week_day, session_code, session_name, start_time, end_time,  department_code, department_name, clinic_room_code, clinic_room_name,  doctor_code, doctor_name, doctor_title_code, doctor_title, doctor_spec,  doctor_sess_type_code, doctor_sess_type, service_code, service_name,  fee, reg_fee, checkup_fee, service_fee, other_fee, available_number_str,  admit_address_string, admit_time_range, note, time_range_flag, schedule_status,  available_total_num, available_left_num ) VALUES ( 'SCH_DOC_DEPT012_5_20260323_1', '2026-03-23', '1', '1', '上午', '08:00', '12:00', 'DEPT012', '消化内科', 'ROOM_DEPT012_4', '消化内科门诊1诊室', 'DOC_DEPT012_5', '周超', '01', '主任医师', '胃肠镜微创手术', '1', '专家门诊', 'SRV_001', '主任医师挂号费', '15.00', '15.00', '0.00', '0.00', '0.00', '1,2,3,4,6,9,10,12,13,14,15,16,17,19,20,22,23,24,25,28,30,32,33,34,35', '主楼2层消化内科候诊区', '08:00-12:00', '请提前15分钟候诊', '0', '1', '36', '34' );
INSERT INTO doctor_schedule ( m_code, service_date, week_day, session_code, session_name, start_time, end_time,  department_code, department_name, clinic_room_code, clinic_room_name,  doctor_code, doctor_name, doctor_title_code, doctor_title, doctor_spec,  doctor_sess_type_code, doctor_sess_type, service_code, service_name,  fee, reg_fee, checkup_fee, service_fee, other_fee, available_number_str,  admit_address_string, admit_time_range, note, time_range_flag, schedule_status,  available_total_num, available_left_num ) VALUES ( 'SCH_DOC_DEPT012_5_20260324_1', '2026-03-24', '2', '1', '上午', '08:00', '12:00', 'DEPT012', '消化内科', 'ROOM_DEPT012_1', '消化内科门诊2诊室', 'DOC_DEPT012_5', '周超', '01', '主任医师', '胃肠镜微创手术', '1', '专家门诊', 'SRV_001', '主任医师挂号费', '15.00', '15.00', '0.00', '0.00', '0.00', '1,3,4,5,7,8,9,10,12,14,18,19,20,21,23,25,26,28,30', '主楼5层消化内科候诊区', '08:00-12:00', '请提前15分钟候诊', '0', '1', '30', '14' );
INSERT INTO doctor_schedule ( m_code, service_date, week_day, session_code, session_name, start_time, end_time,  department_code, department_name, clinic_room_code, clinic_room_name,  doctor_code, doctor_name, doctor_title_code, doctor_title, doctor_spec,  doctor_sess_type_code, doctor_sess_type, service_code, service_name,  fee, reg_fee, checkup_fee, service_fee, other_fee, available_number_str,  admit_address_string, admit_time_range, note, time_range_flag, schedule_status,  available_total_num, available_left_num ) VALUES ( 'SCH_DOC_DEPT012_5_20260326_1', '2026-03-26', '4', '1', '上午', '08:00', '12:00', 'DEPT012', '消化内科', 'ROOM_DEPT012_1', '消化内科门诊3诊室', 'DOC_DEPT012_5', '周超', '01', '主任医师', '胃肠镜微创手术', '1', '专家门诊', 'SRV_001', '主任医师挂号费', '15.00', '15.00', '0.00', '0.00', '0.00', '1,2,3,4,5,13,14,15,16,18,19,20,21', '主楼3层消化内科候诊区', '08:00-12:00', '请提前15分钟候诊', '0', '1', '22', '17' );
INSERT INTO doctor_schedule ( m_code, service_date, week_day, session_code, session_name, start_time, end_time,  department_code, department_name, clinic_room_code, clinic_room_name,  doctor_code, doctor_name, doctor_title_code, doctor_title, doctor_spec,  doctor_sess_type_code, doctor_sess_type, service_code, service_name,  fee, reg_fee, checkup_fee, service_fee, other_fee, available_number_str,  admit_address_string, admit_time_range, note, time_range_flag, schedule_status,  available_total_num, available_left_num ) VALUES ( 'SCH_DOC_DEPT012_5_20260326_2', '2026-03-26', '4', '2', '下午', '13:30', '17:30', 'DEPT012', '消化内科', 'ROOM_DEPT012_1', '消化内科门诊5诊室', 'DOC_DEPT012_5', '周超', '01', '主任医师', '胃肠镜微创手术', '1', '专家门诊', 'SRV_001', '主任医师挂号费', '50.00', '50.00', '0.00', '0.00', '0.00', '1,2,5,6,7,8,10,11,12,13,15,17,18,19,20,21,22,23,24,26,27,28,30,31', '主楼3层消化内科候诊区', '13:30-17:30', '请提前15分钟候诊', '0', '1', '32', '24' );
INSERT INTO doctor_schedule ( m_code, service_date, week_day, session_code, session_name, start_time, end_time,  department_code, department_name, clinic_room_code, clinic_room_name,  doctor_code, doctor_name, doctor_title_code, doctor_title, doctor_spec,  doctor_sess_type_code, doctor_sess_type, service_code, service_name,  fee, reg_fee, checkup_fee, service_fee, other_fee, available_number_str,  admit_address_string, admit_time_range, note, time_range_flag, schedule_status,  available_total_num, available_left_num ) VALUES ( 'SCH_DOC_DEPT012_5_20260327_1', '2026-03-27', '5', '1', '上午', '08:00', '12:00', 'DEPT012', '消化内科', 'ROOM_DEPT012_4', '消化内科门诊2诊室', 'DOC_DEPT012_5', '周超', '01', '主任医师', '胃肠镜微创手术', '1', '专家门诊', 'SRV_001', '主任医师挂号费', '50.00', '50.00', '0.00', '0.00', '0.00', '2,3,4,5,7,10,11,13,15,17,19,20,21,22,23,24,26,27,28,29,30', '主楼5层消化内科候诊区', '08:00-12:00', '请提前15分钟候诊', '0', '1', '30', '15' );
INSERT INTO doctor_schedule ( m_code, service_date, week_day, session_code, session_name, start_time, end_time,  department_code, department_name, clinic_room_code, clinic_room_name,  doctor_code, doctor_name, doctor_title_code, doctor_title, doctor_spec,  doctor_sess_type_code, doctor_sess_type, service_code, service_name,  fee, reg_fee, checkup_fee, service_fee, other_fee, available_number_str,  admit_address_string, admit_time_range, note, time_range_flag, schedule_status,  available_total_num, available_left_num ) VALUES ( 'SCH_DOC_DEPT012_5_20260328_1', '2026-03-28', '6', '1', '上午', '08:00', '12:00', 'DEPT012', '消化内科', 'ROOM_DEPT012_2', '消化内科门诊2诊室', 'DOC_DEPT012_5', '周超', '01', '主任医师', '胃肠镜微创手术', '1', '专家门诊', 'SRV_001', '主任医师挂号费', '50.00', '50.00', '0.00', '0.00', '0.00', '2,3,4,5,6,9,10,11,12,14,15,17,18,19,20', '主楼1层消化内科候诊区', '08:00-12:00', '请提前15分钟候诊', '0', '1', '20', '14' );
INSERT INTO doctor_schedule ( m_code, service_date, week_day, session_code, session_name, start_time, end_time,  department_code, department_name, clinic_room_code, clinic_room_name,  doctor_code, doctor_name, doctor_title_code, doctor_title, doctor_spec,  doctor_sess_type_code, doctor_sess_type, service_code, service_name,  fee, reg_fee, checkup_fee, service_fee, other_fee, available_number_str,  admit_address_string, admit_time_range, note, time_range_flag, schedule_status,  available_total_num, available_left_num ) VALUES ( 'SCH_DOC_DEPT012_5_20260329_1', '2026-03-29', '7', '1', '上午', '08:00', '12:00', 'DEPT012', '消化内科', 'ROOM_DEPT012_3', '消化内科门诊3诊室', 'DOC_DEPT012_5', '周超', '01', '主任医师', '胃肠镜微创手术', '1', '专家门诊', 'SRV_001', '主任医师挂号费', '20.00', '20.00', '0.00', '0.00', '0.00', '2,3,4,5,6,7,8,9,10,11,12,14,15,17,18,20,21,22,23,24,25,26,27,29', '主楼2层消化内科候诊区', '08:00-12:00', '请提前15分钟候诊', '0', '1', '30', '10' );
INSERT INTO doctor (doctor_code, doctor_name, department_code, title, specialty, doctor_des, doctor_image) VALUES ('DOC_DEPT013_1', '王涛', 'DEPT013', '主治医师', '慢阻肺(COPD)管理', '王涛主治医师，从事呼吸内科临床工作10年，具备深厚的临床背景。他擅长慢阻肺(COPD)管理的诊疗，已成功治愈数千例相关患者。', 'doc_DOC_DEPT013_1.png');
INSERT INTO doctor_schedule ( m_code, service_date, week_day, session_code, session_name, start_time, end_time,  department_code, department_name, clinic_room_code, clinic_room_name,  doctor_code, doctor_name, doctor_title_code, doctor_title, doctor_spec,  doctor_sess_type_code, doctor_sess_type, service_code, service_name,  fee, reg_fee, checkup_fee, service_fee, other_fee, available_number_str,  admit_address_string, admit_time_range, note, time_range_flag, schedule_status,  available_total_num, available_left_num ) VALUES ( 'SCH_DOC_DEPT013_1_20260316_2', '2026-03-16', '1', '2', '下午', '13:30', '17:30', 'DEPT013', '呼吸内科', 'ROOM_DEPT013_4', '呼吸内科门诊1诊室', 'DOC_DEPT013_1', '王涛', '03', '主治医师', '慢阻肺(COPD)管理', '1', '专家门诊', 'SRV_001', '主治医师挂号费', '15.00', '15.00', '0.00', '0.00', '0.00', '2,4,5,6,7,8,10,11,12,14,16,17,18,20,21,24,26,27,29,30,31,32,33,34', '主楼4层呼吸内科候诊区', '13:30-17:30', '请提前15分钟候诊', '0', '1', '34', '18' );
INSERT INTO doctor_schedule ( m_code, service_date, week_day, session_code, session_name, start_time, end_time,  department_code, department_name, clinic_room_code, clinic_room_name,  doctor_code, doctor_name, doctor_title_code, doctor_title, doctor_spec,  doctor_sess_type_code, doctor_sess_type, service_code, service_name,  fee, reg_fee, checkup_fee, service_fee, other_fee, available_number_str,  admit_address_string, admit_time_range, note, time_range_flag, schedule_status,  available_total_num, available_left_num ) VALUES ( 'SCH_DOC_DEPT013_1_20260316_1', '2026-03-16', '1', '1', '上午', '08:00', '12:00', 'DEPT013', '呼吸内科', 'ROOM_DEPT013_4', '呼吸内科门诊3诊室', 'DOC_DEPT013_1', '王涛', '03', '主治医师', '慢阻肺(COPD)管理', '1', '专家门诊', 'SRV_001', '主治医师挂号费', '15.00', '15.00', '0.00', '0.00', '0.00', '1,2,3,4,5,6,8,9,10,11,12,13,14,15,18', '主楼5层呼吸内科候诊区', '08:00-12:00', '请提前15分钟候诊', '0', '1', '18', '4' );
INSERT INTO doctor_schedule ( m_code, service_date, week_day, session_code, session_name, start_time, end_time,  department_code, department_name, clinic_room_code, clinic_room_name,  doctor_code, doctor_name, doctor_title_code, doctor_title, doctor_spec,  doctor_sess_type_code, doctor_sess_type, service_code, service_name,  fee, reg_fee, checkup_fee, service_fee, other_fee, available_number_str,  admit_address_string, admit_time_range, note, time_range_flag, schedule_status,  available_total_num, available_left_num ) VALUES ( 'SCH_DOC_DEPT013_1_20260317_1', '2026-03-17', '2', '1', '上午', '08:00', '12:00', 'DEPT013', '呼吸内科', 'ROOM_DEPT013_4', '呼吸内科门诊5诊室', 'DOC_DEPT013_1', '王涛', '03', '主治医师', '慢阻肺(COPD)管理', '1', '专家门诊', 'SRV_001', '主治医师挂号费', '20.00', '20.00', '0.00', '0.00', '0.00', '1,2,4,5,7,8,10,13,15,17,19', '主楼5层呼吸内科候诊区', '08:00-12:00', '请提前15分钟候诊', '0', '1', '19', '13' );
INSERT INTO doctor_schedule ( m_code, service_date, week_day, session_code, session_name, start_time, end_time,  department_code, department_name, clinic_room_code, clinic_room_name,  doctor_code, doctor_name, doctor_title_code, doctor_title, doctor_spec,  doctor_sess_type_code, doctor_sess_type, service_code, service_name,  fee, reg_fee, checkup_fee, service_fee, other_fee, available_number_str,  admit_address_string, admit_time_range, note, time_range_flag, schedule_status,  available_total_num, available_left_num ) VALUES ( 'SCH_DOC_DEPT013_1_20260319_2', '2026-03-19', '4', '2', '下午', '13:30', '17:30', 'DEPT013', '呼吸内科', 'ROOM_DEPT013_5', '呼吸内科门诊1诊室', 'DOC_DEPT013_1', '王涛', '03', '主治医师', '慢阻肺(COPD)管理', '1', '专家门诊', 'SRV_001', '主治医师挂号费', '20.00', '20.00', '0.00', '0.00', '0.00', '1,2,3,4,5,7,8,9,11,12,13,14,15,17,18,19,21,22,24,25', '主楼2层呼吸内科候诊区', '13:30-17:30', '请提前15分钟候诊', '0', '1', '26', '8' );
INSERT INTO doctor_schedule ( m_code, service_date, week_day, session_code, session_name, start_time, end_time,  department_code, department_name, clinic_room_code, clinic_room_name,  doctor_code, doctor_name, doctor_title_code, doctor_title, doctor_spec,  doctor_sess_type_code, doctor_sess_type, service_code, service_name,  fee, reg_fee, checkup_fee, service_fee, other_fee, available_number_str,  admit_address_string, admit_time_range, note, time_range_flag, schedule_status,  available_total_num, available_left_num ) VALUES ( 'SCH_DOC_DEPT013_1_20260322_1', '2026-03-22', '7', '1', '上午', '08:00', '12:00', 'DEPT013', '呼吸内科', 'ROOM_DEPT013_3', '呼吸内科门诊2诊室', 'DOC_DEPT013_1', '王涛', '03', '主治医师', '慢阻肺(COPD)管理', '1', '专家门诊', 'SRV_001', '主治医师挂号费', '15.00', '15.00', '0.00', '0.00', '0.00', '1,2,4,6,8,9,11,12,14', '主楼5层呼吸内科候诊区', '08:00-12:00', '请提前15分钟候诊', '0', '1', '15', '7' );
INSERT INTO doctor_schedule ( m_code, service_date, week_day, session_code, session_name, start_time, end_time,  department_code, department_name, clinic_room_code, clinic_room_name,  doctor_code, doctor_name, doctor_title_code, doctor_title, doctor_spec,  doctor_sess_type_code, doctor_sess_type, service_code, service_name,  fee, reg_fee, checkup_fee, service_fee, other_fee, available_number_str,  admit_address_string, admit_time_range, note, time_range_flag, schedule_status,  available_total_num, available_left_num ) VALUES ( 'SCH_DOC_DEPT013_1_20260325_2', '2026-03-25', '3', '2', '下午', '13:30', '17:30', 'DEPT013', '呼吸内科', 'ROOM_DEPT013_2', '呼吸内科门诊2诊室', 'DOC_DEPT013_1', '王涛', '03', '主治医师', '慢阻肺(COPD)管理', '1', '专家门诊', 'SRV_001', '主治医师挂号费', '15.00', '15.00', '0.00', '0.00', '0.00', '1,2,4,6,7,8,9,11,13,15,18,20,22,23,25,26,27,28,29,30,31,32,34,35,37', '主楼6层呼吸内科候诊区', '13:30-17:30', '请提前15分钟候诊', '0', '1', '37', '16' );
INSERT INTO doctor_schedule ( m_code, service_date, week_day, session_code, session_name, start_time, end_time,  department_code, department_name, clinic_room_code, clinic_room_name,  doctor_code, doctor_name, doctor_title_code, doctor_title, doctor_spec,  doctor_sess_type_code, doctor_sess_type, service_code, service_name,  fee, reg_fee, checkup_fee, service_fee, other_fee, available_number_str,  admit_address_string, admit_time_range, note, time_range_flag, schedule_status,  available_total_num, available_left_num ) VALUES ( 'SCH_DOC_DEPT013_1_20260325_1', '2026-03-25', '3', '1', '上午', '08:00', '12:00', 'DEPT013', '呼吸内科', 'ROOM_DEPT013_4', '呼吸内科门诊4诊室', 'DOC_DEPT013_1', '王涛', '03', '主治医师', '慢阻肺(COPD)管理', '1', '专家门诊', 'SRV_001', '主治医师挂号费', '20.00', '20.00', '0.00', '0.00', '0.00', '2,3,4,8,9,10,11,12,13,15,17,20,21,23,24,25,26', '主楼2层呼吸内科候诊区', '08:00-12:00', '请提前15分钟候诊', '0', '1', '27', '20' );
INSERT INTO doctor_schedule ( m_code, service_date, week_day, session_code, session_name, start_time, end_time,  department_code, department_name, clinic_room_code, clinic_room_name,  doctor_code, doctor_name, doctor_title_code, doctor_title, doctor_spec,  doctor_sess_type_code, doctor_sess_type, service_code, service_name,  fee, reg_fee, checkup_fee, service_fee, other_fee, available_number_str,  admit_address_string, admit_time_range, note, time_range_flag, schedule_status,  available_total_num, available_left_num ) VALUES ( 'SCH_DOC_DEPT013_1_20260327_2', '2026-03-27', '5', '2', '下午', '13:30', '17:30', 'DEPT013', '呼吸内科', 'ROOM_DEPT013_4', '呼吸内科门诊3诊室', 'DOC_DEPT013_1', '王涛', '03', '主治医师', '慢阻肺(COPD)管理', '1', '专家门诊', 'SRV_001', '主治医师挂号费', '50.00', '50.00', '0.00', '0.00', '0.00', '1,2,3,4,5,6,7,8,9,10,11,12,13,14,17,18,19,21,23', '主楼2层呼吸内科候诊区', '13:30-17:30', '请提前15分钟候诊', '0', '1', '26', '6' );
INSERT INTO doctor_schedule ( m_code, service_date, week_day, session_code, session_name, start_time, end_time,  department_code, department_name, clinic_room_code, clinic_room_name,  doctor_code, doctor_name, doctor_title_code, doctor_title, doctor_spec,  doctor_sess_type_code, doctor_sess_type, service_code, service_name,  fee, reg_fee, checkup_fee, service_fee, other_fee, available_number_str,  admit_address_string, admit_time_range, note, time_range_flag, schedule_status,  available_total_num, available_left_num ) VALUES ( 'SCH_DOC_DEPT013_1_20260328_1', '2026-03-28', '6', '1', '上午', '08:00', '12:00', 'DEPT013', '呼吸内科', 'ROOM_DEPT013_2', '呼吸内科门诊5诊室', 'DOC_DEPT013_1', '王涛', '03', '主治医师', '慢阻肺(COPD)管理', '1', '专家门诊', 'SRV_001', '主治医师挂号费', '15.00', '15.00', '0.00', '0.00', '0.00', '1,2,3,5,6,7,8,9,11,15,16,20,22,23', '主楼2层呼吸内科候诊区', '08:00-12:00', '请提前15分钟候诊', '0', '1', '23', '15' );
INSERT INTO doctor_schedule ( m_code, service_date, week_day, session_code, session_name, start_time, end_time,  department_code, department_name, clinic_room_code, clinic_room_name,  doctor_code, doctor_name, doctor_title_code, doctor_title, doctor_spec,  doctor_sess_type_code, doctor_sess_type, service_code, service_name,  fee, reg_fee, checkup_fee, service_fee, other_fee, available_number_str,  admit_address_string, admit_time_range, note, time_range_flag, schedule_status,  available_total_num, available_left_num ) VALUES ( 'SCH_DOC_DEPT013_1_20260328_2', '2026-03-28', '6', '2', '下午', '13:30', '17:30', 'DEPT013', '呼吸内科', 'ROOM_DEPT013_1', '呼吸内科门诊2诊室', 'DOC_DEPT013_1', '王涛', '03', '主治医师', '慢阻肺(COPD)管理', '1', '专家门诊', 'SRV_001', '主治医师挂号费', '20.00', '20.00', '0.00', '0.00', '0.00', '1,3,5,6,7,9,11,12,13,16,19,20,22,24,26,29,31,32,33,34,35,36', '主楼4层呼吸内科候诊区', '13:30-17:30', '请提前15分钟候诊', '0', '1', '37', '17' );
INSERT INTO doctor_schedule ( m_code, service_date, week_day, session_code, session_name, start_time, end_time,  department_code, department_name, clinic_room_code, clinic_room_name,  doctor_code, doctor_name, doctor_title_code, doctor_title, doctor_spec,  doctor_sess_type_code, doctor_sess_type, service_code, service_name,  fee, reg_fee, checkup_fee, service_fee, other_fee, available_number_str,  admit_address_string, admit_time_range, note, time_range_flag, schedule_status,  available_total_num, available_left_num ) VALUES ( 'SCH_DOC_DEPT013_1_20260329_1', '2026-03-29', '7', '1', '上午', '08:00', '12:00', 'DEPT013', '呼吸内科', 'ROOM_DEPT013_2', '呼吸内科门诊5诊室', 'DOC_DEPT013_1', '王涛', '03', '主治医师', '慢阻肺(COPD)管理', '1', '专家门诊', 'SRV_001', '主治医师挂号费', '50.00', '50.00', '0.00', '0.00', '0.00', '1,3,5,6,8,9,10,11,13,15,18,19,20,22,27,28', '主楼2层呼吸内科候诊区', '08:00-12:00', '请提前15分钟候诊', '0', '1', '28', '28' );
INSERT INTO doctor (doctor_code, doctor_name, department_code, title, specialty, doctor_des, doctor_image) VALUES ('DOC_DEPT013_2', '徐艳', 'DEPT013', '主任医师', '支气管哮喘规范治疗', '徐艳主任医师，从事呼吸内科临床工作29年，待人亲切。她长期致力于支气管哮喘规范治疗的诊疗，已成功治愈数千例相关患者。', 'doc_DOC_DEPT013_2.png');
INSERT INTO doctor_schedule ( m_code, service_date, week_day, session_code, session_name, start_time, end_time,  department_code, department_name, clinic_room_code, clinic_room_name,  doctor_code, doctor_name, doctor_title_code, doctor_title, doctor_spec,  doctor_sess_type_code, doctor_sess_type, service_code, service_name,  fee, reg_fee, checkup_fee, service_fee, other_fee, available_number_str,  admit_address_string, admit_time_range, note, time_range_flag, schedule_status,  available_total_num, available_left_num ) VALUES ( 'SCH_DOC_DEPT013_2_20260316_1', '2026-03-16', '1', '1', '上午', '08:00', '12:00', 'DEPT013', '呼吸内科', 'ROOM_DEPT013_5', '呼吸内科门诊3诊室', 'DOC_DEPT013_2', '徐艳', '01', '主任医师', '支气管哮喘规范治疗', '1', '专家门诊', 'SRV_001', '主任医师挂号费', '15.00', '15.00', '0.00', '0.00', '0.00', '1,2,4,5,6,7,8,9,10,11,14,15,17,18,22,24,25,27,28,29,30,31,32', '主楼6层呼吸内科候诊区', '08:00-12:00', '请提前15分钟候诊', '0', '1', '32', '24' );
INSERT INTO doctor_schedule ( m_code, service_date, week_day, session_code, session_name, start_time, end_time,  department_code, department_name, clinic_room_code, clinic_room_name,  doctor_code, doctor_name, doctor_title_code, doctor_title, doctor_spec,  doctor_sess_type_code, doctor_sess_type, service_code, service_name,  fee, reg_fee, checkup_fee, service_fee, other_fee, available_number_str,  admit_address_string, admit_time_range, note, time_range_flag, schedule_status,  available_total_num, available_left_num ) VALUES ( 'SCH_DOC_DEPT013_2_20260318_1', '2026-03-18', '3', '1', '上午', '08:00', '12:00', 'DEPT013', '呼吸内科', 'ROOM_DEPT013_4', '呼吸内科门诊1诊室', 'DOC_DEPT013_2', '徐艳', '01', '主任医师', '支气管哮喘规范治疗', '1', '专家门诊', 'SRV_001', '主任医师挂号费', '50.00', '50.00', '0.00', '0.00', '0.00', '3,8,10,11,12,15', '主楼5层呼吸内科候诊区', '08:00-12:00', '请提前15分钟候诊', '0', '1', '16', '8' );
INSERT INTO doctor_schedule ( m_code, service_date, week_day, session_code, session_name, start_time, end_time,  department_code, department_name, clinic_room_code, clinic_room_name,  doctor_code, doctor_name, doctor_title_code, doctor_title, doctor_spec,  doctor_sess_type_code, doctor_sess_type, service_code, service_name,  fee, reg_fee, checkup_fee, service_fee, other_fee, available_number_str,  admit_address_string, admit_time_range, note, time_range_flag, schedule_status,  available_total_num, available_left_num ) VALUES ( 'SCH_DOC_DEPT013_2_20260319_2', '2026-03-19', '4', '2', '下午', '13:30', '17:30', 'DEPT013', '呼吸内科', 'ROOM_DEPT013_2', '呼吸内科门诊2诊室', 'DOC_DEPT013_2', '徐艳', '01', '主任医师', '支气管哮喘规范治疗', '1', '专家门诊', 'SRV_001', '主任医师挂号费', '15.00', '15.00', '0.00', '0.00', '0.00', '1,2,4,5,6,7,9,10,12,13,14,15,17,19,20,21,22', '主楼5层呼吸内科候诊区', '13:30-17:30', '请提前15分钟候诊', '0', '1', '22', '16' );
INSERT INTO doctor_schedule ( m_code, service_date, week_day, session_code, session_name, start_time, end_time,  department_code, department_name, clinic_room_code, clinic_room_name,  doctor_code, doctor_name, doctor_title_code, doctor_title, doctor_spec,  doctor_sess_type_code, doctor_sess_type, service_code, service_name,  fee, reg_fee, checkup_fee, service_fee, other_fee, available_number_str,  admit_address_string, admit_time_range, note, time_range_flag, schedule_status,  available_total_num, available_left_num ) VALUES ( 'SCH_DOC_DEPT013_2_20260320_1', '2026-03-20', '5', '1', '上午', '08:00', '12:00', 'DEPT013', '呼吸内科', 'ROOM_DEPT013_1', '呼吸内科门诊5诊室', 'DOC_DEPT013_2', '徐艳', '01', '主任医师', '支气管哮喘规范治疗', '1', '专家门诊', 'SRV_001', '主任医师挂号费', '20.00', '20.00', '0.00', '0.00', '0.00', '1,2,3,4,5,6,9,10,11,14,16,17,19,20,21,24,25', '主楼2层呼吸内科候诊区', '08:00-12:00', '请提前15分钟候诊', '0', '1', '27', '17' );
INSERT INTO doctor_schedule ( m_code, service_date, week_day, session_code, session_name, start_time, end_time,  department_code, department_name, clinic_room_code, clinic_room_name,  doctor_code, doctor_name, doctor_title_code, doctor_title, doctor_spec,  doctor_sess_type_code, doctor_sess_type, service_code, service_name,  fee, reg_fee, checkup_fee, service_fee, other_fee, available_number_str,  admit_address_string, admit_time_range, note, time_range_flag, schedule_status,  available_total_num, available_left_num ) VALUES ( 'SCH_DOC_DEPT013_2_20260321_1', '2026-03-21', '6', '1', '上午', '08:00', '12:00', 'DEPT013', '呼吸内科', 'ROOM_DEPT013_3', '呼吸内科门诊3诊室', 'DOC_DEPT013_2', '徐艳', '01', '主任医师', '支气管哮喘规范治疗', '1', '专家门诊', 'SRV_001', '主任医师挂号费', '20.00', '20.00', '0.00', '0.00', '0.00', '2,3,4,6,8,9,10,11,12,14,15,16,19', '主楼5层呼吸内科候诊区', '08:00-12:00', '请提前15分钟候诊', '0', '1', '19', '5' );
INSERT INTO doctor_schedule ( m_code, service_date, week_day, session_code, session_name, start_time, end_time,  department_code, department_name, clinic_room_code, clinic_room_name,  doctor_code, doctor_name, doctor_title_code, doctor_title, doctor_spec,  doctor_sess_type_code, doctor_sess_type, service_code, service_name,  fee, reg_fee, checkup_fee, service_fee, other_fee, available_number_str,  admit_address_string, admit_time_range, note, time_range_flag, schedule_status,  available_total_num, available_left_num ) VALUES ( 'SCH_DOC_DEPT013_2_20260322_1', '2026-03-22', '7', '1', '上午', '08:00', '12:00', 'DEPT013', '呼吸内科', 'ROOM_DEPT013_4', '呼吸内科门诊5诊室', 'DOC_DEPT013_2', '徐艳', '01', '主任医师', '支气管哮喘规范治疗', '1', '专家门诊', 'SRV_001', '主任医师挂号费', '50.00', '50.00', '0.00', '0.00', '0.00', '1,2,3,4,6,7,9,10,11,12,15,16,17,19,20,21,25,26,27,28', '主楼3层呼吸内科候诊区', '08:00-12:00', '请提前15分钟候诊', '0', '1', '28', '28' );
INSERT INTO doctor_schedule ( m_code, service_date, week_day, session_code, session_name, start_time, end_time,  department_code, department_name, clinic_room_code, clinic_room_name,  doctor_code, doctor_name, doctor_title_code, doctor_title, doctor_spec,  doctor_sess_type_code, doctor_sess_type, service_code, service_name,  fee, reg_fee, checkup_fee, service_fee, other_fee, available_number_str,  admit_address_string, admit_time_range, note, time_range_flag, schedule_status,  available_total_num, available_left_num ) VALUES ( 'SCH_DOC_DEPT013_2_20260322_2', '2026-03-22', '7', '2', '下午', '13:30', '17:30', 'DEPT013', '呼吸内科', 'ROOM_DEPT013_4', '呼吸内科门诊5诊室', 'DOC_DEPT013_2', '徐艳', '01', '主任医师', '支气管哮喘规范治疗', '1', '专家门诊', 'SRV_001', '主任医师挂号费', '20.00', '20.00', '0.00', '0.00', '0.00', '1,2,5,7,8,11,12,13,15,16,17,20,21,25,26,27,28,29,30,31,32', '主楼5层呼吸内科候诊区', '13:30-17:30', '请提前15分钟候诊', '0', '1', '32', '32' );
INSERT INTO doctor_schedule ( m_code, service_date, week_day, session_code, session_name, start_time, end_time,  department_code, department_name, clinic_room_code, clinic_room_name,  doctor_code, doctor_name, doctor_title_code, doctor_title, doctor_spec,  doctor_sess_type_code, doctor_sess_type, service_code, service_name,  fee, reg_fee, checkup_fee, service_fee, other_fee, available_number_str,  admit_address_string, admit_time_range, note, time_range_flag, schedule_status,  available_total_num, available_left_num ) VALUES ( 'SCH_DOC_DEPT013_2_20260323_2', '2026-03-23', '1', '2', '下午', '13:30', '17:30', 'DEPT013', '呼吸内科', 'ROOM_DEPT013_4', '呼吸内科门诊2诊室', 'DOC_DEPT013_2', '徐艳', '01', '主任医师', '支气管哮喘规范治疗', '1', '专家门诊', 'SRV_001', '主任医师挂号费', '15.00', '15.00', '0.00', '0.00', '0.00', '1,2,5,8,9,11,13,14,17,18,19', '主楼3层呼吸内科候诊区', '13:30-17:30', '请提前15分钟候诊', '0', '1', '19', '18' );
INSERT INTO doctor_schedule ( m_code, service_date, week_day, session_code, session_name, start_time, end_time,  department_code, department_name, clinic_room_code, clinic_room_name,  doctor_code, doctor_name, doctor_title_code, doctor_title, doctor_spec,  doctor_sess_type_code, doctor_sess_type, service_code, service_name,  fee, reg_fee, checkup_fee, service_fee, other_fee, available_number_str,  admit_address_string, admit_time_range, note, time_range_flag, schedule_status,  available_total_num, available_left_num ) VALUES ( 'SCH_DOC_DEPT013_2_20260323_1', '2026-03-23', '1', '1', '上午', '08:00', '12:00', 'DEPT013', '呼吸内科', 'ROOM_DEPT013_1', '呼吸内科门诊5诊室', 'DOC_DEPT013_2', '徐艳', '01', '主任医师', '支气管哮喘规范治疗', '1', '专家门诊', 'SRV_001', '主任医师挂号费', '50.00', '50.00', '0.00', '0.00', '0.00', '1,2,3,4,6,7,8,9,12,13,15,16,17,18', '主楼2层呼吸内科候诊区', '08:00-12:00', '请提前15分钟候诊', '0', '1', '19', '6' );
INSERT INTO doctor_schedule ( m_code, service_date, week_day, session_code, session_name, start_time, end_time,  department_code, department_name, clinic_room_code, clinic_room_name,  doctor_code, doctor_name, doctor_title_code, doctor_title, doctor_spec,  doctor_sess_type_code, doctor_sess_type, service_code, service_name,  fee, reg_fee, checkup_fee, service_fee, other_fee, available_number_str,  admit_address_string, admit_time_range, note, time_range_flag, schedule_status,  available_total_num, available_left_num ) VALUES ( 'SCH_DOC_DEPT013_2_20260326_1', '2026-03-26', '4', '1', '上午', '08:00', '12:00', 'DEPT013', '呼吸内科', 'ROOM_DEPT013_1', '呼吸内科门诊1诊室', 'DOC_DEPT013_2', '徐艳', '01', '主任医师', '支气管哮喘规范治疗', '1', '专家门诊', 'SRV_001', '主任医师挂号费', '50.00', '50.00', '0.00', '0.00', '0.00', '1,4,5,6,7,8,9,11,12,14,15,16,17,20,21,22,24,25,26,27,28,30,32,33', '主楼5层呼吸内科候诊区', '08:00-12:00', '请提前15分钟候诊', '0', '1', '33', '13' );
INSERT INTO doctor_schedule ( m_code, service_date, week_day, session_code, session_name, start_time, end_time,  department_code, department_name, clinic_room_code, clinic_room_name,  doctor_code, doctor_name, doctor_title_code, doctor_title, doctor_spec,  doctor_sess_type_code, doctor_sess_type, service_code, service_name,  fee, reg_fee, checkup_fee, service_fee, other_fee, available_number_str,  admit_address_string, admit_time_range, note, time_range_flag, schedule_status,  available_total_num, available_left_num ) VALUES ( 'SCH_DOC_DEPT013_2_20260326_2', '2026-03-26', '4', '2', '下午', '13:30', '17:30', 'DEPT013', '呼吸内科', 'ROOM_DEPT013_2', '呼吸内科门诊3诊室', 'DOC_DEPT013_2', '徐艳', '01', '主任医师', '支气管哮喘规范治疗', '1', '专家门诊', 'SRV_001', '主任医师挂号费', '50.00', '50.00', '0.00', '0.00', '0.00', '1,2,3,4,5,6,7,8,10,12,13,14,15,16,17,18,19,20,21,22,23,26,28,30,31', '主楼4层呼吸内科候诊区', '13:30-17:30', '请提前15分钟候诊', '0', '1', '31', '18' );
INSERT INTO doctor_schedule ( m_code, service_date, week_day, session_code, session_name, start_time, end_time,  department_code, department_name, clinic_room_code, clinic_room_name,  doctor_code, doctor_name, doctor_title_code, doctor_title, doctor_spec,  doctor_sess_type_code, doctor_sess_type, service_code, service_name,  fee, reg_fee, checkup_fee, service_fee, other_fee, available_number_str,  admit_address_string, admit_time_range, note, time_range_flag, schedule_status,  available_total_num, available_left_num ) VALUES ( 'SCH_DOC_DEPT013_2_20260327_1', '2026-03-27', '5', '1', '上午', '08:00', '12:00', 'DEPT013', '呼吸内科', 'ROOM_DEPT013_2', '呼吸内科门诊2诊室', 'DOC_DEPT013_2', '徐艳', '01', '主任医师', '支气管哮喘规范治疗', '1', '专家门诊', 'SRV_001', '主任医师挂号费', '20.00', '20.00', '0.00', '0.00', '0.00', '2,3,4,5,7,8,9,10,12,13,14,15,16,18,19,20,21,22,23,24,25,26', '主楼2层呼吸内科候诊区', '08:00-12:00', '请提前15分钟候诊', '0', '1', '27', '17' );
INSERT INTO doctor_schedule ( m_code, service_date, week_day, session_code, session_name, start_time, end_time,  department_code, department_name, clinic_room_code, clinic_room_name,  doctor_code, doctor_name, doctor_title_code, doctor_title, doctor_spec,  doctor_sess_type_code, doctor_sess_type, service_code, service_name,  fee, reg_fee, checkup_fee, service_fee, other_fee, available_number_str,  admit_address_string, admit_time_range, note, time_range_flag, schedule_status,  available_total_num, available_left_num ) VALUES ( 'SCH_DOC_DEPT013_2_20260328_2', '2026-03-28', '6', '2', '下午', '13:30', '17:30', 'DEPT013', '呼吸内科', 'ROOM_DEPT013_2', '呼吸内科门诊1诊室', 'DOC_DEPT013_2', '徐艳', '01', '主任医师', '支气管哮喘规范治疗', '1', '专家门诊', 'SRV_001', '主任医师挂号费', '15.00', '15.00', '0.00', '0.00', '0.00', '1,2,3,5,7,10,11,12,16,17,18,19,20,24,26,27,28,30,31,33,34', '主楼6层呼吸内科候诊区', '13:30-17:30', '请提前15分钟候诊', '0', '1', '34', '22' );
INSERT INTO doctor_schedule ( m_code, service_date, week_day, session_code, session_name, start_time, end_time,  department_code, department_name, clinic_room_code, clinic_room_name,  doctor_code, doctor_name, doctor_title_code, doctor_title, doctor_spec,  doctor_sess_type_code, doctor_sess_type, service_code, service_name,  fee, reg_fee, checkup_fee, service_fee, other_fee, available_number_str,  admit_address_string, admit_time_range, note, time_range_flag, schedule_status,  available_total_num, available_left_num ) VALUES ( 'SCH_DOC_DEPT013_2_20260328_1', '2026-03-28', '6', '1', '上午', '08:00', '12:00', 'DEPT013', '呼吸内科', 'ROOM_DEPT013_1', '呼吸内科门诊4诊室', 'DOC_DEPT013_2', '徐艳', '01', '主任医师', '支气管哮喘规范治疗', '1', '专家门诊', 'SRV_001', '主任医师挂号费', '20.00', '20.00', '0.00', '0.00', '0.00', '1,2,3,4,5,6,7,8,10,11,12,13,14,16,17,18,19,20,21,23,24,25,26,28,30,31,32', '主楼3层呼吸内科候诊区', '08:00-12:00', '请提前15分钟候诊', '0', '1', '32', '16' );
INSERT INTO doctor (doctor_code, doctor_name, department_code, title, specialty, doctor_des, doctor_image) VALUES ('DOC_DEPT013_3', '赵勇', 'DEPT013', '副主任医师', '肺结节辅助诊断', '赵勇副主任医师，从事呼吸内科临床工作23年，专业严谨。他长期致力于肺结节辅助诊断的诊疗，已成功治愈数千例相关患者。', 'doc_DOC_DEPT013_3.png');
INSERT INTO doctor_schedule ( m_code, service_date, week_day, session_code, session_name, start_time, end_time,  department_code, department_name, clinic_room_code, clinic_room_name,  doctor_code, doctor_name, doctor_title_code, doctor_title, doctor_spec,  doctor_sess_type_code, doctor_sess_type, service_code, service_name,  fee, reg_fee, checkup_fee, service_fee, other_fee, available_number_str,  admit_address_string, admit_time_range, note, time_range_flag, schedule_status,  available_total_num, available_left_num ) VALUES ( 'SCH_DOC_DEPT013_3_20260316_2', '2026-03-16', '1', '2', '下午', '13:30', '17:30', 'DEPT013', '呼吸内科', 'ROOM_DEPT013_1', '呼吸内科门诊1诊室', 'DOC_DEPT013_3', '赵勇', '02', '副主任医师', '肺结节辅助诊断', '1', '专家门诊', 'SRV_001', '副主任医师挂号费', '20.00', '20.00', '0.00', '0.00', '0.00', '4,5,6,7,8,9,10,11,12,13,14,16,20,21', '主楼3层呼吸内科候诊区', '13:30-17:30', '请提前15分钟候诊', '0', '1', '21', '15' );
INSERT INTO doctor_schedule ( m_code, service_date, week_day, session_code, session_name, start_time, end_time,  department_code, department_name, clinic_room_code, clinic_room_name,  doctor_code, doctor_name, doctor_title_code, doctor_title, doctor_spec,  doctor_sess_type_code, doctor_sess_type, service_code, service_name,  fee, reg_fee, checkup_fee, service_fee, other_fee, available_number_str,  admit_address_string, admit_time_range, note, time_range_flag, schedule_status,  available_total_num, available_left_num ) VALUES ( 'SCH_DOC_DEPT013_3_20260316_1', '2026-03-16', '1', '1', '上午', '08:00', '12:00', 'DEPT013', '呼吸内科', 'ROOM_DEPT013_5', '呼吸内科门诊4诊室', 'DOC_DEPT013_3', '赵勇', '02', '副主任医师', '肺结节辅助诊断', '1', '专家门诊', 'SRV_001', '副主任医师挂号费', '15.00', '15.00', '0.00', '0.00', '0.00', '3,4,5,6,7,8,9,12,13,14,17,18,19,20,21,22,23,27', '主楼3层呼吸内科候诊区', '08:00-12:00', '请提前15分钟候诊', '0', '1', '28', '27' );
INSERT INTO doctor_schedule ( m_code, service_date, week_day, session_code, session_name, start_time, end_time,  department_code, department_name, clinic_room_code, clinic_room_name,  doctor_code, doctor_name, doctor_title_code, doctor_title, doctor_spec,  doctor_sess_type_code, doctor_sess_type, service_code, service_name,  fee, reg_fee, checkup_fee, service_fee, other_fee, available_number_str,  admit_address_string, admit_time_range, note, time_range_flag, schedule_status,  available_total_num, available_left_num ) VALUES ( 'SCH_DOC_DEPT013_3_20260317_1', '2026-03-17', '2', '1', '上午', '08:00', '12:00', 'DEPT013', '呼吸内科', 'ROOM_DEPT013_1', '呼吸内科门诊4诊室', 'DOC_DEPT013_3', '赵勇', '02', '副主任医师', '肺结节辅助诊断', '1', '专家门诊', 'SRV_001', '副主任医师挂号费', '20.00', '20.00', '0.00', '0.00', '0.00', '2,4,6,7,9,10,11,12,13,14,16,17,18,19,23,24,25,27,28,29,30,32', '主楼2层呼吸内科候诊区', '08:00-12:00', '请提前15分钟候诊', '0', '1', '32', '29' );
INSERT INTO doctor_schedule ( m_code, service_date, week_day, session_code, session_name, start_time, end_time,  department_code, department_name, clinic_room_code, clinic_room_name,  doctor_code, doctor_name, doctor_title_code, doctor_title, doctor_spec,  doctor_sess_type_code, doctor_sess_type, service_code, service_name,  fee, reg_fee, checkup_fee, service_fee, other_fee, available_number_str,  admit_address_string, admit_time_range, note, time_range_flag, schedule_status,  available_total_num, available_left_num ) VALUES ( 'SCH_DOC_DEPT013_3_20260318_2', '2026-03-18', '3', '2', '下午', '13:30', '17:30', 'DEPT013', '呼吸内科', 'ROOM_DEPT013_1', '呼吸内科门诊5诊室', 'DOC_DEPT013_3', '赵勇', '02', '副主任医师', '肺结节辅助诊断', '1', '专家门诊', 'SRV_001', '副主任医师挂号费', '15.00', '15.00', '0.00', '0.00', '0.00', '1,2,5,6,7,8,9,10,12,14,15,17,18,19,20,21,22,23', '主楼4层呼吸内科候诊区', '13:30-17:30', '请提前15分钟候诊', '0', '1', '23', '13' );
INSERT INTO doctor_schedule ( m_code, service_date, week_day, session_code, session_name, start_time, end_time,  department_code, department_name, clinic_room_code, clinic_room_name,  doctor_code, doctor_name, doctor_title_code, doctor_title, doctor_spec,  doctor_sess_type_code, doctor_sess_type, service_code, service_name,  fee, reg_fee, checkup_fee, service_fee, other_fee, available_number_str,  admit_address_string, admit_time_range, note, time_range_flag, schedule_status,  available_total_num, available_left_num ) VALUES ( 'SCH_DOC_DEPT013_3_20260318_1', '2026-03-18', '3', '1', '上午', '08:00', '12:00', 'DEPT013', '呼吸内科', 'ROOM_DEPT013_3', '呼吸内科门诊5诊室', 'DOC_DEPT013_3', '赵勇', '02', '副主任医师', '肺结节辅助诊断', '1', '专家门诊', 'SRV_001', '副主任医师挂号费', '15.00', '15.00', '0.00', '0.00', '0.00', '5,6,7,10,13,14,15,17,19,20,21,22,23,24,25,26,28,29,30,31', '主楼4层呼吸内科候诊区', '08:00-12:00', '请提前15分钟候诊', '0', '1', '31', '17' );
INSERT INTO doctor_schedule ( m_code, service_date, week_day, session_code, session_name, start_time, end_time,  department_code, department_name, clinic_room_code, clinic_room_name,  doctor_code, doctor_name, doctor_title_code, doctor_title, doctor_spec,  doctor_sess_type_code, doctor_sess_type, service_code, service_name,  fee, reg_fee, checkup_fee, service_fee, other_fee, available_number_str,  admit_address_string, admit_time_range, note, time_range_flag, schedule_status,  available_total_num, available_left_num ) VALUES ( 'SCH_DOC_DEPT013_3_20260319_2', '2026-03-19', '4', '2', '下午', '13:30', '17:30', 'DEPT013', '呼吸内科', 'ROOM_DEPT013_4', '呼吸内科门诊4诊室', 'DOC_DEPT013_3', '赵勇', '02', '副主任医师', '肺结节辅助诊断', '1', '专家门诊', 'SRV_001', '副主任医师挂号费', '20.00', '20.00', '0.00', '0.00', '0.00', '2,3,5,6,8,10,11,13,14,15,17,21', '主楼3层呼吸内科候诊区', '13:30-17:30', '请提前15分钟候诊', '0', '1', '21', '18' );
INSERT INTO doctor_schedule ( m_code, service_date, week_day, session_code, session_name, start_time, end_time,  department_code, department_name, clinic_room_code, clinic_room_name,  doctor_code, doctor_name, doctor_title_code, doctor_title, doctor_spec,  doctor_sess_type_code, doctor_sess_type, service_code, service_name,  fee, reg_fee, checkup_fee, service_fee, other_fee, available_number_str,  admit_address_string, admit_time_range, note, time_range_flag, schedule_status,  available_total_num, available_left_num ) VALUES ( 'SCH_DOC_DEPT013_3_20260322_2', '2026-03-22', '7', '2', '下午', '13:30', '17:30', 'DEPT013', '呼吸内科', 'ROOM_DEPT013_4', '呼吸内科门诊4诊室', 'DOC_DEPT013_3', '赵勇', '02', '副主任医师', '肺结节辅助诊断', '1', '专家门诊', 'SRV_001', '副主任医师挂号费', '50.00', '50.00', '0.00', '0.00', '0.00', '1,2,3,4,5,7,10,13,14,15,17,18,19,20', '主楼5层呼吸内科候诊区', '13:30-17:30', '请提前15分钟候诊', '0', '1', '21', '8' );
INSERT INTO doctor_schedule ( m_code, service_date, week_day, session_code, session_name, start_time, end_time,  department_code, department_name, clinic_room_code, clinic_room_name,  doctor_code, doctor_name, doctor_title_code, doctor_title, doctor_spec,  doctor_sess_type_code, doctor_sess_type, service_code, service_name,  fee, reg_fee, checkup_fee, service_fee, other_fee, available_number_str,  admit_address_string, admit_time_range, note, time_range_flag, schedule_status,  available_total_num, available_left_num ) VALUES ( 'SCH_DOC_DEPT013_3_20260323_2', '2026-03-23', '1', '2', '下午', '13:30', '17:30', 'DEPT013', '呼吸内科', 'ROOM_DEPT013_3', '呼吸内科门诊2诊室', 'DOC_DEPT013_3', '赵勇', '02', '副主任医师', '肺结节辅助诊断', '1', '专家门诊', 'SRV_001', '副主任医师挂号费', '15.00', '15.00', '0.00', '0.00', '0.00', '1,2,3,5,6,7,8,9,10,11,12,13,14,16,17,18,19,20,21,24,26,27,29,31', '主楼3层呼吸内科候诊区', '13:30-17:30', '请提前15分钟候诊', '0', '1', '32', '31' );
INSERT INTO doctor_schedule ( m_code, service_date, week_day, session_code, session_name, start_time, end_time,  department_code, department_name, clinic_room_code, clinic_room_name,  doctor_code, doctor_name, doctor_title_code, doctor_title, doctor_spec,  doctor_sess_type_code, doctor_sess_type, service_code, service_name,  fee, reg_fee, checkup_fee, service_fee, other_fee, available_number_str,  admit_address_string, admit_time_range, note, time_range_flag, schedule_status,  available_total_num, available_left_num ) VALUES ( 'SCH_DOC_DEPT013_3_20260323_1', '2026-03-23', '1', '1', '上午', '08:00', '12:00', 'DEPT013', '呼吸内科', 'ROOM_DEPT013_1', '呼吸内科门诊4诊室', 'DOC_DEPT013_3', '赵勇', '02', '副主任医师', '肺结节辅助诊断', '1', '专家门诊', 'SRV_001', '副主任医师挂号费', '20.00', '20.00', '0.00', '0.00', '0.00', '1,2,4,6,7,8,9,10,11,12,13,14,15,18,19,22,23,25,26,27', '主楼3层呼吸内科候诊区', '08:00-12:00', '请提前15分钟候诊', '0', '1', '27', '20' );
INSERT INTO doctor_schedule ( m_code, service_date, week_day, session_code, session_name, start_time, end_time,  department_code, department_name, clinic_room_code, clinic_room_name,  doctor_code, doctor_name, doctor_title_code, doctor_title, doctor_spec,  doctor_sess_type_code, doctor_sess_type, service_code, service_name,  fee, reg_fee, checkup_fee, service_fee, other_fee, available_number_str,  admit_address_string, admit_time_range, note, time_range_flag, schedule_status,  available_total_num, available_left_num ) VALUES ( 'SCH_DOC_DEPT013_3_20260324_1', '2026-03-24', '2', '1', '上午', '08:00', '12:00', 'DEPT013', '呼吸内科', 'ROOM_DEPT013_3', '呼吸内科门诊5诊室', 'DOC_DEPT013_3', '赵勇', '02', '副主任医师', '肺结节辅助诊断', '1', '专家门诊', 'SRV_001', '副主任医师挂号费', '15.00', '15.00', '0.00', '0.00', '0.00', '1,4,5,7,8,9,10,11,13,14,15,16,17,18,21,22,25,26', '主楼6层呼吸内科候诊区', '08:00-12:00', '请提前15分钟候诊', '0', '1', '26', '13' );
INSERT INTO doctor_schedule ( m_code, service_date, week_day, session_code, session_name, start_time, end_time,  department_code, department_name, clinic_room_code, clinic_room_name,  doctor_code, doctor_name, doctor_title_code, doctor_title, doctor_spec,  doctor_sess_type_code, doctor_sess_type, service_code, service_name,  fee, reg_fee, checkup_fee, service_fee, other_fee, available_number_str,  admit_address_string, admit_time_range, note, time_range_flag, schedule_status,  available_total_num, available_left_num ) VALUES ( 'SCH_DOC_DEPT013_3_20260325_2', '2026-03-25', '3', '2', '下午', '13:30', '17:30', 'DEPT013', '呼吸内科', 'ROOM_DEPT013_5', '呼吸内科门诊5诊室', 'DOC_DEPT013_3', '赵勇', '02', '副主任医师', '肺结节辅助诊断', '1', '专家门诊', 'SRV_001', '副主任医师挂号费', '50.00', '50.00', '0.00', '0.00', '0.00', '1,3,4,5,6,8,9,10,13,14,17,20,22,23,24,25,26,28,29,30,31,33,34,35,38,39,40', '主楼3层呼吸内科候诊区', '13:30-17:30', '请提前15分钟候诊', '0', '1', '40', '39' );
INSERT INTO doctor_schedule ( m_code, service_date, week_day, session_code, session_name, start_time, end_time,  department_code, department_name, clinic_room_code, clinic_room_name,  doctor_code, doctor_name, doctor_title_code, doctor_title, doctor_spec,  doctor_sess_type_code, doctor_sess_type, service_code, service_name,  fee, reg_fee, checkup_fee, service_fee, other_fee, available_number_str,  admit_address_string, admit_time_range, note, time_range_flag, schedule_status,  available_total_num, available_left_num ) VALUES ( 'SCH_DOC_DEPT013_3_20260326_1', '2026-03-26', '4', '1', '上午', '08:00', '12:00', 'DEPT013', '呼吸内科', 'ROOM_DEPT013_2', '呼吸内科门诊4诊室', 'DOC_DEPT013_3', '赵勇', '02', '副主任医师', '肺结节辅助诊断', '1', '专家门诊', 'SRV_001', '副主任医师挂号费', '20.00', '20.00', '0.00', '0.00', '0.00', '1,3,4,6,7,8,9,11,14,16,18,22,23,24,25,26,27,28,31,32,33,34,36', '主楼6层呼吸内科候诊区', '08:00-12:00', '请提前15分钟候诊', '0', '1', '36', '33' );
INSERT INTO doctor_schedule ( m_code, service_date, week_day, session_code, session_name, start_time, end_time,  department_code, department_name, clinic_room_code, clinic_room_name,  doctor_code, doctor_name, doctor_title_code, doctor_title, doctor_spec,  doctor_sess_type_code, doctor_sess_type, service_code, service_name,  fee, reg_fee, checkup_fee, service_fee, other_fee, available_number_str,  admit_address_string, admit_time_range, note, time_range_flag, schedule_status,  available_total_num, available_left_num ) VALUES ( 'SCH_DOC_DEPT013_3_20260326_2', '2026-03-26', '4', '2', '下午', '13:30', '17:30', 'DEPT013', '呼吸内科', 'ROOM_DEPT013_3', '呼吸内科门诊1诊室', 'DOC_DEPT013_3', '赵勇', '02', '副主任医师', '肺结节辅助诊断', '1', '专家门诊', 'SRV_001', '副主任医师挂号费', '20.00', '20.00', '0.00', '0.00', '0.00', '1,3,5,7,9,11,12,13,19,20,21,23,25,27,30,31,33,34,35,36', '主楼5层呼吸内科候诊区', '13:30-17:30', '请提前15分钟候诊', '0', '1', '36', '25' );
INSERT INTO doctor_schedule ( m_code, service_date, week_day, session_code, session_name, start_time, end_time,  department_code, department_name, clinic_room_code, clinic_room_name,  doctor_code, doctor_name, doctor_title_code, doctor_title, doctor_spec,  doctor_sess_type_code, doctor_sess_type, service_code, service_name,  fee, reg_fee, checkup_fee, service_fee, other_fee, available_number_str,  admit_address_string, admit_time_range, note, time_range_flag, schedule_status,  available_total_num, available_left_num ) VALUES ( 'SCH_DOC_DEPT013_3_20260328_2', '2026-03-28', '6', '2', '下午', '13:30', '17:30', 'DEPT013', '呼吸内科', 'ROOM_DEPT013_5', '呼吸内科门诊4诊室', 'DOC_DEPT013_3', '赵勇', '02', '副主任医师', '肺结节辅助诊断', '1', '专家门诊', 'SRV_001', '副主任医师挂号费', '20.00', '20.00', '0.00', '0.00', '0.00', '1,2,3,4,5,7,8,11,12,15,16,17,18,20,21,22,23,24,25,26,27,28,29,30,31,32', '主楼3层呼吸内科候诊区', '13:30-17:30', '请提前15分钟候诊', '0', '1', '32', '30' );
INSERT INTO doctor_schedule ( m_code, service_date, week_day, session_code, session_name, start_time, end_time,  department_code, department_name, clinic_room_code, clinic_room_name,  doctor_code, doctor_name, doctor_title_code, doctor_title, doctor_spec,  doctor_sess_type_code, doctor_sess_type, service_code, service_name,  fee, reg_fee, checkup_fee, service_fee, other_fee, available_number_str,  admit_address_string, admit_time_range, note, time_range_flag, schedule_status,  available_total_num, available_left_num ) VALUES ( 'SCH_DOC_DEPT013_3_20260329_1', '2026-03-29', '7', '1', '上午', '08:00', '12:00', 'DEPT013', '呼吸内科', 'ROOM_DEPT013_4', '呼吸内科门诊1诊室', 'DOC_DEPT013_3', '赵勇', '02', '副主任医师', '肺结节辅助诊断', '1', '专家门诊', 'SRV_001', '副主任医师挂号费', '50.00', '50.00', '0.00', '0.00', '0.00', '1,2,3,5,6,7,9,11,13,17,19,20,21,22,23,26,27,28,30,31,32,34,36', '主楼1层呼吸内科候诊区', '08:00-12:00', '请提前15分钟候诊', '0', '1', '36', '15' );
INSERT INTO doctor_schedule ( m_code, service_date, week_day, session_code, session_name, start_time, end_time,  department_code, department_name, clinic_room_code, clinic_room_name,  doctor_code, doctor_name, doctor_title_code, doctor_title, doctor_spec,  doctor_sess_type_code, doctor_sess_type, service_code, service_name,  fee, reg_fee, checkup_fee, service_fee, other_fee, available_number_str,  admit_address_string, admit_time_range, note, time_range_flag, schedule_status,  available_total_num, available_left_num ) VALUES ( 'SCH_DOC_DEPT013_3_20260329_2', '2026-03-29', '7', '2', '下午', '13:30', '17:30', 'DEPT013', '呼吸内科', 'ROOM_DEPT013_3', '呼吸内科门诊5诊室', 'DOC_DEPT013_3', '赵勇', '02', '副主任医师', '肺结节辅助诊断', '1', '专家门诊', 'SRV_001', '副主任医师挂号费', '50.00', '50.00', '0.00', '0.00', '0.00', '1,2,5,7,8,9,10,11,12,13,14,15', '主楼2层呼吸内科候诊区', '13:30-17:30', '请提前15分钟候诊', '0', '1', '15', '11' );
INSERT INTO doctor (doctor_code, doctor_name, department_code, title, specialty, doctor_des, doctor_image) VALUES ('DOC_DEPT013_4', '赵磊', 'DEPT013', '副主任医师', '支气管镜介入', '赵磊副主任医师，从事呼吸内科临床工作5年，专业严谨。她长期致力于支气管镜介入的诊疗，已成功治愈数千例相关患者。', 'doc_DOC_DEPT013_4.png');
INSERT INTO doctor_schedule ( m_code, service_date, week_day, session_code, session_name, start_time, end_time,  department_code, department_name, clinic_room_code, clinic_room_name,  doctor_code, doctor_name, doctor_title_code, doctor_title, doctor_spec,  doctor_sess_type_code, doctor_sess_type, service_code, service_name,  fee, reg_fee, checkup_fee, service_fee, other_fee, available_number_str,  admit_address_string, admit_time_range, note, time_range_flag, schedule_status,  available_total_num, available_left_num ) VALUES ( 'SCH_DOC_DEPT013_4_20260316_1', '2026-03-16', '1', '1', '上午', '08:00', '12:00', 'DEPT013', '呼吸内科', 'ROOM_DEPT013_5', '呼吸内科门诊3诊室', 'DOC_DEPT013_4', '赵磊', '02', '副主任医师', '支气管镜介入', '1', '专家门诊', 'SRV_001', '副主任医师挂号费', '15.00', '15.00', '0.00', '0.00', '0.00', '2,3,4,6,7,8,10,11,12,13,14,15,16,18,19,21,22,23,24,26,30,31', '主楼2层呼吸内科候诊区', '08:00-12:00', '请提前15分钟候诊', '0', '1', '31', '25' );
INSERT INTO doctor_schedule ( m_code, service_date, week_day, session_code, session_name, start_time, end_time,  department_code, department_name, clinic_room_code, clinic_room_name,  doctor_code, doctor_name, doctor_title_code, doctor_title, doctor_spec,  doctor_sess_type_code, doctor_sess_type, service_code, service_name,  fee, reg_fee, checkup_fee, service_fee, other_fee, available_number_str,  admit_address_string, admit_time_range, note, time_range_flag, schedule_status,  available_total_num, available_left_num ) VALUES ( 'SCH_DOC_DEPT013_4_20260318_1', '2026-03-18', '3', '1', '上午', '08:00', '12:00', 'DEPT013', '呼吸内科', 'ROOM_DEPT013_2', '呼吸内科门诊1诊室', 'DOC_DEPT013_4', '赵磊', '02', '副主任医师', '支气管镜介入', '1', '专家门诊', 'SRV_001', '副主任医师挂号费', '50.00', '50.00', '0.00', '0.00', '0.00', '1,3,5,8,9,10,11,12,14,15,16,19,20,21,22', '主楼2层呼吸内科候诊区', '08:00-12:00', '请提前15分钟候诊', '0', '1', '24', '17' );
INSERT INTO doctor_schedule ( m_code, service_date, week_day, session_code, session_name, start_time, end_time,  department_code, department_name, clinic_room_code, clinic_room_name,  doctor_code, doctor_name, doctor_title_code, doctor_title, doctor_spec,  doctor_sess_type_code, doctor_sess_type, service_code, service_name,  fee, reg_fee, checkup_fee, service_fee, other_fee, available_number_str,  admit_address_string, admit_time_range, note, time_range_flag, schedule_status,  available_total_num, available_left_num ) VALUES ( 'SCH_DOC_DEPT013_4_20260322_2', '2026-03-22', '7', '2', '下午', '13:30', '17:30', 'DEPT013', '呼吸内科', 'ROOM_DEPT013_1', '呼吸内科门诊2诊室', 'DOC_DEPT013_4', '赵磊', '02', '副主任医师', '支气管镜介入', '1', '专家门诊', 'SRV_001', '副主任医师挂号费', '15.00', '15.00', '0.00', '0.00', '0.00', '2,4,5,6,7,8,9,10,11,12,13,14,15,16,18,19,20,21,22,23,25', '主楼6层呼吸内科候诊区', '13:30-17:30', '请提前15分钟候诊', '0', '1', '25', '22' );
INSERT INTO doctor_schedule ( m_code, service_date, week_day, session_code, session_name, start_time, end_time,  department_code, department_name, clinic_room_code, clinic_room_name,  doctor_code, doctor_name, doctor_title_code, doctor_title, doctor_spec,  doctor_sess_type_code, doctor_sess_type, service_code, service_name,  fee, reg_fee, checkup_fee, service_fee, other_fee, available_number_str,  admit_address_string, admit_time_range, note, time_range_flag, schedule_status,  available_total_num, available_left_num ) VALUES ( 'SCH_DOC_DEPT013_4_20260323_1', '2026-03-23', '1', '1', '上午', '08:00', '12:00', 'DEPT013', '呼吸内科', 'ROOM_DEPT013_2', '呼吸内科门诊1诊室', 'DOC_DEPT013_4', '赵磊', '02', '副主任医师', '支气管镜介入', '1', '专家门诊', 'SRV_001', '副主任医师挂号费', '20.00', '20.00', '0.00', '0.00', '0.00', '2,3,6,7,9,10,13,14,15,20,24,25,26,32,33,34,37,38,39', '主楼5层呼吸内科候诊区', '08:00-12:00', '请提前15分钟候诊', '0', '1', '39', '13' );
INSERT INTO doctor_schedule ( m_code, service_date, week_day, session_code, session_name, start_time, end_time,  department_code, department_name, clinic_room_code, clinic_room_name,  doctor_code, doctor_name, doctor_title_code, doctor_title, doctor_spec,  doctor_sess_type_code, doctor_sess_type, service_code, service_name,  fee, reg_fee, checkup_fee, service_fee, other_fee, available_number_str,  admit_address_string, admit_time_range, note, time_range_flag, schedule_status,  available_total_num, available_left_num ) VALUES ( 'SCH_DOC_DEPT013_4_20260324_1', '2026-03-24', '2', '1', '上午', '08:00', '12:00', 'DEPT013', '呼吸内科', 'ROOM_DEPT013_4', '呼吸内科门诊2诊室', 'DOC_DEPT013_4', '赵磊', '02', '副主任医师', '支气管镜介入', '1', '专家门诊', 'SRV_001', '副主任医师挂号费', '20.00', '20.00', '0.00', '0.00', '0.00', '1,3,4,5,8,9,10,12,15,16,18,21,22,23,24,26,27,28', '主楼1层呼吸内科候诊区', '08:00-12:00', '请提前15分钟候诊', '0', '1', '28', '20' );
INSERT INTO doctor_schedule ( m_code, service_date, week_day, session_code, session_name, start_time, end_time,  department_code, department_name, clinic_room_code, clinic_room_name,  doctor_code, doctor_name, doctor_title_code, doctor_title, doctor_spec,  doctor_sess_type_code, doctor_sess_type, service_code, service_name,  fee, reg_fee, checkup_fee, service_fee, other_fee, available_number_str,  admit_address_string, admit_time_range, note, time_range_flag, schedule_status,  available_total_num, available_left_num ) VALUES ( 'SCH_DOC_DEPT013_4_20260324_2', '2026-03-24', '2', '2', '下午', '13:30', '17:30', 'DEPT013', '呼吸内科', 'ROOM_DEPT013_2', '呼吸内科门诊1诊室', 'DOC_DEPT013_4', '赵磊', '02', '副主任医师', '支气管镜介入', '1', '专家门诊', 'SRV_001', '副主任医师挂号费', '50.00', '50.00', '0.00', '0.00', '0.00', '1,2,4,5,6,7,8,11,12,13,14,15,16', '主楼5层呼吸内科候诊区', '13:30-17:30', '请提前15分钟候诊', '0', '1', '16', '12' );
INSERT INTO doctor_schedule ( m_code, service_date, week_day, session_code, session_name, start_time, end_time,  department_code, department_name, clinic_room_code, clinic_room_name,  doctor_code, doctor_name, doctor_title_code, doctor_title, doctor_spec,  doctor_sess_type_code, doctor_sess_type, service_code, service_name,  fee, reg_fee, checkup_fee, service_fee, other_fee, available_number_str,  admit_address_string, admit_time_range, note, time_range_flag, schedule_status,  available_total_num, available_left_num ) VALUES ( 'SCH_DOC_DEPT013_4_20260325_1', '2026-03-25', '3', '1', '上午', '08:00', '12:00', 'DEPT013', '呼吸内科', 'ROOM_DEPT013_4', '呼吸内科门诊2诊室', 'DOC_DEPT013_4', '赵磊', '02', '副主任医师', '支气管镜介入', '1', '专家门诊', 'SRV_001', '副主任医师挂号费', '50.00', '50.00', '0.00', '0.00', '0.00', '2,3,4,5,7,10,11,12,13,14,16,19,20,21', '主楼4层呼吸内科候诊区', '08:00-12:00', '请提前15分钟候诊', '0', '1', '21', '18' );
INSERT INTO doctor_schedule ( m_code, service_date, week_day, session_code, session_name, start_time, end_time,  department_code, department_name, clinic_room_code, clinic_room_name,  doctor_code, doctor_name, doctor_title_code, doctor_title, doctor_spec,  doctor_sess_type_code, doctor_sess_type, service_code, service_name,  fee, reg_fee, checkup_fee, service_fee, other_fee, available_number_str,  admit_address_string, admit_time_range, note, time_range_flag, schedule_status,  available_total_num, available_left_num ) VALUES ( 'SCH_DOC_DEPT013_4_20260325_2', '2026-03-25', '3', '2', '下午', '13:30', '17:30', 'DEPT013', '呼吸内科', 'ROOM_DEPT013_1', '呼吸内科门诊2诊室', 'DOC_DEPT013_4', '赵磊', '02', '副主任医师', '支气管镜介入', '1', '专家门诊', 'SRV_001', '副主任医师挂号费', '15.00', '15.00', '0.00', '0.00', '0.00', '1,2,3,4,6,7,8,10,11,12,13,14,15,16,19,20,22,23,24,25,26', '主楼3层呼吸内科候诊区', '13:30-17:30', '请提前15分钟候诊', '0', '1', '26', '23' );
INSERT INTO doctor_schedule ( m_code, service_date, week_day, session_code, session_name, start_time, end_time,  department_code, department_name, clinic_room_code, clinic_room_name,  doctor_code, doctor_name, doctor_title_code, doctor_title, doctor_spec,  doctor_sess_type_code, doctor_sess_type, service_code, service_name,  fee, reg_fee, checkup_fee, service_fee, other_fee, available_number_str,  admit_address_string, admit_time_range, note, time_range_flag, schedule_status,  available_total_num, available_left_num ) VALUES ( 'SCH_DOC_DEPT013_4_20260326_1', '2026-03-26', '4', '1', '上午', '08:00', '12:00', 'DEPT013', '呼吸内科', 'ROOM_DEPT013_4', '呼吸内科门诊3诊室', 'DOC_DEPT013_4', '赵磊', '02', '副主任医师', '支气管镜介入', '1', '专家门诊', 'SRV_001', '副主任医师挂号费', '50.00', '50.00', '0.00', '0.00', '0.00', '1,2,3,5,6,7,8,9,10,11,12,13,14,15,17,20,21,24,27,28,29', '主楼3层呼吸内科候诊区', '08:00-12:00', '请提前15分钟候诊', '0', '1', '29', '19' );
INSERT INTO doctor_schedule ( m_code, service_date, week_day, session_code, session_name, start_time, end_time,  department_code, department_name, clinic_room_code, clinic_room_name,  doctor_code, doctor_name, doctor_title_code, doctor_title, doctor_spec,  doctor_sess_type_code, doctor_sess_type, service_code, service_name,  fee, reg_fee, checkup_fee, service_fee, other_fee, available_number_str,  admit_address_string, admit_time_range, note, time_range_flag, schedule_status,  available_total_num, available_left_num ) VALUES ( 'SCH_DOC_DEPT013_4_20260326_2', '2026-03-26', '4', '2', '下午', '13:30', '17:30', 'DEPT013', '呼吸内科', 'ROOM_DEPT013_1', '呼吸内科门诊4诊室', 'DOC_DEPT013_4', '赵磊', '02', '副主任医师', '支气管镜介入', '1', '专家门诊', 'SRV_001', '副主任医师挂号费', '15.00', '15.00', '0.00', '0.00', '0.00', '1,2,3,4,5,6,8,9,11,12,13,14,15,16,17', '主楼4层呼吸内科候诊区', '13:30-17:30', '请提前15分钟候诊', '0', '1', '18', '6' );
INSERT INTO doctor_schedule ( m_code, service_date, week_day, session_code, session_name, start_time, end_time,  department_code, department_name, clinic_room_code, clinic_room_name,  doctor_code, doctor_name, doctor_title_code, doctor_title, doctor_spec,  doctor_sess_type_code, doctor_sess_type, service_code, service_name,  fee, reg_fee, checkup_fee, service_fee, other_fee, available_number_str,  admit_address_string, admit_time_range, note, time_range_flag, schedule_status,  available_total_num, available_left_num ) VALUES ( 'SCH_DOC_DEPT013_4_20260327_2', '2026-03-27', '5', '2', '下午', '13:30', '17:30', 'DEPT013', '呼吸内科', 'ROOM_DEPT013_4', '呼吸内科门诊1诊室', 'DOC_DEPT013_4', '赵磊', '02', '副主任医师', '支气管镜介入', '1', '专家门诊', 'SRV_001', '副主任医师挂号费', '15.00', '15.00', '0.00', '0.00', '0.00', '2,3,4,5,7,11,12,13,14,15,16,20,22,23,24,25,26', '主楼4层呼吸内科候诊区', '13:30-17:30', '请提前15分钟候诊', '0', '1', '26', '21' );
INSERT INTO doctor_schedule ( m_code, service_date, week_day, session_code, session_name, start_time, end_time,  department_code, department_name, clinic_room_code, clinic_room_name,  doctor_code, doctor_name, doctor_title_code, doctor_title, doctor_spec,  doctor_sess_type_code, doctor_sess_type, service_code, service_name,  fee, reg_fee, checkup_fee, service_fee, other_fee, available_number_str,  admit_address_string, admit_time_range, note, time_range_flag, schedule_status,  available_total_num, available_left_num ) VALUES ( 'SCH_DOC_DEPT013_4_20260327_1', '2026-03-27', '5', '1', '上午', '08:00', '12:00', 'DEPT013', '呼吸内科', 'ROOM_DEPT013_1', '呼吸内科门诊3诊室', 'DOC_DEPT013_4', '赵磊', '02', '副主任医师', '支气管镜介入', '1', '专家门诊', 'SRV_001', '副主任医师挂号费', '15.00', '15.00', '0.00', '0.00', '0.00', '1,2,3,4,5,6,7,8,9,10,12,13,14,16', '主楼5层呼吸内科候诊区', '08:00-12:00', '请提前15分钟候诊', '0', '1', '17', '14' );
INSERT INTO doctor_schedule ( m_code, service_date, week_day, session_code, session_name, start_time, end_time,  department_code, department_name, clinic_room_code, clinic_room_name,  doctor_code, doctor_name, doctor_title_code, doctor_title, doctor_spec,  doctor_sess_type_code, doctor_sess_type, service_code, service_name,  fee, reg_fee, checkup_fee, service_fee, other_fee, available_number_str,  admit_address_string, admit_time_range, note, time_range_flag, schedule_status,  available_total_num, available_left_num ) VALUES ( 'SCH_DOC_DEPT013_4_20260328_2', '2026-03-28', '6', '2', '下午', '13:30', '17:30', 'DEPT013', '呼吸内科', 'ROOM_DEPT013_3', '呼吸内科门诊3诊室', 'DOC_DEPT013_4', '赵磊', '02', '副主任医师', '支气管镜介入', '1', '专家门诊', 'SRV_001', '副主任医师挂号费', '15.00', '15.00', '0.00', '0.00', '0.00', '2,4,5,6,7,8,9,10,11,12,13,14,15,16,17', '主楼2层呼吸内科候诊区', '13:30-17:30', '请提前15分钟候诊', '0', '1', '17', '13' );
INSERT INTO doctor_schedule ( m_code, service_date, week_day, session_code, session_name, start_time, end_time,  department_code, department_name, clinic_room_code, clinic_room_name,  doctor_code, doctor_name, doctor_title_code, doctor_title, doctor_spec,  doctor_sess_type_code, doctor_sess_type, service_code, service_name,  fee, reg_fee, checkup_fee, service_fee, other_fee, available_number_str,  admit_address_string, admit_time_range, note, time_range_flag, schedule_status,  available_total_num, available_left_num ) VALUES ( 'SCH_DOC_DEPT013_4_20260329_2', '2026-03-29', '7', '2', '下午', '13:30', '17:30', 'DEPT013', '呼吸内科', 'ROOM_DEPT013_1', '呼吸内科门诊5诊室', 'DOC_DEPT013_4', '赵磊', '02', '副主任医师', '支气管镜介入', '1', '专家门诊', 'SRV_001', '副主任医师挂号费', '15.00', '15.00', '0.00', '0.00', '0.00', '2,5,6,7,11,13,15,16,17,18,19,21,22,26,27,28,30,34', '主楼1层呼吸内科候诊区', '13:30-17:30', '请提前15分钟候诊', '0', '1', '34', '34' );
INSERT INTO doctor_schedule ( m_code, service_date, week_day, session_code, session_name, start_time, end_time,  department_code, department_name, clinic_room_code, clinic_room_name,  doctor_code, doctor_name, doctor_title_code, doctor_title, doctor_spec,  doctor_sess_type_code, doctor_sess_type, service_code, service_name,  fee, reg_fee, checkup_fee, service_fee, other_fee, available_number_str,  admit_address_string, admit_time_range, note, time_range_flag, schedule_status,  available_total_num, available_left_num ) VALUES ( 'SCH_DOC_DEPT013_4_20260329_1', '2026-03-29', '7', '1', '上午', '08:00', '12:00', 'DEPT013', '呼吸内科', 'ROOM_DEPT013_3', '呼吸内科门诊5诊室', 'DOC_DEPT013_4', '赵磊', '02', '副主任医师', '支气管镜介入', '1', '专家门诊', 'SRV_001', '副主任医师挂号费', '50.00', '50.00', '0.00', '0.00', '0.00', '3,4,7,8,9,10,11,12,13,14,15', '主楼5层呼吸内科候诊区', '08:00-12:00', '请提前15分钟候诊', '0', '1', '16', '10' );
INSERT INTO doctor (doctor_code, doctor_name, department_code, title, specialty, doctor_des, doctor_image) VALUES ('DOC_DEPT013_5', '胡磊', 'DEPT013', '主任医师', '间质性肺病', '胡磊主任医师，从事呼吸内科临床工作19年，待人亲切。她擅长间质性肺病的诊疗，已成功治愈数千例相关患者。', 'doc_DOC_DEPT013_5.png');
INSERT INTO doctor_schedule ( m_code, service_date, week_day, session_code, session_name, start_time, end_time,  department_code, department_name, clinic_room_code, clinic_room_name,  doctor_code, doctor_name, doctor_title_code, doctor_title, doctor_spec,  doctor_sess_type_code, doctor_sess_type, service_code, service_name,  fee, reg_fee, checkup_fee, service_fee, other_fee, available_number_str,  admit_address_string, admit_time_range, note, time_range_flag, schedule_status,  available_total_num, available_left_num ) VALUES ( 'SCH_DOC_DEPT013_5_20260317_2', '2026-03-17', '2', '2', '下午', '13:30', '17:30', 'DEPT013', '呼吸内科', 'ROOM_DEPT013_2', '呼吸内科门诊5诊室', 'DOC_DEPT013_5', '胡磊', '01', '主任医师', '间质性肺病', '1', '专家门诊', 'SRV_001', '主任医师挂号费', '20.00', '20.00', '0.00', '0.00', '0.00', '2,3,4,5,6,7,10,12,13,14,16,17,19,20,21,22,23,25,26,27,29,30,31,32,33,34,36,37', '主楼2层呼吸内科候诊区', '13:30-17:30', '请提前15分钟候诊', '0', '1', '37', '32' );
INSERT INTO doctor_schedule ( m_code, service_date, week_day, session_code, session_name, start_time, end_time,  department_code, department_name, clinic_room_code, clinic_room_name,  doctor_code, doctor_name, doctor_title_code, doctor_title, doctor_spec,  doctor_sess_type_code, doctor_sess_type, service_code, service_name,  fee, reg_fee, checkup_fee, service_fee, other_fee, available_number_str,  admit_address_string, admit_time_range, note, time_range_flag, schedule_status,  available_total_num, available_left_num ) VALUES ( 'SCH_DOC_DEPT013_5_20260317_1', '2026-03-17', '2', '1', '上午', '08:00', '12:00', 'DEPT013', '呼吸内科', 'ROOM_DEPT013_2', '呼吸内科门诊1诊室', 'DOC_DEPT013_5', '胡磊', '01', '主任医师', '间质性肺病', '1', '专家门诊', 'SRV_001', '主任医师挂号费', '20.00', '20.00', '0.00', '0.00', '0.00', '1,2,4,5,6,7,8,9,10,11,12,13,15,16,17,18,19,20,24,26,28,29,31,32,33', '主楼4层呼吸内科候诊区', '08:00-12:00', '请提前15分钟候诊', '0', '1', '34', '17' );
INSERT INTO doctor_schedule ( m_code, service_date, week_day, session_code, session_name, start_time, end_time,  department_code, department_name, clinic_room_code, clinic_room_name,  doctor_code, doctor_name, doctor_title_code, doctor_title, doctor_spec,  doctor_sess_type_code, doctor_sess_type, service_code, service_name,  fee, reg_fee, checkup_fee, service_fee, other_fee, available_number_str,  admit_address_string, admit_time_range, note, time_range_flag, schedule_status,  available_total_num, available_left_num ) VALUES ( 'SCH_DOC_DEPT013_5_20260319_2', '2026-03-19', '4', '2', '下午', '13:30', '17:30', 'DEPT013', '呼吸内科', 'ROOM_DEPT013_5', '呼吸内科门诊1诊室', 'DOC_DEPT013_5', '胡磊', '01', '主任医师', '间质性肺病', '1', '专家门诊', 'SRV_001', '主任医师挂号费', '15.00', '15.00', '0.00', '0.00', '0.00', '1,2,3,4,6,7,9,10,11,13,15,17,21,22,23', '主楼5层呼吸内科候诊区', '13:30-17:30', '请提前15分钟候诊', '0', '1', '23', '17' );
INSERT INTO doctor_schedule ( m_code, service_date, week_day, session_code, session_name, start_time, end_time,  department_code, department_name, clinic_room_code, clinic_room_name,  doctor_code, doctor_name, doctor_title_code, doctor_title, doctor_spec,  doctor_sess_type_code, doctor_sess_type, service_code, service_name,  fee, reg_fee, checkup_fee, service_fee, other_fee, available_number_str,  admit_address_string, admit_time_range, note, time_range_flag, schedule_status,  available_total_num, available_left_num ) VALUES ( 'SCH_DOC_DEPT013_5_20260319_1', '2026-03-19', '4', '1', '上午', '08:00', '12:00', 'DEPT013', '呼吸内科', 'ROOM_DEPT013_5', '呼吸内科门诊4诊室', 'DOC_DEPT013_5', '胡磊', '01', '主任医师', '间质性肺病', '1', '专家门诊', 'SRV_001', '主任医师挂号费', '15.00', '15.00', '0.00', '0.00', '0.00', '1,3,4,5,6,9,10,11,12,13,14,17,18,19,20', '主楼5层呼吸内科候诊区', '08:00-12:00', '请提前15分钟候诊', '0', '1', '20', '16' );
INSERT INTO doctor_schedule ( m_code, service_date, week_day, session_code, session_name, start_time, end_time,  department_code, department_name, clinic_room_code, clinic_room_name,  doctor_code, doctor_name, doctor_title_code, doctor_title, doctor_spec,  doctor_sess_type_code, doctor_sess_type, service_code, service_name,  fee, reg_fee, checkup_fee, service_fee, other_fee, available_number_str,  admit_address_string, admit_time_range, note, time_range_flag, schedule_status,  available_total_num, available_left_num ) VALUES ( 'SCH_DOC_DEPT013_5_20260320_1', '2026-03-20', '5', '1', '上午', '08:00', '12:00', 'DEPT013', '呼吸内科', 'ROOM_DEPT013_5', '呼吸内科门诊4诊室', 'DOC_DEPT013_5', '胡磊', '01', '主任医师', '间质性肺病', '1', '专家门诊', 'SRV_001', '主任医师挂号费', '15.00', '15.00', '0.00', '0.00', '0.00', '1,2,3,4,5,6,8,10,11,12,13,15,16,17,18,20,21,22,23,25,27,28', '主楼1层呼吸内科候诊区', '08:00-12:00', '请提前15分钟候诊', '0', '1', '29', '17' );
INSERT INTO doctor_schedule ( m_code, service_date, week_day, session_code, session_name, start_time, end_time,  department_code, department_name, clinic_room_code, clinic_room_name,  doctor_code, doctor_name, doctor_title_code, doctor_title, doctor_spec,  doctor_sess_type_code, doctor_sess_type, service_code, service_name,  fee, reg_fee, checkup_fee, service_fee, other_fee, available_number_str,  admit_address_string, admit_time_range, note, time_range_flag, schedule_status,  available_total_num, available_left_num ) VALUES ( 'SCH_DOC_DEPT013_5_20260321_2', '2026-03-21', '6', '2', '下午', '13:30', '17:30', 'DEPT013', '呼吸内科', 'ROOM_DEPT013_3', '呼吸内科门诊2诊室', 'DOC_DEPT013_5', '胡磊', '01', '主任医师', '间质性肺病', '1', '专家门诊', 'SRV_001', '主任医师挂号费', '15.00', '15.00', '0.00', '0.00', '0.00', '1,3,4,5,7,8,9,10,11,12,13,14,15', '主楼1层呼吸内科候诊区', '13:30-17:30', '请提前15分钟候诊', '0', '1', '15', '7' );
INSERT INTO doctor_schedule ( m_code, service_date, week_day, session_code, session_name, start_time, end_time,  department_code, department_name, clinic_room_code, clinic_room_name,  doctor_code, doctor_name, doctor_title_code, doctor_title, doctor_spec,  doctor_sess_type_code, doctor_sess_type, service_code, service_name,  fee, reg_fee, checkup_fee, service_fee, other_fee, available_number_str,  admit_address_string, admit_time_range, note, time_range_flag, schedule_status,  available_total_num, available_left_num ) VALUES ( 'SCH_DOC_DEPT013_5_20260322_1', '2026-03-22', '7', '1', '上午', '08:00', '12:00', 'DEPT013', '呼吸内科', 'ROOM_DEPT013_5', '呼吸内科门诊4诊室', 'DOC_DEPT013_5', '胡磊', '01', '主任医师', '间质性肺病', '1', '专家门诊', 'SRV_001', '主任医师挂号费', '15.00', '15.00', '0.00', '0.00', '0.00', '2,3,4,5,6,7,9,10,11,13,14,16,17,18,19,20', '主楼3层呼吸内科候诊区', '08:00-12:00', '请提前15分钟候诊', '0', '1', '20', '15' );
INSERT INTO doctor_schedule ( m_code, service_date, week_day, session_code, session_name, start_time, end_time,  department_code, department_name, clinic_room_code, clinic_room_name,  doctor_code, doctor_name, doctor_title_code, doctor_title, doctor_spec,  doctor_sess_type_code, doctor_sess_type, service_code, service_name,  fee, reg_fee, checkup_fee, service_fee, other_fee, available_number_str,  admit_address_string, admit_time_range, note, time_range_flag, schedule_status,  available_total_num, available_left_num ) VALUES ( 'SCH_DOC_DEPT013_5_20260323_2', '2026-03-23', '1', '2', '下午', '13:30', '17:30', 'DEPT013', '呼吸内科', 'ROOM_DEPT013_1', '呼吸内科门诊2诊室', 'DOC_DEPT013_5', '胡磊', '01', '主任医师', '间质性肺病', '1', '专家门诊', 'SRV_001', '主任医师挂号费', '50.00', '50.00', '0.00', '0.00', '0.00', '1,3,4,5,9,11,12,13,14,15,17,19,22,23,24,25,28,29,31,32,33,34,35,38', '主楼2层呼吸内科候诊区', '13:30-17:30', '请提前15分钟候诊', '0', '1', '38', '37' );
INSERT INTO doctor_schedule ( m_code, service_date, week_day, session_code, session_name, start_time, end_time,  department_code, department_name, clinic_room_code, clinic_room_name,  doctor_code, doctor_name, doctor_title_code, doctor_title, doctor_spec,  doctor_sess_type_code, doctor_sess_type, service_code, service_name,  fee, reg_fee, checkup_fee, service_fee, other_fee, available_number_str,  admit_address_string, admit_time_range, note, time_range_flag, schedule_status,  available_total_num, available_left_num ) VALUES ( 'SCH_DOC_DEPT013_5_20260324_2', '2026-03-24', '2', '2', '下午', '13:30', '17:30', 'DEPT013', '呼吸内科', 'ROOM_DEPT013_5', '呼吸内科门诊3诊室', 'DOC_DEPT013_5', '胡磊', '01', '主任医师', '间质性肺病', '1', '专家门诊', 'SRV_001', '主任医师挂号费', '15.00', '15.00', '0.00', '0.00', '0.00', '1,2,3,7,9,10,12,13,14,15,16,17,18,19,20,21,23,24', '主楼1层呼吸内科候诊区', '13:30-17:30', '请提前15分钟候诊', '0', '1', '25', '6' );
INSERT INTO doctor_schedule ( m_code, service_date, week_day, session_code, session_name, start_time, end_time,  department_code, department_name, clinic_room_code, clinic_room_name,  doctor_code, doctor_name, doctor_title_code, doctor_title, doctor_spec,  doctor_sess_type_code, doctor_sess_type, service_code, service_name,  fee, reg_fee, checkup_fee, service_fee, other_fee, available_number_str,  admit_address_string, admit_time_range, note, time_range_flag, schedule_status,  available_total_num, available_left_num ) VALUES ( 'SCH_DOC_DEPT013_5_20260325_1', '2026-03-25', '3', '1', '上午', '08:00', '12:00', 'DEPT013', '呼吸内科', 'ROOM_DEPT013_4', '呼吸内科门诊4诊室', 'DOC_DEPT013_5', '胡磊', '01', '主任医师', '间质性肺病', '1', '专家门诊', 'SRV_001', '主任医师挂号费', '20.00', '20.00', '0.00', '0.00', '0.00', '2,3,7,10,11,13,14,15,16,18,20,21,22,23,24,25,26,27,29,30,31,33', '主楼1层呼吸内科候诊区', '08:00-12:00', '请提前15分钟候诊', '0', '1', '33', '10' );
INSERT INTO doctor_schedule ( m_code, service_date, week_day, session_code, session_name, start_time, end_time,  department_code, department_name, clinic_room_code, clinic_room_name,  doctor_code, doctor_name, doctor_title_code, doctor_title, doctor_spec,  doctor_sess_type_code, doctor_sess_type, service_code, service_name,  fee, reg_fee, checkup_fee, service_fee, other_fee, available_number_str,  admit_address_string, admit_time_range, note, time_range_flag, schedule_status,  available_total_num, available_left_num ) VALUES ( 'SCH_DOC_DEPT013_5_20260325_2', '2026-03-25', '3', '2', '下午', '13:30', '17:30', 'DEPT013', '呼吸内科', 'ROOM_DEPT013_3', '呼吸内科门诊2诊室', 'DOC_DEPT013_5', '胡磊', '01', '主任医师', '间质性肺病', '1', '专家门诊', 'SRV_001', '主任医师挂号费', '20.00', '20.00', '0.00', '0.00', '0.00', '2,3,4,5,7,9,11,12,13,14,15,18,19,20,22,23,25,26,29,32,33', '主楼4层呼吸内科候诊区', '13:30-17:30', '请提前15分钟候诊', '0', '1', '34', '21' );
INSERT INTO doctor_schedule ( m_code, service_date, week_day, session_code, session_name, start_time, end_time,  department_code, department_name, clinic_room_code, clinic_room_name,  doctor_code, doctor_name, doctor_title_code, doctor_title, doctor_spec,  doctor_sess_type_code, doctor_sess_type, service_code, service_name,  fee, reg_fee, checkup_fee, service_fee, other_fee, available_number_str,  admit_address_string, admit_time_range, note, time_range_flag, schedule_status,  available_total_num, available_left_num ) VALUES ( 'SCH_DOC_DEPT013_5_20260326_2', '2026-03-26', '4', '2', '下午', '13:30', '17:30', 'DEPT013', '呼吸内科', 'ROOM_DEPT013_2', '呼吸内科门诊3诊室', 'DOC_DEPT013_5', '胡磊', '01', '主任医师', '间质性肺病', '1', '专家门诊', 'SRV_001', '主任医师挂号费', '50.00', '50.00', '0.00', '0.00', '0.00', '1,2,3,4,6,7,8,9,10,12,14,15', '主楼6层呼吸内科候诊区', '13:30-17:30', '请提前15分钟候诊', '0', '1', '18', '13' );
INSERT INTO doctor_schedule ( m_code, service_date, week_day, session_code, session_name, start_time, end_time,  department_code, department_name, clinic_room_code, clinic_room_name,  doctor_code, doctor_name, doctor_title_code, doctor_title, doctor_spec,  doctor_sess_type_code, doctor_sess_type, service_code, service_name,  fee, reg_fee, checkup_fee, service_fee, other_fee, available_number_str,  admit_address_string, admit_time_range, note, time_range_flag, schedule_status,  available_total_num, available_left_num ) VALUES ( 'SCH_DOC_DEPT013_5_20260326_1', '2026-03-26', '4', '1', '上午', '08:00', '12:00', 'DEPT013', '呼吸内科', 'ROOM_DEPT013_4', '呼吸内科门诊4诊室', 'DOC_DEPT013_5', '胡磊', '01', '主任医师', '间质性肺病', '1', '专家门诊', 'SRV_001', '主任医师挂号费', '15.00', '15.00', '0.00', '0.00', '0.00', '4,5,7,8,9,10,11,12,13,14,16,17,18', '主楼6层呼吸内科候诊区', '08:00-12:00', '请提前15分钟候诊', '0', '1', '18', '5' );
INSERT INTO doctor_schedule ( m_code, service_date, week_day, session_code, session_name, start_time, end_time,  department_code, department_name, clinic_room_code, clinic_room_name,  doctor_code, doctor_name, doctor_title_code, doctor_title, doctor_spec,  doctor_sess_type_code, doctor_sess_type, service_code, service_name,  fee, reg_fee, checkup_fee, service_fee, other_fee, available_number_str,  admit_address_string, admit_time_range, note, time_range_flag, schedule_status,  available_total_num, available_left_num ) VALUES ( 'SCH_DOC_DEPT013_5_20260329_2', '2026-03-29', '7', '2', '下午', '13:30', '17:30', 'DEPT013', '呼吸内科', 'ROOM_DEPT013_1', '呼吸内科门诊5诊室', 'DOC_DEPT013_5', '胡磊', '01', '主任医师', '间质性肺病', '1', '专家门诊', 'SRV_001', '主任医师挂号费', '15.00', '15.00', '0.00', '0.00', '0.00', '1,3,4,5,6,7,8,9,10,12,15,17,18,19,20,22,23,26,27,28,29,30,31,32,33,34', '主楼5层呼吸内科候诊区', '13:30-17:30', '请提前15分钟候诊', '0', '1', '34', '23' );
INSERT INTO doctor (doctor_code, doctor_name, department_code, title, specialty, doctor_des, doctor_image) VALUES ('DOC_DEPT014_1', '马静', 'DEPT014', '主治医师', '腹膜透析管理', '马静主治医师，从事肾内科临床工作26年，具备深厚的临床背景。她专注于腹膜透析管理的诊疗，已成功治愈数千例相关患者。', 'doc_DOC_DEPT014_1.png');
INSERT INTO doctor_schedule ( m_code, service_date, week_day, session_code, session_name, start_time, end_time,  department_code, department_name, clinic_room_code, clinic_room_name,  doctor_code, doctor_name, doctor_title_code, doctor_title, doctor_spec,  doctor_sess_type_code, doctor_sess_type, service_code, service_name,  fee, reg_fee, checkup_fee, service_fee, other_fee, available_number_str,  admit_address_string, admit_time_range, note, time_range_flag, schedule_status,  available_total_num, available_left_num ) VALUES ( 'SCH_DOC_DEPT014_1_20260316_1', '2026-03-16', '1', '1', '上午', '08:00', '12:00', 'DEPT014', '肾内科', 'ROOM_DEPT014_4', '肾内科门诊4诊室', 'DOC_DEPT014_1', '马静', '03', '主治医师', '腹膜透析管理', '1', '专家门诊', 'SRV_001', '主治医师挂号费', '50.00', '50.00', '0.00', '0.00', '0.00', '1,2,5,8,10,13,14,15,16,18,20,22,24,26', '主楼2层肾内科候诊区', '08:00-12:00', '请提前15分钟候诊', '0', '1', '27', '15' );
INSERT INTO doctor_schedule ( m_code, service_date, week_day, session_code, session_name, start_time, end_time,  department_code, department_name, clinic_room_code, clinic_room_name,  doctor_code, doctor_name, doctor_title_code, doctor_title, doctor_spec,  doctor_sess_type_code, doctor_sess_type, service_code, service_name,  fee, reg_fee, checkup_fee, service_fee, other_fee, available_number_str,  admit_address_string, admit_time_range, note, time_range_flag, schedule_status,  available_total_num, available_left_num ) VALUES ( 'SCH_DOC_DEPT014_1_20260316_2', '2026-03-16', '1', '2', '下午', '13:30', '17:30', 'DEPT014', '肾内科', 'ROOM_DEPT014_4', '肾内科门诊3诊室', 'DOC_DEPT014_1', '马静', '03', '主治医师', '腹膜透析管理', '1', '专家门诊', 'SRV_001', '主治医师挂号费', '50.00', '50.00', '0.00', '0.00', '0.00', '1,3,4,5,6,7,8,10,11,13,14,15,16,17,19,20,21,23,24,25,26,27,29,30,31,32,34,35,36,37,38', '主楼2层肾内科候诊区', '13:30-17:30', '请提前15分钟候诊', '0', '1', '38', '35' );
INSERT INTO doctor_schedule ( m_code, service_date, week_day, session_code, session_name, start_time, end_time,  department_code, department_name, clinic_room_code, clinic_room_name,  doctor_code, doctor_name, doctor_title_code, doctor_title, doctor_spec,  doctor_sess_type_code, doctor_sess_type, service_code, service_name,  fee, reg_fee, checkup_fee, service_fee, other_fee, available_number_str,  admit_address_string, admit_time_range, note, time_range_flag, schedule_status,  available_total_num, available_left_num ) VALUES ( 'SCH_DOC_DEPT014_1_20260317_1', '2026-03-17', '2', '1', '上午', '08:00', '12:00', 'DEPT014', '肾内科', 'ROOM_DEPT014_4', '肾内科门诊4诊室', 'DOC_DEPT014_1', '马静', '03', '主治医师', '腹膜透析管理', '1', '专家门诊', 'SRV_001', '主治医师挂号费', '20.00', '20.00', '0.00', '0.00', '0.00', '1,2,4,6,7,8,9,13,14,15,16,18,19,20,21', '主楼2层肾内科候诊区', '08:00-12:00', '请提前15分钟候诊', '0', '1', '21', '10' );
INSERT INTO doctor_schedule ( m_code, service_date, week_day, session_code, session_name, start_time, end_time,  department_code, department_name, clinic_room_code, clinic_room_name,  doctor_code, doctor_name, doctor_title_code, doctor_title, doctor_spec,  doctor_sess_type_code, doctor_sess_type, service_code, service_name,  fee, reg_fee, checkup_fee, service_fee, other_fee, available_number_str,  admit_address_string, admit_time_range, note, time_range_flag, schedule_status,  available_total_num, available_left_num ) VALUES ( 'SCH_DOC_DEPT014_1_20260318_1', '2026-03-18', '3', '1', '上午', '08:00', '12:00', 'DEPT014', '肾内科', 'ROOM_DEPT014_1', '肾内科门诊2诊室', 'DOC_DEPT014_1', '马静', '03', '主治医师', '腹膜透析管理', '1', '专家门诊', 'SRV_001', '主治医师挂号费', '50.00', '50.00', '0.00', '0.00', '0.00', '2,4,6,7,8,10,11,12,13,14,15,16,17,18,19,20,23,24,25,26,27,28,29', '主楼1层肾内科候诊区', '08:00-12:00', '请提前15分钟候诊', '0', '1', '29', '9' );
INSERT INTO doctor_schedule ( m_code, service_date, week_day, session_code, session_name, start_time, end_time,  department_code, department_name, clinic_room_code, clinic_room_name,  doctor_code, doctor_name, doctor_title_code, doctor_title, doctor_spec,  doctor_sess_type_code, doctor_sess_type, service_code, service_name,  fee, reg_fee, checkup_fee, service_fee, other_fee, available_number_str,  admit_address_string, admit_time_range, note, time_range_flag, schedule_status,  available_total_num, available_left_num ) VALUES ( 'SCH_DOC_DEPT014_1_20260318_2', '2026-03-18', '3', '2', '下午', '13:30', '17:30', 'DEPT014', '肾内科', 'ROOM_DEPT014_5', '肾内科门诊2诊室', 'DOC_DEPT014_1', '马静', '03', '主治医师', '腹膜透析管理', '1', '专家门诊', 'SRV_001', '主治医师挂号费', '20.00', '20.00', '0.00', '0.00', '0.00', '2,4,7,8,9,10,12,15,16', '主楼4层肾内科候诊区', '13:30-17:30', '请提前15分钟候诊', '0', '1', '18', '14' );
INSERT INTO doctor_schedule ( m_code, service_date, week_day, session_code, session_name, start_time, end_time,  department_code, department_name, clinic_room_code, clinic_room_name,  doctor_code, doctor_name, doctor_title_code, doctor_title, doctor_spec,  doctor_sess_type_code, doctor_sess_type, service_code, service_name,  fee, reg_fee, checkup_fee, service_fee, other_fee, available_number_str,  admit_address_string, admit_time_range, note, time_range_flag, schedule_status,  available_total_num, available_left_num ) VALUES ( 'SCH_DOC_DEPT014_1_20260319_2', '2026-03-19', '4', '2', '下午', '13:30', '17:30', 'DEPT014', '肾内科', 'ROOM_DEPT014_2', '肾内科门诊4诊室', 'DOC_DEPT014_1', '马静', '03', '主治医师', '腹膜透析管理', '1', '专家门诊', 'SRV_001', '主治医师挂号费', '20.00', '20.00', '0.00', '0.00', '0.00', '2,4,5,6,7,8,9,10,11,13,14,15,16,17,18', '主楼2层肾内科候诊区', '13:30-17:30', '请提前15分钟候诊', '0', '1', '18', '11' );
INSERT INTO doctor_schedule ( m_code, service_date, week_day, session_code, session_name, start_time, end_time,  department_code, department_name, clinic_room_code, clinic_room_name,  doctor_code, doctor_name, doctor_title_code, doctor_title, doctor_spec,  doctor_sess_type_code, doctor_sess_type, service_code, service_name,  fee, reg_fee, checkup_fee, service_fee, other_fee, available_number_str,  admit_address_string, admit_time_range, note, time_range_flag, schedule_status,  available_total_num, available_left_num ) VALUES ( 'SCH_DOC_DEPT014_1_20260319_1', '2026-03-19', '4', '1', '上午', '08:00', '12:00', 'DEPT014', '肾内科', 'ROOM_DEPT014_3', '肾内科门诊5诊室', 'DOC_DEPT014_1', '马静', '03', '主治医师', '腹膜透析管理', '1', '专家门诊', 'SRV_001', '主治医师挂号费', '15.00', '15.00', '0.00', '0.00', '0.00', '1,2,3,5,6,7,8,9,10,13,14,16,17,18,21', '主楼6层肾内科候诊区', '08:00-12:00', '请提前15分钟候诊', '0', '1', '22', '9' );
INSERT INTO doctor_schedule ( m_code, service_date, week_day, session_code, session_name, start_time, end_time,  department_code, department_name, clinic_room_code, clinic_room_name,  doctor_code, doctor_name, doctor_title_code, doctor_title, doctor_spec,  doctor_sess_type_code, doctor_sess_type, service_code, service_name,  fee, reg_fee, checkup_fee, service_fee, other_fee, available_number_str,  admit_address_string, admit_time_range, note, time_range_flag, schedule_status,  available_total_num, available_left_num ) VALUES ( 'SCH_DOC_DEPT014_1_20260320_1', '2026-03-20', '5', '1', '上午', '08:00', '12:00', 'DEPT014', '肾内科', 'ROOM_DEPT014_3', '肾内科门诊3诊室', 'DOC_DEPT014_1', '马静', '03', '主治医师', '腹膜透析管理', '1', '专家门诊', 'SRV_001', '主治医师挂号费', '50.00', '50.00', '0.00', '0.00', '0.00', '2,3,4,5,6,7,8,10,11,12,13,14,19,20,21,22,23,24,25,27,28,29,31,32,33,34,35,36', '主楼4层肾内科候诊区', '08:00-12:00', '请提前15分钟候诊', '0', '1', '38', '37' );
INSERT INTO doctor_schedule ( m_code, service_date, week_day, session_code, session_name, start_time, end_time,  department_code, department_name, clinic_room_code, clinic_room_name,  doctor_code, doctor_name, doctor_title_code, doctor_title, doctor_spec,  doctor_sess_type_code, doctor_sess_type, service_code, service_name,  fee, reg_fee, checkup_fee, service_fee, other_fee, available_number_str,  admit_address_string, admit_time_range, note, time_range_flag, schedule_status,  available_total_num, available_left_num ) VALUES ( 'SCH_DOC_DEPT014_1_20260320_2', '2026-03-20', '5', '2', '下午', '13:30', '17:30', 'DEPT014', '肾内科', 'ROOM_DEPT014_5', '肾内科门诊5诊室', 'DOC_DEPT014_1', '马静', '03', '主治医师', '腹膜透析管理', '1', '专家门诊', 'SRV_001', '主治医师挂号费', '50.00', '50.00', '0.00', '0.00', '0.00', '2,3,5,6,7,8,11,12,15,17,19,20', '主楼3层肾内科候诊区', '13:30-17:30', '请提前15分钟候诊', '0', '1', '20', '10' );
INSERT INTO doctor_schedule ( m_code, service_date, week_day, session_code, session_name, start_time, end_time,  department_code, department_name, clinic_room_code, clinic_room_name,  doctor_code, doctor_name, doctor_title_code, doctor_title, doctor_spec,  doctor_sess_type_code, doctor_sess_type, service_code, service_name,  fee, reg_fee, checkup_fee, service_fee, other_fee, available_number_str,  admit_address_string, admit_time_range, note, time_range_flag, schedule_status,  available_total_num, available_left_num ) VALUES ( 'SCH_DOC_DEPT014_1_20260321_2', '2026-03-21', '6', '2', '下午', '13:30', '17:30', 'DEPT014', '肾内科', 'ROOM_DEPT014_5', '肾内科门诊3诊室', 'DOC_DEPT014_1', '马静', '03', '主治医师', '腹膜透析管理', '1', '专家门诊', 'SRV_001', '主治医师挂号费', '50.00', '50.00', '0.00', '0.00', '0.00', '1,3,4,6,7,8,9,11,14,18,19,20,22,23,24,25,26,28,30,31,32,34,35,36,38', '主楼6层肾内科候诊区', '13:30-17:30', '请提前15分钟候诊', '0', '1', '38', '26' );
INSERT INTO doctor_schedule ( m_code, service_date, week_day, session_code, session_name, start_time, end_time,  department_code, department_name, clinic_room_code, clinic_room_name,  doctor_code, doctor_name, doctor_title_code, doctor_title, doctor_spec,  doctor_sess_type_code, doctor_sess_type, service_code, service_name,  fee, reg_fee, checkup_fee, service_fee, other_fee, available_number_str,  admit_address_string, admit_time_range, note, time_range_flag, schedule_status,  available_total_num, available_left_num ) VALUES ( 'SCH_DOC_DEPT014_1_20260322_2', '2026-03-22', '7', '2', '下午', '13:30', '17:30', 'DEPT014', '肾内科', 'ROOM_DEPT014_2', '肾内科门诊1诊室', 'DOC_DEPT014_1', '马静', '03', '主治医师', '腹膜透析管理', '1', '专家门诊', 'SRV_001', '主治医师挂号费', '50.00', '50.00', '0.00', '0.00', '0.00', '6,7,9,10,11,12,13,15,18', '主楼5层肾内科候诊区', '13:30-17:30', '请提前15分钟候诊', '0', '1', '19', '5' );
INSERT INTO doctor_schedule ( m_code, service_date, week_day, session_code, session_name, start_time, end_time,  department_code, department_name, clinic_room_code, clinic_room_name,  doctor_code, doctor_name, doctor_title_code, doctor_title, doctor_spec,  doctor_sess_type_code, doctor_sess_type, service_code, service_name,  fee, reg_fee, checkup_fee, service_fee, other_fee, available_number_str,  admit_address_string, admit_time_range, note, time_range_flag, schedule_status,  available_total_num, available_left_num ) VALUES ( 'SCH_DOC_DEPT014_1_20260322_1', '2026-03-22', '7', '1', '上午', '08:00', '12:00', 'DEPT014', '肾内科', 'ROOM_DEPT014_4', '肾内科门诊4诊室', 'DOC_DEPT014_1', '马静', '03', '主治医师', '腹膜透析管理', '1', '专家门诊', 'SRV_001', '主治医师挂号费', '15.00', '15.00', '0.00', '0.00', '0.00', '1,2,3,4,6,7,9,10,11,12,13,15,16,17,18,19,20,21,22,25,27,28,29,30,31,32,34,35,36,39,40', '主楼4层肾内科候诊区', '08:00-12:00', '请提前15分钟候诊', '0', '1', '40', '12' );
INSERT INTO doctor_schedule ( m_code, service_date, week_day, session_code, session_name, start_time, end_time,  department_code, department_name, clinic_room_code, clinic_room_name,  doctor_code, doctor_name, doctor_title_code, doctor_title, doctor_spec,  doctor_sess_type_code, doctor_sess_type, service_code, service_name,  fee, reg_fee, checkup_fee, service_fee, other_fee, available_number_str,  admit_address_string, admit_time_range, note, time_range_flag, schedule_status,  available_total_num, available_left_num ) VALUES ( 'SCH_DOC_DEPT014_1_20260323_1', '2026-03-23', '1', '1', '上午', '08:00', '12:00', 'DEPT014', '肾内科', 'ROOM_DEPT014_1', '肾内科门诊4诊室', 'DOC_DEPT014_1', '马静', '03', '主治医师', '腹膜透析管理', '1', '专家门诊', 'SRV_001', '主治医师挂号费', '50.00', '50.00', '0.00', '0.00', '0.00', '1,3,4,5,6,7,8,9,10,11,12,14,16,18,21,23,24', '主楼2层肾内科候诊区', '08:00-12:00', '请提前15分钟候诊', '0', '1', '25', '10' );
INSERT INTO doctor_schedule ( m_code, service_date, week_day, session_code, session_name, start_time, end_time,  department_code, department_name, clinic_room_code, clinic_room_name,  doctor_code, doctor_name, doctor_title_code, doctor_title, doctor_spec,  doctor_sess_type_code, doctor_sess_type, service_code, service_name,  fee, reg_fee, checkup_fee, service_fee, other_fee, available_number_str,  admit_address_string, admit_time_range, note, time_range_flag, schedule_status,  available_total_num, available_left_num ) VALUES ( 'SCH_DOC_DEPT014_1_20260324_2', '2026-03-24', '2', '2', '下午', '13:30', '17:30', 'DEPT014', '肾内科', 'ROOM_DEPT014_2', '肾内科门诊3诊室', 'DOC_DEPT014_1', '马静', '03', '主治医师', '腹膜透析管理', '1', '专家门诊', 'SRV_001', '主治医师挂号费', '15.00', '15.00', '0.00', '0.00', '0.00', '2,3,5,7,9,10,11,12,13,14,15,18', '主楼3层肾内科候诊区', '13:30-17:30', '请提前15分钟候诊', '0', '1', '18', '5' );
INSERT INTO doctor_schedule ( m_code, service_date, week_day, session_code, session_name, start_time, end_time,  department_code, department_name, clinic_room_code, clinic_room_name,  doctor_code, doctor_name, doctor_title_code, doctor_title, doctor_spec,  doctor_sess_type_code, doctor_sess_type, service_code, service_name,  fee, reg_fee, checkup_fee, service_fee, other_fee, available_number_str,  admit_address_string, admit_time_range, note, time_range_flag, schedule_status,  available_total_num, available_left_num ) VALUES ( 'SCH_DOC_DEPT014_1_20260325_1', '2026-03-25', '3', '1', '上午', '08:00', '12:00', 'DEPT014', '肾内科', 'ROOM_DEPT014_3', '肾内科门诊1诊室', 'DOC_DEPT014_1', '马静', '03', '主治医师', '腹膜透析管理', '1', '专家门诊', 'SRV_001', '主治医师挂号费', '20.00', '20.00', '0.00', '0.00', '0.00', '1,2,3,4,5,6,11,12,14,15,16,19,23', '主楼5层肾内科候诊区', '08:00-12:00', '请提前15分钟候诊', '0', '1', '23', '6' );
INSERT INTO doctor_schedule ( m_code, service_date, week_day, session_code, session_name, start_time, end_time,  department_code, department_name, clinic_room_code, clinic_room_name,  doctor_code, doctor_name, doctor_title_code, doctor_title, doctor_spec,  doctor_sess_type_code, doctor_sess_type, service_code, service_name,  fee, reg_fee, checkup_fee, service_fee, other_fee, available_number_str,  admit_address_string, admit_time_range, note, time_range_flag, schedule_status,  available_total_num, available_left_num ) VALUES ( 'SCH_DOC_DEPT014_1_20260326_2', '2026-03-26', '4', '2', '下午', '13:30', '17:30', 'DEPT014', '肾内科', 'ROOM_DEPT014_1', '肾内科门诊4诊室', 'DOC_DEPT014_1', '马静', '03', '主治医师', '腹膜透析管理', '1', '专家门诊', 'SRV_001', '主治医师挂号费', '50.00', '50.00', '0.00', '0.00', '0.00', '2,3,4,5,7,10,11,12,14,15,16,17', '主楼2层肾内科候诊区', '13:30-17:30', '请提前15分钟候诊', '0', '1', '17', '15' );
INSERT INTO doctor_schedule ( m_code, service_date, week_day, session_code, session_name, start_time, end_time,  department_code, department_name, clinic_room_code, clinic_room_name,  doctor_code, doctor_name, doctor_title_code, doctor_title, doctor_spec,  doctor_sess_type_code, doctor_sess_type, service_code, service_name,  fee, reg_fee, checkup_fee, service_fee, other_fee, available_number_str,  admit_address_string, admit_time_range, note, time_range_flag, schedule_status,  available_total_num, available_left_num ) VALUES ( 'SCH_DOC_DEPT014_1_20260329_2', '2026-03-29', '7', '2', '下午', '13:30', '17:30', 'DEPT014', '肾内科', 'ROOM_DEPT014_5', '肾内科门诊4诊室', 'DOC_DEPT014_1', '马静', '03', '主治医师', '腹膜透析管理', '1', '专家门诊', 'SRV_001', '主治医师挂号费', '15.00', '15.00', '0.00', '0.00', '0.00', '1,2,4,6,7,9,10,11,12,13,15,18,19,20,21,22,23,26,29,30,33,34,36,37,39', '主楼4层肾内科候诊区', '13:30-17:30', '请提前15分钟候诊', '0', '1', '39', '20' );
INSERT INTO doctor (doctor_code, doctor_name, department_code, title, specialty, doctor_des, doctor_image) VALUES ('DOC_DEPT014_2', '王磊', 'DEPT014', '副主任医师', '急慢性肾炎防治', '王磊副主任医师，从事肾内科临床工作5年，专业严谨。他长期致力于急慢性肾炎防治的诊疗，已成功治愈数千例相关患者。', 'doc_DOC_DEPT014_2.png');
INSERT INTO doctor_schedule ( m_code, service_date, week_day, session_code, session_name, start_time, end_time,  department_code, department_name, clinic_room_code, clinic_room_name,  doctor_code, doctor_name, doctor_title_code, doctor_title, doctor_spec,  doctor_sess_type_code, doctor_sess_type, service_code, service_name,  fee, reg_fee, checkup_fee, service_fee, other_fee, available_number_str,  admit_address_string, admit_time_range, note, time_range_flag, schedule_status,  available_total_num, available_left_num ) VALUES ( 'SCH_DOC_DEPT014_2_20260317_1', '2026-03-17', '2', '1', '上午', '08:00', '12:00', 'DEPT014', '肾内科', 'ROOM_DEPT014_3', '肾内科门诊3诊室', 'DOC_DEPT014_2', '王磊', '02', '副主任医师', '急慢性肾炎防治', '1', '专家门诊', 'SRV_001', '副主任医师挂号费', '15.00', '15.00', '0.00', '0.00', '0.00', '1,2,3,4,5,6,7,8,9,10,11,13,15,16,17,18,19,20,21,22,23,24,26,27,29,30,31,32,33', '主楼6层肾内科候诊区', '08:00-12:00', '请提前15分钟候诊', '0', '1', '33', '7' );
INSERT INTO doctor_schedule ( m_code, service_date, week_day, session_code, session_name, start_time, end_time,  department_code, department_name, clinic_room_code, clinic_room_name,  doctor_code, doctor_name, doctor_title_code, doctor_title, doctor_spec,  doctor_sess_type_code, doctor_sess_type, service_code, service_name,  fee, reg_fee, checkup_fee, service_fee, other_fee, available_number_str,  admit_address_string, admit_time_range, note, time_range_flag, schedule_status,  available_total_num, available_left_num ) VALUES ( 'SCH_DOC_DEPT014_2_20260319_2', '2026-03-19', '4', '2', '下午', '13:30', '17:30', 'DEPT014', '肾内科', 'ROOM_DEPT014_1', '肾内科门诊1诊室', 'DOC_DEPT014_2', '王磊', '02', '副主任医师', '急慢性肾炎防治', '1', '专家门诊', 'SRV_001', '副主任医师挂号费', '50.00', '50.00', '0.00', '0.00', '0.00', '1,2,3,4,5,8,10,11,13,14,15,16,17,21,22,23,24,25,26,27,28,29,30,31,32,33,34,37,38,40', '主楼3层肾内科候诊区', '13:30-17:30', '请提前15分钟候诊', '0', '1', '40', '27' );
INSERT INTO doctor_schedule ( m_code, service_date, week_day, session_code, session_name, start_time, end_time,  department_code, department_name, clinic_room_code, clinic_room_name,  doctor_code, doctor_name, doctor_title_code, doctor_title, doctor_spec,  doctor_sess_type_code, doctor_sess_type, service_code, service_name,  fee, reg_fee, checkup_fee, service_fee, other_fee, available_number_str,  admit_address_string, admit_time_range, note, time_range_flag, schedule_status,  available_total_num, available_left_num ) VALUES ( 'SCH_DOC_DEPT014_2_20260319_1', '2026-03-19', '4', '1', '上午', '08:00', '12:00', 'DEPT014', '肾内科', 'ROOM_DEPT014_3', '肾内科门诊2诊室', 'DOC_DEPT014_2', '王磊', '02', '副主任医师', '急慢性肾炎防治', '1', '专家门诊', 'SRV_001', '副主任医师挂号费', '15.00', '15.00', '0.00', '0.00', '0.00', '1,3,4,5,7,9,11,13,14,15,16,18,19,20,21,22,23,25,26,27,28', '主楼2层肾内科候诊区', '08:00-12:00', '请提前15分钟候诊', '0', '1', '28', '28' );
INSERT INTO doctor_schedule ( m_code, service_date, week_day, session_code, session_name, start_time, end_time,  department_code, department_name, clinic_room_code, clinic_room_name,  doctor_code, doctor_name, doctor_title_code, doctor_title, doctor_spec,  doctor_sess_type_code, doctor_sess_type, service_code, service_name,  fee, reg_fee, checkup_fee, service_fee, other_fee, available_number_str,  admit_address_string, admit_time_range, note, time_range_flag, schedule_status,  available_total_num, available_left_num ) VALUES ( 'SCH_DOC_DEPT014_2_20260321_2', '2026-03-21', '6', '2', '下午', '13:30', '17:30', 'DEPT014', '肾内科', 'ROOM_DEPT014_2', '肾内科门诊1诊室', 'DOC_DEPT014_2', '王磊', '02', '副主任医师', '急慢性肾炎防治', '1', '专家门诊', 'SRV_001', '副主任医师挂号费', '15.00', '15.00', '0.00', '0.00', '0.00', '2,3,4,6,7,9,10,11,12,13,14,16,18,19,20,21,22,23,24,25,28,29', '主楼6层肾内科候诊区', '13:30-17:30', '请提前15分钟候诊', '0', '1', '29', '19' );
INSERT INTO doctor_schedule ( m_code, service_date, week_day, session_code, session_name, start_time, end_time,  department_code, department_name, clinic_room_code, clinic_room_name,  doctor_code, doctor_name, doctor_title_code, doctor_title, doctor_spec,  doctor_sess_type_code, doctor_sess_type, service_code, service_name,  fee, reg_fee, checkup_fee, service_fee, other_fee, available_number_str,  admit_address_string, admit_time_range, note, time_range_flag, schedule_status,  available_total_num, available_left_num ) VALUES ( 'SCH_DOC_DEPT014_2_20260321_1', '2026-03-21', '6', '1', '上午', '08:00', '12:00', 'DEPT014', '肾内科', 'ROOM_DEPT014_5', '肾内科门诊4诊室', 'DOC_DEPT014_2', '王磊', '02', '副主任医师', '急慢性肾炎防治', '1', '专家门诊', 'SRV_001', '副主任医师挂号费', '50.00', '50.00', '0.00', '0.00', '0.00', '1,2,3,5,6,7,8,9,11,13,14,16,17,18,19,22,23,25,26,27,28,30,31,32,33,35', '主楼4层肾内科候诊区', '08:00-12:00', '请提前15分钟候诊', '0', '1', '36', '13' );
INSERT INTO doctor_schedule ( m_code, service_date, week_day, session_code, session_name, start_time, end_time,  department_code, department_name, clinic_room_code, clinic_room_name,  doctor_code, doctor_name, doctor_title_code, doctor_title, doctor_spec,  doctor_sess_type_code, doctor_sess_type, service_code, service_name,  fee, reg_fee, checkup_fee, service_fee, other_fee, available_number_str,  admit_address_string, admit_time_range, note, time_range_flag, schedule_status,  available_total_num, available_left_num ) VALUES ( 'SCH_DOC_DEPT014_2_20260322_1', '2026-03-22', '7', '1', '上午', '08:00', '12:00', 'DEPT014', '肾内科', 'ROOM_DEPT014_2', '肾内科门诊1诊室', 'DOC_DEPT014_2', '王磊', '02', '副主任医师', '急慢性肾炎防治', '1', '专家门诊', 'SRV_001', '副主任医师挂号费', '50.00', '50.00', '0.00', '0.00', '0.00', '2,3,5,6,7,8,10,12,16,17,18,19,20', '主楼3层肾内科候诊区', '08:00-12:00', '请提前15分钟候诊', '0', '1', '21', '10' );
INSERT INTO doctor_schedule ( m_code, service_date, week_day, session_code, session_name, start_time, end_time,  department_code, department_name, clinic_room_code, clinic_room_name,  doctor_code, doctor_name, doctor_title_code, doctor_title, doctor_spec,  doctor_sess_type_code, doctor_sess_type, service_code, service_name,  fee, reg_fee, checkup_fee, service_fee, other_fee, available_number_str,  admit_address_string, admit_time_range, note, time_range_flag, schedule_status,  available_total_num, available_left_num ) VALUES ( 'SCH_DOC_DEPT014_2_20260322_2', '2026-03-22', '7', '2', '下午', '13:30', '17:30', 'DEPT014', '肾内科', 'ROOM_DEPT014_5', '肾内科门诊2诊室', 'DOC_DEPT014_2', '王磊', '02', '副主任医师', '急慢性肾炎防治', '1', '专家门诊', 'SRV_001', '副主任医师挂号费', '50.00', '50.00', '0.00', '0.00', '0.00', '1,2,3,5,8,9,10,11,12,13,16,17,18,21,22,23,25,27,28,29,30,31,32', '主楼4层肾内科候诊区', '13:30-17:30', '请提前15分钟候诊', '0', '1', '32', '16' );
INSERT INTO doctor_schedule ( m_code, service_date, week_day, session_code, session_name, start_time, end_time,  department_code, department_name, clinic_room_code, clinic_room_name,  doctor_code, doctor_name, doctor_title_code, doctor_title, doctor_spec,  doctor_sess_type_code, doctor_sess_type, service_code, service_name,  fee, reg_fee, checkup_fee, service_fee, other_fee, available_number_str,  admit_address_string, admit_time_range, note, time_range_flag, schedule_status,  available_total_num, available_left_num ) VALUES ( 'SCH_DOC_DEPT014_2_20260325_2', '2026-03-25', '3', '2', '下午', '13:30', '17:30', 'DEPT014', '肾内科', 'ROOM_DEPT014_1', '肾内科门诊1诊室', 'DOC_DEPT014_2', '王磊', '02', '副主任医师', '急慢性肾炎防治', '1', '专家门诊', 'SRV_001', '副主任医师挂号费', '15.00', '15.00', '0.00', '0.00', '0.00', '1,2,3,5,6,7,8,9,10,13,14,16,17,21,22,23,25,26,27,28,29,30', '主楼2层肾内科候诊区', '13:30-17:30', '请提前15分钟候诊', '0', '1', '30', '8' );
INSERT INTO doctor_schedule ( m_code, service_date, week_day, session_code, session_name, start_time, end_time,  department_code, department_name, clinic_room_code, clinic_room_name,  doctor_code, doctor_name, doctor_title_code, doctor_title, doctor_spec,  doctor_sess_type_code, doctor_sess_type, service_code, service_name,  fee, reg_fee, checkup_fee, service_fee, other_fee, available_number_str,  admit_address_string, admit_time_range, note, time_range_flag, schedule_status,  available_total_num, available_left_num ) VALUES ( 'SCH_DOC_DEPT014_2_20260326_2', '2026-03-26', '4', '2', '下午', '13:30', '17:30', 'DEPT014', '肾内科', 'ROOM_DEPT014_5', '肾内科门诊2诊室', 'DOC_DEPT014_2', '王磊', '02', '副主任医师', '急慢性肾炎防治', '1', '专家门诊', 'SRV_001', '副主任医师挂号费', '20.00', '20.00', '0.00', '0.00', '0.00', '1,2,3,4,5,6,7,8,9,12,13,16,17,18', '主楼6层肾内科候诊区', '13:30-17:30', '请提前15分钟候诊', '0', '1', '18', '8' );
INSERT INTO doctor_schedule ( m_code, service_date, week_day, session_code, session_name, start_time, end_time,  department_code, department_name, clinic_room_code, clinic_room_name,  doctor_code, doctor_name, doctor_title_code, doctor_title, doctor_spec,  doctor_sess_type_code, doctor_sess_type, service_code, service_name,  fee, reg_fee, checkup_fee, service_fee, other_fee, available_number_str,  admit_address_string, admit_time_range, note, time_range_flag, schedule_status,  available_total_num, available_left_num ) VALUES ( 'SCH_DOC_DEPT014_2_20260327_2', '2026-03-27', '5', '2', '下午', '13:30', '17:30', 'DEPT014', '肾内科', 'ROOM_DEPT014_4', '肾内科门诊5诊室', 'DOC_DEPT014_2', '王磊', '02', '副主任医师', '急慢性肾炎防治', '1', '专家门诊', 'SRV_001', '副主任医师挂号费', '15.00', '15.00', '0.00', '0.00', '0.00', '2,3,4,5,8,10,12,13,17,18,19,20,21,22', '主楼4层肾内科候诊区', '13:30-17:30', '请提前15分钟候诊', '0', '1', '22', '16' );
INSERT INTO doctor_schedule ( m_code, service_date, week_day, session_code, session_name, start_time, end_time,  department_code, department_name, clinic_room_code, clinic_room_name,  doctor_code, doctor_name, doctor_title_code, doctor_title, doctor_spec,  doctor_sess_type_code, doctor_sess_type, service_code, service_name,  fee, reg_fee, checkup_fee, service_fee, other_fee, available_number_str,  admit_address_string, admit_time_range, note, time_range_flag, schedule_status,  available_total_num, available_left_num ) VALUES ( 'SCH_DOC_DEPT014_2_20260328_1', '2026-03-28', '6', '1', '上午', '08:00', '12:00', 'DEPT014', '肾内科', 'ROOM_DEPT014_1', '肾内科门诊4诊室', 'DOC_DEPT014_2', '王磊', '02', '副主任医师', '急慢性肾炎防治', '1', '专家门诊', 'SRV_001', '副主任医师挂号费', '50.00', '50.00', '0.00', '0.00', '0.00', '1,2,3,4,5,6,7,8,9,10,11,12,13,14,15,17,18,19,20,22,23,24,25', '主楼5层肾内科候诊区', '08:00-12:00', '请提前15分钟候诊', '0', '1', '25', '14' );
INSERT INTO doctor_schedule ( m_code, service_date, week_day, session_code, session_name, start_time, end_time,  department_code, department_name, clinic_room_code, clinic_room_name,  doctor_code, doctor_name, doctor_title_code, doctor_title, doctor_spec,  doctor_sess_type_code, doctor_sess_type, service_code, service_name,  fee, reg_fee, checkup_fee, service_fee, other_fee, available_number_str,  admit_address_string, admit_time_range, note, time_range_flag, schedule_status,  available_total_num, available_left_num ) VALUES ( 'SCH_DOC_DEPT014_2_20260328_2', '2026-03-28', '6', '2', '下午', '13:30', '17:30', 'DEPT014', '肾内科', 'ROOM_DEPT014_1', '肾内科门诊5诊室', 'DOC_DEPT014_2', '王磊', '02', '副主任医师', '急慢性肾炎防治', '1', '专家门诊', 'SRV_001', '副主任医师挂号费', '50.00', '50.00', '0.00', '0.00', '0.00', '2,5,6,7,9,10,11,12,17,18,19,20,21,24,25,26,27', '主楼4层肾内科候诊区', '13:30-17:30', '请提前15分钟候诊', '0', '1', '27', '16' );
INSERT INTO doctor_schedule ( m_code, service_date, week_day, session_code, session_name, start_time, end_time,  department_code, department_name, clinic_room_code, clinic_room_name,  doctor_code, doctor_name, doctor_title_code, doctor_title, doctor_spec,  doctor_sess_type_code, doctor_sess_type, service_code, service_name,  fee, reg_fee, checkup_fee, service_fee, other_fee, available_number_str,  admit_address_string, admit_time_range, note, time_range_flag, schedule_status,  available_total_num, available_left_num ) VALUES ( 'SCH_DOC_DEPT014_2_20260329_1', '2026-03-29', '7', '1', '上午', '08:00', '12:00', 'DEPT014', '肾内科', 'ROOM_DEPT014_2', '肾内科门诊2诊室', 'DOC_DEPT014_2', '王磊', '02', '副主任医师', '急慢性肾炎防治', '1', '专家门诊', 'SRV_001', '副主任医师挂号费', '20.00', '20.00', '0.00', '0.00', '0.00', '2,3,4,5,7,8,9,10,11,12,13,14,15,16,17,19,20,21,22,24,28,29,30', '主楼6层肾内科候诊区', '08:00-12:00', '请提前15分钟候诊', '0', '1', '30', '18' );
INSERT INTO doctor (doctor_code, doctor_name, department_code, title, specialty, doctor_des, doctor_image) VALUES ('DOC_DEPT014_3', '罗娜', 'DEPT014', '主治医师', '糖尿病肾病早筛', '罗娜主治医师，从事肾内科临床工作8年，医术精湛。她擅长糖尿病肾病早筛的诊疗，已成功治愈数千例相关患者。', 'doc_DOC_DEPT014_3.png');
INSERT INTO doctor_schedule ( m_code, service_date, week_day, session_code, session_name, start_time, end_time,  department_code, department_name, clinic_room_code, clinic_room_name,  doctor_code, doctor_name, doctor_title_code, doctor_title, doctor_spec,  doctor_sess_type_code, doctor_sess_type, service_code, service_name,  fee, reg_fee, checkup_fee, service_fee, other_fee, available_number_str,  admit_address_string, admit_time_range, note, time_range_flag, schedule_status,  available_total_num, available_left_num ) VALUES ( 'SCH_DOC_DEPT014_3_20260316_2', '2026-03-16', '1', '2', '下午', '13:30', '17:30', 'DEPT014', '肾内科', 'ROOM_DEPT014_2', '肾内科门诊2诊室', 'DOC_DEPT014_3', '罗娜', '03', '主治医师', '糖尿病肾病早筛', '1', '专家门诊', 'SRV_001', '主治医师挂号费', '20.00', '20.00', '0.00', '0.00', '0.00', '2,3,5,7,8,9,10,11,14,15,16,17,19,20,21,22,23,24,26,27,28,29,30', '主楼4层肾内科候诊区', '13:30-17:30', '请提前15分钟候诊', '0', '1', '30', '20' );
INSERT INTO doctor_schedule ( m_code, service_date, week_day, session_code, session_name, start_time, end_time,  department_code, department_name, clinic_room_code, clinic_room_name,  doctor_code, doctor_name, doctor_title_code, doctor_title, doctor_spec,  doctor_sess_type_code, doctor_sess_type, service_code, service_name,  fee, reg_fee, checkup_fee, service_fee, other_fee, available_number_str,  admit_address_string, admit_time_range, note, time_range_flag, schedule_status,  available_total_num, available_left_num ) VALUES ( 'SCH_DOC_DEPT014_3_20260316_1', '2026-03-16', '1', '1', '上午', '08:00', '12:00', 'DEPT014', '肾内科', 'ROOM_DEPT014_2', '肾内科门诊2诊室', 'DOC_DEPT014_3', '罗娜', '03', '主治医师', '糖尿病肾病早筛', '1', '专家门诊', 'SRV_001', '主治医师挂号费', '15.00', '15.00', '0.00', '0.00', '0.00', '1,2,3,5,6,7,8,9,11,15,16,17,18,19,21', '主楼5层肾内科候诊区', '08:00-12:00', '请提前15分钟候诊', '0', '1', '21', '8' );
INSERT INTO doctor_schedule ( m_code, service_date, week_day, session_code, session_name, start_time, end_time,  department_code, department_name, clinic_room_code, clinic_room_name,  doctor_code, doctor_name, doctor_title_code, doctor_title, doctor_spec,  doctor_sess_type_code, doctor_sess_type, service_code, service_name,  fee, reg_fee, checkup_fee, service_fee, other_fee, available_number_str,  admit_address_string, admit_time_range, note, time_range_flag, schedule_status,  available_total_num, available_left_num ) VALUES ( 'SCH_DOC_DEPT014_3_20260317_2', '2026-03-17', '2', '2', '下午', '13:30', '17:30', 'DEPT014', '肾内科', 'ROOM_DEPT014_3', '肾内科门诊1诊室', 'DOC_DEPT014_3', '罗娜', '03', '主治医师', '糖尿病肾病早筛', '1', '专家门诊', 'SRV_001', '主治医师挂号费', '20.00', '20.00', '0.00', '0.00', '0.00', '1,2,3,4,6,7,8,11,12,13,14,16,18,19,20,21,22,23,27,28,31,32,33,35,37', '主楼5层肾内科候诊区', '13:30-17:30', '请提前15分钟候诊', '0', '1', '37', '24' );
INSERT INTO doctor_schedule ( m_code, service_date, week_day, session_code, session_name, start_time, end_time,  department_code, department_name, clinic_room_code, clinic_room_name,  doctor_code, doctor_name, doctor_title_code, doctor_title, doctor_spec,  doctor_sess_type_code, doctor_sess_type, service_code, service_name,  fee, reg_fee, checkup_fee, service_fee, other_fee, available_number_str,  admit_address_string, admit_time_range, note, time_range_flag, schedule_status,  available_total_num, available_left_num ) VALUES ( 'SCH_DOC_DEPT014_3_20260317_1', '2026-03-17', '2', '1', '上午', '08:00', '12:00', 'DEPT014', '肾内科', 'ROOM_DEPT014_4', '肾内科门诊2诊室', 'DOC_DEPT014_3', '罗娜', '03', '主治医师', '糖尿病肾病早筛', '1', '专家门诊', 'SRV_001', '主治医师挂号费', '20.00', '20.00', '0.00', '0.00', '0.00', '1,3,4,5,6,7,8,9,12,16,18,19,20,21,22', '主楼5层肾内科候诊区', '08:00-12:00', '请提前15分钟候诊', '0', '1', '22', '20' );
INSERT INTO doctor_schedule ( m_code, service_date, week_day, session_code, session_name, start_time, end_time,  department_code, department_name, clinic_room_code, clinic_room_name,  doctor_code, doctor_name, doctor_title_code, doctor_title, doctor_spec,  doctor_sess_type_code, doctor_sess_type, service_code, service_name,  fee, reg_fee, checkup_fee, service_fee, other_fee, available_number_str,  admit_address_string, admit_time_range, note, time_range_flag, schedule_status,  available_total_num, available_left_num ) VALUES ( 'SCH_DOC_DEPT014_3_20260318_1', '2026-03-18', '3', '1', '上午', '08:00', '12:00', 'DEPT014', '肾内科', 'ROOM_DEPT014_3', '肾内科门诊2诊室', 'DOC_DEPT014_3', '罗娜', '03', '主治医师', '糖尿病肾病早筛', '1', '专家门诊', 'SRV_001', '主治医师挂号费', '20.00', '20.00', '0.00', '0.00', '0.00', '1,2,4,5,6,7,8,10,12,14,18,19,21,25,27,28,29,30,32,33', '主楼1层肾内科候诊区', '08:00-12:00', '请提前15分钟候诊', '0', '1', '33', '32' );
INSERT INTO doctor_schedule ( m_code, service_date, week_day, session_code, session_name, start_time, end_time,  department_code, department_name, clinic_room_code, clinic_room_name,  doctor_code, doctor_name, doctor_title_code, doctor_title, doctor_spec,  doctor_sess_type_code, doctor_sess_type, service_code, service_name,  fee, reg_fee, checkup_fee, service_fee, other_fee, available_number_str,  admit_address_string, admit_time_range, note, time_range_flag, schedule_status,  available_total_num, available_left_num ) VALUES ( 'SCH_DOC_DEPT014_3_20260318_2', '2026-03-18', '3', '2', '下午', '13:30', '17:30', 'DEPT014', '肾内科', 'ROOM_DEPT014_2', '肾内科门诊3诊室', 'DOC_DEPT014_3', '罗娜', '03', '主治医师', '糖尿病肾病早筛', '1', '专家门诊', 'SRV_001', '主治医师挂号费', '15.00', '15.00', '0.00', '0.00', '0.00', '1,2,4,5,6,8,9,10,11,14,15,16,17,18,19,22,25,26,27', '主楼1层肾内科候诊区', '13:30-17:30', '请提前15分钟候诊', '0', '1', '27', '11' );
INSERT INTO doctor_schedule ( m_code, service_date, week_day, session_code, session_name, start_time, end_time,  department_code, department_name, clinic_room_code, clinic_room_name,  doctor_code, doctor_name, doctor_title_code, doctor_title, doctor_spec,  doctor_sess_type_code, doctor_sess_type, service_code, service_name,  fee, reg_fee, checkup_fee, service_fee, other_fee, available_number_str,  admit_address_string, admit_time_range, note, time_range_flag, schedule_status,  available_total_num, available_left_num ) VALUES ( 'SCH_DOC_DEPT014_3_20260319_1', '2026-03-19', '4', '1', '上午', '08:00', '12:00', 'DEPT014', '肾内科', 'ROOM_DEPT014_4', '肾内科门诊5诊室', 'DOC_DEPT014_3', '罗娜', '03', '主治医师', '糖尿病肾病早筛', '1', '专家门诊', 'SRV_001', '主治医师挂号费', '50.00', '50.00', '0.00', '0.00', '0.00', '2,3,5,6,7,8,9,10,11,12,14,15,16,17', '主楼4层肾内科候诊区', '08:00-12:00', '请提前15分钟候诊', '0', '1', '17', '6' );
INSERT INTO doctor_schedule ( m_code, service_date, week_day, session_code, session_name, start_time, end_time,  department_code, department_name, clinic_room_code, clinic_room_name,  doctor_code, doctor_name, doctor_title_code, doctor_title, doctor_spec,  doctor_sess_type_code, doctor_sess_type, service_code, service_name,  fee, reg_fee, checkup_fee, service_fee, other_fee, available_number_str,  admit_address_string, admit_time_range, note, time_range_flag, schedule_status,  available_total_num, available_left_num ) VALUES ( 'SCH_DOC_DEPT014_3_20260319_2', '2026-03-19', '4', '2', '下午', '13:30', '17:30', 'DEPT014', '肾内科', 'ROOM_DEPT014_4', '肾内科门诊1诊室', 'DOC_DEPT014_3', '罗娜', '03', '主治医师', '糖尿病肾病早筛', '1', '专家门诊', 'SRV_001', '主治医师挂号费', '20.00', '20.00', '0.00', '0.00', '0.00', '2,4,6,9,10,11,12,14,15,16,17,18,19,21,22,23,24,25,26,27', '主楼4层肾内科候诊区', '13:30-17:30', '请提前15分钟候诊', '0', '1', '27', '26' );
INSERT INTO doctor_schedule ( m_code, service_date, week_day, session_code, session_name, start_time, end_time,  department_code, department_name, clinic_room_code, clinic_room_name,  doctor_code, doctor_name, doctor_title_code, doctor_title, doctor_spec,  doctor_sess_type_code, doctor_sess_type, service_code, service_name,  fee, reg_fee, checkup_fee, service_fee, other_fee, available_number_str,  admit_address_string, admit_time_range, note, time_range_flag, schedule_status,  available_total_num, available_left_num ) VALUES ( 'SCH_DOC_DEPT014_3_20260320_1', '2026-03-20', '5', '1', '上午', '08:00', '12:00', 'DEPT014', '肾内科', 'ROOM_DEPT014_1', '肾内科门诊5诊室', 'DOC_DEPT014_3', '罗娜', '03', '主治医师', '糖尿病肾病早筛', '1', '专家门诊', 'SRV_001', '主治医师挂号费', '20.00', '20.00', '0.00', '0.00', '0.00', '2,4,5,7,8,9,10,11,12,13,14,15,17,18,19,20,21,22,24,25,26,27,30', '主楼6层肾内科候诊区', '08:00-12:00', '请提前15分钟候诊', '0', '1', '30', '24' );
INSERT INTO doctor_schedule ( m_code, service_date, week_day, session_code, session_name, start_time, end_time,  department_code, department_name, clinic_room_code, clinic_room_name,  doctor_code, doctor_name, doctor_title_code, doctor_title, doctor_spec,  doctor_sess_type_code, doctor_sess_type, service_code, service_name,  fee, reg_fee, checkup_fee, service_fee, other_fee, available_number_str,  admit_address_string, admit_time_range, note, time_range_flag, schedule_status,  available_total_num, available_left_num ) VALUES ( 'SCH_DOC_DEPT014_3_20260320_2', '2026-03-20', '5', '2', '下午', '13:30', '17:30', 'DEPT014', '肾内科', 'ROOM_DEPT014_3', '肾内科门诊1诊室', 'DOC_DEPT014_3', '罗娜', '03', '主治医师', '糖尿病肾病早筛', '1', '专家门诊', 'SRV_001', '主治医师挂号费', '15.00', '15.00', '0.00', '0.00', '0.00', '1,2,5,7,8,9,11,12,14,15,16,17,18,21,22,23,24,25,26,28,30,31,32', '主楼2层肾内科候诊区', '13:30-17:30', '请提前15分钟候诊', '0', '1', '33', '19' );
INSERT INTO doctor_schedule ( m_code, service_date, week_day, session_code, session_name, start_time, end_time,  department_code, department_name, clinic_room_code, clinic_room_name,  doctor_code, doctor_name, doctor_title_code, doctor_title, doctor_spec,  doctor_sess_type_code, doctor_sess_type, service_code, service_name,  fee, reg_fee, checkup_fee, service_fee, other_fee, available_number_str,  admit_address_string, admit_time_range, note, time_range_flag, schedule_status,  available_total_num, available_left_num ) VALUES ( 'SCH_DOC_DEPT014_3_20260321_1', '2026-03-21', '6', '1', '上午', '08:00', '12:00', 'DEPT014', '肾内科', 'ROOM_DEPT014_2', '肾内科门诊3诊室', 'DOC_DEPT014_3', '罗娜', '03', '主治医师', '糖尿病肾病早筛', '1', '专家门诊', 'SRV_001', '主治医师挂号费', '50.00', '50.00', '0.00', '0.00', '0.00', '3,5,6,9,11,12,13,14,16,17,18,19,21,22,23,24,25', '主楼1层肾内科候诊区', '08:00-12:00', '请提前15分钟候诊', '0', '1', '25', '25' );
INSERT INTO doctor_schedule ( m_code, service_date, week_day, session_code, session_name, start_time, end_time,  department_code, department_name, clinic_room_code, clinic_room_name,  doctor_code, doctor_name, doctor_title_code, doctor_title, doctor_spec,  doctor_sess_type_code, doctor_sess_type, service_code, service_name,  fee, reg_fee, checkup_fee, service_fee, other_fee, available_number_str,  admit_address_string, admit_time_range, note, time_range_flag, schedule_status,  available_total_num, available_left_num ) VALUES ( 'SCH_DOC_DEPT014_3_20260321_2', '2026-03-21', '6', '2', '下午', '13:30', '17:30', 'DEPT014', '肾内科', 'ROOM_DEPT014_3', '肾内科门诊1诊室', 'DOC_DEPT014_3', '罗娜', '03', '主治医师', '糖尿病肾病早筛', '1', '专家门诊', 'SRV_001', '主治医师挂号费', '50.00', '50.00', '0.00', '0.00', '0.00', '2,3,5,6,7,8,9,10,11,12,15,17,20,21,23,25,26,27,30,31,32', '主楼1层肾内科候诊区', '13:30-17:30', '请提前15分钟候诊', '0', '1', '35', '32' );
INSERT INTO doctor_schedule ( m_code, service_date, week_day, session_code, session_name, start_time, end_time,  department_code, department_name, clinic_room_code, clinic_room_name,  doctor_code, doctor_name, doctor_title_code, doctor_title, doctor_spec,  doctor_sess_type_code, doctor_sess_type, service_code, service_name,  fee, reg_fee, checkup_fee, service_fee, other_fee, available_number_str,  admit_address_string, admit_time_range, note, time_range_flag, schedule_status,  available_total_num, available_left_num ) VALUES ( 'SCH_DOC_DEPT014_3_20260322_1', '2026-03-22', '7', '1', '上午', '08:00', '12:00', 'DEPT014', '肾内科', 'ROOM_DEPT014_3', '肾内科门诊4诊室', 'DOC_DEPT014_3', '罗娜', '03', '主治医师', '糖尿病肾病早筛', '1', '专家门诊', 'SRV_001', '主治医师挂号费', '50.00', '50.00', '0.00', '0.00', '0.00', '1,4,6,8,9,10,11,13,14,18,19,21,22,24,27,28,29,30,31,33', '主楼1层肾内科候诊区', '08:00-12:00', '请提前15分钟候诊', '0', '1', '35', '11' );
INSERT INTO doctor_schedule ( m_code, service_date, week_day, session_code, session_name, start_time, end_time,  department_code, department_name, clinic_room_code, clinic_room_name,  doctor_code, doctor_name, doctor_title_code, doctor_title, doctor_spec,  doctor_sess_type_code, doctor_sess_type, service_code, service_name,  fee, reg_fee, checkup_fee, service_fee, other_fee, available_number_str,  admit_address_string, admit_time_range, note, time_range_flag, schedule_status,  available_total_num, available_left_num ) VALUES ( 'SCH_DOC_DEPT014_3_20260322_2', '2026-03-22', '7', '2', '下午', '13:30', '17:30', 'DEPT014', '肾内科', 'ROOM_DEPT014_2', '肾内科门诊4诊室', 'DOC_DEPT014_3', '罗娜', '03', '主治医师', '糖尿病肾病早筛', '1', '专家门诊', 'SRV_001', '主治医师挂号费', '20.00', '20.00', '0.00', '0.00', '0.00', '1,2,6,7,8,9,10,12,13,14,16,17,18,19,20,22,24,25,26,28', '主楼2层肾内科候诊区', '13:30-17:30', '请提前15分钟候诊', '0', '1', '28', '25' );
INSERT INTO doctor_schedule ( m_code, service_date, week_day, session_code, session_name, start_time, end_time,  department_code, department_name, clinic_room_code, clinic_room_name,  doctor_code, doctor_name, doctor_title_code, doctor_title, doctor_spec,  doctor_sess_type_code, doctor_sess_type, service_code, service_name,  fee, reg_fee, checkup_fee, service_fee, other_fee, available_number_str,  admit_address_string, admit_time_range, note, time_range_flag, schedule_status,  available_total_num, available_left_num ) VALUES ( 'SCH_DOC_DEPT014_3_20260323_1', '2026-03-23', '1', '1', '上午', '08:00', '12:00', 'DEPT014', '肾内科', 'ROOM_DEPT014_3', '肾内科门诊4诊室', 'DOC_DEPT014_3', '罗娜', '03', '主治医师', '糖尿病肾病早筛', '1', '专家门诊', 'SRV_001', '主治医师挂号费', '20.00', '20.00', '0.00', '0.00', '0.00', '2,3,4,5,6,7,10,12,15,16,18,19,20,22,27,28', '主楼5层肾内科候诊区', '08:00-12:00', '请提前15分钟候诊', '0', '1', '28', '9' );
INSERT INTO doctor_schedule ( m_code, service_date, week_day, session_code, session_name, start_time, end_time,  department_code, department_name, clinic_room_code, clinic_room_name,  doctor_code, doctor_name, doctor_title_code, doctor_title, doctor_spec,  doctor_sess_type_code, doctor_sess_type, service_code, service_name,  fee, reg_fee, checkup_fee, service_fee, other_fee, available_number_str,  admit_address_string, admit_time_range, note, time_range_flag, schedule_status,  available_total_num, available_left_num ) VALUES ( 'SCH_DOC_DEPT014_3_20260325_1', '2026-03-25', '3', '1', '上午', '08:00', '12:00', 'DEPT014', '肾内科', 'ROOM_DEPT014_1', '肾内科门诊4诊室', 'DOC_DEPT014_3', '罗娜', '03', '主治医师', '糖尿病肾病早筛', '1', '专家门诊', 'SRV_001', '主治医师挂号费', '50.00', '50.00', '0.00', '0.00', '0.00', '1,4,7,12,13,14,15,16,17,19,21,22,23,24,25,26,28,29,31,32,33', '主楼4层肾内科候诊区', '08:00-12:00', '请提前15分钟候诊', '0', '1', '33', '33' );
INSERT INTO doctor_schedule ( m_code, service_date, week_day, session_code, session_name, start_time, end_time,  department_code, department_name, clinic_room_code, clinic_room_name,  doctor_code, doctor_name, doctor_title_code, doctor_title, doctor_spec,  doctor_sess_type_code, doctor_sess_type, service_code, service_name,  fee, reg_fee, checkup_fee, service_fee, other_fee, available_number_str,  admit_address_string, admit_time_range, note, time_range_flag, schedule_status,  available_total_num, available_left_num ) VALUES ( 'SCH_DOC_DEPT014_3_20260325_2', '2026-03-25', '3', '2', '下午', '13:30', '17:30', 'DEPT014', '肾内科', 'ROOM_DEPT014_2', '肾内科门诊5诊室', 'DOC_DEPT014_3', '罗娜', '03', '主治医师', '糖尿病肾病早筛', '1', '专家门诊', 'SRV_001', '主治医师挂号费', '20.00', '20.00', '0.00', '0.00', '0.00', '3,5,6,7,8,10,11,12,13,14,16,17,20,24,28,29,30,32,33', '主楼2层肾内科候诊区', '13:30-17:30', '请提前15分钟候诊', '0', '1', '34', '28' );
INSERT INTO doctor_schedule ( m_code, service_date, week_day, session_code, session_name, start_time, end_time,  department_code, department_name, clinic_room_code, clinic_room_name,  doctor_code, doctor_name, doctor_title_code, doctor_title, doctor_spec,  doctor_sess_type_code, doctor_sess_type, service_code, service_name,  fee, reg_fee, checkup_fee, service_fee, other_fee, available_number_str,  admit_address_string, admit_time_range, note, time_range_flag, schedule_status,  available_total_num, available_left_num ) VALUES ( 'SCH_DOC_DEPT014_3_20260329_1', '2026-03-29', '7', '1', '上午', '08:00', '12:00', 'DEPT014', '肾内科', 'ROOM_DEPT014_5', '肾内科门诊2诊室', 'DOC_DEPT014_3', '罗娜', '03', '主治医师', '糖尿病肾病早筛', '1', '专家门诊', 'SRV_001', '主治医师挂号费', '50.00', '50.00', '0.00', '0.00', '0.00', '1,2,5,6,7,8,9,11,13,14,15,16,17,18,19,20,22,23,24,26,27,33', '主楼4层肾内科候诊区', '08:00-12:00', '请提前15分钟候诊', '0', '1', '33', '11' );
INSERT INTO doctor_schedule ( m_code, service_date, week_day, session_code, session_name, start_time, end_time,  department_code, department_name, clinic_room_code, clinic_room_name,  doctor_code, doctor_name, doctor_title_code, doctor_title, doctor_spec,  doctor_sess_type_code, doctor_sess_type, service_code, service_name,  fee, reg_fee, checkup_fee, service_fee, other_fee, available_number_str,  admit_address_string, admit_time_range, note, time_range_flag, schedule_status,  available_total_num, available_left_num ) VALUES ( 'SCH_DOC_DEPT014_3_20260329_2', '2026-03-29', '7', '2', '下午', '13:30', '17:30', 'DEPT014', '肾内科', 'ROOM_DEPT014_2', '肾内科门诊1诊室', 'DOC_DEPT014_3', '罗娜', '03', '主治医师', '糖尿病肾病早筛', '1', '专家门诊', 'SRV_001', '主治医师挂号费', '15.00', '15.00', '0.00', '0.00', '0.00', '1,2,3,5,8,9,12,14,15,16,17,18,19,20,21,22,23,25,26,27,28,29,30,32,33,34,35', '主楼6层肾内科候诊区', '13:30-17:30', '请提前15分钟候诊', '0', '1', '35', '18' );
INSERT INTO doctor (doctor_code, doctor_name, department_code, title, specialty, doctor_des, doctor_image) VALUES ('DOC_DEPT014_4', '刘洋', 'DEPT014', '主任医师', '狼疮性肾炎', '刘洋主任医师，从事肾内科临床工作19年，经验丰富。她长期致力于狼疮性肾炎的诊疗，已成功治愈数千例相关患者。', 'doc_DOC_DEPT014_4.png');
INSERT INTO doctor_schedule ( m_code, service_date, week_day, session_code, session_name, start_time, end_time,  department_code, department_name, clinic_room_code, clinic_room_name,  doctor_code, doctor_name, doctor_title_code, doctor_title, doctor_spec,  doctor_sess_type_code, doctor_sess_type, service_code, service_name,  fee, reg_fee, checkup_fee, service_fee, other_fee, available_number_str,  admit_address_string, admit_time_range, note, time_range_flag, schedule_status,  available_total_num, available_left_num ) VALUES ( 'SCH_DOC_DEPT014_4_20260316_2', '2026-03-16', '1', '2', '下午', '13:30', '17:30', 'DEPT014', '肾内科', 'ROOM_DEPT014_3', '肾内科门诊2诊室', 'DOC_DEPT014_4', '刘洋', '01', '主任医师', '狼疮性肾炎', '1', '专家门诊', 'SRV_001', '主任医师挂号费', '20.00', '20.00', '0.00', '0.00', '0.00', '2,3,4,5,7,9,10,11,12,14,17', '主楼2层肾内科候诊区', '13:30-17:30', '请提前15分钟候诊', '0', '1', '17', '4' );
INSERT INTO doctor_schedule ( m_code, service_date, week_day, session_code, session_name, start_time, end_time,  department_code, department_name, clinic_room_code, clinic_room_name,  doctor_code, doctor_name, doctor_title_code, doctor_title, doctor_spec,  doctor_sess_type_code, doctor_sess_type, service_code, service_name,  fee, reg_fee, checkup_fee, service_fee, other_fee, available_number_str,  admit_address_string, admit_time_range, note, time_range_flag, schedule_status,  available_total_num, available_left_num ) VALUES ( 'SCH_DOC_DEPT014_4_20260318_1', '2026-03-18', '3', '1', '上午', '08:00', '12:00', 'DEPT014', '肾内科', 'ROOM_DEPT014_3', '肾内科门诊1诊室', 'DOC_DEPT014_4', '刘洋', '01', '主任医师', '狼疮性肾炎', '1', '专家门诊', 'SRV_001', '主任医师挂号费', '20.00', '20.00', '0.00', '0.00', '0.00', '1,2,3,4,6,7,8,9,10,11,12,13,15,16,18,20,21,22,23,24,25,27,29,30,31', '主楼3层肾内科候诊区', '08:00-12:00', '请提前15分钟候诊', '0', '1', '31', '15' );
INSERT INTO doctor_schedule ( m_code, service_date, week_day, session_code, session_name, start_time, end_time,  department_code, department_name, clinic_room_code, clinic_room_name,  doctor_code, doctor_name, doctor_title_code, doctor_title, doctor_spec,  doctor_sess_type_code, doctor_sess_type, service_code, service_name,  fee, reg_fee, checkup_fee, service_fee, other_fee, available_number_str,  admit_address_string, admit_time_range, note, time_range_flag, schedule_status,  available_total_num, available_left_num ) VALUES ( 'SCH_DOC_DEPT014_4_20260319_2', '2026-03-19', '4', '2', '下午', '13:30', '17:30', 'DEPT014', '肾内科', 'ROOM_DEPT014_2', '肾内科门诊1诊室', 'DOC_DEPT014_4', '刘洋', '01', '主任医师', '狼疮性肾炎', '1', '专家门诊', 'SRV_001', '主任医师挂号费', '20.00', '20.00', '0.00', '0.00', '0.00', '1,2,3,4,5,7,9,10,12,13,15,16,17,18,20', '主楼2层肾内科候诊区', '13:30-17:30', '请提前15分钟候诊', '0', '1', '20', '14' );
INSERT INTO doctor_schedule ( m_code, service_date, week_day, session_code, session_name, start_time, end_time,  department_code, department_name, clinic_room_code, clinic_room_name,  doctor_code, doctor_name, doctor_title_code, doctor_title, doctor_spec,  doctor_sess_type_code, doctor_sess_type, service_code, service_name,  fee, reg_fee, checkup_fee, service_fee, other_fee, available_number_str,  admit_address_string, admit_time_range, note, time_range_flag, schedule_status,  available_total_num, available_left_num ) VALUES ( 'SCH_DOC_DEPT014_4_20260320_2', '2026-03-20', '5', '2', '下午', '13:30', '17:30', 'DEPT014', '肾内科', 'ROOM_DEPT014_5', '肾内科门诊4诊室', 'DOC_DEPT014_4', '刘洋', '01', '主任医师', '狼疮性肾炎', '1', '专家门诊', 'SRV_001', '主任医师挂号费', '15.00', '15.00', '0.00', '0.00', '0.00', '1,3,4,5,7,8,9,10,11,12,13,14,15,18,19,22,23,25,26,28,30,32,33,35,36,37,38,39,40', '主楼5层肾内科候诊区', '13:30-17:30', '请提前15分钟候诊', '0', '1', '40', '11' );
INSERT INTO doctor_schedule ( m_code, service_date, week_day, session_code, session_name, start_time, end_time,  department_code, department_name, clinic_room_code, clinic_room_name,  doctor_code, doctor_name, doctor_title_code, doctor_title, doctor_spec,  doctor_sess_type_code, doctor_sess_type, service_code, service_name,  fee, reg_fee, checkup_fee, service_fee, other_fee, available_number_str,  admit_address_string, admit_time_range, note, time_range_flag, schedule_status,  available_total_num, available_left_num ) VALUES ( 'SCH_DOC_DEPT014_4_20260320_1', '2026-03-20', '5', '1', '上午', '08:00', '12:00', 'DEPT014', '肾内科', 'ROOM_DEPT014_2', '肾内科门诊1诊室', 'DOC_DEPT014_4', '刘洋', '01', '主任医师', '狼疮性肾炎', '1', '专家门诊', 'SRV_001', '主任医师挂号费', '20.00', '20.00', '0.00', '0.00', '0.00', '1,3,4,5,7,8,9,10,11,12,13,14,15,16,17,19,21,24,26,27', '主楼6层肾内科候诊区', '08:00-12:00', '请提前15分钟候诊', '0', '1', '27', '13' );
INSERT INTO doctor_schedule ( m_code, service_date, week_day, session_code, session_name, start_time, end_time,  department_code, department_name, clinic_room_code, clinic_room_name,  doctor_code, doctor_name, doctor_title_code, doctor_title, doctor_spec,  doctor_sess_type_code, doctor_sess_type, service_code, service_name,  fee, reg_fee, checkup_fee, service_fee, other_fee, available_number_str,  admit_address_string, admit_time_range, note, time_range_flag, schedule_status,  available_total_num, available_left_num ) VALUES ( 'SCH_DOC_DEPT014_4_20260321_1', '2026-03-21', '6', '1', '上午', '08:00', '12:00', 'DEPT014', '肾内科', 'ROOM_DEPT014_1', '肾内科门诊1诊室', 'DOC_DEPT014_4', '刘洋', '01', '主任医师', '狼疮性肾炎', '1', '专家门诊', 'SRV_001', '主任医师挂号费', '15.00', '15.00', '0.00', '0.00', '0.00', '2,3,4,5,6,7,8,9,10,13,15,16,17,18,19,20,23', '主楼4层肾内科候诊区', '08:00-12:00', '请提前15分钟候诊', '0', '1', '23', '11' );
INSERT INTO doctor_schedule ( m_code, service_date, week_day, session_code, session_name, start_time, end_time,  department_code, department_name, clinic_room_code, clinic_room_name,  doctor_code, doctor_name, doctor_title_code, doctor_title, doctor_spec,  doctor_sess_type_code, doctor_sess_type, service_code, service_name,  fee, reg_fee, checkup_fee, service_fee, other_fee, available_number_str,  admit_address_string, admit_time_range, note, time_range_flag, schedule_status,  available_total_num, available_left_num ) VALUES ( 'SCH_DOC_DEPT014_4_20260322_1', '2026-03-22', '7', '1', '上午', '08:00', '12:00', 'DEPT014', '肾内科', 'ROOM_DEPT014_2', '肾内科门诊4诊室', 'DOC_DEPT014_4', '刘洋', '01', '主任医师', '狼疮性肾炎', '1', '专家门诊', 'SRV_001', '主任医师挂号费', '20.00', '20.00', '0.00', '0.00', '0.00', '4,5,7,9,10,11,12,13,14,15,16,17,18,19,20,21,22,23,24,25,26,28,29,31,32,34,35,36,37', '主楼6层肾内科候诊区', '08:00-12:00', '请提前15分钟候诊', '0', '1', '37', '24' );
INSERT INTO doctor_schedule ( m_code, service_date, week_day, session_code, session_name, start_time, end_time,  department_code, department_name, clinic_room_code, clinic_room_name,  doctor_code, doctor_name, doctor_title_code, doctor_title, doctor_spec,  doctor_sess_type_code, doctor_sess_type, service_code, service_name,  fee, reg_fee, checkup_fee, service_fee, other_fee, available_number_str,  admit_address_string, admit_time_range, note, time_range_flag, schedule_status,  available_total_num, available_left_num ) VALUES ( 'SCH_DOC_DEPT014_4_20260323_1', '2026-03-23', '1', '1', '上午', '08:00', '12:00', 'DEPT014', '肾内科', 'ROOM_DEPT014_4', '肾内科门诊2诊室', 'DOC_DEPT014_4', '刘洋', '01', '主任医师', '狼疮性肾炎', '1', '专家门诊', 'SRV_001', '主任医师挂号费', '20.00', '20.00', '0.00', '0.00', '0.00', '2,4,5,7,9,13,14,15,16,17,18,19,21,22,24,26,27,28,29,30,31,34,36,37,38,39,40', '主楼2层肾内科候诊区', '08:00-12:00', '请提前15分钟候诊', '0', '1', '40', '39' );
INSERT INTO doctor_schedule ( m_code, service_date, week_day, session_code, session_name, start_time, end_time,  department_code, department_name, clinic_room_code, clinic_room_name,  doctor_code, doctor_name, doctor_title_code, doctor_title, doctor_spec,  doctor_sess_type_code, doctor_sess_type, service_code, service_name,  fee, reg_fee, checkup_fee, service_fee, other_fee, available_number_str,  admit_address_string, admit_time_range, note, time_range_flag, schedule_status,  available_total_num, available_left_num ) VALUES ( 'SCH_DOC_DEPT014_4_20260324_2', '2026-03-24', '2', '2', '下午', '13:30', '17:30', 'DEPT014', '肾内科', 'ROOM_DEPT014_3', '肾内科门诊1诊室', 'DOC_DEPT014_4', '刘洋', '01', '主任医师', '狼疮性肾炎', '1', '专家门诊', 'SRV_001', '主任医师挂号费', '15.00', '15.00', '0.00', '0.00', '0.00', '1,2,3,4,5,6,7,8,9,10,12,14,16,18,20,21,22,23,24', '主楼3层肾内科候诊区', '13:30-17:30', '请提前15分钟候诊', '0', '1', '24', '6' );
INSERT INTO doctor_schedule ( m_code, service_date, week_day, session_code, session_name, start_time, end_time,  department_code, department_name, clinic_room_code, clinic_room_name,  doctor_code, doctor_name, doctor_title_code, doctor_title, doctor_spec,  doctor_sess_type_code, doctor_sess_type, service_code, service_name,  fee, reg_fee, checkup_fee, service_fee, other_fee, available_number_str,  admit_address_string, admit_time_range, note, time_range_flag, schedule_status,  available_total_num, available_left_num ) VALUES ( 'SCH_DOC_DEPT014_4_20260324_1', '2026-03-24', '2', '1', '上午', '08:00', '12:00', 'DEPT014', '肾内科', 'ROOM_DEPT014_5', '肾内科门诊2诊室', 'DOC_DEPT014_4', '刘洋', '01', '主任医师', '狼疮性肾炎', '1', '专家门诊', 'SRV_001', '主任医师挂号费', '15.00', '15.00', '0.00', '0.00', '0.00', '1,2,3,4,5,8,10,11,12,13,15,16,17,18,19,22,23,24,26', '主楼2层肾内科候诊区', '08:00-12:00', '请提前15分钟候诊', '0', '1', '26', '23' );
INSERT INTO doctor_schedule ( m_code, service_date, week_day, session_code, session_name, start_time, end_time,  department_code, department_name, clinic_room_code, clinic_room_name,  doctor_code, doctor_name, doctor_title_code, doctor_title, doctor_spec,  doctor_sess_type_code, doctor_sess_type, service_code, service_name,  fee, reg_fee, checkup_fee, service_fee, other_fee, available_number_str,  admit_address_string, admit_time_range, note, time_range_flag, schedule_status,  available_total_num, available_left_num ) VALUES ( 'SCH_DOC_DEPT014_4_20260325_1', '2026-03-25', '3', '1', '上午', '08:00', '12:00', 'DEPT014', '肾内科', 'ROOM_DEPT014_1', '肾内科门诊3诊室', 'DOC_DEPT014_4', '刘洋', '01', '主任医师', '狼疮性肾炎', '1', '专家门诊', 'SRV_001', '主任医师挂号费', '15.00', '15.00', '0.00', '0.00', '0.00', '2,3,6,7,8,9,10,11,12,13,14,15,16,17,19,21,23,25,27,28', '主楼6层肾内科候诊区', '08:00-12:00', '请提前15分钟候诊', '0', '1', '28', '12' );
INSERT INTO doctor_schedule ( m_code, service_date, week_day, session_code, session_name, start_time, end_time,  department_code, department_name, clinic_room_code, clinic_room_name,  doctor_code, doctor_name, doctor_title_code, doctor_title, doctor_spec,  doctor_sess_type_code, doctor_sess_type, service_code, service_name,  fee, reg_fee, checkup_fee, service_fee, other_fee, available_number_str,  admit_address_string, admit_time_range, note, time_range_flag, schedule_status,  available_total_num, available_left_num ) VALUES ( 'SCH_DOC_DEPT014_4_20260326_2', '2026-03-26', '4', '2', '下午', '13:30', '17:30', 'DEPT014', '肾内科', 'ROOM_DEPT014_1', '肾内科门诊5诊室', 'DOC_DEPT014_4', '刘洋', '01', '主任医师', '狼疮性肾炎', '1', '专家门诊', 'SRV_001', '主任医师挂号费', '15.00', '15.00', '0.00', '0.00', '0.00', '1,2,4,5,6,8,9,10,12,13,14,16,17,24,26,27,28,29,30', '主楼3层肾内科候诊区', '13:30-17:30', '请提前15分钟候诊', '0', '1', '30', '15' );
INSERT INTO doctor_schedule ( m_code, service_date, week_day, session_code, session_name, start_time, end_time,  department_code, department_name, clinic_room_code, clinic_room_name,  doctor_code, doctor_name, doctor_title_code, doctor_title, doctor_spec,  doctor_sess_type_code, doctor_sess_type, service_code, service_name,  fee, reg_fee, checkup_fee, service_fee, other_fee, available_number_str,  admit_address_string, admit_time_range, note, time_range_flag, schedule_status,  available_total_num, available_left_num ) VALUES ( 'SCH_DOC_DEPT014_4_20260326_1', '2026-03-26', '4', '1', '上午', '08:00', '12:00', 'DEPT014', '肾内科', 'ROOM_DEPT014_3', '肾内科门诊1诊室', 'DOC_DEPT014_4', '刘洋', '01', '主任医师', '狼疮性肾炎', '1', '专家门诊', 'SRV_001', '主任医师挂号费', '15.00', '15.00', '0.00', '0.00', '0.00', '1,2,3,4,5,6,9,10,11,12,14,15,17,19,21', '主楼2层肾内科候诊区', '08:00-12:00', '请提前15分钟候诊', '0', '1', '21', '14' );
INSERT INTO doctor_schedule ( m_code, service_date, week_day, session_code, session_name, start_time, end_time,  department_code, department_name, clinic_room_code, clinic_room_name,  doctor_code, doctor_name, doctor_title_code, doctor_title, doctor_spec,  doctor_sess_type_code, doctor_sess_type, service_code, service_name,  fee, reg_fee, checkup_fee, service_fee, other_fee, available_number_str,  admit_address_string, admit_time_range, note, time_range_flag, schedule_status,  available_total_num, available_left_num ) VALUES ( 'SCH_DOC_DEPT014_4_20260328_2', '2026-03-28', '6', '2', '下午', '13:30', '17:30', 'DEPT014', '肾内科', 'ROOM_DEPT014_4', '肾内科门诊2诊室', 'DOC_DEPT014_4', '刘洋', '01', '主任医师', '狼疮性肾炎', '1', '专家门诊', 'SRV_001', '主任医师挂号费', '50.00', '50.00', '0.00', '0.00', '0.00', '2,3,5,6,7,10,11,12,13,14,15,23', '主楼1层肾内科候诊区', '13:30-17:30', '请提前15分钟候诊', '0', '1', '23', '13' );
INSERT INTO doctor_schedule ( m_code, service_date, week_day, session_code, session_name, start_time, end_time,  department_code, department_name, clinic_room_code, clinic_room_name,  doctor_code, doctor_name, doctor_title_code, doctor_title, doctor_spec,  doctor_sess_type_code, doctor_sess_type, service_code, service_name,  fee, reg_fee, checkup_fee, service_fee, other_fee, available_number_str,  admit_address_string, admit_time_range, note, time_range_flag, schedule_status,  available_total_num, available_left_num ) VALUES ( 'SCH_DOC_DEPT014_4_20260328_1', '2026-03-28', '6', '1', '上午', '08:00', '12:00', 'DEPT014', '肾内科', 'ROOM_DEPT014_5', '肾内科门诊1诊室', 'DOC_DEPT014_4', '刘洋', '01', '主任医师', '狼疮性肾炎', '1', '专家门诊', 'SRV_001', '主任医师挂号费', '20.00', '20.00', '0.00', '0.00', '0.00', '1,2,4,5,7,8,9,11,12,13,14,16,17,18,19,20,22,23,27,28', '主楼5层肾内科候诊区', '08:00-12:00', '请提前15分钟候诊', '0', '1', '28', '25' );
INSERT INTO doctor_schedule ( m_code, service_date, week_day, session_code, session_name, start_time, end_time,  department_code, department_name, clinic_room_code, clinic_room_name,  doctor_code, doctor_name, doctor_title_code, doctor_title, doctor_spec,  doctor_sess_type_code, doctor_sess_type, service_code, service_name,  fee, reg_fee, checkup_fee, service_fee, other_fee, available_number_str,  admit_address_string, admit_time_range, note, time_range_flag, schedule_status,  available_total_num, available_left_num ) VALUES ( 'SCH_DOC_DEPT014_4_20260329_2', '2026-03-29', '7', '2', '下午', '13:30', '17:30', 'DEPT014', '肾内科', 'ROOM_DEPT014_3', '肾内科门诊5诊室', 'DOC_DEPT014_4', '刘洋', '01', '主任医师', '狼疮性肾炎', '1', '专家门诊', 'SRV_001', '主任医师挂号费', '50.00', '50.00', '0.00', '0.00', '0.00', '1,2,4,6,7,8,9,10,12,14,15,16,17,18,19,20,25,26,27', '主楼2层肾内科候诊区', '13:30-17:30', '请提前15分钟候诊', '0', '1', '28', '6' );
INSERT INTO doctor_schedule ( m_code, service_date, week_day, session_code, session_name, start_time, end_time,  department_code, department_name, clinic_room_code, clinic_room_name,  doctor_code, doctor_name, doctor_title_code, doctor_title, doctor_spec,  doctor_sess_type_code, doctor_sess_type, service_code, service_name,  fee, reg_fee, checkup_fee, service_fee, other_fee, available_number_str,  admit_address_string, admit_time_range, note, time_range_flag, schedule_status,  available_total_num, available_left_num ) VALUES ( 'SCH_DOC_DEPT014_4_20260329_1', '2026-03-29', '7', '1', '上午', '08:00', '12:00', 'DEPT014', '肾内科', 'ROOM_DEPT014_2', '肾内科门诊3诊室', 'DOC_DEPT014_4', '刘洋', '01', '主任医师', '狼疮性肾炎', '1', '专家门诊', 'SRV_001', '主任医师挂号费', '20.00', '20.00', '0.00', '0.00', '0.00', '2,3,4,7,8,9,10,11,13,15,16,18,20,21,22,23,26,27,31,32,33,34,35,36,37,38', '主楼1层肾内科候诊区', '08:00-12:00', '请提前15分钟候诊', '0', '1', '38', '9' );
INSERT INTO doctor (doctor_code, doctor_name, department_code, title, specialty, doctor_des, doctor_image) VALUES ('DOC_DEPT014_5', '马磊', 'DEPT014', '副主任医师', '继发性高血压诊断', '马磊副主任医师，从事肾内科临床工作27年，经验丰富。她专注于继发性高血压诊断的诊疗，已成功治愈数千例相关患者。', 'doc_DOC_DEPT014_5.png');
INSERT INTO doctor_schedule ( m_code, service_date, week_day, session_code, session_name, start_time, end_time,  department_code, department_name, clinic_room_code, clinic_room_name,  doctor_code, doctor_name, doctor_title_code, doctor_title, doctor_spec,  doctor_sess_type_code, doctor_sess_type, service_code, service_name,  fee, reg_fee, checkup_fee, service_fee, other_fee, available_number_str,  admit_address_string, admit_time_range, note, time_range_flag, schedule_status,  available_total_num, available_left_num ) VALUES ( 'SCH_DOC_DEPT014_5_20260317_2', '2026-03-17', '2', '2', '下午', '13:30', '17:30', 'DEPT014', '肾内科', 'ROOM_DEPT014_1', '肾内科门诊1诊室', 'DOC_DEPT014_5', '马磊', '02', '副主任医师', '继发性高血压诊断', '1', '专家门诊', 'SRV_001', '副主任医师挂号费', '15.00', '15.00', '0.00', '0.00', '0.00', '1,3,4,5,7,8,10,12,13,14,15', '主楼4层肾内科候诊区', '13:30-17:30', '请提前15分钟候诊', '0', '1', '15', '13' );
INSERT INTO doctor_schedule ( m_code, service_date, week_day, session_code, session_name, start_time, end_time,  department_code, department_name, clinic_room_code, clinic_room_name,  doctor_code, doctor_name, doctor_title_code, doctor_title, doctor_spec,  doctor_sess_type_code, doctor_sess_type, service_code, service_name,  fee, reg_fee, checkup_fee, service_fee, other_fee, available_number_str,  admit_address_string, admit_time_range, note, time_range_flag, schedule_status,  available_total_num, available_left_num ) VALUES ( 'SCH_DOC_DEPT014_5_20260317_1', '2026-03-17', '2', '1', '上午', '08:00', '12:00', 'DEPT014', '肾内科', 'ROOM_DEPT014_3', '肾内科门诊2诊室', 'DOC_DEPT014_5', '马磊', '02', '副主任医师', '继发性高血压诊断', '1', '专家门诊', 'SRV_001', '副主任医师挂号费', '20.00', '20.00', '0.00', '0.00', '0.00', '1,3,5,7,8,9,11,12,13,14,15,16,18,19', '主楼5层肾内科候诊区', '08:00-12:00', '请提前15分钟候诊', '0', '1', '20', '18' );
INSERT INTO doctor_schedule ( m_code, service_date, week_day, session_code, session_name, start_time, end_time,  department_code, department_name, clinic_room_code, clinic_room_name,  doctor_code, doctor_name, doctor_title_code, doctor_title, doctor_spec,  doctor_sess_type_code, doctor_sess_type, service_code, service_name,  fee, reg_fee, checkup_fee, service_fee, other_fee, available_number_str,  admit_address_string, admit_time_range, note, time_range_flag, schedule_status,  available_total_num, available_left_num ) VALUES ( 'SCH_DOC_DEPT014_5_20260318_1', '2026-03-18', '3', '1', '上午', '08:00', '12:00', 'DEPT014', '肾内科', 'ROOM_DEPT014_3', '肾内科门诊4诊室', 'DOC_DEPT014_5', '马磊', '02', '副主任医师', '继发性高血压诊断', '1', '专家门诊', 'SRV_001', '副主任医师挂号费', '20.00', '20.00', '0.00', '0.00', '0.00', '1,2,3,5,6,7,8,10,11,12,13,14,15,17,18,19,20', '主楼3层肾内科候诊区', '08:00-12:00', '请提前15分钟候诊', '0', '1', '21', '7' );
INSERT INTO doctor_schedule ( m_code, service_date, week_day, session_code, session_name, start_time, end_time,  department_code, department_name, clinic_room_code, clinic_room_name,  doctor_code, doctor_name, doctor_title_code, doctor_title, doctor_spec,  doctor_sess_type_code, doctor_sess_type, service_code, service_name,  fee, reg_fee, checkup_fee, service_fee, other_fee, available_number_str,  admit_address_string, admit_time_range, note, time_range_flag, schedule_status,  available_total_num, available_left_num ) VALUES ( 'SCH_DOC_DEPT014_5_20260319_1', '2026-03-19', '4', '1', '上午', '08:00', '12:00', 'DEPT014', '肾内科', 'ROOM_DEPT014_4', '肾内科门诊1诊室', 'DOC_DEPT014_5', '马磊', '02', '副主任医师', '继发性高血压诊断', '1', '专家门诊', 'SRV_001', '副主任医师挂号费', '15.00', '15.00', '0.00', '0.00', '0.00', '1,2,3,6,7,9,10,11,12,13,14,15,16,17,18,19,20,22,23,24,26,29,30,32,34', '主楼2层肾内科候诊区', '08:00-12:00', '请提前15分钟候诊', '0', '1', '34', '29' );
INSERT INTO doctor_schedule ( m_code, service_date, week_day, session_code, session_name, start_time, end_time,  department_code, department_name, clinic_room_code, clinic_room_name,  doctor_code, doctor_name, doctor_title_code, doctor_title, doctor_spec,  doctor_sess_type_code, doctor_sess_type, service_code, service_name,  fee, reg_fee, checkup_fee, service_fee, other_fee, available_number_str,  admit_address_string, admit_time_range, note, time_range_flag, schedule_status,  available_total_num, available_left_num ) VALUES ( 'SCH_DOC_DEPT014_5_20260320_2', '2026-03-20', '5', '2', '下午', '13:30', '17:30', 'DEPT014', '肾内科', 'ROOM_DEPT014_4', '肾内科门诊2诊室', 'DOC_DEPT014_5', '马磊', '02', '副主任医师', '继发性高血压诊断', '1', '专家门诊', 'SRV_001', '副主任医师挂号费', '50.00', '50.00', '0.00', '0.00', '0.00', '1,3,4,6,7,8,9,10,12,15,16,17,19,21,22,23,24,25,26,28,30', '主楼6层肾内科候诊区', '13:30-17:30', '请提前15分钟候诊', '0', '1', '30', '9' );
INSERT INTO doctor_schedule ( m_code, service_date, week_day, session_code, session_name, start_time, end_time,  department_code, department_name, clinic_room_code, clinic_room_name,  doctor_code, doctor_name, doctor_title_code, doctor_title, doctor_spec,  doctor_sess_type_code, doctor_sess_type, service_code, service_name,  fee, reg_fee, checkup_fee, service_fee, other_fee, available_number_str,  admit_address_string, admit_time_range, note, time_range_flag, schedule_status,  available_total_num, available_left_num ) VALUES ( 'SCH_DOC_DEPT014_5_20260320_1', '2026-03-20', '5', '1', '上午', '08:00', '12:00', 'DEPT014', '肾内科', 'ROOM_DEPT014_4', '肾内科门诊5诊室', 'DOC_DEPT014_5', '马磊', '02', '副主任医师', '继发性高血压诊断', '1', '专家门诊', 'SRV_001', '副主任医师挂号费', '50.00', '50.00', '0.00', '0.00', '0.00', '1,2,3,4,5,7,10,11,12,13,14,15,16,17,18,19,20,23,24,25,27,28,29', '主楼1层肾内科候诊区', '08:00-12:00', '请提前15分钟候诊', '0', '1', '29', '21' );
INSERT INTO doctor_schedule ( m_code, service_date, week_day, session_code, session_name, start_time, end_time,  department_code, department_name, clinic_room_code, clinic_room_name,  doctor_code, doctor_name, doctor_title_code, doctor_title, doctor_spec,  doctor_sess_type_code, doctor_sess_type, service_code, service_name,  fee, reg_fee, checkup_fee, service_fee, other_fee, available_number_str,  admit_address_string, admit_time_range, note, time_range_flag, schedule_status,  available_total_num, available_left_num ) VALUES ( 'SCH_DOC_DEPT014_5_20260321_2', '2026-03-21', '6', '2', '下午', '13:30', '17:30', 'DEPT014', '肾内科', 'ROOM_DEPT014_5', '肾内科门诊4诊室', 'DOC_DEPT014_5', '马磊', '02', '副主任医师', '继发性高血压诊断', '1', '专家门诊', 'SRV_001', '副主任医师挂号费', '20.00', '20.00', '0.00', '0.00', '0.00', '1,2,3,5,6,7,9,10,12,14,15,20,21,23,24,25,27,28,31,32,33,34', '主楼1层肾内科候诊区', '13:30-17:30', '请提前15分钟候诊', '0', '1', '35', '35' );
INSERT INTO doctor_schedule ( m_code, service_date, week_day, session_code, session_name, start_time, end_time,  department_code, department_name, clinic_room_code, clinic_room_name,  doctor_code, doctor_name, doctor_title_code, doctor_title, doctor_spec,  doctor_sess_type_code, doctor_sess_type, service_code, service_name,  fee, reg_fee, checkup_fee, service_fee, other_fee, available_number_str,  admit_address_string, admit_time_range, note, time_range_flag, schedule_status,  available_total_num, available_left_num ) VALUES ( 'SCH_DOC_DEPT014_5_20260324_1', '2026-03-24', '2', '1', '上午', '08:00', '12:00', 'DEPT014', '肾内科', 'ROOM_DEPT014_1', '肾内科门诊4诊室', 'DOC_DEPT014_5', '马磊', '02', '副主任医师', '继发性高血压诊断', '1', '专家门诊', 'SRV_001', '副主任医师挂号费', '15.00', '15.00', '0.00', '0.00', '0.00', '1,2,4,5,7,11,12,13,14,16,18,20,21', '主楼5层肾内科候诊区', '08:00-12:00', '请提前15分钟候诊', '0', '1', '21', '20' );
INSERT INTO doctor_schedule ( m_code, service_date, week_day, session_code, session_name, start_time, end_time,  department_code, department_name, clinic_room_code, clinic_room_name,  doctor_code, doctor_name, doctor_title_code, doctor_title, doctor_spec,  doctor_sess_type_code, doctor_sess_type, service_code, service_name,  fee, reg_fee, checkup_fee, service_fee, other_fee, available_number_str,  admit_address_string, admit_time_range, note, time_range_flag, schedule_status,  available_total_num, available_left_num ) VALUES ( 'SCH_DOC_DEPT014_5_20260325_1', '2026-03-25', '3', '1', '上午', '08:00', '12:00', 'DEPT014', '肾内科', 'ROOM_DEPT014_1', '肾内科门诊3诊室', 'DOC_DEPT014_5', '马磊', '02', '副主任医师', '继发性高血压诊断', '1', '专家门诊', 'SRV_001', '副主任医师挂号费', '50.00', '50.00', '0.00', '0.00', '0.00', '1,2,3,4,5,6,8,10,11,12,13,15,16,18,19,20,21', '主楼3层肾内科候诊区', '08:00-12:00', '请提前15分钟候诊', '0', '1', '21', '13' );
INSERT INTO doctor_schedule ( m_code, service_date, week_day, session_code, session_name, start_time, end_time,  department_code, department_name, clinic_room_code, clinic_room_name,  doctor_code, doctor_name, doctor_title_code, doctor_title, doctor_spec,  doctor_sess_type_code, doctor_sess_type, service_code, service_name,  fee, reg_fee, checkup_fee, service_fee, other_fee, available_number_str,  admit_address_string, admit_time_range, note, time_range_flag, schedule_status,  available_total_num, available_left_num ) VALUES ( 'SCH_DOC_DEPT014_5_20260325_2', '2026-03-25', '3', '2', '下午', '13:30', '17:30', 'DEPT014', '肾内科', 'ROOM_DEPT014_5', '肾内科门诊3诊室', 'DOC_DEPT014_5', '马磊', '02', '副主任医师', '继发性高血压诊断', '1', '专家门诊', 'SRV_001', '副主任医师挂号费', '15.00', '15.00', '0.00', '0.00', '0.00', '2,3,4,7,9,10,11,12,17,18,22,24,26,27,29,32,35,36,37,38,39', '主楼2层肾内科候诊区', '13:30-17:30', '请提前15分钟候诊', '0', '1', '39', '27' );
INSERT INTO doctor_schedule ( m_code, service_date, week_day, session_code, session_name, start_time, end_time,  department_code, department_name, clinic_room_code, clinic_room_name,  doctor_code, doctor_name, doctor_title_code, doctor_title, doctor_spec,  doctor_sess_type_code, doctor_sess_type, service_code, service_name,  fee, reg_fee, checkup_fee, service_fee, other_fee, available_number_str,  admit_address_string, admit_time_range, note, time_range_flag, schedule_status,  available_total_num, available_left_num ) VALUES ( 'SCH_DOC_DEPT014_5_20260326_2', '2026-03-26', '4', '2', '下午', '13:30', '17:30', 'DEPT014', '肾内科', 'ROOM_DEPT014_1', '肾内科门诊4诊室', 'DOC_DEPT014_5', '马磊', '02', '副主任医师', '继发性高血压诊断', '1', '专家门诊', 'SRV_001', '副主任医师挂号费', '50.00', '50.00', '0.00', '0.00', '0.00', '1,4,7,8,9,12,13,18,19,20', '主楼4层肾内科候诊区', '13:30-17:30', '请提前15分钟候诊', '0', '1', '20', '14' );
INSERT INTO doctor_schedule ( m_code, service_date, week_day, session_code, session_name, start_time, end_time,  department_code, department_name, clinic_room_code, clinic_room_name,  doctor_code, doctor_name, doctor_title_code, doctor_title, doctor_spec,  doctor_sess_type_code, doctor_sess_type, service_code, service_name,  fee, reg_fee, checkup_fee, service_fee, other_fee, available_number_str,  admit_address_string, admit_time_range, note, time_range_flag, schedule_status,  available_total_num, available_left_num ) VALUES ( 'SCH_DOC_DEPT014_5_20260326_1', '2026-03-26', '4', '1', '上午', '08:00', '12:00', 'DEPT014', '肾内科', 'ROOM_DEPT014_5', '肾内科门诊5诊室', 'DOC_DEPT014_5', '马磊', '02', '副主任医师', '继发性高血压诊断', '1', '专家门诊', 'SRV_001', '副主任医师挂号费', '20.00', '20.00', '0.00', '0.00', '0.00', '1,5,6,8,9,10,11,12,14,15,16', '主楼6层肾内科候诊区', '08:00-12:00', '请提前15分钟候诊', '0', '1', '16', '10' );
INSERT INTO doctor_schedule ( m_code, service_date, week_day, session_code, session_name, start_time, end_time,  department_code, department_name, clinic_room_code, clinic_room_name,  doctor_code, doctor_name, doctor_title_code, doctor_title, doctor_spec,  doctor_sess_type_code, doctor_sess_type, service_code, service_name,  fee, reg_fee, checkup_fee, service_fee, other_fee, available_number_str,  admit_address_string, admit_time_range, note, time_range_flag, schedule_status,  available_total_num, available_left_num ) VALUES ( 'SCH_DOC_DEPT014_5_20260327_2', '2026-03-27', '5', '2', '下午', '13:30', '17:30', 'DEPT014', '肾内科', 'ROOM_DEPT014_5', '肾内科门诊2诊室', 'DOC_DEPT014_5', '马磊', '02', '副主任医师', '继发性高血压诊断', '1', '专家门诊', 'SRV_001', '副主任医师挂号费', '15.00', '15.00', '0.00', '0.00', '0.00', '2,5,7,8,9,11,14,15,16,17,18,19,21,22,24,25,27', '主楼4层肾内科候诊区', '13:30-17:30', '请提前15分钟候诊', '0', '1', '27', '24' );
INSERT INTO doctor_schedule ( m_code, service_date, week_day, session_code, session_name, start_time, end_time,  department_code, department_name, clinic_room_code, clinic_room_name,  doctor_code, doctor_name, doctor_title_code, doctor_title, doctor_spec,  doctor_sess_type_code, doctor_sess_type, service_code, service_name,  fee, reg_fee, checkup_fee, service_fee, other_fee, available_number_str,  admit_address_string, admit_time_range, note, time_range_flag, schedule_status,  available_total_num, available_left_num ) VALUES ( 'SCH_DOC_DEPT014_5_20260328_1', '2026-03-28', '6', '1', '上午', '08:00', '12:00', 'DEPT014', '肾内科', 'ROOM_DEPT014_5', '肾内科门诊5诊室', 'DOC_DEPT014_5', '马磊', '02', '副主任医师', '继发性高血压诊断', '1', '专家门诊', 'SRV_001', '副主任医师挂号费', '50.00', '50.00', '0.00', '0.00', '0.00', '2,3,4,8,10,11,13,14,16,17,18,20,22,23,26', '主楼4层肾内科候诊区', '08:00-12:00', '请提前15分钟候诊', '0', '1', '26', '21' );
INSERT INTO doctor_schedule ( m_code, service_date, week_day, session_code, session_name, start_time, end_time,  department_code, department_name, clinic_room_code, clinic_room_name,  doctor_code, doctor_name, doctor_title_code, doctor_title, doctor_spec,  doctor_sess_type_code, doctor_sess_type, service_code, service_name,  fee, reg_fee, checkup_fee, service_fee, other_fee, available_number_str,  admit_address_string, admit_time_range, note, time_range_flag, schedule_status,  available_total_num, available_left_num ) VALUES ( 'SCH_DOC_DEPT014_5_20260328_2', '2026-03-28', '6', '2', '下午', '13:30', '17:30', 'DEPT014', '肾内科', 'ROOM_DEPT014_4', '肾内科门诊4诊室', 'DOC_DEPT014_5', '马磊', '02', '副主任医师', '继发性高血压诊断', '1', '专家门诊', 'SRV_001', '副主任医师挂号费', '20.00', '20.00', '0.00', '0.00', '0.00', '4,8,11,12,14,15,17,18,20,21', '主楼3层肾内科候诊区', '13:30-17:30', '请提前15分钟候诊', '0', '1', '21', '21' );
INSERT INTO doctor_schedule ( m_code, service_date, week_day, session_code, session_name, start_time, end_time,  department_code, department_name, clinic_room_code, clinic_room_name,  doctor_code, doctor_name, doctor_title_code, doctor_title, doctor_spec,  doctor_sess_type_code, doctor_sess_type, service_code, service_name,  fee, reg_fee, checkup_fee, service_fee, other_fee, available_number_str,  admit_address_string, admit_time_range, note, time_range_flag, schedule_status,  available_total_num, available_left_num ) VALUES ( 'SCH_DOC_DEPT014_5_20260329_2', '2026-03-29', '7', '2', '下午', '13:30', '17:30', 'DEPT014', '肾内科', 'ROOM_DEPT014_4', '肾内科门诊3诊室', 'DOC_DEPT014_5', '马磊', '02', '副主任医师', '继发性高血压诊断', '1', '专家门诊', 'SRV_001', '副主任医师挂号费', '15.00', '15.00', '0.00', '0.00', '0.00', '1,2,3,5,6,10,12,13,15,16,17,18,19,23,24,25,26,27,28,32,34,35,36,38', '主楼4层肾内科候诊区', '13:30-17:30', '请提前15分钟候诊', '0', '1', '38', '24' );
INSERT INTO doctor_schedule ( m_code, service_date, week_day, session_code, session_name, start_time, end_time,  department_code, department_name, clinic_room_code, clinic_room_name,  doctor_code, doctor_name, doctor_title_code, doctor_title, doctor_spec,  doctor_sess_type_code, doctor_sess_type, service_code, service_name,  fee, reg_fee, checkup_fee, service_fee, other_fee, available_number_str,  admit_address_string, admit_time_range, note, time_range_flag, schedule_status,  available_total_num, available_left_num ) VALUES ( 'SCH_DOC_DEPT014_5_20260329_1', '2026-03-29', '7', '1', '上午', '08:00', '12:00', 'DEPT014', '肾内科', 'ROOM_DEPT014_3', '肾内科门诊5诊室', 'DOC_DEPT014_5', '马磊', '02', '副主任医师', '继发性高血压诊断', '1', '专家门诊', 'SRV_001', '副主任医师挂号费', '15.00', '15.00', '0.00', '0.00', '0.00', '2,3,5,6,7,8,9,10,11,13,14,15,17,18,21,22', '主楼1层肾内科候诊区', '08:00-12:00', '请提前15分钟候诊', '0', '1', '22', '10' );
INSERT INTO doctor (doctor_code, doctor_name, department_code, title, specialty, doctor_des, doctor_image) VALUES ('DOC_DEPT015_1', '陈娟', 'DEPT015', '主治医师', '甲状腺结节穿刺', '陈娟主治医师，从事内分泌科临床工作26年，专业严谨。她擅长甲状腺结节穿刺的诊疗，已成功治愈数千例相关患者。', 'doc_DOC_DEPT015_1.png');
INSERT INTO doctor_schedule ( m_code, service_date, week_day, session_code, session_name, start_time, end_time,  department_code, department_name, clinic_room_code, clinic_room_name,  doctor_code, doctor_name, doctor_title_code, doctor_title, doctor_spec,  doctor_sess_type_code, doctor_sess_type, service_code, service_name,  fee, reg_fee, checkup_fee, service_fee, other_fee, available_number_str,  admit_address_string, admit_time_range, note, time_range_flag, schedule_status,  available_total_num, available_left_num ) VALUES ( 'SCH_DOC_DEPT015_1_20260317_1', '2026-03-17', '2', '1', '上午', '08:00', '12:00', 'DEPT015', '内分泌科', 'ROOM_DEPT015_2', '内分泌科门诊4诊室', 'DOC_DEPT015_1', '陈娟', '03', '主治医师', '甲状腺结节穿刺', '1', '专家门诊', 'SRV_001', '主治医师挂号费', '15.00', '15.00', '0.00', '0.00', '0.00', '2,3,4,5,8,9,10,11,12,13,14,15,17,19,20,21,22,25,27,28,31,33,35,36,38', '主楼4层内分泌科候诊区', '08:00-12:00', '请提前15分钟候诊', '0', '1', '38', '38' );
INSERT INTO doctor_schedule ( m_code, service_date, week_day, session_code, session_name, start_time, end_time,  department_code, department_name, clinic_room_code, clinic_room_name,  doctor_code, doctor_name, doctor_title_code, doctor_title, doctor_spec,  doctor_sess_type_code, doctor_sess_type, service_code, service_name,  fee, reg_fee, checkup_fee, service_fee, other_fee, available_number_str,  admit_address_string, admit_time_range, note, time_range_flag, schedule_status,  available_total_num, available_left_num ) VALUES ( 'SCH_DOC_DEPT015_1_20260317_2', '2026-03-17', '2', '2', '下午', '13:30', '17:30', 'DEPT015', '内分泌科', 'ROOM_DEPT015_2', '内分泌科门诊1诊室', 'DOC_DEPT015_1', '陈娟', '03', '主治医师', '甲状腺结节穿刺', '1', '专家门诊', 'SRV_001', '主治医师挂号费', '20.00', '20.00', '0.00', '0.00', '0.00', '1,2,3,9,11,12,13,14,15,16,17,18,19,20,22,23,24,25,27,30,31,34,35,36', '主楼6层内分泌科候诊区', '13:30-17:30', '请提前15分钟候诊', '0', '1', '36', '23' );
INSERT INTO doctor_schedule ( m_code, service_date, week_day, session_code, session_name, start_time, end_time,  department_code, department_name, clinic_room_code, clinic_room_name,  doctor_code, doctor_name, doctor_title_code, doctor_title, doctor_spec,  doctor_sess_type_code, doctor_sess_type, service_code, service_name,  fee, reg_fee, checkup_fee, service_fee, other_fee, available_number_str,  admit_address_string, admit_time_range, note, time_range_flag, schedule_status,  available_total_num, available_left_num ) VALUES ( 'SCH_DOC_DEPT015_1_20260318_2', '2026-03-18', '3', '2', '下午', '13:30', '17:30', 'DEPT015', '内分泌科', 'ROOM_DEPT015_2', '内分泌科门诊2诊室', 'DOC_DEPT015_1', '陈娟', '03', '主治医师', '甲状腺结节穿刺', '1', '专家门诊', 'SRV_001', '主治医师挂号费', '50.00', '50.00', '0.00', '0.00', '0.00', '1,2,3,4,5,6,9,11,12,15,16,17,18', '主楼3层内分泌科候诊区', '13:30-17:30', '请提前15分钟候诊', '0', '1', '18', '17' );
INSERT INTO doctor_schedule ( m_code, service_date, week_day, session_code, session_name, start_time, end_time,  department_code, department_name, clinic_room_code, clinic_room_name,  doctor_code, doctor_name, doctor_title_code, doctor_title, doctor_spec,  doctor_sess_type_code, doctor_sess_type, service_code, service_name,  fee, reg_fee, checkup_fee, service_fee, other_fee, available_number_str,  admit_address_string, admit_time_range, note, time_range_flag, schedule_status,  available_total_num, available_left_num ) VALUES ( 'SCH_DOC_DEPT015_1_20260319_1', '2026-03-19', '4', '1', '上午', '08:00', '12:00', 'DEPT015', '内分泌科', 'ROOM_DEPT015_4', '内分泌科门诊1诊室', 'DOC_DEPT015_1', '陈娟', '03', '主治医师', '甲状腺结节穿刺', '1', '专家门诊', 'SRV_001', '主治医师挂号费', '50.00', '50.00', '0.00', '0.00', '0.00', '1,2,5,8,9,10,11,12,14,16,17,18,19,20', '主楼3层内分泌科候诊区', '08:00-12:00', '请提前15分钟候诊', '0', '1', '21', '14' );
INSERT INTO doctor_schedule ( m_code, service_date, week_day, session_code, session_name, start_time, end_time,  department_code, department_name, clinic_room_code, clinic_room_name,  doctor_code, doctor_name, doctor_title_code, doctor_title, doctor_spec,  doctor_sess_type_code, doctor_sess_type, service_code, service_name,  fee, reg_fee, checkup_fee, service_fee, other_fee, available_number_str,  admit_address_string, admit_time_range, note, time_range_flag, schedule_status,  available_total_num, available_left_num ) VALUES ( 'SCH_DOC_DEPT015_1_20260319_2', '2026-03-19', '4', '2', '下午', '13:30', '17:30', 'DEPT015', '内分泌科', 'ROOM_DEPT015_2', '内分泌科门诊2诊室', 'DOC_DEPT015_1', '陈娟', '03', '主治医师', '甲状腺结节穿刺', '1', '专家门诊', 'SRV_001', '主治医师挂号费', '50.00', '50.00', '0.00', '0.00', '0.00', '1,2,3,5,7,8,9,10,12,14,18,19,21,22,23,24,25,26,27,28', '主楼6层内分泌科候诊区', '13:30-17:30', '请提前15分钟候诊', '0', '1', '28', '15' );
INSERT INTO doctor_schedule ( m_code, service_date, week_day, session_code, session_name, start_time, end_time,  department_code, department_name, clinic_room_code, clinic_room_name,  doctor_code, doctor_name, doctor_title_code, doctor_title, doctor_spec,  doctor_sess_type_code, doctor_sess_type, service_code, service_name,  fee, reg_fee, checkup_fee, service_fee, other_fee, available_number_str,  admit_address_string, admit_time_range, note, time_range_flag, schedule_status,  available_total_num, available_left_num ) VALUES ( 'SCH_DOC_DEPT015_1_20260320_1', '2026-03-20', '5', '1', '上午', '08:00', '12:00', 'DEPT015', '内分泌科', 'ROOM_DEPT015_2', '内分泌科门诊2诊室', 'DOC_DEPT015_1', '陈娟', '03', '主治医师', '甲状腺结节穿刺', '1', '专家门诊', 'SRV_001', '主治医师挂号费', '50.00', '50.00', '0.00', '0.00', '0.00', '1,2,3,4,7,9,10,12,13,14,15,16,17,18,19,20,21,24,25,26,27,29,31,32,33,35,36', '主楼1层内分泌科候诊区', '08:00-12:00', '请提前15分钟候诊', '0', '1', '36', '33' );
INSERT INTO doctor_schedule ( m_code, service_date, week_day, session_code, session_name, start_time, end_time,  department_code, department_name, clinic_room_code, clinic_room_name,  doctor_code, doctor_name, doctor_title_code, doctor_title, doctor_spec,  doctor_sess_type_code, doctor_sess_type, service_code, service_name,  fee, reg_fee, checkup_fee, service_fee, other_fee, available_number_str,  admit_address_string, admit_time_range, note, time_range_flag, schedule_status,  available_total_num, available_left_num ) VALUES ( 'SCH_DOC_DEPT015_1_20260320_2', '2026-03-20', '5', '2', '下午', '13:30', '17:30', 'DEPT015', '内分泌科', 'ROOM_DEPT015_3', '内分泌科门诊1诊室', 'DOC_DEPT015_1', '陈娟', '03', '主治医师', '甲状腺结节穿刺', '1', '专家门诊', 'SRV_001', '主治医师挂号费', '15.00', '15.00', '0.00', '0.00', '0.00', '1,2,3,4,7,10,11,12,14,16,17,18,19,21,22,23', '主楼2层内分泌科候诊区', '13:30-17:30', '请提前15分钟候诊', '0', '1', '23', '21' );
INSERT INTO doctor_schedule ( m_code, service_date, week_day, session_code, session_name, start_time, end_time,  department_code, department_name, clinic_room_code, clinic_room_name,  doctor_code, doctor_name, doctor_title_code, doctor_title, doctor_spec,  doctor_sess_type_code, doctor_sess_type, service_code, service_name,  fee, reg_fee, checkup_fee, service_fee, other_fee, available_number_str,  admit_address_string, admit_time_range, note, time_range_flag, schedule_status,  available_total_num, available_left_num ) VALUES ( 'SCH_DOC_DEPT015_1_20260321_2', '2026-03-21', '6', '2', '下午', '13:30', '17:30', 'DEPT015', '内分泌科', 'ROOM_DEPT015_1', '内分泌科门诊2诊室', 'DOC_DEPT015_1', '陈娟', '03', '主治医师', '甲状腺结节穿刺', '1', '专家门诊', 'SRV_001', '主治医师挂号费', '20.00', '20.00', '0.00', '0.00', '0.00', '1,2,3,6,7,11,12,15,16,18,20,22,23', '主楼3层内分泌科候诊区', '13:30-17:30', '请提前15分钟候诊', '0', '1', '23', '10' );
INSERT INTO doctor_schedule ( m_code, service_date, week_day, session_code, session_name, start_time, end_time,  department_code, department_name, clinic_room_code, clinic_room_name,  doctor_code, doctor_name, doctor_title_code, doctor_title, doctor_spec,  doctor_sess_type_code, doctor_sess_type, service_code, service_name,  fee, reg_fee, checkup_fee, service_fee, other_fee, available_number_str,  admit_address_string, admit_time_range, note, time_range_flag, schedule_status,  available_total_num, available_left_num ) VALUES ( 'SCH_DOC_DEPT015_1_20260322_1', '2026-03-22', '7', '1', '上午', '08:00', '12:00', 'DEPT015', '内分泌科', 'ROOM_DEPT015_2', '内分泌科门诊1诊室', 'DOC_DEPT015_1', '陈娟', '03', '主治医师', '甲状腺结节穿刺', '1', '专家门诊', 'SRV_001', '主治医师挂号费', '15.00', '15.00', '0.00', '0.00', '0.00', '1,3,6,7,8,9,13,14,15,16,18,19,20,22', '主楼6层内分泌科候诊区', '08:00-12:00', '请提前15分钟候诊', '0', '1', '24', '20' );
INSERT INTO doctor_schedule ( m_code, service_date, week_day, session_code, session_name, start_time, end_time,  department_code, department_name, clinic_room_code, clinic_room_name,  doctor_code, doctor_name, doctor_title_code, doctor_title, doctor_spec,  doctor_sess_type_code, doctor_sess_type, service_code, service_name,  fee, reg_fee, checkup_fee, service_fee, other_fee, available_number_str,  admit_address_string, admit_time_range, note, time_range_flag, schedule_status,  available_total_num, available_left_num ) VALUES ( 'SCH_DOC_DEPT015_1_20260323_1', '2026-03-23', '1', '1', '上午', '08:00', '12:00', 'DEPT015', '内分泌科', 'ROOM_DEPT015_3', '内分泌科门诊3诊室', 'DOC_DEPT015_1', '陈娟', '03', '主治医师', '甲状腺结节穿刺', '1', '专家门诊', 'SRV_001', '主治医师挂号费', '15.00', '15.00', '0.00', '0.00', '0.00', '2,3,4,8,9,10,11,12,13,14,15,16,17,18,19,20,21,22,23,24,26,27,28,29,32', '主楼2层内分泌科候诊区', '08:00-12:00', '请提前15分钟候诊', '0', '1', '32', '15' );
INSERT INTO doctor_schedule ( m_code, service_date, week_day, session_code, session_name, start_time, end_time,  department_code, department_name, clinic_room_code, clinic_room_name,  doctor_code, doctor_name, doctor_title_code, doctor_title, doctor_spec,  doctor_sess_type_code, doctor_sess_type, service_code, service_name,  fee, reg_fee, checkup_fee, service_fee, other_fee, available_number_str,  admit_address_string, admit_time_range, note, time_range_flag, schedule_status,  available_total_num, available_left_num ) VALUES ( 'SCH_DOC_DEPT015_1_20260323_2', '2026-03-23', '1', '2', '下午', '13:30', '17:30', 'DEPT015', '内分泌科', 'ROOM_DEPT015_4', '内分泌科门诊1诊室', 'DOC_DEPT015_1', '陈娟', '03', '主治医师', '甲状腺结节穿刺', '1', '专家门诊', 'SRV_001', '主治医师挂号费', '20.00', '20.00', '0.00', '0.00', '0.00', '2,4,5,7,10,11,13,14,15,16,17,18,19,25,26,27,28,29,32,33,34,36,38', '主楼2层内分泌科候诊区', '13:30-17:30', '请提前15分钟候诊', '0', '1', '38', '26' );
INSERT INTO doctor_schedule ( m_code, service_date, week_day, session_code, session_name, start_time, end_time,  department_code, department_name, clinic_room_code, clinic_room_name,  doctor_code, doctor_name, doctor_title_code, doctor_title, doctor_spec,  doctor_sess_type_code, doctor_sess_type, service_code, service_name,  fee, reg_fee, checkup_fee, service_fee, other_fee, available_number_str,  admit_address_string, admit_time_range, note, time_range_flag, schedule_status,  available_total_num, available_left_num ) VALUES ( 'SCH_DOC_DEPT015_1_20260324_2', '2026-03-24', '2', '2', '下午', '13:30', '17:30', 'DEPT015', '内分泌科', 'ROOM_DEPT015_1', '内分泌科门诊1诊室', 'DOC_DEPT015_1', '陈娟', '03', '主治医师', '甲状腺结节穿刺', '1', '专家门诊', 'SRV_001', '主治医师挂号费', '15.00', '15.00', '0.00', '0.00', '0.00', '2,3,4,8,10,11,12,13,15,16,17,18,19,20', '主楼6层内分泌科候诊区', '13:30-17:30', '请提前15分钟候诊', '0', '1', '20', '17' );
INSERT INTO doctor_schedule ( m_code, service_date, week_day, session_code, session_name, start_time, end_time,  department_code, department_name, clinic_room_code, clinic_room_name,  doctor_code, doctor_name, doctor_title_code, doctor_title, doctor_spec,  doctor_sess_type_code, doctor_sess_type, service_code, service_name,  fee, reg_fee, checkup_fee, service_fee, other_fee, available_number_str,  admit_address_string, admit_time_range, note, time_range_flag, schedule_status,  available_total_num, available_left_num ) VALUES ( 'SCH_DOC_DEPT015_1_20260326_2', '2026-03-26', '4', '2', '下午', '13:30', '17:30', 'DEPT015', '内分泌科', 'ROOM_DEPT015_4', '内分泌科门诊1诊室', 'DOC_DEPT015_1', '陈娟', '03', '主治医师', '甲状腺结节穿刺', '1', '专家门诊', 'SRV_001', '主治医师挂号费', '50.00', '50.00', '0.00', '0.00', '0.00', '1,2,3,4,5,6,7,9,13,14,15,16,18,19,20,21,22,24', '主楼2层内分泌科候诊区', '13:30-17:30', '请提前15分钟候诊', '0', '1', '24', '16' );
INSERT INTO doctor_schedule ( m_code, service_date, week_day, session_code, session_name, start_time, end_time,  department_code, department_name, clinic_room_code, clinic_room_name,  doctor_code, doctor_name, doctor_title_code, doctor_title, doctor_spec,  doctor_sess_type_code, doctor_sess_type, service_code, service_name,  fee, reg_fee, checkup_fee, service_fee, other_fee, available_number_str,  admit_address_string, admit_time_range, note, time_range_flag, schedule_status,  available_total_num, available_left_num ) VALUES ( 'SCH_DOC_DEPT015_1_20260326_1', '2026-03-26', '4', '1', '上午', '08:00', '12:00', 'DEPT015', '内分泌科', 'ROOM_DEPT015_2', '内分泌科门诊4诊室', 'DOC_DEPT015_1', '陈娟', '03', '主治医师', '甲状腺结节穿刺', '1', '专家门诊', 'SRV_001', '主治医师挂号费', '15.00', '15.00', '0.00', '0.00', '0.00', '1,3,5,7,8,9,10,11,12,14,15,16,17,19,20,21,24,25,26,30,31,32,33,34,35,36', '主楼6层内分泌科候诊区', '08:00-12:00', '请提前15分钟候诊', '0', '1', '36', '36' );
INSERT INTO doctor_schedule ( m_code, service_date, week_day, session_code, session_name, start_time, end_time,  department_code, department_name, clinic_room_code, clinic_room_name,  doctor_code, doctor_name, doctor_title_code, doctor_title, doctor_spec,  doctor_sess_type_code, doctor_sess_type, service_code, service_name,  fee, reg_fee, checkup_fee, service_fee, other_fee, available_number_str,  admit_address_string, admit_time_range, note, time_range_flag, schedule_status,  available_total_num, available_left_num ) VALUES ( 'SCH_DOC_DEPT015_1_20260327_1', '2026-03-27', '5', '1', '上午', '08:00', '12:00', 'DEPT015', '内分泌科', 'ROOM_DEPT015_5', '内分泌科门诊3诊室', 'DOC_DEPT015_1', '陈娟', '03', '主治医师', '甲状腺结节穿刺', '1', '专家门诊', 'SRV_001', '主治医师挂号费', '20.00', '20.00', '0.00', '0.00', '0.00', '1,4,5,6,8,9,11,12,13,14,15,16,17,18,19,20,21,23,24,25,26,27,28,29,31,33,34', '主楼1层内分泌科候诊区', '08:00-12:00', '请提前15分钟候诊', '0', '1', '34', '7' );
INSERT INTO doctor_schedule ( m_code, service_date, week_day, session_code, session_name, start_time, end_time,  department_code, department_name, clinic_room_code, clinic_room_name,  doctor_code, doctor_name, doctor_title_code, doctor_title, doctor_spec,  doctor_sess_type_code, doctor_sess_type, service_code, service_name,  fee, reg_fee, checkup_fee, service_fee, other_fee, available_number_str,  admit_address_string, admit_time_range, note, time_range_flag, schedule_status,  available_total_num, available_left_num ) VALUES ( 'SCH_DOC_DEPT015_1_20260327_2', '2026-03-27', '5', '2', '下午', '13:30', '17:30', 'DEPT015', '内分泌科', 'ROOM_DEPT015_3', '内分泌科门诊5诊室', 'DOC_DEPT015_1', '陈娟', '03', '主治医师', '甲状腺结节穿刺', '1', '专家门诊', 'SRV_001', '主治医师挂号费', '20.00', '20.00', '0.00', '0.00', '0.00', '1,3,5,6,7,8,9,11,12,16,17,18,19,20,21,22,24,25,26,27,28,30', '主楼5层内分泌科候诊区', '13:30-17:30', '请提前15分钟候诊', '0', '1', '30', '30' );
INSERT INTO doctor_schedule ( m_code, service_date, week_day, session_code, session_name, start_time, end_time,  department_code, department_name, clinic_room_code, clinic_room_name,  doctor_code, doctor_name, doctor_title_code, doctor_title, doctor_spec,  doctor_sess_type_code, doctor_sess_type, service_code, service_name,  fee, reg_fee, checkup_fee, service_fee, other_fee, available_number_str,  admit_address_string, admit_time_range, note, time_range_flag, schedule_status,  available_total_num, available_left_num ) VALUES ( 'SCH_DOC_DEPT015_1_20260328_2', '2026-03-28', '6', '2', '下午', '13:30', '17:30', 'DEPT015', '内分泌科', 'ROOM_DEPT015_3', '内分泌科门诊4诊室', 'DOC_DEPT015_1', '陈娟', '03', '主治医师', '甲状腺结节穿刺', '1', '专家门诊', 'SRV_001', '主治医师挂号费', '50.00', '50.00', '0.00', '0.00', '0.00', '1,2,3,4,5,6,7,8,9,12,13,15,17,20,22,23,24,25', '主楼2层内分泌科候诊区', '13:30-17:30', '请提前15分钟候诊', '0', '1', '25', '9' );
INSERT INTO doctor_schedule ( m_code, service_date, week_day, session_code, session_name, start_time, end_time,  department_code, department_name, clinic_room_code, clinic_room_name,  doctor_code, doctor_name, doctor_title_code, doctor_title, doctor_spec,  doctor_sess_type_code, doctor_sess_type, service_code, service_name,  fee, reg_fee, checkup_fee, service_fee, other_fee, available_number_str,  admit_address_string, admit_time_range, note, time_range_flag, schedule_status,  available_total_num, available_left_num ) VALUES ( 'SCH_DOC_DEPT015_1_20260328_1', '2026-03-28', '6', '1', '上午', '08:00', '12:00', 'DEPT015', '内分泌科', 'ROOM_DEPT015_2', '内分泌科门诊5诊室', 'DOC_DEPT015_1', '陈娟', '03', '主治医师', '甲状腺结节穿刺', '1', '专家门诊', 'SRV_001', '主治医师挂号费', '20.00', '20.00', '0.00', '0.00', '0.00', '1,2,4,5,7,8,9,11,12,13,16,17,18,19,20,21,22,24,25,26,27,28,29', '主楼3层内分泌科候诊区', '08:00-12:00', '请提前15分钟候诊', '0', '1', '29', '28' );
INSERT INTO doctor_schedule ( m_code, service_date, week_day, session_code, session_name, start_time, end_time,  department_code, department_name, clinic_room_code, clinic_room_name,  doctor_code, doctor_name, doctor_title_code, doctor_title, doctor_spec,  doctor_sess_type_code, doctor_sess_type, service_code, service_name,  fee, reg_fee, checkup_fee, service_fee, other_fee, available_number_str,  admit_address_string, admit_time_range, note, time_range_flag, schedule_status,  available_total_num, available_left_num ) VALUES ( 'SCH_DOC_DEPT015_1_20260329_1', '2026-03-29', '7', '1', '上午', '08:00', '12:00', 'DEPT015', '内分泌科', 'ROOM_DEPT015_4', '内分泌科门诊3诊室', 'DOC_DEPT015_1', '陈娟', '03', '主治医师', '甲状腺结节穿刺', '1', '专家门诊', 'SRV_001', '主治医师挂号费', '20.00', '20.00', '0.00', '0.00', '0.00', '2,3,4,6,7,9,12,13,14,15,16,17,18,19,21,23,24,25,26,27,28,31,32,33,35,36,37,38', '主楼3层内分泌科候诊区', '08:00-12:00', '请提前15分钟候诊', '0', '1', '38', '30' );
INSERT INTO doctor (doctor_code, doctor_name, department_code, title, specialty, doctor_des, doctor_image) VALUES ('DOC_DEPT015_2', '黄强', 'DEPT015', '主任医师', '痛风与高尿酸血症', '黄强主任医师，从事内分泌科临床工作20年，专业严谨。她专注于痛风与高尿酸血症的诊疗，已成功治愈数千例相关患者。', 'doc_DOC_DEPT015_2.png');
INSERT INTO doctor_schedule ( m_code, service_date, week_day, session_code, session_name, start_time, end_time,  department_code, department_name, clinic_room_code, clinic_room_name,  doctor_code, doctor_name, doctor_title_code, doctor_title, doctor_spec,  doctor_sess_type_code, doctor_sess_type, service_code, service_name,  fee, reg_fee, checkup_fee, service_fee, other_fee, available_number_str,  admit_address_string, admit_time_range, note, time_range_flag, schedule_status,  available_total_num, available_left_num ) VALUES ( 'SCH_DOC_DEPT015_2_20260317_2', '2026-03-17', '2', '2', '下午', '13:30', '17:30', 'DEPT015', '内分泌科', 'ROOM_DEPT015_1', '内分泌科门诊4诊室', 'DOC_DEPT015_2', '黄强', '01', '主任医师', '痛风与高尿酸血症', '1', '专家门诊', 'SRV_001', '主任医师挂号费', '20.00', '20.00', '0.00', '0.00', '0.00', '2,4,8,9,10,11,12,13,14,16,17,18,20,21,22,23,24', '主楼3层内分泌科候诊区', '13:30-17:30', '请提前15分钟候诊', '0', '1', '25', '20' );
INSERT INTO doctor_schedule ( m_code, service_date, week_day, session_code, session_name, start_time, end_time,  department_code, department_name, clinic_room_code, clinic_room_name,  doctor_code, doctor_name, doctor_title_code, doctor_title, doctor_spec,  doctor_sess_type_code, doctor_sess_type, service_code, service_name,  fee, reg_fee, checkup_fee, service_fee, other_fee, available_number_str,  admit_address_string, admit_time_range, note, time_range_flag, schedule_status,  available_total_num, available_left_num ) VALUES ( 'SCH_DOC_DEPT015_2_20260317_1', '2026-03-17', '2', '1', '上午', '08:00', '12:00', 'DEPT015', '内分泌科', 'ROOM_DEPT015_3', '内分泌科门诊1诊室', 'DOC_DEPT015_2', '黄强', '01', '主任医师', '痛风与高尿酸血症', '1', '专家门诊', 'SRV_001', '主任医师挂号费', '15.00', '15.00', '0.00', '0.00', '0.00', '1,3,4,7,8,10,11,15,17,19,20,21,24,25,26,27,28,29', '主楼6层内分泌科候诊区', '08:00-12:00', '请提前15分钟候诊', '0', '1', '29', '9' );
INSERT INTO doctor_schedule ( m_code, service_date, week_day, session_code, session_name, start_time, end_time,  department_code, department_name, clinic_room_code, clinic_room_name,  doctor_code, doctor_name, doctor_title_code, doctor_title, doctor_spec,  doctor_sess_type_code, doctor_sess_type, service_code, service_name,  fee, reg_fee, checkup_fee, service_fee, other_fee, available_number_str,  admit_address_string, admit_time_range, note, time_range_flag, schedule_status,  available_total_num, available_left_num ) VALUES ( 'SCH_DOC_DEPT015_2_20260318_2', '2026-03-18', '3', '2', '下午', '13:30', '17:30', 'DEPT015', '内分泌科', 'ROOM_DEPT015_4', '内分泌科门诊4诊室', 'DOC_DEPT015_2', '黄强', '01', '主任医师', '痛风与高尿酸血症', '1', '专家门诊', 'SRV_001', '主任医师挂号费', '50.00', '50.00', '0.00', '0.00', '0.00', '2,3,4,5,9,10,11,12,13,14,17,19,20,21,22,23,24', '主楼3层内分泌科候诊区', '13:30-17:30', '请提前15分钟候诊', '0', '1', '24', '14' );
INSERT INTO doctor_schedule ( m_code, service_date, week_day, session_code, session_name, start_time, end_time,  department_code, department_name, clinic_room_code, clinic_room_name,  doctor_code, doctor_name, doctor_title_code, doctor_title, doctor_spec,  doctor_sess_type_code, doctor_sess_type, service_code, service_name,  fee, reg_fee, checkup_fee, service_fee, other_fee, available_number_str,  admit_address_string, admit_time_range, note, time_range_flag, schedule_status,  available_total_num, available_left_num ) VALUES ( 'SCH_DOC_DEPT015_2_20260318_1', '2026-03-18', '3', '1', '上午', '08:00', '12:00', 'DEPT015', '内分泌科', 'ROOM_DEPT015_2', '内分泌科门诊1诊室', 'DOC_DEPT015_2', '黄强', '01', '主任医师', '痛风与高尿酸血症', '1', '专家门诊', 'SRV_001', '主任医师挂号费', '50.00', '50.00', '0.00', '0.00', '0.00', '1,2,4,6,7,8,9,11,12,13,14,16,18,19,20,21,22,24,25,26,27,28,30,31,32,33', '主楼2层内分泌科候诊区', '08:00-12:00', '请提前15分钟候诊', '0', '1', '33', '29' );
INSERT INTO doctor_schedule ( m_code, service_date, week_day, session_code, session_name, start_time, end_time,  department_code, department_name, clinic_room_code, clinic_room_name,  doctor_code, doctor_name, doctor_title_code, doctor_title, doctor_spec,  doctor_sess_type_code, doctor_sess_type, service_code, service_name,  fee, reg_fee, checkup_fee, service_fee, other_fee, available_number_str,  admit_address_string, admit_time_range, note, time_range_flag, schedule_status,  available_total_num, available_left_num ) VALUES ( 'SCH_DOC_DEPT015_2_20260319_2', '2026-03-19', '4', '2', '下午', '13:30', '17:30', 'DEPT015', '内分泌科', 'ROOM_DEPT015_5', '内分泌科门诊1诊室', 'DOC_DEPT015_2', '黄强', '01', '主任医师', '痛风与高尿酸血症', '1', '专家门诊', 'SRV_001', '主任医师挂号费', '15.00', '15.00', '0.00', '0.00', '0.00', '2,3,5,6,7,8,10,11,12,13,15,16,17,20,22,25,26,28,29,30,31,32,33,34,36,37,39,40', '主楼3层内分泌科候诊区', '13:30-17:30', '请提前15分钟候诊', '0', '1', '40', '19' );
INSERT INTO doctor_schedule ( m_code, service_date, week_day, session_code, session_name, start_time, end_time,  department_code, department_name, clinic_room_code, clinic_room_name,  doctor_code, doctor_name, doctor_title_code, doctor_title, doctor_spec,  doctor_sess_type_code, doctor_sess_type, service_code, service_name,  fee, reg_fee, checkup_fee, service_fee, other_fee, available_number_str,  admit_address_string, admit_time_range, note, time_range_flag, schedule_status,  available_total_num, available_left_num ) VALUES ( 'SCH_DOC_DEPT015_2_20260319_1', '2026-03-19', '4', '1', '上午', '08:00', '12:00', 'DEPT015', '内分泌科', 'ROOM_DEPT015_1', '内分泌科门诊3诊室', 'DOC_DEPT015_2', '黄强', '01', '主任医师', '痛风与高尿酸血症', '1', '专家门诊', 'SRV_001', '主任医师挂号费', '15.00', '15.00', '0.00', '0.00', '0.00', '1,2,3,5,6,7,8,16,17,18,19,20,21,22,23', '主楼5层内分泌科候诊区', '08:00-12:00', '请提前15分钟候诊', '0', '1', '23', '21' );
INSERT INTO doctor_schedule ( m_code, service_date, week_day, session_code, session_name, start_time, end_time,  department_code, department_name, clinic_room_code, clinic_room_name,  doctor_code, doctor_name, doctor_title_code, doctor_title, doctor_spec,  doctor_sess_type_code, doctor_sess_type, service_code, service_name,  fee, reg_fee, checkup_fee, service_fee, other_fee, available_number_str,  admit_address_string, admit_time_range, note, time_range_flag, schedule_status,  available_total_num, available_left_num ) VALUES ( 'SCH_DOC_DEPT015_2_20260320_1', '2026-03-20', '5', '1', '上午', '08:00', '12:00', 'DEPT015', '内分泌科', 'ROOM_DEPT015_1', '内分泌科门诊5诊室', 'DOC_DEPT015_2', '黄强', '01', '主任医师', '痛风与高尿酸血症', '1', '专家门诊', 'SRV_001', '主任医师挂号费', '15.00', '15.00', '0.00', '0.00', '0.00', '2,4,5,6,7,8,9,10,12,13,14,15,16,17,18,19,20,21,22,26,27,28', '主楼1层内分泌科候诊区', '08:00-12:00', '请提前15分钟候诊', '0', '1', '28', '10' );
INSERT INTO doctor_schedule ( m_code, service_date, week_day, session_code, session_name, start_time, end_time,  department_code, department_name, clinic_room_code, clinic_room_name,  doctor_code, doctor_name, doctor_title_code, doctor_title, doctor_spec,  doctor_sess_type_code, doctor_sess_type, service_code, service_name,  fee, reg_fee, checkup_fee, service_fee, other_fee, available_number_str,  admit_address_string, admit_time_range, note, time_range_flag, schedule_status,  available_total_num, available_left_num ) VALUES ( 'SCH_DOC_DEPT015_2_20260321_2', '2026-03-21', '6', '2', '下午', '13:30', '17:30', 'DEPT015', '内分泌科', 'ROOM_DEPT015_5', '内分泌科门诊2诊室', 'DOC_DEPT015_2', '黄强', '01', '主任医师', '痛风与高尿酸血症', '1', '专家门诊', 'SRV_001', '主任医师挂号费', '20.00', '20.00', '0.00', '0.00', '0.00', '1,3,5,6,7,9,10,11,12,14,15,16,19,20,21,22,23', '主楼5层内分泌科候诊区', '13:30-17:30', '请提前15分钟候诊', '0', '1', '25', '25' );
INSERT INTO doctor_schedule ( m_code, service_date, week_day, session_code, session_name, start_time, end_time,  department_code, department_name, clinic_room_code, clinic_room_name,  doctor_code, doctor_name, doctor_title_code, doctor_title, doctor_spec,  doctor_sess_type_code, doctor_sess_type, service_code, service_name,  fee, reg_fee, checkup_fee, service_fee, other_fee, available_number_str,  admit_address_string, admit_time_range, note, time_range_flag, schedule_status,  available_total_num, available_left_num ) VALUES ( 'SCH_DOC_DEPT015_2_20260321_1', '2026-03-21', '6', '1', '上午', '08:00', '12:00', 'DEPT015', '内分泌科', 'ROOM_DEPT015_5', '内分泌科门诊1诊室', 'DOC_DEPT015_2', '黄强', '01', '主任医师', '痛风与高尿酸血症', '1', '专家门诊', 'SRV_001', '主任医师挂号费', '20.00', '20.00', '0.00', '0.00', '0.00', '1,3,4,5,6,7,8,11,12,13,14,15,16,17,18,19,20,21,22,23,24,25,27,28,29', '主楼1层内分泌科候诊区', '08:00-12:00', '请提前15分钟候诊', '0', '1', '29', '21' );
INSERT INTO doctor_schedule ( m_code, service_date, week_day, session_code, session_name, start_time, end_time,  department_code, department_name, clinic_room_code, clinic_room_name,  doctor_code, doctor_name, doctor_title_code, doctor_title, doctor_spec,  doctor_sess_type_code, doctor_sess_type, service_code, service_name,  fee, reg_fee, checkup_fee, service_fee, other_fee, available_number_str,  admit_address_string, admit_time_range, note, time_range_flag, schedule_status,  available_total_num, available_left_num ) VALUES ( 'SCH_DOC_DEPT015_2_20260322_1', '2026-03-22', '7', '1', '上午', '08:00', '12:00', 'DEPT015', '内分泌科', 'ROOM_DEPT015_1', '内分泌科门诊4诊室', 'DOC_DEPT015_2', '黄强', '01', '主任医师', '痛风与高尿酸血症', '1', '专家门诊', 'SRV_001', '主任医师挂号费', '15.00', '15.00', '0.00', '0.00', '0.00', '1,2,3,4,5,6,7,10,11,12,13,14,15,16,18,19,20,21,22,23,24,25,27,29,30,31,35,37,40', '主楼4层内分泌科候诊区', '08:00-12:00', '请提前15分钟候诊', '0', '1', '40', '36' );
INSERT INTO doctor_schedule ( m_code, service_date, week_day, session_code, session_name, start_time, end_time,  department_code, department_name, clinic_room_code, clinic_room_name,  doctor_code, doctor_name, doctor_title_code, doctor_title, doctor_spec,  doctor_sess_type_code, doctor_sess_type, service_code, service_name,  fee, reg_fee, checkup_fee, service_fee, other_fee, available_number_str,  admit_address_string, admit_time_range, note, time_range_flag, schedule_status,  available_total_num, available_left_num ) VALUES ( 'SCH_DOC_DEPT015_2_20260323_1', '2026-03-23', '1', '1', '上午', '08:00', '12:00', 'DEPT015', '内分泌科', 'ROOM_DEPT015_2', '内分泌科门诊2诊室', 'DOC_DEPT015_2', '黄强', '01', '主任医师', '痛风与高尿酸血症', '1', '专家门诊', 'SRV_001', '主任医师挂号费', '20.00', '20.00', '0.00', '0.00', '0.00', '1,4,5,7,8,10,11,12,13,14,15,16,17', '主楼4层内分泌科候诊区', '08:00-12:00', '请提前15分钟候诊', '0', '1', '17', '14' );
INSERT INTO doctor_schedule ( m_code, service_date, week_day, session_code, session_name, start_time, end_time,  department_code, department_name, clinic_room_code, clinic_room_name,  doctor_code, doctor_name, doctor_title_code, doctor_title, doctor_spec,  doctor_sess_type_code, doctor_sess_type, service_code, service_name,  fee, reg_fee, checkup_fee, service_fee, other_fee, available_number_str,  admit_address_string, admit_time_range, note, time_range_flag, schedule_status,  available_total_num, available_left_num ) VALUES ( 'SCH_DOC_DEPT015_2_20260323_2', '2026-03-23', '1', '2', '下午', '13:30', '17:30', 'DEPT015', '内分泌科', 'ROOM_DEPT015_5', '内分泌科门诊3诊室', 'DOC_DEPT015_2', '黄强', '01', '主任医师', '痛风与高尿酸血症', '1', '专家门诊', 'SRV_001', '主任医师挂号费', '20.00', '20.00', '0.00', '0.00', '0.00', '1,2,3,6,7,8,10,11,12,13,14,15,16,18,19,21,22,23,25,27,28,29', '主楼1层内分泌科候诊区', '13:30-17:30', '请提前15分钟候诊', '0', '1', '29', '17' );
INSERT INTO doctor_schedule ( m_code, service_date, week_day, session_code, session_name, start_time, end_time,  department_code, department_name, clinic_room_code, clinic_room_name,  doctor_code, doctor_name, doctor_title_code, doctor_title, doctor_spec,  doctor_sess_type_code, doctor_sess_type, service_code, service_name,  fee, reg_fee, checkup_fee, service_fee, other_fee, available_number_str,  admit_address_string, admit_time_range, note, time_range_flag, schedule_status,  available_total_num, available_left_num ) VALUES ( 'SCH_DOC_DEPT015_2_20260324_1', '2026-03-24', '2', '1', '上午', '08:00', '12:00', 'DEPT015', '内分泌科', 'ROOM_DEPT015_5', '内分泌科门诊2诊室', 'DOC_DEPT015_2', '黄强', '01', '主任医师', '痛风与高尿酸血症', '1', '专家门诊', 'SRV_001', '主任医师挂号费', '20.00', '20.00', '0.00', '0.00', '0.00', '1,4,5,7,8,9,10,11,13', '主楼5层内分泌科候诊区', '08:00-12:00', '请提前15分钟候诊', '0', '1', '15', '14' );
INSERT INTO doctor_schedule ( m_code, service_date, week_day, session_code, session_name, start_time, end_time,  department_code, department_name, clinic_room_code, clinic_room_name,  doctor_code, doctor_name, doctor_title_code, doctor_title, doctor_spec,  doctor_sess_type_code, doctor_sess_type, service_code, service_name,  fee, reg_fee, checkup_fee, service_fee, other_fee, available_number_str,  admit_address_string, admit_time_range, note, time_range_flag, schedule_status,  available_total_num, available_left_num ) VALUES ( 'SCH_DOC_DEPT015_2_20260325_2', '2026-03-25', '3', '2', '下午', '13:30', '17:30', 'DEPT015', '内分泌科', 'ROOM_DEPT015_2', '内分泌科门诊2诊室', 'DOC_DEPT015_2', '黄强', '01', '主任医师', '痛风与高尿酸血症', '1', '专家门诊', 'SRV_001', '主任医师挂号费', '50.00', '50.00', '0.00', '0.00', '0.00', '1,4,5,6,7,8,9,10,11,12,13,14,16,18,20,21,22,23,25,26,27,28,29,30,32,33,35,37,38', '主楼2层内分泌科候诊区', '13:30-17:30', '请提前15分钟候诊', '0', '1', '38', '37' );
INSERT INTO doctor_schedule ( m_code, service_date, week_day, session_code, session_name, start_time, end_time,  department_code, department_name, clinic_room_code, clinic_room_name,  doctor_code, doctor_name, doctor_title_code, doctor_title, doctor_spec,  doctor_sess_type_code, doctor_sess_type, service_code, service_name,  fee, reg_fee, checkup_fee, service_fee, other_fee, available_number_str,  admit_address_string, admit_time_range, note, time_range_flag, schedule_status,  available_total_num, available_left_num ) VALUES ( 'SCH_DOC_DEPT015_2_20260326_1', '2026-03-26', '4', '1', '上午', '08:00', '12:00', 'DEPT015', '内分泌科', 'ROOM_DEPT015_5', '内分泌科门诊2诊室', 'DOC_DEPT015_2', '黄强', '01', '主任医师', '痛风与高尿酸血症', '1', '专家门诊', 'SRV_001', '主任医师挂号费', '20.00', '20.00', '0.00', '0.00', '0.00', '1,3,4,5,6,7,8,9,11,12,13,14,15,17,19,21,22,23,24,25,26,28,30,31,32', '主楼2层内分泌科候诊区', '08:00-12:00', '请提前15分钟候诊', '0', '1', '33', '28' );
INSERT INTO doctor_schedule ( m_code, service_date, week_day, session_code, session_name, start_time, end_time,  department_code, department_name, clinic_room_code, clinic_room_name,  doctor_code, doctor_name, doctor_title_code, doctor_title, doctor_spec,  doctor_sess_type_code, doctor_sess_type, service_code, service_name,  fee, reg_fee, checkup_fee, service_fee, other_fee, available_number_str,  admit_address_string, admit_time_range, note, time_range_flag, schedule_status,  available_total_num, available_left_num ) VALUES ( 'SCH_DOC_DEPT015_2_20260326_2', '2026-03-26', '4', '2', '下午', '13:30', '17:30', 'DEPT015', '内分泌科', 'ROOM_DEPT015_5', '内分泌科门诊3诊室', 'DOC_DEPT015_2', '黄强', '01', '主任医师', '痛风与高尿酸血症', '1', '专家门诊', 'SRV_001', '主任医师挂号费', '50.00', '50.00', '0.00', '0.00', '0.00', '3,6,9,10,11,13,14,15,16,17,18,19,20,21,22,23', '主楼5层内分泌科候诊区', '13:30-17:30', '请提前15分钟候诊', '0', '1', '24', '21' );
INSERT INTO doctor_schedule ( m_code, service_date, week_day, session_code, session_name, start_time, end_time,  department_code, department_name, clinic_room_code, clinic_room_name,  doctor_code, doctor_name, doctor_title_code, doctor_title, doctor_spec,  doctor_sess_type_code, doctor_sess_type, service_code, service_name,  fee, reg_fee, checkup_fee, service_fee, other_fee, available_number_str,  admit_address_string, admit_time_range, note, time_range_flag, schedule_status,  available_total_num, available_left_num ) VALUES ( 'SCH_DOC_DEPT015_2_20260327_1', '2026-03-27', '5', '1', '上午', '08:00', '12:00', 'DEPT015', '内分泌科', 'ROOM_DEPT015_3', '内分泌科门诊3诊室', 'DOC_DEPT015_2', '黄强', '01', '主任医师', '痛风与高尿酸血症', '1', '专家门诊', 'SRV_001', '主任医师挂号费', '50.00', '50.00', '0.00', '0.00', '0.00', '1,4,5,7,8,9,10,12,14,15,17,21,22,23,24,25,27,28,29,30', '主楼6层内分泌科候诊区', '08:00-12:00', '请提前15分钟候诊', '0', '1', '30', '24' );
INSERT INTO doctor_schedule ( m_code, service_date, week_day, session_code, session_name, start_time, end_time,  department_code, department_name, clinic_room_code, clinic_room_name,  doctor_code, doctor_name, doctor_title_code, doctor_title, doctor_spec,  doctor_sess_type_code, doctor_sess_type, service_code, service_name,  fee, reg_fee, checkup_fee, service_fee, other_fee, available_number_str,  admit_address_string, admit_time_range, note, time_range_flag, schedule_status,  available_total_num, available_left_num ) VALUES ( 'SCH_DOC_DEPT015_2_20260328_1', '2026-03-28', '6', '1', '上午', '08:00', '12:00', 'DEPT015', '内分泌科', 'ROOM_DEPT015_2', '内分泌科门诊4诊室', 'DOC_DEPT015_2', '黄强', '01', '主任医师', '痛风与高尿酸血症', '1', '专家门诊', 'SRV_001', '主任医师挂号费', '20.00', '20.00', '0.00', '0.00', '0.00', '1,2,4,5,6,7,10,12,13,14,16,17,20,21,22', '主楼3层内分泌科候诊区', '08:00-12:00', '请提前15分钟候诊', '0', '1', '22', '9' );
INSERT INTO doctor_schedule ( m_code, service_date, week_day, session_code, session_name, start_time, end_time,  department_code, department_name, clinic_room_code, clinic_room_name,  doctor_code, doctor_name, doctor_title_code, doctor_title, doctor_spec,  doctor_sess_type_code, doctor_sess_type, service_code, service_name,  fee, reg_fee, checkup_fee, service_fee, other_fee, available_number_str,  admit_address_string, admit_time_range, note, time_range_flag, schedule_status,  available_total_num, available_left_num ) VALUES ( 'SCH_DOC_DEPT015_2_20260329_2', '2026-03-29', '7', '2', '下午', '13:30', '17:30', 'DEPT015', '内分泌科', 'ROOM_DEPT015_1', '内分泌科门诊3诊室', 'DOC_DEPT015_2', '黄强', '01', '主任医师', '痛风与高尿酸血症', '1', '专家门诊', 'SRV_001', '主任医师挂号费', '20.00', '20.00', '0.00', '0.00', '0.00', '1,2,4,5,6,8,9,11,13,15,20,21,22,23', '主楼2层内分泌科候诊区', '13:30-17:30', '请提前15分钟候诊', '0', '1', '23', '8' );
INSERT INTO doctor_schedule ( m_code, service_date, week_day, session_code, session_name, start_time, end_time,  department_code, department_name, clinic_room_code, clinic_room_name,  doctor_code, doctor_name, doctor_title_code, doctor_title, doctor_spec,  doctor_sess_type_code, doctor_sess_type, service_code, service_name,  fee, reg_fee, checkup_fee, service_fee, other_fee, available_number_str,  admit_address_string, admit_time_range, note, time_range_flag, schedule_status,  available_total_num, available_left_num ) VALUES ( 'SCH_DOC_DEPT015_2_20260329_1', '2026-03-29', '7', '1', '上午', '08:00', '12:00', 'DEPT015', '内分泌科', 'ROOM_DEPT015_4', '内分泌科门诊1诊室', 'DOC_DEPT015_2', '黄强', '01', '主任医师', '痛风与高尿酸血症', '1', '专家门诊', 'SRV_001', '主任医师挂号费', '15.00', '15.00', '0.00', '0.00', '0.00', '1,5,6,7,8,11,12,13,14,15,16,17,18,21,23,24,26,28,29,31,32,33,35,36,37,38,39,40', '主楼1层内分泌科候诊区', '08:00-12:00', '请提前15分钟候诊', '0', '1', '40', '26' );
INSERT INTO doctor (doctor_code, doctor_name, department_code, title, specialty, doctor_des, doctor_image) VALUES ('DOC_DEPT015_3', '高霞', 'DEPT015', '主任医师', '矮小症/发育管理', '高霞主任医师，从事内分泌科临床工作28年，待人亲切。她长期致力于矮小症/发育管理的诊疗，已成功治愈数千例相关患者。', 'doc_DOC_DEPT015_3.png');
INSERT INTO doctor_schedule ( m_code, service_date, week_day, session_code, session_name, start_time, end_time,  department_code, department_name, clinic_room_code, clinic_room_name,  doctor_code, doctor_name, doctor_title_code, doctor_title, doctor_spec,  doctor_sess_type_code, doctor_sess_type, service_code, service_name,  fee, reg_fee, checkup_fee, service_fee, other_fee, available_number_str,  admit_address_string, admit_time_range, note, time_range_flag, schedule_status,  available_total_num, available_left_num ) VALUES ( 'SCH_DOC_DEPT015_3_20260318_2', '2026-03-18', '3', '2', '下午', '13:30', '17:30', 'DEPT015', '内分泌科', 'ROOM_DEPT015_2', '内分泌科门诊2诊室', 'DOC_DEPT015_3', '高霞', '01', '主任医师', '矮小症/发育管理', '1', '专家门诊', 'SRV_001', '主任医师挂号费', '15.00', '15.00', '0.00', '0.00', '0.00', '2,3,4,6,7,8,9,13,15,17,18,19,22,23,24,25,29,31,32,33,34,36,37,38', '主楼1层内分泌科候诊区', '13:30-17:30', '请提前15分钟候诊', '0', '1', '39', '37' );
INSERT INTO doctor_schedule ( m_code, service_date, week_day, session_code, session_name, start_time, end_time,  department_code, department_name, clinic_room_code, clinic_room_name,  doctor_code, doctor_name, doctor_title_code, doctor_title, doctor_spec,  doctor_sess_type_code, doctor_sess_type, service_code, service_name,  fee, reg_fee, checkup_fee, service_fee, other_fee, available_number_str,  admit_address_string, admit_time_range, note, time_range_flag, schedule_status,  available_total_num, available_left_num ) VALUES ( 'SCH_DOC_DEPT015_3_20260318_1', '2026-03-18', '3', '1', '上午', '08:00', '12:00', 'DEPT015', '内分泌科', 'ROOM_DEPT015_1', '内分泌科门诊4诊室', 'DOC_DEPT015_3', '高霞', '01', '主任医师', '矮小症/发育管理', '1', '专家门诊', 'SRV_001', '主任医师挂号费', '50.00', '50.00', '0.00', '0.00', '0.00', '1,2,3,5,6,7,9,10,11,12,13,14,18,19,20,21', '主楼3层内分泌科候诊区', '08:00-12:00', '请提前15分钟候诊', '0', '1', '22', '10' );
INSERT INTO doctor_schedule ( m_code, service_date, week_day, session_code, session_name, start_time, end_time,  department_code, department_name, clinic_room_code, clinic_room_name,  doctor_code, doctor_name, doctor_title_code, doctor_title, doctor_spec,  doctor_sess_type_code, doctor_sess_type, service_code, service_name,  fee, reg_fee, checkup_fee, service_fee, other_fee, available_number_str,  admit_address_string, admit_time_range, note, time_range_flag, schedule_status,  available_total_num, available_left_num ) VALUES ( 'SCH_DOC_DEPT015_3_20260319_2', '2026-03-19', '4', '2', '下午', '13:30', '17:30', 'DEPT015', '内分泌科', 'ROOM_DEPT015_1', '内分泌科门诊5诊室', 'DOC_DEPT015_3', '高霞', '01', '主任医师', '矮小症/发育管理', '1', '专家门诊', 'SRV_001', '主任医师挂号费', '20.00', '20.00', '0.00', '0.00', '0.00', '1,4,5,6,8,9,11,12,14,15,17,18,19,20,21,22,23,24,27,29,30,31,32,34,35,36', '主楼3层内分泌科候诊区', '13:30-17:30', '请提前15分钟候诊', '0', '1', '36', '27' );
INSERT INTO doctor_schedule ( m_code, service_date, week_day, session_code, session_name, start_time, end_time,  department_code, department_name, clinic_room_code, clinic_room_name,  doctor_code, doctor_name, doctor_title_code, doctor_title, doctor_spec,  doctor_sess_type_code, doctor_sess_type, service_code, service_name,  fee, reg_fee, checkup_fee, service_fee, other_fee, available_number_str,  admit_address_string, admit_time_range, note, time_range_flag, schedule_status,  available_total_num, available_left_num ) VALUES ( 'SCH_DOC_DEPT015_3_20260319_1', '2026-03-19', '4', '1', '上午', '08:00', '12:00', 'DEPT015', '内分泌科', 'ROOM_DEPT015_1', '内分泌科门诊4诊室', 'DOC_DEPT015_3', '高霞', '01', '主任医师', '矮小症/发育管理', '1', '专家门诊', 'SRV_001', '主任医师挂号费', '20.00', '20.00', '0.00', '0.00', '0.00', '1,2,3,4,6,7,9,11,13,15,16,17,18,19,20,21,23,25,27,28,30,31,32,33,34,36,38', '主楼5层内分泌科候诊区', '08:00-12:00', '请提前15分钟候诊', '0', '1', '38', '34' );
INSERT INTO doctor_schedule ( m_code, service_date, week_day, session_code, session_name, start_time, end_time,  department_code, department_name, clinic_room_code, clinic_room_name,  doctor_code, doctor_name, doctor_title_code, doctor_title, doctor_spec,  doctor_sess_type_code, doctor_sess_type, service_code, service_name,  fee, reg_fee, checkup_fee, service_fee, other_fee, available_number_str,  admit_address_string, admit_time_range, note, time_range_flag, schedule_status,  available_total_num, available_left_num ) VALUES ( 'SCH_DOC_DEPT015_3_20260320_2', '2026-03-20', '5', '2', '下午', '13:30', '17:30', 'DEPT015', '内分泌科', 'ROOM_DEPT015_3', '内分泌科门诊1诊室', 'DOC_DEPT015_3', '高霞', '01', '主任医师', '矮小症/发育管理', '1', '专家门诊', 'SRV_001', '主任医师挂号费', '20.00', '20.00', '0.00', '0.00', '0.00', '2,3,5,8,10,11,12,13,14,15,16,17,20,21,22,24,25,27,29,30,31,32,33,34,35,36,37,38', '主楼2层内分泌科候诊区', '13:30-17:30', '请提前15分钟候诊', '0', '1', '38', '13' );
INSERT INTO doctor_schedule ( m_code, service_date, week_day, session_code, session_name, start_time, end_time,  department_code, department_name, clinic_room_code, clinic_room_name,  doctor_code, doctor_name, doctor_title_code, doctor_title, doctor_spec,  doctor_sess_type_code, doctor_sess_type, service_code, service_name,  fee, reg_fee, checkup_fee, service_fee, other_fee, available_number_str,  admit_address_string, admit_time_range, note, time_range_flag, schedule_status,  available_total_num, available_left_num ) VALUES ( 'SCH_DOC_DEPT015_3_20260320_1', '2026-03-20', '5', '1', '上午', '08:00', '12:00', 'DEPT015', '内分泌科', 'ROOM_DEPT015_5', '内分泌科门诊1诊室', 'DOC_DEPT015_3', '高霞', '01', '主任医师', '矮小症/发育管理', '1', '专家门诊', 'SRV_001', '主任医师挂号费', '20.00', '20.00', '0.00', '0.00', '0.00', '1,3,4,5,6,7,9,10,12,13,14,15,17,18,19,22,23,24,25,27,30,31,32,33,34,35,36,37', '主楼2层内分泌科候诊区', '08:00-12:00', '请提前15分钟候诊', '0', '1', '38', '38' );
INSERT INTO doctor_schedule ( m_code, service_date, week_day, session_code, session_name, start_time, end_time,  department_code, department_name, clinic_room_code, clinic_room_name,  doctor_code, doctor_name, doctor_title_code, doctor_title, doctor_spec,  doctor_sess_type_code, doctor_sess_type, service_code, service_name,  fee, reg_fee, checkup_fee, service_fee, other_fee, available_number_str,  admit_address_string, admit_time_range, note, time_range_flag, schedule_status,  available_total_num, available_left_num ) VALUES ( 'SCH_DOC_DEPT015_3_20260323_2', '2026-03-23', '1', '2', '下午', '13:30', '17:30', 'DEPT015', '内分泌科', 'ROOM_DEPT015_3', '内分泌科门诊4诊室', 'DOC_DEPT015_3', '高霞', '01', '主任医师', '矮小症/发育管理', '1', '专家门诊', 'SRV_001', '主任医师挂号费', '50.00', '50.00', '0.00', '0.00', '0.00', '1,3,4,5,6,7,8,10,12,14,15,16,17,18,19,23,24', '主楼2层内分泌科候诊区', '13:30-17:30', '请提前15分钟候诊', '0', '1', '24', '18' );
INSERT INTO doctor_schedule ( m_code, service_date, week_day, session_code, session_name, start_time, end_time,  department_code, department_name, clinic_room_code, clinic_room_name,  doctor_code, doctor_name, doctor_title_code, doctor_title, doctor_spec,  doctor_sess_type_code, doctor_sess_type, service_code, service_name,  fee, reg_fee, checkup_fee, service_fee, other_fee, available_number_str,  admit_address_string, admit_time_range, note, time_range_flag, schedule_status,  available_total_num, available_left_num ) VALUES ( 'SCH_DOC_DEPT015_3_20260323_1', '2026-03-23', '1', '1', '上午', '08:00', '12:00', 'DEPT015', '内分泌科', 'ROOM_DEPT015_2', '内分泌科门诊1诊室', 'DOC_DEPT015_3', '高霞', '01', '主任医师', '矮小症/发育管理', '1', '专家门诊', 'SRV_001', '主任医师挂号费', '50.00', '50.00', '0.00', '0.00', '0.00', '1,2,3,5,6,7,8,9,11,12,13,14,15,17,20,22', '主楼3层内分泌科候诊区', '08:00-12:00', '请提前15分钟候诊', '0', '1', '23', '18' );
INSERT INTO doctor_schedule ( m_code, service_date, week_day, session_code, session_name, start_time, end_time,  department_code, department_name, clinic_room_code, clinic_room_name,  doctor_code, doctor_name, doctor_title_code, doctor_title, doctor_spec,  doctor_sess_type_code, doctor_sess_type, service_code, service_name,  fee, reg_fee, checkup_fee, service_fee, other_fee, available_number_str,  admit_address_string, admit_time_range, note, time_range_flag, schedule_status,  available_total_num, available_left_num ) VALUES ( 'SCH_DOC_DEPT015_3_20260324_1', '2026-03-24', '2', '1', '上午', '08:00', '12:00', 'DEPT015', '内分泌科', 'ROOM_DEPT015_3', '内分泌科门诊1诊室', 'DOC_DEPT015_3', '高霞', '01', '主任医师', '矮小症/发育管理', '1', '专家门诊', 'SRV_001', '主任医师挂号费', '15.00', '15.00', '0.00', '0.00', '0.00', '1,4,5,6,10,12,14,15,18,19,20,21,24,26', '主楼1层内分泌科候诊区', '08:00-12:00', '请提前15分钟候诊', '0', '1', '29', '17' );
INSERT INTO doctor_schedule ( m_code, service_date, week_day, session_code, session_name, start_time, end_time,  department_code, department_name, clinic_room_code, clinic_room_name,  doctor_code, doctor_name, doctor_title_code, doctor_title, doctor_spec,  doctor_sess_type_code, doctor_sess_type, service_code, service_name,  fee, reg_fee, checkup_fee, service_fee, other_fee, available_number_str,  admit_address_string, admit_time_range, note, time_range_flag, schedule_status,  available_total_num, available_left_num ) VALUES ( 'SCH_DOC_DEPT015_3_20260326_2', '2026-03-26', '4', '2', '下午', '13:30', '17:30', 'DEPT015', '内分泌科', 'ROOM_DEPT015_4', '内分泌科门诊4诊室', 'DOC_DEPT015_3', '高霞', '01', '主任医师', '矮小症/发育管理', '1', '专家门诊', 'SRV_001', '主任医师挂号费', '20.00', '20.00', '0.00', '0.00', '0.00', '2,5,7,8,11,14,15,16,17', '主楼2层内分泌科候诊区', '13:30-17:30', '请提前15分钟候诊', '0', '1', '17', '7' );
INSERT INTO doctor_schedule ( m_code, service_date, week_day, session_code, session_name, start_time, end_time,  department_code, department_name, clinic_room_code, clinic_room_name,  doctor_code, doctor_name, doctor_title_code, doctor_title, doctor_spec,  doctor_sess_type_code, doctor_sess_type, service_code, service_name,  fee, reg_fee, checkup_fee, service_fee, other_fee, available_number_str,  admit_address_string, admit_time_range, note, time_range_flag, schedule_status,  available_total_num, available_left_num ) VALUES ( 'SCH_DOC_DEPT015_3_20260327_1', '2026-03-27', '5', '1', '上午', '08:00', '12:00', 'DEPT015', '内分泌科', 'ROOM_DEPT015_4', '内分泌科门诊5诊室', 'DOC_DEPT015_3', '高霞', '01', '主任医师', '矮小症/发育管理', '1', '专家门诊', 'SRV_001', '主任医师挂号费', '50.00', '50.00', '0.00', '0.00', '0.00', '2,3,5,8,11,13,14,15,16,18,19,20,21,23,27,28,33', '主楼5层内分泌科候诊区', '08:00-12:00', '请提前15分钟候诊', '0', '1', '33', '28' );
INSERT INTO doctor_schedule ( m_code, service_date, week_day, session_code, session_name, start_time, end_time,  department_code, department_name, clinic_room_code, clinic_room_name,  doctor_code, doctor_name, doctor_title_code, doctor_title, doctor_spec,  doctor_sess_type_code, doctor_sess_type, service_code, service_name,  fee, reg_fee, checkup_fee, service_fee, other_fee, available_number_str,  admit_address_string, admit_time_range, note, time_range_flag, schedule_status,  available_total_num, available_left_num ) VALUES ( 'SCH_DOC_DEPT015_3_20260327_2', '2026-03-27', '5', '2', '下午', '13:30', '17:30', 'DEPT015', '内分泌科', 'ROOM_DEPT015_5', '内分泌科门诊5诊室', 'DOC_DEPT015_3', '高霞', '01', '主任医师', '矮小症/发育管理', '1', '专家门诊', 'SRV_001', '主任医师挂号费', '50.00', '50.00', '0.00', '0.00', '0.00', '1,2,3,5,6,7,9,10,14,16,17,18,19,20,22,23,24,26,27,29,30,32,33', '主楼4层内分泌科候诊区', '13:30-17:30', '请提前15分钟候诊', '0', '1', '33', '27' );
INSERT INTO doctor_schedule ( m_code, service_date, week_day, session_code, session_name, start_time, end_time,  department_code, department_name, clinic_room_code, clinic_room_name,  doctor_code, doctor_name, doctor_title_code, doctor_title, doctor_spec,  doctor_sess_type_code, doctor_sess_type, service_code, service_name,  fee, reg_fee, checkup_fee, service_fee, other_fee, available_number_str,  admit_address_string, admit_time_range, note, time_range_flag, schedule_status,  available_total_num, available_left_num ) VALUES ( 'SCH_DOC_DEPT015_3_20260328_2', '2026-03-28', '6', '2', '下午', '13:30', '17:30', 'DEPT015', '内分泌科', 'ROOM_DEPT015_2', '内分泌科门诊5诊室', 'DOC_DEPT015_3', '高霞', '01', '主任医师', '矮小症/发育管理', '1', '专家门诊', 'SRV_001', '主任医师挂号费', '20.00', '20.00', '0.00', '0.00', '0.00', '3,4,5,6,10,12,14,16,18,19,20,22,23,25,26,27,28,31,32,33,34,35,36,38,39,40', '主楼6层内分泌科候诊区', '13:30-17:30', '请提前15分钟候诊', '0', '1', '40', '29' );
INSERT INTO doctor_schedule ( m_code, service_date, week_day, session_code, session_name, start_time, end_time,  department_code, department_name, clinic_room_code, clinic_room_name,  doctor_code, doctor_name, doctor_title_code, doctor_title, doctor_spec,  doctor_sess_type_code, doctor_sess_type, service_code, service_name,  fee, reg_fee, checkup_fee, service_fee, other_fee, available_number_str,  admit_address_string, admit_time_range, note, time_range_flag, schedule_status,  available_total_num, available_left_num ) VALUES ( 'SCH_DOC_DEPT015_3_20260329_1', '2026-03-29', '7', '1', '上午', '08:00', '12:00', 'DEPT015', '内分泌科', 'ROOM_DEPT015_3', '内分泌科门诊4诊室', 'DOC_DEPT015_3', '高霞', '01', '主任医师', '矮小症/发育管理', '1', '专家门诊', 'SRV_001', '主任医师挂号费', '50.00', '50.00', '0.00', '0.00', '0.00', '2,5,7,8,9,13,14,16,17,21,23,25', '主楼4层内分泌科候诊区', '08:00-12:00', '请提前15分钟候诊', '0', '1', '25', '23' );
INSERT INTO doctor_schedule ( m_code, service_date, week_day, session_code, session_name, start_time, end_time,  department_code, department_name, clinic_room_code, clinic_room_name,  doctor_code, doctor_name, doctor_title_code, doctor_title, doctor_spec,  doctor_sess_type_code, doctor_sess_type, service_code, service_name,  fee, reg_fee, checkup_fee, service_fee, other_fee, available_number_str,  admit_address_string, admit_time_range, note, time_range_flag, schedule_status,  available_total_num, available_left_num ) VALUES ( 'SCH_DOC_DEPT015_3_20260329_2', '2026-03-29', '7', '2', '下午', '13:30', '17:30', 'DEPT015', '内分泌科', 'ROOM_DEPT015_2', '内分泌科门诊5诊室', 'DOC_DEPT015_3', '高霞', '01', '主任医师', '矮小症/发育管理', '1', '专家门诊', 'SRV_001', '主任医师挂号费', '50.00', '50.00', '0.00', '0.00', '0.00', '1,2,3,5,6,7,10,11,12,13,15,16,18,19,20,21,22', '主楼1层内分泌科候诊区', '13:30-17:30', '请提前15分钟候诊', '0', '1', '22', '5' );
INSERT INTO doctor (doctor_code, doctor_name, department_code, title, specialty, doctor_des, doctor_image) VALUES ('DOC_DEPT015_4', '周娜', 'DEPT015', '副主任医师', '特发性肥胖干预', '周娜副主任医师，从事内分泌科临床工作20年，待人亲切。他专注于特发性肥胖干预的诊疗，已成功治愈数千例相关患者。', 'doc_DOC_DEPT015_4.png');
INSERT INTO doctor_schedule ( m_code, service_date, week_day, session_code, session_name, start_time, end_time,  department_code, department_name, clinic_room_code, clinic_room_name,  doctor_code, doctor_name, doctor_title_code, doctor_title, doctor_spec,  doctor_sess_type_code, doctor_sess_type, service_code, service_name,  fee, reg_fee, checkup_fee, service_fee, other_fee, available_number_str,  admit_address_string, admit_time_range, note, time_range_flag, schedule_status,  available_total_num, available_left_num ) VALUES ( 'SCH_DOC_DEPT015_4_20260316_1', '2026-03-16', '1', '1', '上午', '08:00', '12:00', 'DEPT015', '内分泌科', 'ROOM_DEPT015_5', '内分泌科门诊4诊室', 'DOC_DEPT015_4', '周娜', '02', '副主任医师', '特发性肥胖干预', '1', '专家门诊', 'SRV_001', '副主任医师挂号费', '20.00', '20.00', '0.00', '0.00', '0.00', '1,2,3,4,6,8,9,10,11,12,13,14,16,17,21,22,23,24,26,27,28,29,30,31,33,36,38', '主楼2层内分泌科候诊区', '08:00-12:00', '请提前15分钟候诊', '0', '1', '38', '16' );
INSERT INTO doctor_schedule ( m_code, service_date, week_day, session_code, session_name, start_time, end_time,  department_code, department_name, clinic_room_code, clinic_room_name,  doctor_code, doctor_name, doctor_title_code, doctor_title, doctor_spec,  doctor_sess_type_code, doctor_sess_type, service_code, service_name,  fee, reg_fee, checkup_fee, service_fee, other_fee, available_number_str,  admit_address_string, admit_time_range, note, time_range_flag, schedule_status,  available_total_num, available_left_num ) VALUES ( 'SCH_DOC_DEPT015_4_20260316_2', '2026-03-16', '1', '2', '下午', '13:30', '17:30', 'DEPT015', '内分泌科', 'ROOM_DEPT015_3', '内分泌科门诊3诊室', 'DOC_DEPT015_4', '周娜', '02', '副主任医师', '特发性肥胖干预', '1', '专家门诊', 'SRV_001', '副主任医师挂号费', '20.00', '20.00', '0.00', '0.00', '0.00', '1,2,4,5,6,8,9,10,11,12,13,14,16,19,21,23,24,27,29,31,32,33,34,35,36,37,38', '主楼1层内分泌科候诊区', '13:30-17:30', '请提前15分钟候诊', '0', '1', '38', '12' );
INSERT INTO doctor_schedule ( m_code, service_date, week_day, session_code, session_name, start_time, end_time,  department_code, department_name, clinic_room_code, clinic_room_name,  doctor_code, doctor_name, doctor_title_code, doctor_title, doctor_spec,  doctor_sess_type_code, doctor_sess_type, service_code, service_name,  fee, reg_fee, checkup_fee, service_fee, other_fee, available_number_str,  admit_address_string, admit_time_range, note, time_range_flag, schedule_status,  available_total_num, available_left_num ) VALUES ( 'SCH_DOC_DEPT015_4_20260317_1', '2026-03-17', '2', '1', '上午', '08:00', '12:00', 'DEPT015', '内分泌科', 'ROOM_DEPT015_3', '内分泌科门诊1诊室', 'DOC_DEPT015_4', '周娜', '02', '副主任医师', '特发性肥胖干预', '1', '专家门诊', 'SRV_001', '副主任医师挂号费', '20.00', '20.00', '0.00', '0.00', '0.00', '3,4,5,6,7,8,9,10,11,12,13,14,16,17,20,21,22,23', '主楼5层内分泌科候诊区', '08:00-12:00', '请提前15分钟候诊', '0', '1', '24', '9' );
INSERT INTO doctor_schedule ( m_code, service_date, week_day, session_code, session_name, start_time, end_time,  department_code, department_name, clinic_room_code, clinic_room_name,  doctor_code, doctor_name, doctor_title_code, doctor_title, doctor_spec,  doctor_sess_type_code, doctor_sess_type, service_code, service_name,  fee, reg_fee, checkup_fee, service_fee, other_fee, available_number_str,  admit_address_string, admit_time_range, note, time_range_flag, schedule_status,  available_total_num, available_left_num ) VALUES ( 'SCH_DOC_DEPT015_4_20260317_2', '2026-03-17', '2', '2', '下午', '13:30', '17:30', 'DEPT015', '内分泌科', 'ROOM_DEPT015_3', '内分泌科门诊5诊室', 'DOC_DEPT015_4', '周娜', '02', '副主任医师', '特发性肥胖干预', '1', '专家门诊', 'SRV_001', '副主任医师挂号费', '20.00', '20.00', '0.00', '0.00', '0.00', '4,5,6,8,9,10,11,12,13,14', '主楼1层内分泌科候诊区', '13:30-17:30', '请提前15分钟候诊', '0', '1', '16', '15' );
INSERT INTO doctor_schedule ( m_code, service_date, week_day, session_code, session_name, start_time, end_time,  department_code, department_name, clinic_room_code, clinic_room_name,  doctor_code, doctor_name, doctor_title_code, doctor_title, doctor_spec,  doctor_sess_type_code, doctor_sess_type, service_code, service_name,  fee, reg_fee, checkup_fee, service_fee, other_fee, available_number_str,  admit_address_string, admit_time_range, note, time_range_flag, schedule_status,  available_total_num, available_left_num ) VALUES ( 'SCH_DOC_DEPT015_4_20260318_1', '2026-03-18', '3', '1', '上午', '08:00', '12:00', 'DEPT015', '内分泌科', 'ROOM_DEPT015_2', '内分泌科门诊5诊室', 'DOC_DEPT015_4', '周娜', '02', '副主任医师', '特发性肥胖干预', '1', '专家门诊', 'SRV_001', '副主任医师挂号费', '20.00', '20.00', '0.00', '0.00', '0.00', '1,3,4,5,7,9,10,11,13,15,16,17,18,19,20,21', '主楼5层内分泌科候诊区', '08:00-12:00', '请提前15分钟候诊', '0', '1', '21', '11' );
INSERT INTO doctor_schedule ( m_code, service_date, week_day, session_code, session_name, start_time, end_time,  department_code, department_name, clinic_room_code, clinic_room_name,  doctor_code, doctor_name, doctor_title_code, doctor_title, doctor_spec,  doctor_sess_type_code, doctor_sess_type, service_code, service_name,  fee, reg_fee, checkup_fee, service_fee, other_fee, available_number_str,  admit_address_string, admit_time_range, note, time_range_flag, schedule_status,  available_total_num, available_left_num ) VALUES ( 'SCH_DOC_DEPT015_4_20260319_1', '2026-03-19', '4', '1', '上午', '08:00', '12:00', 'DEPT015', '内分泌科', 'ROOM_DEPT015_4', '内分泌科门诊3诊室', 'DOC_DEPT015_4', '周娜', '02', '副主任医师', '特发性肥胖干预', '1', '专家门诊', 'SRV_001', '副主任医师挂号费', '15.00', '15.00', '0.00', '0.00', '0.00', '3,4,6,7,8,9,10,11,13,14,17,18,19,20,21,22,23,24,25', '主楼6层内分泌科候诊区', '08:00-12:00', '请提前15分钟候诊', '0', '1', '25', '12' );
INSERT INTO doctor_schedule ( m_code, service_date, week_day, session_code, session_name, start_time, end_time,  department_code, department_name, clinic_room_code, clinic_room_name,  doctor_code, doctor_name, doctor_title_code, doctor_title, doctor_spec,  doctor_sess_type_code, doctor_sess_type, service_code, service_name,  fee, reg_fee, checkup_fee, service_fee, other_fee, available_number_str,  admit_address_string, admit_time_range, note, time_range_flag, schedule_status,  available_total_num, available_left_num ) VALUES ( 'SCH_DOC_DEPT015_4_20260319_2', '2026-03-19', '4', '2', '下午', '13:30', '17:30', 'DEPT015', '内分泌科', 'ROOM_DEPT015_1', '内分泌科门诊4诊室', 'DOC_DEPT015_4', '周娜', '02', '副主任医师', '特发性肥胖干预', '1', '专家门诊', 'SRV_001', '副主任医师挂号费', '50.00', '50.00', '0.00', '0.00', '0.00', '1,2,3,6,9,11,12,14,18,20,21,22,23,25,26,27,31', '主楼6层内分泌科候诊区', '13:30-17:30', '请提前15分钟候诊', '0', '1', '32', '26' );
INSERT INTO doctor_schedule ( m_code, service_date, week_day, session_code, session_name, start_time, end_time,  department_code, department_name, clinic_room_code, clinic_room_name,  doctor_code, doctor_name, doctor_title_code, doctor_title, doctor_spec,  doctor_sess_type_code, doctor_sess_type, service_code, service_name,  fee, reg_fee, checkup_fee, service_fee, other_fee, available_number_str,  admit_address_string, admit_time_range, note, time_range_flag, schedule_status,  available_total_num, available_left_num ) VALUES ( 'SCH_DOC_DEPT015_4_20260320_1', '2026-03-20', '5', '1', '上午', '08:00', '12:00', 'DEPT015', '内分泌科', 'ROOM_DEPT015_2', '内分泌科门诊4诊室', 'DOC_DEPT015_4', '周娜', '02', '副主任医师', '特发性肥胖干预', '1', '专家门诊', 'SRV_001', '副主任医师挂号费', '15.00', '15.00', '0.00', '0.00', '0.00', '2,5,6,8,9,11,13,14,15,19,21,23,25,26', '主楼3层内分泌科候诊区', '08:00-12:00', '请提前15分钟候诊', '0', '1', '28', '25' );
INSERT INTO doctor_schedule ( m_code, service_date, week_day, session_code, session_name, start_time, end_time,  department_code, department_name, clinic_room_code, clinic_room_name,  doctor_code, doctor_name, doctor_title_code, doctor_title, doctor_spec,  doctor_sess_type_code, doctor_sess_type, service_code, service_name,  fee, reg_fee, checkup_fee, service_fee, other_fee, available_number_str,  admit_address_string, admit_time_range, note, time_range_flag, schedule_status,  available_total_num, available_left_num ) VALUES ( 'SCH_DOC_DEPT015_4_20260320_2', '2026-03-20', '5', '2', '下午', '13:30', '17:30', 'DEPT015', '内分泌科', 'ROOM_DEPT015_1', '内分泌科门诊2诊室', 'DOC_DEPT015_4', '周娜', '02', '副主任医师', '特发性肥胖干预', '1', '专家门诊', 'SRV_001', '副主任医师挂号费', '15.00', '15.00', '0.00', '0.00', '0.00', '1,5,6,7,8,9,10,11,12,13,14,17,18,19,22,23,24,26', '主楼4层内分泌科候诊区', '13:30-17:30', '请提前15分钟候诊', '0', '1', '26', '6' );
INSERT INTO doctor_schedule ( m_code, service_date, week_day, session_code, session_name, start_time, end_time,  department_code, department_name, clinic_room_code, clinic_room_name,  doctor_code, doctor_name, doctor_title_code, doctor_title, doctor_spec,  doctor_sess_type_code, doctor_sess_type, service_code, service_name,  fee, reg_fee, checkup_fee, service_fee, other_fee, available_number_str,  admit_address_string, admit_time_range, note, time_range_flag, schedule_status,  available_total_num, available_left_num ) VALUES ( 'SCH_DOC_DEPT015_4_20260322_2', '2026-03-22', '7', '2', '下午', '13:30', '17:30', 'DEPT015', '内分泌科', 'ROOM_DEPT015_5', '内分泌科门诊3诊室', 'DOC_DEPT015_4', '周娜', '02', '副主任医师', '特发性肥胖干预', '1', '专家门诊', 'SRV_001', '副主任医师挂号费', '50.00', '50.00', '0.00', '0.00', '0.00', '1,2,3,4,6,7,10,11,13,15,16,17,18,20,21,23,24,26', '主楼3层内分泌科候诊区', '13:30-17:30', '请提前15分钟候诊', '0', '1', '27', '6' );
INSERT INTO doctor_schedule ( m_code, service_date, week_day, session_code, session_name, start_time, end_time,  department_code, department_name, clinic_room_code, clinic_room_name,  doctor_code, doctor_name, doctor_title_code, doctor_title, doctor_spec,  doctor_sess_type_code, doctor_sess_type, service_code, service_name,  fee, reg_fee, checkup_fee, service_fee, other_fee, available_number_str,  admit_address_string, admit_time_range, note, time_range_flag, schedule_status,  available_total_num, available_left_num ) VALUES ( 'SCH_DOC_DEPT015_4_20260322_1', '2026-03-22', '7', '1', '上午', '08:00', '12:00', 'DEPT015', '内分泌科', 'ROOM_DEPT015_5', '内分泌科门诊1诊室', 'DOC_DEPT015_4', '周娜', '02', '副主任医师', '特发性肥胖干预', '1', '专家门诊', 'SRV_001', '副主任医师挂号费', '50.00', '50.00', '0.00', '0.00', '0.00', '1,2,3,4,5,6,7,8,9,10,11,12,13,14,19,21,23,24,26,27,30,31,32,34,35,38,39', '主楼1层内分泌科候诊区', '08:00-12:00', '请提前15分钟候诊', '0', '1', '39', '32' );
INSERT INTO doctor_schedule ( m_code, service_date, week_day, session_code, session_name, start_time, end_time,  department_code, department_name, clinic_room_code, clinic_room_name,  doctor_code, doctor_name, doctor_title_code, doctor_title, doctor_spec,  doctor_sess_type_code, doctor_sess_type, service_code, service_name,  fee, reg_fee, checkup_fee, service_fee, other_fee, available_number_str,  admit_address_string, admit_time_range, note, time_range_flag, schedule_status,  available_total_num, available_left_num ) VALUES ( 'SCH_DOC_DEPT015_4_20260323_2', '2026-03-23', '1', '2', '下午', '13:30', '17:30', 'DEPT015', '内分泌科', 'ROOM_DEPT015_5', '内分泌科门诊1诊室', 'DOC_DEPT015_4', '周娜', '02', '副主任医师', '特发性肥胖干预', '1', '专家门诊', 'SRV_001', '副主任医师挂号费', '20.00', '20.00', '0.00', '0.00', '0.00', '1,2,4,5,6,9,11,12,13,16,18,20,21,23', '主楼2层内分泌科候诊区', '13:30-17:30', '请提前15分钟候诊', '0', '1', '23', '8' );
INSERT INTO doctor_schedule ( m_code, service_date, week_day, session_code, session_name, start_time, end_time,  department_code, department_name, clinic_room_code, clinic_room_name,  doctor_code, doctor_name, doctor_title_code, doctor_title, doctor_spec,  doctor_sess_type_code, doctor_sess_type, service_code, service_name,  fee, reg_fee, checkup_fee, service_fee, other_fee, available_number_str,  admit_address_string, admit_time_range, note, time_range_flag, schedule_status,  available_total_num, available_left_num ) VALUES ( 'SCH_DOC_DEPT015_4_20260323_1', '2026-03-23', '1', '1', '上午', '08:00', '12:00', 'DEPT015', '内分泌科', 'ROOM_DEPT015_4', '内分泌科门诊3诊室', 'DOC_DEPT015_4', '周娜', '02', '副主任医师', '特发性肥胖干预', '1', '专家门诊', 'SRV_001', '副主任医师挂号费', '15.00', '15.00', '0.00', '0.00', '0.00', '1,3,4,5,6,7,8,9,10,11,12,13,14,15,17,18,19,20,23,24,25,26,28,30,31,32,34,35,36', '主楼4层内分泌科候诊区', '08:00-12:00', '请提前15分钟候诊', '0', '1', '37', '8' );
INSERT INTO doctor_schedule ( m_code, service_date, week_day, session_code, session_name, start_time, end_time,  department_code, department_name, clinic_room_code, clinic_room_name,  doctor_code, doctor_name, doctor_title_code, doctor_title, doctor_spec,  doctor_sess_type_code, doctor_sess_type, service_code, service_name,  fee, reg_fee, checkup_fee, service_fee, other_fee, available_number_str,  admit_address_string, admit_time_range, note, time_range_flag, schedule_status,  available_total_num, available_left_num ) VALUES ( 'SCH_DOC_DEPT015_4_20260324_1', '2026-03-24', '2', '1', '上午', '08:00', '12:00', 'DEPT015', '内分泌科', 'ROOM_DEPT015_5', '内分泌科门诊2诊室', 'DOC_DEPT015_4', '周娜', '02', '副主任医师', '特发性肥胖干预', '1', '专家门诊', 'SRV_001', '副主任医师挂号费', '50.00', '50.00', '0.00', '0.00', '0.00', '1,3,6,7,8,10,11,12,14,15', '主楼2层内分泌科候诊区', '08:00-12:00', '请提前15分钟候诊', '0', '1', '15', '6' );
INSERT INTO doctor_schedule ( m_code, service_date, week_day, session_code, session_name, start_time, end_time,  department_code, department_name, clinic_room_code, clinic_room_name,  doctor_code, doctor_name, doctor_title_code, doctor_title, doctor_spec,  doctor_sess_type_code, doctor_sess_type, service_code, service_name,  fee, reg_fee, checkup_fee, service_fee, other_fee, available_number_str,  admit_address_string, admit_time_range, note, time_range_flag, schedule_status,  available_total_num, available_left_num ) VALUES ( 'SCH_DOC_DEPT015_4_20260326_2', '2026-03-26', '4', '2', '下午', '13:30', '17:30', 'DEPT015', '内分泌科', 'ROOM_DEPT015_4', '内分泌科门诊1诊室', 'DOC_DEPT015_4', '周娜', '02', '副主任医师', '特发性肥胖干预', '1', '专家门诊', 'SRV_001', '副主任医师挂号费', '50.00', '50.00', '0.00', '0.00', '0.00', '1,2,3,4,6,8,9,10,13,17,18', '主楼3层内分泌科候诊区', '13:30-17:30', '请提前15分钟候诊', '0', '1', '18', '16' );
INSERT INTO doctor_schedule ( m_code, service_date, week_day, session_code, session_name, start_time, end_time,  department_code, department_name, clinic_room_code, clinic_room_name,  doctor_code, doctor_name, doctor_title_code, doctor_title, doctor_spec,  doctor_sess_type_code, doctor_sess_type, service_code, service_name,  fee, reg_fee, checkup_fee, service_fee, other_fee, available_number_str,  admit_address_string, admit_time_range, note, time_range_flag, schedule_status,  available_total_num, available_left_num ) VALUES ( 'SCH_DOC_DEPT015_4_20260327_2', '2026-03-27', '5', '2', '下午', '13:30', '17:30', 'DEPT015', '内分泌科', 'ROOM_DEPT015_4', '内分泌科门诊2诊室', 'DOC_DEPT015_4', '周娜', '02', '副主任医师', '特发性肥胖干预', '1', '专家门诊', 'SRV_001', '副主任医师挂号费', '50.00', '50.00', '0.00', '0.00', '0.00', '1,2,3,4,5,6,7,9,10,11,13,14,15', '主楼1层内分泌科候诊区', '13:30-17:30', '请提前15分钟候诊', '0', '1', '15', '9' );
INSERT INTO doctor_schedule ( m_code, service_date, week_day, session_code, session_name, start_time, end_time,  department_code, department_name, clinic_room_code, clinic_room_name,  doctor_code, doctor_name, doctor_title_code, doctor_title, doctor_spec,  doctor_sess_type_code, doctor_sess_type, service_code, service_name,  fee, reg_fee, checkup_fee, service_fee, other_fee, available_number_str,  admit_address_string, admit_time_range, note, time_range_flag, schedule_status,  available_total_num, available_left_num ) VALUES ( 'SCH_DOC_DEPT015_4_20260328_1', '2026-03-28', '6', '1', '上午', '08:00', '12:00', 'DEPT015', '内分泌科', 'ROOM_DEPT015_2', '内分泌科门诊3诊室', 'DOC_DEPT015_4', '周娜', '02', '副主任医师', '特发性肥胖干预', '1', '专家门诊', 'SRV_001', '副主任医师挂号费', '50.00', '50.00', '0.00', '0.00', '0.00', '1,3,4,8,9,10,11,14,15,16,19,20,23,25,26,27,28,30,32,33,34,35,36,37,38', '主楼4层内分泌科候诊区', '08:00-12:00', '请提前15分钟候诊', '0', '1', '38', '28' );
INSERT INTO doctor_schedule ( m_code, service_date, week_day, session_code, session_name, start_time, end_time,  department_code, department_name, clinic_room_code, clinic_room_name,  doctor_code, doctor_name, doctor_title_code, doctor_title, doctor_spec,  doctor_sess_type_code, doctor_sess_type, service_code, service_name,  fee, reg_fee, checkup_fee, service_fee, other_fee, available_number_str,  admit_address_string, admit_time_range, note, time_range_flag, schedule_status,  available_total_num, available_left_num ) VALUES ( 'SCH_DOC_DEPT015_4_20260328_2', '2026-03-28', '6', '2', '下午', '13:30', '17:30', 'DEPT015', '内分泌科', 'ROOM_DEPT015_5', '内分泌科门诊3诊室', 'DOC_DEPT015_4', '周娜', '02', '副主任医师', '特发性肥胖干预', '1', '专家门诊', 'SRV_001', '副主任医师挂号费', '20.00', '20.00', '0.00', '0.00', '0.00', '1,2,3,4,6,7,8,11,12,13,14,15,17,18,19,20,21,22,23,24', '主楼2层内分泌科候诊区', '13:30-17:30', '请提前15分钟候诊', '0', '1', '24', '11' );
INSERT INTO doctor_schedule ( m_code, service_date, week_day, session_code, session_name, start_time, end_time,  department_code, department_name, clinic_room_code, clinic_room_name,  doctor_code, doctor_name, doctor_title_code, doctor_title, doctor_spec,  doctor_sess_type_code, doctor_sess_type, service_code, service_name,  fee, reg_fee, checkup_fee, service_fee, other_fee, available_number_str,  admit_address_string, admit_time_range, note, time_range_flag, schedule_status,  available_total_num, available_left_num ) VALUES ( 'SCH_DOC_DEPT015_4_20260329_1', '2026-03-29', '7', '1', '上午', '08:00', '12:00', 'DEPT015', '内分泌科', 'ROOM_DEPT015_2', '内分泌科门诊3诊室', 'DOC_DEPT015_4', '周娜', '02', '副主任医师', '特发性肥胖干预', '1', '专家门诊', 'SRV_001', '副主任医师挂号费', '15.00', '15.00', '0.00', '0.00', '0.00', '1,2,4,6,8,9,10,11,12,13,15,16,17', '主楼2层内分泌科候诊区', '08:00-12:00', '请提前15分钟候诊', '0', '1', '18', '18' );
INSERT INTO doctor_schedule ( m_code, service_date, week_day, session_code, session_name, start_time, end_time,  department_code, department_name, clinic_room_code, clinic_room_name,  doctor_code, doctor_name, doctor_title_code, doctor_title, doctor_spec,  doctor_sess_type_code, doctor_sess_type, service_code, service_name,  fee, reg_fee, checkup_fee, service_fee, other_fee, available_number_str,  admit_address_string, admit_time_range, note, time_range_flag, schedule_status,  available_total_num, available_left_num ) VALUES ( 'SCH_DOC_DEPT015_4_20260329_2', '2026-03-29', '7', '2', '下午', '13:30', '17:30', 'DEPT015', '内分泌科', 'ROOM_DEPT015_3', '内分泌科门诊1诊室', 'DOC_DEPT015_4', '周娜', '02', '副主任医师', '特发性肥胖干预', '1', '专家门诊', 'SRV_001', '副主任医师挂号费', '15.00', '15.00', '0.00', '0.00', '0.00', '1,3,4,5,6,7,8,9,13,14,15,16,18,20,22', '主楼1层内分泌科候诊区', '13:30-17:30', '请提前15分钟候诊', '0', '1', '22', '21' );
INSERT INTO doctor (doctor_code, doctor_name, department_code, title, specialty, doctor_des, doctor_image) VALUES ('DOC_DEPT015_5', '胡涛', 'DEPT015', '副主任医师', '内分泌性高血压', '胡涛副主任医师，从事内分泌科临床工作15年，医术精湛。他长期致力于内分泌性高血压的诊疗，已成功治愈数千例相关患者。', 'doc_DOC_DEPT015_5.png');
INSERT INTO doctor_schedule ( m_code, service_date, week_day, session_code, session_name, start_time, end_time,  department_code, department_name, clinic_room_code, clinic_room_name,  doctor_code, doctor_name, doctor_title_code, doctor_title, doctor_spec,  doctor_sess_type_code, doctor_sess_type, service_code, service_name,  fee, reg_fee, checkup_fee, service_fee, other_fee, available_number_str,  admit_address_string, admit_time_range, note, time_range_flag, schedule_status,  available_total_num, available_left_num ) VALUES ( 'SCH_DOC_DEPT015_5_20260316_2', '2026-03-16', '1', '2', '下午', '13:30', '17:30', 'DEPT015', '内分泌科', 'ROOM_DEPT015_2', '内分泌科门诊2诊室', 'DOC_DEPT015_5', '胡涛', '02', '副主任医师', '内分泌性高血压', '1', '专家门诊', 'SRV_001', '副主任医师挂号费', '50.00', '50.00', '0.00', '0.00', '0.00', '3,6,7,8,9,10,11,12,13,15,17,18,19,20,21,22,23,24,25,26', '主楼3层内分泌科候诊区', '13:30-17:30', '请提前15分钟候诊', '0', '1', '26', '14' );
INSERT INTO doctor_schedule ( m_code, service_date, week_day, session_code, session_name, start_time, end_time,  department_code, department_name, clinic_room_code, clinic_room_name,  doctor_code, doctor_name, doctor_title_code, doctor_title, doctor_spec,  doctor_sess_type_code, doctor_sess_type, service_code, service_name,  fee, reg_fee, checkup_fee, service_fee, other_fee, available_number_str,  admit_address_string, admit_time_range, note, time_range_flag, schedule_status,  available_total_num, available_left_num ) VALUES ( 'SCH_DOC_DEPT015_5_20260316_1', '2026-03-16', '1', '1', '上午', '08:00', '12:00', 'DEPT015', '内分泌科', 'ROOM_DEPT015_4', '内分泌科门诊4诊室', 'DOC_DEPT015_5', '胡涛', '02', '副主任医师', '内分泌性高血压', '1', '专家门诊', 'SRV_001', '副主任医师挂号费', '15.00', '15.00', '0.00', '0.00', '0.00', '1,2,3,4,5,6,7,10,11,12,13,15,16,17,18,19,21,22,23,25,27,28,29,30', '主楼5层内分泌科候诊区', '08:00-12:00', '请提前15分钟候诊', '0', '1', '30', '28' );
INSERT INTO doctor_schedule ( m_code, service_date, week_day, session_code, session_name, start_time, end_time,  department_code, department_name, clinic_room_code, clinic_room_name,  doctor_code, doctor_name, doctor_title_code, doctor_title, doctor_spec,  doctor_sess_type_code, doctor_sess_type, service_code, service_name,  fee, reg_fee, checkup_fee, service_fee, other_fee, available_number_str,  admit_address_string, admit_time_range, note, time_range_flag, schedule_status,  available_total_num, available_left_num ) VALUES ( 'SCH_DOC_DEPT015_5_20260319_1', '2026-03-19', '4', '1', '上午', '08:00', '12:00', 'DEPT015', '内分泌科', 'ROOM_DEPT015_3', '内分泌科门诊3诊室', 'DOC_DEPT015_5', '胡涛', '02', '副主任医师', '内分泌性高血压', '1', '专家门诊', 'SRV_001', '副主任医师挂号费', '20.00', '20.00', '0.00', '0.00', '0.00', '1,2,3,6,7,8,12,13,15,16,17,18,19,21,22,23,27,28,29,30,31,32', '主楼6层内分泌科候诊区', '08:00-12:00', '请提前15分钟候诊', '0', '1', '32', '25' );
INSERT INTO doctor_schedule ( m_code, service_date, week_day, session_code, session_name, start_time, end_time,  department_code, department_name, clinic_room_code, clinic_room_name,  doctor_code, doctor_name, doctor_title_code, doctor_title, doctor_spec,  doctor_sess_type_code, doctor_sess_type, service_code, service_name,  fee, reg_fee, checkup_fee, service_fee, other_fee, available_number_str,  admit_address_string, admit_time_range, note, time_range_flag, schedule_status,  available_total_num, available_left_num ) VALUES ( 'SCH_DOC_DEPT015_5_20260319_2', '2026-03-19', '4', '2', '下午', '13:30', '17:30', 'DEPT015', '内分泌科', 'ROOM_DEPT015_2', '内分泌科门诊3诊室', 'DOC_DEPT015_5', '胡涛', '02', '副主任医师', '内分泌性高血压', '1', '专家门诊', 'SRV_001', '副主任医师挂号费', '20.00', '20.00', '0.00', '0.00', '0.00', '1,2,4,5,6,7,8,9,10,12,13,14,15,16,18,19,22,23,24,25,26,27,29,32,34,35,36,37,38', '主楼2层内分泌科候诊区', '13:30-17:30', '请提前15分钟候诊', '0', '1', '38', '12' );
INSERT INTO doctor_schedule ( m_code, service_date, week_day, session_code, session_name, start_time, end_time,  department_code, department_name, clinic_room_code, clinic_room_name,  doctor_code, doctor_name, doctor_title_code, doctor_title, doctor_spec,  doctor_sess_type_code, doctor_sess_type, service_code, service_name,  fee, reg_fee, checkup_fee, service_fee, other_fee, available_number_str,  admit_address_string, admit_time_range, note, time_range_flag, schedule_status,  available_total_num, available_left_num ) VALUES ( 'SCH_DOC_DEPT015_5_20260320_1', '2026-03-20', '5', '1', '上午', '08:00', '12:00', 'DEPT015', '内分泌科', 'ROOM_DEPT015_5', '内分泌科门诊3诊室', 'DOC_DEPT015_5', '胡涛', '02', '副主任医师', '内分泌性高血压', '1', '专家门诊', 'SRV_001', '副主任医师挂号费', '50.00', '50.00', '0.00', '0.00', '0.00', '1,3,4,5,7,9,10,11,12,14,15,17,18,19', '主楼2层内分泌科候诊区', '08:00-12:00', '请提前15分钟候诊', '0', '1', '19', '17' );
INSERT INTO doctor_schedule ( m_code, service_date, week_day, session_code, session_name, start_time, end_time,  department_code, department_name, clinic_room_code, clinic_room_name,  doctor_code, doctor_name, doctor_title_code, doctor_title, doctor_spec,  doctor_sess_type_code, doctor_sess_type, service_code, service_name,  fee, reg_fee, checkup_fee, service_fee, other_fee, available_number_str,  admit_address_string, admit_time_range, note, time_range_flag, schedule_status,  available_total_num, available_left_num ) VALUES ( 'SCH_DOC_DEPT015_5_20260320_2', '2026-03-20', '5', '2', '下午', '13:30', '17:30', 'DEPT015', '内分泌科', 'ROOM_DEPT015_2', '内分泌科门诊3诊室', 'DOC_DEPT015_5', '胡涛', '02', '副主任医师', '内分泌性高血压', '1', '专家门诊', 'SRV_001', '副主任医师挂号费', '50.00', '50.00', '0.00', '0.00', '0.00', '1,2,3,4,5,7,10,15,16,17,18,19,22,23,24,25,28,29,30,31,32,34,35,36,38', '主楼5层内分泌科候诊区', '13:30-17:30', '请提前15分钟候诊', '0', '1', '39', '33' );
INSERT INTO doctor_schedule ( m_code, service_date, week_day, session_code, session_name, start_time, end_time,  department_code, department_name, clinic_room_code, clinic_room_name,  doctor_code, doctor_name, doctor_title_code, doctor_title, doctor_spec,  doctor_sess_type_code, doctor_sess_type, service_code, service_name,  fee, reg_fee, checkup_fee, service_fee, other_fee, available_number_str,  admit_address_string, admit_time_range, note, time_range_flag, schedule_status,  available_total_num, available_left_num ) VALUES ( 'SCH_DOC_DEPT015_5_20260321_1', '2026-03-21', '6', '1', '上午', '08:00', '12:00', 'DEPT015', '内分泌科', 'ROOM_DEPT015_3', '内分泌科门诊2诊室', 'DOC_DEPT015_5', '胡涛', '02', '副主任医师', '内分泌性高血压', '1', '专家门诊', 'SRV_001', '副主任医师挂号费', '50.00', '50.00', '0.00', '0.00', '0.00', '1,3,4,5,6,7,8,9,10,13,14,16,17,18,20,22,23,25,27,28,30,31,34,36,37,38,39', '主楼2层内分泌科候诊区', '08:00-12:00', '请提前15分钟候诊', '0', '1', '39', '13' );
INSERT INTO doctor_schedule ( m_code, service_date, week_day, session_code, session_name, start_time, end_time,  department_code, department_name, clinic_room_code, clinic_room_name,  doctor_code, doctor_name, doctor_title_code, doctor_title, doctor_spec,  doctor_sess_type_code, doctor_sess_type, service_code, service_name,  fee, reg_fee, checkup_fee, service_fee, other_fee, available_number_str,  admit_address_string, admit_time_range, note, time_range_flag, schedule_status,  available_total_num, available_left_num ) VALUES ( 'SCH_DOC_DEPT015_5_20260321_2', '2026-03-21', '6', '2', '下午', '13:30', '17:30', 'DEPT015', '内分泌科', 'ROOM_DEPT015_5', '内分泌科门诊4诊室', 'DOC_DEPT015_5', '胡涛', '02', '副主任医师', '内分泌性高血压', '1', '专家门诊', 'SRV_001', '副主任医师挂号费', '20.00', '20.00', '0.00', '0.00', '0.00', '1,2,3,4,6,9,10,12,13,15,16,18,19,20,21,22,27,29,30,31,32,34,35,36', '主楼1层内分泌科候诊区', '13:30-17:30', '请提前15分钟候诊', '0', '1', '38', '20' );
INSERT INTO doctor_schedule ( m_code, service_date, week_day, session_code, session_name, start_time, end_time,  department_code, department_name, clinic_room_code, clinic_room_name,  doctor_code, doctor_name, doctor_title_code, doctor_title, doctor_spec,  doctor_sess_type_code, doctor_sess_type, service_code, service_name,  fee, reg_fee, checkup_fee, service_fee, other_fee, available_number_str,  admit_address_string, admit_time_range, note, time_range_flag, schedule_status,  available_total_num, available_left_num ) VALUES ( 'SCH_DOC_DEPT015_5_20260322_1', '2026-03-22', '7', '1', '上午', '08:00', '12:00', 'DEPT015', '内分泌科', 'ROOM_DEPT015_5', '内分泌科门诊3诊室', 'DOC_DEPT015_5', '胡涛', '02', '副主任医师', '内分泌性高血压', '1', '专家门诊', 'SRV_001', '副主任医师挂号费', '50.00', '50.00', '0.00', '0.00', '0.00', '2,3,4,5,6,7,8,10,11,12,14,15,17,18,19', '主楼6层内分泌科候诊区', '08:00-12:00', '请提前15分钟候诊', '0', '1', '19', '15' );
INSERT INTO doctor_schedule ( m_code, service_date, week_day, session_code, session_name, start_time, end_time,  department_code, department_name, clinic_room_code, clinic_room_name,  doctor_code, doctor_name, doctor_title_code, doctor_title, doctor_spec,  doctor_sess_type_code, doctor_sess_type, service_code, service_name,  fee, reg_fee, checkup_fee, service_fee, other_fee, available_number_str,  admit_address_string, admit_time_range, note, time_range_flag, schedule_status,  available_total_num, available_left_num ) VALUES ( 'SCH_DOC_DEPT015_5_20260323_2', '2026-03-23', '1', '2', '下午', '13:30', '17:30', 'DEPT015', '内分泌科', 'ROOM_DEPT015_2', '内分泌科门诊1诊室', 'DOC_DEPT015_5', '胡涛', '02', '副主任医师', '内分泌性高血压', '1', '专家门诊', 'SRV_001', '副主任医师挂号费', '15.00', '15.00', '0.00', '0.00', '0.00', '1,4,5,6,7,8,11,12,13,14,15,16,17,19,20,21', '主楼3层内分泌科候诊区', '13:30-17:30', '请提前15分钟候诊', '0', '1', '21', '11' );
INSERT INTO doctor_schedule ( m_code, service_date, week_day, session_code, session_name, start_time, end_time,  department_code, department_name, clinic_room_code, clinic_room_name,  doctor_code, doctor_name, doctor_title_code, doctor_title, doctor_spec,  doctor_sess_type_code, doctor_sess_type, service_code, service_name,  fee, reg_fee, checkup_fee, service_fee, other_fee, available_number_str,  admit_address_string, admit_time_range, note, time_range_flag, schedule_status,  available_total_num, available_left_num ) VALUES ( 'SCH_DOC_DEPT015_5_20260323_1', '2026-03-23', '1', '1', '上午', '08:00', '12:00', 'DEPT015', '内分泌科', 'ROOM_DEPT015_2', '内分泌科门诊2诊室', 'DOC_DEPT015_5', '胡涛', '02', '副主任医师', '内分泌性高血压', '1', '专家门诊', 'SRV_001', '副主任医师挂号费', '20.00', '20.00', '0.00', '0.00', '0.00', '3,5,6,8,9,10,11,12,13,15,16,17,18,19,20,22,23,24,25,26,27,28,29,32,33,34,35', '主楼5层内分泌科候诊区', '08:00-12:00', '请提前15分钟候诊', '0', '1', '36', '15' );
INSERT INTO doctor_schedule ( m_code, service_date, week_day, session_code, session_name, start_time, end_time,  department_code, department_name, clinic_room_code, clinic_room_name,  doctor_code, doctor_name, doctor_title_code, doctor_title, doctor_spec,  doctor_sess_type_code, doctor_sess_type, service_code, service_name,  fee, reg_fee, checkup_fee, service_fee, other_fee, available_number_str,  admit_address_string, admit_time_range, note, time_range_flag, schedule_status,  available_total_num, available_left_num ) VALUES ( 'SCH_DOC_DEPT015_5_20260324_1', '2026-03-24', '2', '1', '上午', '08:00', '12:00', 'DEPT015', '内分泌科', 'ROOM_DEPT015_3', '内分泌科门诊3诊室', 'DOC_DEPT015_5', '胡涛', '02', '副主任医师', '内分泌性高血压', '1', '专家门诊', 'SRV_001', '副主任医师挂号费', '15.00', '15.00', '0.00', '0.00', '0.00', '1,2,4,5,6,8,11,12,13,14,15,16,17,18,19,20,24,25,28,29,30,31,32,33,35,36,37,39', '主楼2层内分泌科候诊区', '08:00-12:00', '请提前15分钟候诊', '0', '1', '39', '23' );
INSERT INTO doctor_schedule ( m_code, service_date, week_day, session_code, session_name, start_time, end_time,  department_code, department_name, clinic_room_code, clinic_room_name,  doctor_code, doctor_name, doctor_title_code, doctor_title, doctor_spec,  doctor_sess_type_code, doctor_sess_type, service_code, service_name,  fee, reg_fee, checkup_fee, service_fee, other_fee, available_number_str,  admit_address_string, admit_time_range, note, time_range_flag, schedule_status,  available_total_num, available_left_num ) VALUES ( 'SCH_DOC_DEPT015_5_20260326_2', '2026-03-26', '4', '2', '下午', '13:30', '17:30', 'DEPT015', '内分泌科', 'ROOM_DEPT015_3', '内分泌科门诊1诊室', 'DOC_DEPT015_5', '胡涛', '02', '副主任医师', '内分泌性高血压', '1', '专家门诊', 'SRV_001', '副主任医师挂号费', '20.00', '20.00', '0.00', '0.00', '0.00', '1,4,9,10,11,12,14,15,16,17,18,19,22', '主楼4层内分泌科候诊区', '13:30-17:30', '请提前15分钟候诊', '0', '1', '22', '12' );
INSERT INTO doctor_schedule ( m_code, service_date, week_day, session_code, session_name, start_time, end_time,  department_code, department_name, clinic_room_code, clinic_room_name,  doctor_code, doctor_name, doctor_title_code, doctor_title, doctor_spec,  doctor_sess_type_code, doctor_sess_type, service_code, service_name,  fee, reg_fee, checkup_fee, service_fee, other_fee, available_number_str,  admit_address_string, admit_time_range, note, time_range_flag, schedule_status,  available_total_num, available_left_num ) VALUES ( 'SCH_DOC_DEPT015_5_20260326_1', '2026-03-26', '4', '1', '上午', '08:00', '12:00', 'DEPT015', '内分泌科', 'ROOM_DEPT015_5', '内分泌科门诊4诊室', 'DOC_DEPT015_5', '胡涛', '02', '副主任医师', '内分泌性高血压', '1', '专家门诊', 'SRV_001', '副主任医师挂号费', '20.00', '20.00', '0.00', '0.00', '0.00', '1,2,3,4,6,9,12,14,16,17,19,20,21,22,23,24,25,27,28,29,30,31,32,33', '主楼3层内分泌科候诊区', '08:00-12:00', '请提前15分钟候诊', '0', '1', '33', '11' );
INSERT INTO doctor_schedule ( m_code, service_date, week_day, session_code, session_name, start_time, end_time,  department_code, department_name, clinic_room_code, clinic_room_name,  doctor_code, doctor_name, doctor_title_code, doctor_title, doctor_spec,  doctor_sess_type_code, doctor_sess_type, service_code, service_name,  fee, reg_fee, checkup_fee, service_fee, other_fee, available_number_str,  admit_address_string, admit_time_range, note, time_range_flag, schedule_status,  available_total_num, available_left_num ) VALUES ( 'SCH_DOC_DEPT015_5_20260327_1', '2026-03-27', '5', '1', '上午', '08:00', '12:00', 'DEPT015', '内分泌科', 'ROOM_DEPT015_1', '内分泌科门诊2诊室', 'DOC_DEPT015_5', '胡涛', '02', '副主任医师', '内分泌性高血压', '1', '专家门诊', 'SRV_001', '副主任医师挂号费', '20.00', '20.00', '0.00', '0.00', '0.00', '1,2,3,5,6,7,9,10,11,13,14,16,17,18,19', '主楼1层内分泌科候诊区', '08:00-12:00', '请提前15分钟候诊', '0', '1', '20', '11' );
INSERT INTO doctor_schedule ( m_code, service_date, week_day, session_code, session_name, start_time, end_time,  department_code, department_name, clinic_room_code, clinic_room_name,  doctor_code, doctor_name, doctor_title_code, doctor_title, doctor_spec,  doctor_sess_type_code, doctor_sess_type, service_code, service_name,  fee, reg_fee, checkup_fee, service_fee, other_fee, available_number_str,  admit_address_string, admit_time_range, note, time_range_flag, schedule_status,  available_total_num, available_left_num ) VALUES ( 'SCH_DOC_DEPT015_5_20260328_2', '2026-03-28', '6', '2', '下午', '13:30', '17:30', 'DEPT015', '内分泌科', 'ROOM_DEPT015_5', '内分泌科门诊5诊室', 'DOC_DEPT015_5', '胡涛', '02', '副主任医师', '内分泌性高血压', '1', '专家门诊', 'SRV_001', '副主任医师挂号费', '15.00', '15.00', '0.00', '0.00', '0.00', '1,2,3,4,5,6,8,9,10,11,12,14,15,17,18', '主楼6层内分泌科候诊区', '13:30-17:30', '请提前15分钟候诊', '0', '1', '19', '5' );
INSERT INTO doctor_schedule ( m_code, service_date, week_day, session_code, session_name, start_time, end_time,  department_code, department_name, clinic_room_code, clinic_room_name,  doctor_code, doctor_name, doctor_title_code, doctor_title, doctor_spec,  doctor_sess_type_code, doctor_sess_type, service_code, service_name,  fee, reg_fee, checkup_fee, service_fee, other_fee, available_number_str,  admit_address_string, admit_time_range, note, time_range_flag, schedule_status,  available_total_num, available_left_num ) VALUES ( 'SCH_DOC_DEPT015_5_20260329_1', '2026-03-29', '7', '1', '上午', '08:00', '12:00', 'DEPT015', '内分泌科', 'ROOM_DEPT015_3', '内分泌科门诊5诊室', 'DOC_DEPT015_5', '胡涛', '02', '副主任医师', '内分泌性高血压', '1', '专家门诊', 'SRV_001', '副主任医师挂号费', '20.00', '20.00', '0.00', '0.00', '0.00', '1,2,3,4,6,7,8,9,12,13,14,15,17,20,22,23,26', '主楼1层内分泌科候诊区', '08:00-12:00', '请提前15分钟候诊', '0', '1', '26', '8' );
INSERT INTO doctor (doctor_code, doctor_name, department_code, title, specialty, doctor_des, doctor_image) VALUES ('DOC_DEPT016_1', '吴秀英', 'DEPT016', '主治医师', '输尿管结石激光碎石', '吴秀英主治医师，从事泌尿外科临床工作19年，经验丰富。他专注于输尿管结石激光碎石的诊疗，已成功治愈数千例相关患者。', 'doc_DOC_DEPT016_1.png');
INSERT INTO doctor_schedule ( m_code, service_date, week_day, session_code, session_name, start_time, end_time,  department_code, department_name, clinic_room_code, clinic_room_name,  doctor_code, doctor_name, doctor_title_code, doctor_title, doctor_spec,  doctor_sess_type_code, doctor_sess_type, service_code, service_name,  fee, reg_fee, checkup_fee, service_fee, other_fee, available_number_str,  admit_address_string, admit_time_range, note, time_range_flag, schedule_status,  available_total_num, available_left_num ) VALUES ( 'SCH_DOC_DEPT016_1_20260316_2', '2026-03-16', '1', '2', '下午', '13:30', '17:30', 'DEPT016', '泌尿外科', 'ROOM_DEPT016_3', '泌尿外科门诊3诊室', 'DOC_DEPT016_1', '吴秀英', '03', '主治医师', '输尿管结石激光碎石', '1', '专家门诊', 'SRV_001', '主治医师挂号费', '20.00', '20.00', '0.00', '0.00', '0.00', '3,5,7,8,11,17,19,23,24', '主楼2层泌尿外科候诊区', '13:30-17:30', '请提前15分钟候诊', '0', '1', '24', '14' );
INSERT INTO doctor_schedule ( m_code, service_date, week_day, session_code, session_name, start_time, end_time,  department_code, department_name, clinic_room_code, clinic_room_name,  doctor_code, doctor_name, doctor_title_code, doctor_title, doctor_spec,  doctor_sess_type_code, doctor_sess_type, service_code, service_name,  fee, reg_fee, checkup_fee, service_fee, other_fee, available_number_str,  admit_address_string, admit_time_range, note, time_range_flag, schedule_status,  available_total_num, available_left_num ) VALUES ( 'SCH_DOC_DEPT016_1_20260316_1', '2026-03-16', '1', '1', '上午', '08:00', '12:00', 'DEPT016', '泌尿外科', 'ROOM_DEPT016_4', '泌尿外科门诊3诊室', 'DOC_DEPT016_1', '吴秀英', '03', '主治医师', '输尿管结石激光碎石', '1', '专家门诊', 'SRV_001', '主治医师挂号费', '15.00', '15.00', '0.00', '0.00', '0.00', '1,2,3,5,7,10,11,12,13,14,15,17,18,19,20,21,22,23,24,25,26,27,29,30,31', '主楼5层泌尿外科候诊区', '08:00-12:00', '请提前15分钟候诊', '0', '1', '34', '32' );
INSERT INTO doctor_schedule ( m_code, service_date, week_day, session_code, session_name, start_time, end_time,  department_code, department_name, clinic_room_code, clinic_room_name,  doctor_code, doctor_name, doctor_title_code, doctor_title, doctor_spec,  doctor_sess_type_code, doctor_sess_type, service_code, service_name,  fee, reg_fee, checkup_fee, service_fee, other_fee, available_number_str,  admit_address_string, admit_time_range, note, time_range_flag, schedule_status,  available_total_num, available_left_num ) VALUES ( 'SCH_DOC_DEPT016_1_20260317_2', '2026-03-17', '2', '2', '下午', '13:30', '17:30', 'DEPT016', '泌尿外科', 'ROOM_DEPT016_1', '泌尿外科门诊4诊室', 'DOC_DEPT016_1', '吴秀英', '03', '主治医师', '输尿管结石激光碎石', '1', '专家门诊', 'SRV_001', '主治医师挂号费', '20.00', '20.00', '0.00', '0.00', '0.00', '2,3,4,5,6,7,10,12,14,15,17,18,19', '主楼3层泌尿外科候诊区', '13:30-17:30', '请提前15分钟候诊', '0', '1', '20', '13' );
INSERT INTO doctor_schedule ( m_code, service_date, week_day, session_code, session_name, start_time, end_time,  department_code, department_name, clinic_room_code, clinic_room_name,  doctor_code, doctor_name, doctor_title_code, doctor_title, doctor_spec,  doctor_sess_type_code, doctor_sess_type, service_code, service_name,  fee, reg_fee, checkup_fee, service_fee, other_fee, available_number_str,  admit_address_string, admit_time_range, note, time_range_flag, schedule_status,  available_total_num, available_left_num ) VALUES ( 'SCH_DOC_DEPT016_1_20260318_1', '2026-03-18', '3', '1', '上午', '08:00', '12:00', 'DEPT016', '泌尿外科', 'ROOM_DEPT016_2', '泌尿外科门诊4诊室', 'DOC_DEPT016_1', '吴秀英', '03', '主治医师', '输尿管结石激光碎石', '1', '专家门诊', 'SRV_001', '主治医师挂号费', '20.00', '20.00', '0.00', '0.00', '0.00', '1,4,5,6,10,11,12,13,16,17,18,19,20', '主楼4层泌尿外科候诊区', '08:00-12:00', '请提前15分钟候诊', '0', '1', '21', '19' );
INSERT INTO doctor_schedule ( m_code, service_date, week_day, session_code, session_name, start_time, end_time,  department_code, department_name, clinic_room_code, clinic_room_name,  doctor_code, doctor_name, doctor_title_code, doctor_title, doctor_spec,  doctor_sess_type_code, doctor_sess_type, service_code, service_name,  fee, reg_fee, checkup_fee, service_fee, other_fee, available_number_str,  admit_address_string, admit_time_range, note, time_range_flag, schedule_status,  available_total_num, available_left_num ) VALUES ( 'SCH_DOC_DEPT016_1_20260319_2', '2026-03-19', '4', '2', '下午', '13:30', '17:30', 'DEPT016', '泌尿外科', 'ROOM_DEPT016_1', '泌尿外科门诊3诊室', 'DOC_DEPT016_1', '吴秀英', '03', '主治医师', '输尿管结石激光碎石', '1', '专家门诊', 'SRV_001', '主治医师挂号费', '15.00', '15.00', '0.00', '0.00', '0.00', '2,3,4,6,7,9,12,14,16', '主楼6层泌尿外科候诊区', '13:30-17:30', '请提前15分钟候诊', '0', '1', '16', '14' );
INSERT INTO doctor_schedule ( m_code, service_date, week_day, session_code, session_name, start_time, end_time,  department_code, department_name, clinic_room_code, clinic_room_name,  doctor_code, doctor_name, doctor_title_code, doctor_title, doctor_spec,  doctor_sess_type_code, doctor_sess_type, service_code, service_name,  fee, reg_fee, checkup_fee, service_fee, other_fee, available_number_str,  admit_address_string, admit_time_range, note, time_range_flag, schedule_status,  available_total_num, available_left_num ) VALUES ( 'SCH_DOC_DEPT016_1_20260320_2', '2026-03-20', '5', '2', '下午', '13:30', '17:30', 'DEPT016', '泌尿外科', 'ROOM_DEPT016_1', '泌尿外科门诊3诊室', 'DOC_DEPT016_1', '吴秀英', '03', '主治医师', '输尿管结石激光碎石', '1', '专家门诊', 'SRV_001', '主治医师挂号费', '50.00', '50.00', '0.00', '0.00', '0.00', '1,2,3,5,6,7,9,10,12,13,14,16,19,20,21,22', '主楼4层泌尿外科候诊区', '13:30-17:30', '请提前15分钟候诊', '0', '1', '22', '7' );
INSERT INTO doctor_schedule ( m_code, service_date, week_day, session_code, session_name, start_time, end_time,  department_code, department_name, clinic_room_code, clinic_room_name,  doctor_code, doctor_name, doctor_title_code, doctor_title, doctor_spec,  doctor_sess_type_code, doctor_sess_type, service_code, service_name,  fee, reg_fee, checkup_fee, service_fee, other_fee, available_number_str,  admit_address_string, admit_time_range, note, time_range_flag, schedule_status,  available_total_num, available_left_num ) VALUES ( 'SCH_DOC_DEPT016_1_20260321_1', '2026-03-21', '6', '1', '上午', '08:00', '12:00', 'DEPT016', '泌尿外科', 'ROOM_DEPT016_1', '泌尿外科门诊1诊室', 'DOC_DEPT016_1', '吴秀英', '03', '主治医师', '输尿管结石激光碎石', '1', '专家门诊', 'SRV_001', '主治医师挂号费', '20.00', '20.00', '0.00', '0.00', '0.00', '1,2,4,5,6,7,8,9,10,11,12,13,16,17,19,20,21,22,23,24,26,27,28,29,30,31,32,33,34', '主楼6层泌尿外科候诊区', '08:00-12:00', '请提前15分钟候诊', '0', '1', '34', '25' );
INSERT INTO doctor_schedule ( m_code, service_date, week_day, session_code, session_name, start_time, end_time,  department_code, department_name, clinic_room_code, clinic_room_name,  doctor_code, doctor_name, doctor_title_code, doctor_title, doctor_spec,  doctor_sess_type_code, doctor_sess_type, service_code, service_name,  fee, reg_fee, checkup_fee, service_fee, other_fee, available_number_str,  admit_address_string, admit_time_range, note, time_range_flag, schedule_status,  available_total_num, available_left_num ) VALUES ( 'SCH_DOC_DEPT016_1_20260321_2', '2026-03-21', '6', '2', '下午', '13:30', '17:30', 'DEPT016', '泌尿外科', 'ROOM_DEPT016_1', '泌尿外科门诊4诊室', 'DOC_DEPT016_1', '吴秀英', '03', '主治医师', '输尿管结石激光碎石', '1', '专家门诊', 'SRV_001', '主治医师挂号费', '15.00', '15.00', '0.00', '0.00', '0.00', '1,2,3,5,6,7,8,9,11,12,13,14,15,17', '主楼4层泌尿外科候诊区', '13:30-17:30', '请提前15分钟候诊', '0', '1', '18', '4' );
INSERT INTO doctor_schedule ( m_code, service_date, week_day, session_code, session_name, start_time, end_time,  department_code, department_name, clinic_room_code, clinic_room_name,  doctor_code, doctor_name, doctor_title_code, doctor_title, doctor_spec,  doctor_sess_type_code, doctor_sess_type, service_code, service_name,  fee, reg_fee, checkup_fee, service_fee, other_fee, available_number_str,  admit_address_string, admit_time_range, note, time_range_flag, schedule_status,  available_total_num, available_left_num ) VALUES ( 'SCH_DOC_DEPT016_1_20260322_2', '2026-03-22', '7', '2', '下午', '13:30', '17:30', 'DEPT016', '泌尿外科', 'ROOM_DEPT016_1', '泌尿外科门诊2诊室', 'DOC_DEPT016_1', '吴秀英', '03', '主治医师', '输尿管结石激光碎石', '1', '专家门诊', 'SRV_001', '主治医师挂号费', '20.00', '20.00', '0.00', '0.00', '0.00', '2,3,4,5,6,7,14,15,16,18,19,21,23,24,25,26,27,31,32,33,34,35,38', '主楼5层泌尿外科候诊区', '13:30-17:30', '请提前15分钟候诊', '0', '1', '38', '23' );
INSERT INTO doctor_schedule ( m_code, service_date, week_day, session_code, session_name, start_time, end_time,  department_code, department_name, clinic_room_code, clinic_room_name,  doctor_code, doctor_name, doctor_title_code, doctor_title, doctor_spec,  doctor_sess_type_code, doctor_sess_type, service_code, service_name,  fee, reg_fee, checkup_fee, service_fee, other_fee, available_number_str,  admit_address_string, admit_time_range, note, time_range_flag, schedule_status,  available_total_num, available_left_num ) VALUES ( 'SCH_DOC_DEPT016_1_20260323_2', '2026-03-23', '1', '2', '下午', '13:30', '17:30', 'DEPT016', '泌尿外科', 'ROOM_DEPT016_4', '泌尿外科门诊4诊室', 'DOC_DEPT016_1', '吴秀英', '03', '主治医师', '输尿管结石激光碎石', '1', '专家门诊', 'SRV_001', '主治医师挂号费', '50.00', '50.00', '0.00', '0.00', '0.00', '4,5,6,8,9,11,12,13,14,16,17,19,20,21,22,23,24,25,28,29,30,32,34,35', '主楼6层泌尿外科候诊区', '13:30-17:30', '请提前15分钟候诊', '0', '1', '35', '13' );
INSERT INTO doctor_schedule ( m_code, service_date, week_day, session_code, session_name, start_time, end_time,  department_code, department_name, clinic_room_code, clinic_room_name,  doctor_code, doctor_name, doctor_title_code, doctor_title, doctor_spec,  doctor_sess_type_code, doctor_sess_type, service_code, service_name,  fee, reg_fee, checkup_fee, service_fee, other_fee, available_number_str,  admit_address_string, admit_time_range, note, time_range_flag, schedule_status,  available_total_num, available_left_num ) VALUES ( 'SCH_DOC_DEPT016_1_20260323_1', '2026-03-23', '1', '1', '上午', '08:00', '12:00', 'DEPT016', '泌尿外科', 'ROOM_DEPT016_4', '泌尿外科门诊2诊室', 'DOC_DEPT016_1', '吴秀英', '03', '主治医师', '输尿管结石激光碎石', '1', '专家门诊', 'SRV_001', '主治医师挂号费', '50.00', '50.00', '0.00', '0.00', '0.00', '1,3,4,5,6,7,8,9,11,12,13,15,16,17,19,20,21,22,24,26,27,28,29', '主楼3层泌尿外科候诊区', '08:00-12:00', '请提前15分钟候诊', '0', '1', '29', '21' );
INSERT INTO doctor_schedule ( m_code, service_date, week_day, session_code, session_name, start_time, end_time,  department_code, department_name, clinic_room_code, clinic_room_name,  doctor_code, doctor_name, doctor_title_code, doctor_title, doctor_spec,  doctor_sess_type_code, doctor_sess_type, service_code, service_name,  fee, reg_fee, checkup_fee, service_fee, other_fee, available_number_str,  admit_address_string, admit_time_range, note, time_range_flag, schedule_status,  available_total_num, available_left_num ) VALUES ( 'SCH_DOC_DEPT016_1_20260324_1', '2026-03-24', '2', '1', '上午', '08:00', '12:00', 'DEPT016', '泌尿外科', 'ROOM_DEPT016_1', '泌尿外科门诊1诊室', 'DOC_DEPT016_1', '吴秀英', '03', '主治医师', '输尿管结石激光碎石', '1', '专家门诊', 'SRV_001', '主治医师挂号费', '15.00', '15.00', '0.00', '0.00', '0.00', '1,4,5,6,7,12,15', '主楼2层泌尿外科候诊区', '08:00-12:00', '请提前15分钟候诊', '0', '1', '15', '14' );
INSERT INTO doctor_schedule ( m_code, service_date, week_day, session_code, session_name, start_time, end_time,  department_code, department_name, clinic_room_code, clinic_room_name,  doctor_code, doctor_name, doctor_title_code, doctor_title, doctor_spec,  doctor_sess_type_code, doctor_sess_type, service_code, service_name,  fee, reg_fee, checkup_fee, service_fee, other_fee, available_number_str,  admit_address_string, admit_time_range, note, time_range_flag, schedule_status,  available_total_num, available_left_num ) VALUES ( 'SCH_DOC_DEPT016_1_20260325_2', '2026-03-25', '3', '2', '下午', '13:30', '17:30', 'DEPT016', '泌尿外科', 'ROOM_DEPT016_2', '泌尿外科门诊1诊室', 'DOC_DEPT016_1', '吴秀英', '03', '主治医师', '输尿管结石激光碎石', '1', '专家门诊', 'SRV_001', '主治医师挂号费', '15.00', '15.00', '0.00', '0.00', '0.00', '1,2,3,4,5,8,9,11,13,14,15,16,17,18,19,20,22,24,25,26,27,29,30,32', '主楼2层泌尿外科候诊区', '13:30-17:30', '请提前15分钟候诊', '0', '1', '32', '21' );
INSERT INTO doctor_schedule ( m_code, service_date, week_day, session_code, session_name, start_time, end_time,  department_code, department_name, clinic_room_code, clinic_room_name,  doctor_code, doctor_name, doctor_title_code, doctor_title, doctor_spec,  doctor_sess_type_code, doctor_sess_type, service_code, service_name,  fee, reg_fee, checkup_fee, service_fee, other_fee, available_number_str,  admit_address_string, admit_time_range, note, time_range_flag, schedule_status,  available_total_num, available_left_num ) VALUES ( 'SCH_DOC_DEPT016_1_20260325_1', '2026-03-25', '3', '1', '上午', '08:00', '12:00', 'DEPT016', '泌尿外科', 'ROOM_DEPT016_3', '泌尿外科门诊5诊室', 'DOC_DEPT016_1', '吴秀英', '03', '主治医师', '输尿管结石激光碎石', '1', '专家门诊', 'SRV_001', '主治医师挂号费', '50.00', '50.00', '0.00', '0.00', '0.00', '1,2,3,4,5,6,7,8,9,10,11,13,14,15,16,17,18,19,21,22,23,24,25,28,29,30,31,32', '主楼4层泌尿外科候诊区', '08:00-12:00', '请提前15分钟候诊', '0', '1', '32', '13' );
INSERT INTO doctor_schedule ( m_code, service_date, week_day, session_code, session_name, start_time, end_time,  department_code, department_name, clinic_room_code, clinic_room_name,  doctor_code, doctor_name, doctor_title_code, doctor_title, doctor_spec,  doctor_sess_type_code, doctor_sess_type, service_code, service_name,  fee, reg_fee, checkup_fee, service_fee, other_fee, available_number_str,  admit_address_string, admit_time_range, note, time_range_flag, schedule_status,  available_total_num, available_left_num ) VALUES ( 'SCH_DOC_DEPT016_1_20260326_1', '2026-03-26', '4', '1', '上午', '08:00', '12:00', 'DEPT016', '泌尿外科', 'ROOM_DEPT016_4', '泌尿外科门诊4诊室', 'DOC_DEPT016_1', '吴秀英', '03', '主治医师', '输尿管结石激光碎石', '1', '专家门诊', 'SRV_001', '主治医师挂号费', '20.00', '20.00', '0.00', '0.00', '0.00', '2,3,4,5,8,9,10,11,12,13,14,17,20,22,23,24,25,26,27,28,29,30,33,36,39', '主楼4层泌尿外科候诊区', '08:00-12:00', '请提前15分钟候诊', '0', '1', '39', '22' );
INSERT INTO doctor_schedule ( m_code, service_date, week_day, session_code, session_name, start_time, end_time,  department_code, department_name, clinic_room_code, clinic_room_name,  doctor_code, doctor_name, doctor_title_code, doctor_title, doctor_spec,  doctor_sess_type_code, doctor_sess_type, service_code, service_name,  fee, reg_fee, checkup_fee, service_fee, other_fee, available_number_str,  admit_address_string, admit_time_range, note, time_range_flag, schedule_status,  available_total_num, available_left_num ) VALUES ( 'SCH_DOC_DEPT016_1_20260327_1', '2026-03-27', '5', '1', '上午', '08:00', '12:00', 'DEPT016', '泌尿外科', 'ROOM_DEPT016_2', '泌尿外科门诊5诊室', 'DOC_DEPT016_1', '吴秀英', '03', '主治医师', '输尿管结石激光碎石', '1', '专家门诊', 'SRV_001', '主治医师挂号费', '20.00', '20.00', '0.00', '0.00', '0.00', '1,3,4,11,12,13,14,15,17,19', '主楼1层泌尿外科候诊区', '08:00-12:00', '请提前15分钟候诊', '0', '1', '20', '6' );
INSERT INTO doctor_schedule ( m_code, service_date, week_day, session_code, session_name, start_time, end_time,  department_code, department_name, clinic_room_code, clinic_room_name,  doctor_code, doctor_name, doctor_title_code, doctor_title, doctor_spec,  doctor_sess_type_code, doctor_sess_type, service_code, service_name,  fee, reg_fee, checkup_fee, service_fee, other_fee, available_number_str,  admit_address_string, admit_time_range, note, time_range_flag, schedule_status,  available_total_num, available_left_num ) VALUES ( 'SCH_DOC_DEPT016_1_20260327_2', '2026-03-27', '5', '2', '下午', '13:30', '17:30', 'DEPT016', '泌尿外科', 'ROOM_DEPT016_1', '泌尿外科门诊2诊室', 'DOC_DEPT016_1', '吴秀英', '03', '主治医师', '输尿管结石激光碎石', '1', '专家门诊', 'SRV_001', '主治医师挂号费', '50.00', '50.00', '0.00', '0.00', '0.00', '1,3,6,7,8,9,10,11,12,15,17,18,19,20,21,22,23', '主楼6层泌尿外科候诊区', '13:30-17:30', '请提前15分钟候诊', '0', '1', '23', '7' );
INSERT INTO doctor_schedule ( m_code, service_date, week_day, session_code, session_name, start_time, end_time,  department_code, department_name, clinic_room_code, clinic_room_name,  doctor_code, doctor_name, doctor_title_code, doctor_title, doctor_spec,  doctor_sess_type_code, doctor_sess_type, service_code, service_name,  fee, reg_fee, checkup_fee, service_fee, other_fee, available_number_str,  admit_address_string, admit_time_range, note, time_range_flag, schedule_status,  available_total_num, available_left_num ) VALUES ( 'SCH_DOC_DEPT016_1_20260328_1', '2026-03-28', '6', '1', '上午', '08:00', '12:00', 'DEPT016', '泌尿外科', 'ROOM_DEPT016_1', '泌尿外科门诊2诊室', 'DOC_DEPT016_1', '吴秀英', '03', '主治医师', '输尿管结石激光碎石', '1', '专家门诊', 'SRV_001', '主治医师挂号费', '20.00', '20.00', '0.00', '0.00', '0.00', '1,2,3,4,6,8,9,11,12,13,14,15,16,17,18,20,21,22,23,24,25,30,32', '主楼3层泌尿外科候诊区', '08:00-12:00', '请提前15分钟候诊', '0', '1', '32', '13' );
INSERT INTO doctor_schedule ( m_code, service_date, week_day, session_code, session_name, start_time, end_time,  department_code, department_name, clinic_room_code, clinic_room_name,  doctor_code, doctor_name, doctor_title_code, doctor_title, doctor_spec,  doctor_sess_type_code, doctor_sess_type, service_code, service_name,  fee, reg_fee, checkup_fee, service_fee, other_fee, available_number_str,  admit_address_string, admit_time_range, note, time_range_flag, schedule_status,  available_total_num, available_left_num ) VALUES ( 'SCH_DOC_DEPT016_1_20260328_2', '2026-03-28', '6', '2', '下午', '13:30', '17:30', 'DEPT016', '泌尿外科', 'ROOM_DEPT016_5', '泌尿外科门诊5诊室', 'DOC_DEPT016_1', '吴秀英', '03', '主治医师', '输尿管结石激光碎石', '1', '专家门诊', 'SRV_001', '主治医师挂号费', '20.00', '20.00', '0.00', '0.00', '0.00', '1,3,4,5,6,7,8,9,12,13,14,15,16,17,18,20,21,22,25,26,27,28,30,31,32,33,34', '主楼1层泌尿外科候诊区', '13:30-17:30', '请提前15分钟候诊', '0', '1', '34', '22' );
INSERT INTO doctor (doctor_code, doctor_name, department_code, title, specialty, doctor_des, doctor_image) VALUES ('DOC_DEPT016_2', '林伟', 'DEPT016', '主任医师', '精索静脉曲张微创', '林伟主任医师，从事泌尿外科临床工作27年，待人亲切。他擅长精索静脉曲张微创的诊疗，已成功治愈数千例相关患者。', 'doc_DOC_DEPT016_2.png');
INSERT INTO doctor_schedule ( m_code, service_date, week_day, session_code, session_name, start_time, end_time,  department_code, department_name, clinic_room_code, clinic_room_name,  doctor_code, doctor_name, doctor_title_code, doctor_title, doctor_spec,  doctor_sess_type_code, doctor_sess_type, service_code, service_name,  fee, reg_fee, checkup_fee, service_fee, other_fee, available_number_str,  admit_address_string, admit_time_range, note, time_range_flag, schedule_status,  available_total_num, available_left_num ) VALUES ( 'SCH_DOC_DEPT016_2_20260317_2', '2026-03-17', '2', '2', '下午', '13:30', '17:30', 'DEPT016', '泌尿外科', 'ROOM_DEPT016_3', '泌尿外科门诊4诊室', 'DOC_DEPT016_2', '林伟', '01', '主任医师', '精索静脉曲张微创', '1', '专家门诊', 'SRV_001', '主任医师挂号费', '50.00', '50.00', '0.00', '0.00', '0.00', '1,2,3,4,5,6,7,9,12,13,14,15,18,19,20,21,22,23,24,25,26', '主楼6层泌尿外科候诊区', '13:30-17:30', '请提前15分钟候诊', '0', '1', '26', '8' );
INSERT INTO doctor_schedule ( m_code, service_date, week_day, session_code, session_name, start_time, end_time,  department_code, department_name, clinic_room_code, clinic_room_name,  doctor_code, doctor_name, doctor_title_code, doctor_title, doctor_spec,  doctor_sess_type_code, doctor_sess_type, service_code, service_name,  fee, reg_fee, checkup_fee, service_fee, other_fee, available_number_str,  admit_address_string, admit_time_range, note, time_range_flag, schedule_status,  available_total_num, available_left_num ) VALUES ( 'SCH_DOC_DEPT016_2_20260317_1', '2026-03-17', '2', '1', '上午', '08:00', '12:00', 'DEPT016', '泌尿外科', 'ROOM_DEPT016_4', '泌尿外科门诊5诊室', 'DOC_DEPT016_2', '林伟', '01', '主任医师', '精索静脉曲张微创', '1', '专家门诊', 'SRV_001', '主任医师挂号费', '50.00', '50.00', '0.00', '0.00', '0.00', '5,6,7,8,9,10,11,12,13,17,18,19,20', '主楼5层泌尿外科候诊区', '08:00-12:00', '请提前15分钟候诊', '0', '1', '22', '10' );
INSERT INTO doctor_schedule ( m_code, service_date, week_day, session_code, session_name, start_time, end_time,  department_code, department_name, clinic_room_code, clinic_room_name,  doctor_code, doctor_name, doctor_title_code, doctor_title, doctor_spec,  doctor_sess_type_code, doctor_sess_type, service_code, service_name,  fee, reg_fee, checkup_fee, service_fee, other_fee, available_number_str,  admit_address_string, admit_time_range, note, time_range_flag, schedule_status,  available_total_num, available_left_num ) VALUES ( 'SCH_DOC_DEPT016_2_20260318_1', '2026-03-18', '3', '1', '上午', '08:00', '12:00', 'DEPT016', '泌尿外科', 'ROOM_DEPT016_2', '泌尿外科门诊1诊室', 'DOC_DEPT016_2', '林伟', '01', '主任医师', '精索静脉曲张微创', '1', '专家门诊', 'SRV_001', '主任医师挂号费', '50.00', '50.00', '0.00', '0.00', '0.00', '1,2,3,5,6,7,11,12,13,14,15,17,20,21,23,24', '主楼1层泌尿外科候诊区', '08:00-12:00', '请提前15分钟候诊', '0', '1', '24', '18' );
INSERT INTO doctor_schedule ( m_code, service_date, week_day, session_code, session_name, start_time, end_time,  department_code, department_name, clinic_room_code, clinic_room_name,  doctor_code, doctor_name, doctor_title_code, doctor_title, doctor_spec,  doctor_sess_type_code, doctor_sess_type, service_code, service_name,  fee, reg_fee, checkup_fee, service_fee, other_fee, available_number_str,  admit_address_string, admit_time_range, note, time_range_flag, schedule_status,  available_total_num, available_left_num ) VALUES ( 'SCH_DOC_DEPT016_2_20260318_2', '2026-03-18', '3', '2', '下午', '13:30', '17:30', 'DEPT016', '泌尿外科', 'ROOM_DEPT016_3', '泌尿外科门诊4诊室', 'DOC_DEPT016_2', '林伟', '01', '主任医师', '精索静脉曲张微创', '1', '专家门诊', 'SRV_001', '主任医师挂号费', '15.00', '15.00', '0.00', '0.00', '0.00', '1,3,4,8,9,10,11,13,14,15,17,19', '主楼6层泌尿外科候诊区', '13:30-17:30', '请提前15分钟候诊', '0', '1', '19', '14' );
INSERT INTO doctor_schedule ( m_code, service_date, week_day, session_code, session_name, start_time, end_time,  department_code, department_name, clinic_room_code, clinic_room_name,  doctor_code, doctor_name, doctor_title_code, doctor_title, doctor_spec,  doctor_sess_type_code, doctor_sess_type, service_code, service_name,  fee, reg_fee, checkup_fee, service_fee, other_fee, available_number_str,  admit_address_string, admit_time_range, note, time_range_flag, schedule_status,  available_total_num, available_left_num ) VALUES ( 'SCH_DOC_DEPT016_2_20260319_1', '2026-03-19', '4', '1', '上午', '08:00', '12:00', 'DEPT016', '泌尿外科', 'ROOM_DEPT016_4', '泌尿外科门诊4诊室', 'DOC_DEPT016_2', '林伟', '01', '主任医师', '精索静脉曲张微创', '1', '专家门诊', 'SRV_001', '主任医师挂号费', '50.00', '50.00', '0.00', '0.00', '0.00', '1,3,4,5,8,10,11,12,13,14,16', '主楼4层泌尿外科候诊区', '08:00-12:00', '请提前15分钟候诊', '0', '1', '17', '12' );
INSERT INTO doctor_schedule ( m_code, service_date, week_day, session_code, session_name, start_time, end_time,  department_code, department_name, clinic_room_code, clinic_room_name,  doctor_code, doctor_name, doctor_title_code, doctor_title, doctor_spec,  doctor_sess_type_code, doctor_sess_type, service_code, service_name,  fee, reg_fee, checkup_fee, service_fee, other_fee, available_number_str,  admit_address_string, admit_time_range, note, time_range_flag, schedule_status,  available_total_num, available_left_num ) VALUES ( 'SCH_DOC_DEPT016_2_20260319_2', '2026-03-19', '4', '2', '下午', '13:30', '17:30', 'DEPT016', '泌尿外科', 'ROOM_DEPT016_2', '泌尿外科门诊1诊室', 'DOC_DEPT016_2', '林伟', '01', '主任医师', '精索静脉曲张微创', '1', '专家门诊', 'SRV_001', '主任医师挂号费', '20.00', '20.00', '0.00', '0.00', '0.00', '2,3,4,5,6,7,8,12,14,15,17,18,19,21,22,23,25,26,27,28,30,31,32,33,34', '主楼3层泌尿外科候诊区', '13:30-17:30', '请提前15分钟候诊', '0', '1', '34', '8' );
INSERT INTO doctor_schedule ( m_code, service_date, week_day, session_code, session_name, start_time, end_time,  department_code, department_name, clinic_room_code, clinic_room_name,  doctor_code, doctor_name, doctor_title_code, doctor_title, doctor_spec,  doctor_sess_type_code, doctor_sess_type, service_code, service_name,  fee, reg_fee, checkup_fee, service_fee, other_fee, available_number_str,  admit_address_string, admit_time_range, note, time_range_flag, schedule_status,  available_total_num, available_left_num ) VALUES ( 'SCH_DOC_DEPT016_2_20260320_2', '2026-03-20', '5', '2', '下午', '13:30', '17:30', 'DEPT016', '泌尿外科', 'ROOM_DEPT016_3', '泌尿外科门诊2诊室', 'DOC_DEPT016_2', '林伟', '01', '主任医师', '精索静脉曲张微创', '1', '专家门诊', 'SRV_001', '主任医师挂号费', '20.00', '20.00', '0.00', '0.00', '0.00', '2,4,6,7,8,9,10,12,14', '主楼3层泌尿外科候诊区', '13:30-17:30', '请提前15分钟候诊', '0', '1', '17', '15' );
INSERT INTO doctor_schedule ( m_code, service_date, week_day, session_code, session_name, start_time, end_time,  department_code, department_name, clinic_room_code, clinic_room_name,  doctor_code, doctor_name, doctor_title_code, doctor_title, doctor_spec,  doctor_sess_type_code, doctor_sess_type, service_code, service_name,  fee, reg_fee, checkup_fee, service_fee, other_fee, available_number_str,  admit_address_string, admit_time_range, note, time_range_flag, schedule_status,  available_total_num, available_left_num ) VALUES ( 'SCH_DOC_DEPT016_2_20260320_1', '2026-03-20', '5', '1', '上午', '08:00', '12:00', 'DEPT016', '泌尿外科', 'ROOM_DEPT016_4', '泌尿外科门诊3诊室', 'DOC_DEPT016_2', '林伟', '01', '主任医师', '精索静脉曲张微创', '1', '专家门诊', 'SRV_001', '主任医师挂号费', '50.00', '50.00', '0.00', '0.00', '0.00', '1,4,5,8,9,11,12,13,15,17,18,19,20,21,22,24,25,26', '主楼5层泌尿外科候诊区', '08:00-12:00', '请提前15分钟候诊', '0', '1', '27', '10' );
INSERT INTO doctor_schedule ( m_code, service_date, week_day, session_code, session_name, start_time, end_time,  department_code, department_name, clinic_room_code, clinic_room_name,  doctor_code, doctor_name, doctor_title_code, doctor_title, doctor_spec,  doctor_sess_type_code, doctor_sess_type, service_code, service_name,  fee, reg_fee, checkup_fee, service_fee, other_fee, available_number_str,  admit_address_string, admit_time_range, note, time_range_flag, schedule_status,  available_total_num, available_left_num ) VALUES ( 'SCH_DOC_DEPT016_2_20260322_1', '2026-03-22', '7', '1', '上午', '08:00', '12:00', 'DEPT016', '泌尿外科', 'ROOM_DEPT016_5', '泌尿外科门诊5诊室', 'DOC_DEPT016_2', '林伟', '01', '主任医师', '精索静脉曲张微创', '1', '专家门诊', 'SRV_001', '主任医师挂号费', '15.00', '15.00', '0.00', '0.00', '0.00', '1,2,3,7,9,10,12,13,15,16,18,19,20,21,23,25,26,27,28,30', '主楼1层泌尿外科候诊区', '08:00-12:00', '请提前15分钟候诊', '0', '1', '30', '29' );
INSERT INTO doctor_schedule ( m_code, service_date, week_day, session_code, session_name, start_time, end_time,  department_code, department_name, clinic_room_code, clinic_room_name,  doctor_code, doctor_name, doctor_title_code, doctor_title, doctor_spec,  doctor_sess_type_code, doctor_sess_type, service_code, service_name,  fee, reg_fee, checkup_fee, service_fee, other_fee, available_number_str,  admit_address_string, admit_time_range, note, time_range_flag, schedule_status,  available_total_num, available_left_num ) VALUES ( 'SCH_DOC_DEPT016_2_20260322_2', '2026-03-22', '7', '2', '下午', '13:30', '17:30', 'DEPT016', '泌尿外科', 'ROOM_DEPT016_4', '泌尿外科门诊3诊室', 'DOC_DEPT016_2', '林伟', '01', '主任医师', '精索静脉曲张微创', '1', '专家门诊', 'SRV_001', '主任医师挂号费', '15.00', '15.00', '0.00', '0.00', '0.00', '2,4,5,6,8,9,10,11,13,15,16,17,19,20,21,23,24,25,27,29', '主楼1层泌尿外科候诊区', '13:30-17:30', '请提前15分钟候诊', '0', '1', '29', '28' );
INSERT INTO doctor_schedule ( m_code, service_date, week_day, session_code, session_name, start_time, end_time,  department_code, department_name, clinic_room_code, clinic_room_name,  doctor_code, doctor_name, doctor_title_code, doctor_title, doctor_spec,  doctor_sess_type_code, doctor_sess_type, service_code, service_name,  fee, reg_fee, checkup_fee, service_fee, other_fee, available_number_str,  admit_address_string, admit_time_range, note, time_range_flag, schedule_status,  available_total_num, available_left_num ) VALUES ( 'SCH_DOC_DEPT016_2_20260323_2', '2026-03-23', '1', '2', '下午', '13:30', '17:30', 'DEPT016', '泌尿外科', 'ROOM_DEPT016_4', '泌尿外科门诊2诊室', 'DOC_DEPT016_2', '林伟', '01', '主任医师', '精索静脉曲张微创', '1', '专家门诊', 'SRV_001', '主任医师挂号费', '20.00', '20.00', '0.00', '0.00', '0.00', '1,3,5,7,8,9,11,12,13,16,17,19,20,21,22,23,26,28,29,31', '主楼5层泌尿外科候诊区', '13:30-17:30', '请提前15分钟候诊', '0', '1', '32', '13' );
INSERT INTO doctor_schedule ( m_code, service_date, week_day, session_code, session_name, start_time, end_time,  department_code, department_name, clinic_room_code, clinic_room_name,  doctor_code, doctor_name, doctor_title_code, doctor_title, doctor_spec,  doctor_sess_type_code, doctor_sess_type, service_code, service_name,  fee, reg_fee, checkup_fee, service_fee, other_fee, available_number_str,  admit_address_string, admit_time_range, note, time_range_flag, schedule_status,  available_total_num, available_left_num ) VALUES ( 'SCH_DOC_DEPT016_2_20260323_1', '2026-03-23', '1', '1', '上午', '08:00', '12:00', 'DEPT016', '泌尿外科', 'ROOM_DEPT016_5', '泌尿外科门诊1诊室', 'DOC_DEPT016_2', '林伟', '01', '主任医师', '精索静脉曲张微创', '1', '专家门诊', 'SRV_001', '主任医师挂号费', '20.00', '20.00', '0.00', '0.00', '0.00', '2,3,4,5,6,8,10,11,13,14,15,16,17,18,19,20,21,22,25,26,27', '主楼5层泌尿外科候诊区', '08:00-12:00', '请提前15分钟候诊', '0', '1', '28', '9' );
INSERT INTO doctor_schedule ( m_code, service_date, week_day, session_code, session_name, start_time, end_time,  department_code, department_name, clinic_room_code, clinic_room_name,  doctor_code, doctor_name, doctor_title_code, doctor_title, doctor_spec,  doctor_sess_type_code, doctor_sess_type, service_code, service_name,  fee, reg_fee, checkup_fee, service_fee, other_fee, available_number_str,  admit_address_string, admit_time_range, note, time_range_flag, schedule_status,  available_total_num, available_left_num ) VALUES ( 'SCH_DOC_DEPT016_2_20260324_2', '2026-03-24', '2', '2', '下午', '13:30', '17:30', 'DEPT016', '泌尿外科', 'ROOM_DEPT016_3', '泌尿外科门诊2诊室', 'DOC_DEPT016_2', '林伟', '01', '主任医师', '精索静脉曲张微创', '1', '专家门诊', 'SRV_001', '主任医师挂号费', '50.00', '50.00', '0.00', '0.00', '0.00', '1,2,5,6,7,8,10,11,12,13,14,15,16,17,19,20,22,23,26,31,32,35,36,37,38,39,40', '主楼3层泌尿外科候诊区', '13:30-17:30', '请提前15分钟候诊', '0', '1', '40', '9' );
INSERT INTO doctor_schedule ( m_code, service_date, week_day, session_code, session_name, start_time, end_time,  department_code, department_name, clinic_room_code, clinic_room_name,  doctor_code, doctor_name, doctor_title_code, doctor_title, doctor_spec,  doctor_sess_type_code, doctor_sess_type, service_code, service_name,  fee, reg_fee, checkup_fee, service_fee, other_fee, available_number_str,  admit_address_string, admit_time_range, note, time_range_flag, schedule_status,  available_total_num, available_left_num ) VALUES ( 'SCH_DOC_DEPT016_2_20260325_1', '2026-03-25', '3', '1', '上午', '08:00', '12:00', 'DEPT016', '泌尿外科', 'ROOM_DEPT016_2', '泌尿外科门诊1诊室', 'DOC_DEPT016_2', '林伟', '01', '主任医师', '精索静脉曲张微创', '1', '专家门诊', 'SRV_001', '主任医师挂号费', '20.00', '20.00', '0.00', '0.00', '0.00', '1,2,4,5,10,13,14,18,21,22,23,24,27,29,30,31,32,35,37,38', '主楼4层泌尿外科候诊区', '08:00-12:00', '请提前15分钟候诊', '0', '1', '39', '32' );
INSERT INTO doctor_schedule ( m_code, service_date, week_day, session_code, session_name, start_time, end_time,  department_code, department_name, clinic_room_code, clinic_room_name,  doctor_code, doctor_name, doctor_title_code, doctor_title, doctor_spec,  doctor_sess_type_code, doctor_sess_type, service_code, service_name,  fee, reg_fee, checkup_fee, service_fee, other_fee, available_number_str,  admit_address_string, admit_time_range, note, time_range_flag, schedule_status,  available_total_num, available_left_num ) VALUES ( 'SCH_DOC_DEPT016_2_20260326_1', '2026-03-26', '4', '1', '上午', '08:00', '12:00', 'DEPT016', '泌尿外科', 'ROOM_DEPT016_5', '泌尿外科门诊4诊室', 'DOC_DEPT016_2', '林伟', '01', '主任医师', '精索静脉曲张微创', '1', '专家门诊', 'SRV_001', '主任医师挂号费', '15.00', '15.00', '0.00', '0.00', '0.00', '2,5,7,9,12,13,14,16,17,18,19,21,22,23,25,26,28,30,31,32', '主楼3层泌尿外科候诊区', '08:00-12:00', '请提前15分钟候诊', '0', '1', '32', '22' );
INSERT INTO doctor_schedule ( m_code, service_date, week_day, session_code, session_name, start_time, end_time,  department_code, department_name, clinic_room_code, clinic_room_name,  doctor_code, doctor_name, doctor_title_code, doctor_title, doctor_spec,  doctor_sess_type_code, doctor_sess_type, service_code, service_name,  fee, reg_fee, checkup_fee, service_fee, other_fee, available_number_str,  admit_address_string, admit_time_range, note, time_range_flag, schedule_status,  available_total_num, available_left_num ) VALUES ( 'SCH_DOC_DEPT016_2_20260326_2', '2026-03-26', '4', '2', '下午', '13:30', '17:30', 'DEPT016', '泌尿外科', 'ROOM_DEPT016_1', '泌尿外科门诊5诊室', 'DOC_DEPT016_2', '林伟', '01', '主任医师', '精索静脉曲张微创', '1', '专家门诊', 'SRV_001', '主任医师挂号费', '50.00', '50.00', '0.00', '0.00', '0.00', '1,2,3,5,6,7,8,10,11,12,13,14,15,16,19,20,21,22,23,24,25,26,27,28,29,30', '主楼4层泌尿外科候诊区', '13:30-17:30', '请提前15分钟候诊', '0', '1', '30', '24' );
INSERT INTO doctor_schedule ( m_code, service_date, week_day, session_code, session_name, start_time, end_time,  department_code, department_name, clinic_room_code, clinic_room_name,  doctor_code, doctor_name, doctor_title_code, doctor_title, doctor_spec,  doctor_sess_type_code, doctor_sess_type, service_code, service_name,  fee, reg_fee, checkup_fee, service_fee, other_fee, available_number_str,  admit_address_string, admit_time_range, note, time_range_flag, schedule_status,  available_total_num, available_left_num ) VALUES ( 'SCH_DOC_DEPT016_2_20260327_1', '2026-03-27', '5', '1', '上午', '08:00', '12:00', 'DEPT016', '泌尿外科', 'ROOM_DEPT016_1', '泌尿外科门诊1诊室', 'DOC_DEPT016_2', '林伟', '01', '主任医师', '精索静脉曲张微创', '1', '专家门诊', 'SRV_001', '主任医师挂号费', '15.00', '15.00', '0.00', '0.00', '0.00', '3,4,7,8,9,10,11,12,13,14,15,17,19,21', '主楼6层泌尿外科候诊区', '08:00-12:00', '请提前15分钟候诊', '0', '1', '22', '10' );
INSERT INTO doctor_schedule ( m_code, service_date, week_day, session_code, session_name, start_time, end_time,  department_code, department_name, clinic_room_code, clinic_room_name,  doctor_code, doctor_name, doctor_title_code, doctor_title, doctor_spec,  doctor_sess_type_code, doctor_sess_type, service_code, service_name,  fee, reg_fee, checkup_fee, service_fee, other_fee, available_number_str,  admit_address_string, admit_time_range, note, time_range_flag, schedule_status,  available_total_num, available_left_num ) VALUES ( 'SCH_DOC_DEPT016_2_20260327_2', '2026-03-27', '5', '2', '下午', '13:30', '17:30', 'DEPT016', '泌尿外科', 'ROOM_DEPT016_1', '泌尿外科门诊2诊室', 'DOC_DEPT016_2', '林伟', '01', '主任医师', '精索静脉曲张微创', '1', '专家门诊', 'SRV_001', '主任医师挂号费', '20.00', '20.00', '0.00', '0.00', '0.00', '2,4,5,6,7,8,10,11,12,13,14,15,16,19,21,22,23,24,25,26,27,28', '主楼3层泌尿外科候诊区', '13:30-17:30', '请提前15分钟候诊', '0', '1', '28', '14' );
INSERT INTO doctor_schedule ( m_code, service_date, week_day, session_code, session_name, start_time, end_time,  department_code, department_name, clinic_room_code, clinic_room_name,  doctor_code, doctor_name, doctor_title_code, doctor_title, doctor_spec,  doctor_sess_type_code, doctor_sess_type, service_code, service_name,  fee, reg_fee, checkup_fee, service_fee, other_fee, available_number_str,  admit_address_string, admit_time_range, note, time_range_flag, schedule_status,  available_total_num, available_left_num ) VALUES ( 'SCH_DOC_DEPT016_2_20260328_1', '2026-03-28', '6', '1', '上午', '08:00', '12:00', 'DEPT016', '泌尿外科', 'ROOM_DEPT016_4', '泌尿外科门诊1诊室', 'DOC_DEPT016_2', '林伟', '01', '主任医师', '精索静脉曲张微创', '1', '专家门诊', 'SRV_001', '主任医师挂号费', '50.00', '50.00', '0.00', '0.00', '0.00', '2,3,4,5,6,7,8,9,10,11,12,13,16,17,19,20,21,22,23,25,26,29,30,33,34,35,36,37,38,39', '主楼4层泌尿外科候诊区', '08:00-12:00', '请提前15分钟候诊', '0', '1', '39', '34' );
INSERT INTO doctor_schedule ( m_code, service_date, week_day, session_code, session_name, start_time, end_time,  department_code, department_name, clinic_room_code, clinic_room_name,  doctor_code, doctor_name, doctor_title_code, doctor_title, doctor_spec,  doctor_sess_type_code, doctor_sess_type, service_code, service_name,  fee, reg_fee, checkup_fee, service_fee, other_fee, available_number_str,  admit_address_string, admit_time_range, note, time_range_flag, schedule_status,  available_total_num, available_left_num ) VALUES ( 'SCH_DOC_DEPT016_2_20260329_1', '2026-03-29', '7', '1', '上午', '08:00', '12:00', 'DEPT016', '泌尿外科', 'ROOM_DEPT016_5', '泌尿外科门诊2诊室', 'DOC_DEPT016_2', '林伟', '01', '主任医师', '精索静脉曲张微创', '1', '专家门诊', 'SRV_001', '主任医师挂号费', '50.00', '50.00', '0.00', '0.00', '0.00', '1,2,5,7,8,11,12,14,15,16,17,18,19,20,21,22,23,24,25,26,27,28', '主楼4层泌尿外科候诊区', '08:00-12:00', '请提前15分钟候诊', '0', '1', '28', '18' );
INSERT INTO doctor (doctor_code, doctor_name, department_code, title, specialty, doctor_des, doctor_image) VALUES ('DOC_DEPT016_3', '吴洋', 'DEPT016', '副主任医师', '前列腺切除术', '吴洋副主任医师，从事泌尿外科临床工作19年，具备深厚的临床背景。她专注于前列腺切除术的诊疗，已成功治愈数千例相关患者。', 'doc_DOC_DEPT016_3.png');
INSERT INTO doctor_schedule ( m_code, service_date, week_day, session_code, session_name, start_time, end_time,  department_code, department_name, clinic_room_code, clinic_room_name,  doctor_code, doctor_name, doctor_title_code, doctor_title, doctor_spec,  doctor_sess_type_code, doctor_sess_type, service_code, service_name,  fee, reg_fee, checkup_fee, service_fee, other_fee, available_number_str,  admit_address_string, admit_time_range, note, time_range_flag, schedule_status,  available_total_num, available_left_num ) VALUES ( 'SCH_DOC_DEPT016_3_20260316_2', '2026-03-16', '1', '2', '下午', '13:30', '17:30', 'DEPT016', '泌尿外科', 'ROOM_DEPT016_5', '泌尿外科门诊3诊室', 'DOC_DEPT016_3', '吴洋', '02', '副主任医师', '前列腺切除术', '1', '专家门诊', 'SRV_001', '副主任医师挂号费', '50.00', '50.00', '0.00', '0.00', '0.00', '1,2,3,4,5,6,10,11,12,13,15,17,19,23,25,27', '主楼4层泌尿外科候诊区', '13:30-17:30', '请提前15分钟候诊', '0', '1', '27', '21' );
INSERT INTO doctor_schedule ( m_code, service_date, week_day, session_code, session_name, start_time, end_time,  department_code, department_name, clinic_room_code, clinic_room_name,  doctor_code, doctor_name, doctor_title_code, doctor_title, doctor_spec,  doctor_sess_type_code, doctor_sess_type, service_code, service_name,  fee, reg_fee, checkup_fee, service_fee, other_fee, available_number_str,  admit_address_string, admit_time_range, note, time_range_flag, schedule_status,  available_total_num, available_left_num ) VALUES ( 'SCH_DOC_DEPT016_3_20260316_1', '2026-03-16', '1', '1', '上午', '08:00', '12:00', 'DEPT016', '泌尿外科', 'ROOM_DEPT016_1', '泌尿外科门诊1诊室', 'DOC_DEPT016_3', '吴洋', '02', '副主任医师', '前列腺切除术', '1', '专家门诊', 'SRV_001', '副主任医师挂号费', '20.00', '20.00', '0.00', '0.00', '0.00', '1,2,3,4,5,7,8,9,10,11,14,15,18,19', '主楼2层泌尿外科候诊区', '08:00-12:00', '请提前15分钟候诊', '0', '1', '19', '14' );
INSERT INTO doctor_schedule ( m_code, service_date, week_day, session_code, session_name, start_time, end_time,  department_code, department_name, clinic_room_code, clinic_room_name,  doctor_code, doctor_name, doctor_title_code, doctor_title, doctor_spec,  doctor_sess_type_code, doctor_sess_type, service_code, service_name,  fee, reg_fee, checkup_fee, service_fee, other_fee, available_number_str,  admit_address_string, admit_time_range, note, time_range_flag, schedule_status,  available_total_num, available_left_num ) VALUES ( 'SCH_DOC_DEPT016_3_20260317_2', '2026-03-17', '2', '2', '下午', '13:30', '17:30', 'DEPT016', '泌尿外科', 'ROOM_DEPT016_5', '泌尿外科门诊2诊室', 'DOC_DEPT016_3', '吴洋', '02', '副主任医师', '前列腺切除术', '1', '专家门诊', 'SRV_001', '副主任医师挂号费', '15.00', '15.00', '0.00', '0.00', '0.00', '1,2,3,5,6,7,8,9,10,11,12,13,16,18,19,23,24,26,27,28,30', '主楼6层泌尿外科候诊区', '13:30-17:30', '请提前15分钟候诊', '0', '1', '32', '15' );
INSERT INTO doctor_schedule ( m_code, service_date, week_day, session_code, session_name, start_time, end_time,  department_code, department_name, clinic_room_code, clinic_room_name,  doctor_code, doctor_name, doctor_title_code, doctor_title, doctor_spec,  doctor_sess_type_code, doctor_sess_type, service_code, service_name,  fee, reg_fee, checkup_fee, service_fee, other_fee, available_number_str,  admit_address_string, admit_time_range, note, time_range_flag, schedule_status,  available_total_num, available_left_num ) VALUES ( 'SCH_DOC_DEPT016_3_20260317_1', '2026-03-17', '2', '1', '上午', '08:00', '12:00', 'DEPT016', '泌尿外科', 'ROOM_DEPT016_4', '泌尿外科门诊1诊室', 'DOC_DEPT016_3', '吴洋', '02', '副主任医师', '前列腺切除术', '1', '专家门诊', 'SRV_001', '副主任医师挂号费', '50.00', '50.00', '0.00', '0.00', '0.00', '2,3,4,5,9,10,11,12,14,15,17,19,20,21,22', '主楼6层泌尿外科候诊区', '08:00-12:00', '请提前15分钟候诊', '0', '1', '23', '10' );
INSERT INTO doctor_schedule ( m_code, service_date, week_day, session_code, session_name, start_time, end_time,  department_code, department_name, clinic_room_code, clinic_room_name,  doctor_code, doctor_name, doctor_title_code, doctor_title, doctor_spec,  doctor_sess_type_code, doctor_sess_type, service_code, service_name,  fee, reg_fee, checkup_fee, service_fee, other_fee, available_number_str,  admit_address_string, admit_time_range, note, time_range_flag, schedule_status,  available_total_num, available_left_num ) VALUES ( 'SCH_DOC_DEPT016_3_20260319_2', '2026-03-19', '4', '2', '下午', '13:30', '17:30', 'DEPT016', '泌尿外科', 'ROOM_DEPT016_2', '泌尿外科门诊2诊室', 'DOC_DEPT016_3', '吴洋', '02', '副主任医师', '前列腺切除术', '1', '专家门诊', 'SRV_001', '副主任医师挂号费', '15.00', '15.00', '0.00', '0.00', '0.00', '3,4,5,6,7,10,11,12,15,16,17,18,19,20,22,23,24,25,26,27,32,35,36,37', '主楼1层泌尿外科候诊区', '13:30-17:30', '请提前15分钟候诊', '0', '1', '37', '19' );
INSERT INTO doctor_schedule ( m_code, service_date, week_day, session_code, session_name, start_time, end_time,  department_code, department_name, clinic_room_code, clinic_room_name,  doctor_code, doctor_name, doctor_title_code, doctor_title, doctor_spec,  doctor_sess_type_code, doctor_sess_type, service_code, service_name,  fee, reg_fee, checkup_fee, service_fee, other_fee, available_number_str,  admit_address_string, admit_time_range, note, time_range_flag, schedule_status,  available_total_num, available_left_num ) VALUES ( 'SCH_DOC_DEPT016_3_20260319_1', '2026-03-19', '4', '1', '上午', '08:00', '12:00', 'DEPT016', '泌尿外科', 'ROOM_DEPT016_3', '泌尿外科门诊4诊室', 'DOC_DEPT016_3', '吴洋', '02', '副主任医师', '前列腺切除术', '1', '专家门诊', 'SRV_001', '副主任医师挂号费', '50.00', '50.00', '0.00', '0.00', '0.00', '2,3,5,7,10,13,14,16,18,19,21,22,25,26,29,31,32,34,35,36,37', '主楼1层泌尿外科候诊区', '08:00-12:00', '请提前15分钟候诊', '0', '1', '37', '24' );
INSERT INTO doctor_schedule ( m_code, service_date, week_day, session_code, session_name, start_time, end_time,  department_code, department_name, clinic_room_code, clinic_room_name,  doctor_code, doctor_name, doctor_title_code, doctor_title, doctor_spec,  doctor_sess_type_code, doctor_sess_type, service_code, service_name,  fee, reg_fee, checkup_fee, service_fee, other_fee, available_number_str,  admit_address_string, admit_time_range, note, time_range_flag, schedule_status,  available_total_num, available_left_num ) VALUES ( 'SCH_DOC_DEPT016_3_20260321_1', '2026-03-21', '6', '1', '上午', '08:00', '12:00', 'DEPT016', '泌尿外科', 'ROOM_DEPT016_4', '泌尿外科门诊4诊室', 'DOC_DEPT016_3', '吴洋', '02', '副主任医师', '前列腺切除术', '1', '专家门诊', 'SRV_001', '副主任医师挂号费', '20.00', '20.00', '0.00', '0.00', '0.00', '1,2,3,5,6,7,10,11,13,15,16,18,19', '主楼3层泌尿外科候诊区', '08:00-12:00', '请提前15分钟候诊', '0', '1', '19', '19' );
INSERT INTO doctor_schedule ( m_code, service_date, week_day, session_code, session_name, start_time, end_time,  department_code, department_name, clinic_room_code, clinic_room_name,  doctor_code, doctor_name, doctor_title_code, doctor_title, doctor_spec,  doctor_sess_type_code, doctor_sess_type, service_code, service_name,  fee, reg_fee, checkup_fee, service_fee, other_fee, available_number_str,  admit_address_string, admit_time_range, note, time_range_flag, schedule_status,  available_total_num, available_left_num ) VALUES ( 'SCH_DOC_DEPT016_3_20260321_2', '2026-03-21', '6', '2', '下午', '13:30', '17:30', 'DEPT016', '泌尿外科', 'ROOM_DEPT016_3', '泌尿外科门诊2诊室', 'DOC_DEPT016_3', '吴洋', '02', '副主任医师', '前列腺切除术', '1', '专家门诊', 'SRV_001', '副主任医师挂号费', '20.00', '20.00', '0.00', '0.00', '0.00', '1,2,3,5,6,7,8,9,10,11,12,15,17,19,20,21,22,23,24,26,27,28,29', '主楼3层泌尿外科候诊区', '13:30-17:30', '请提前15分钟候诊', '0', '1', '29', '23' );
INSERT INTO doctor_schedule ( m_code, service_date, week_day, session_code, session_name, start_time, end_time,  department_code, department_name, clinic_room_code, clinic_room_name,  doctor_code, doctor_name, doctor_title_code, doctor_title, doctor_spec,  doctor_sess_type_code, doctor_sess_type, service_code, service_name,  fee, reg_fee, checkup_fee, service_fee, other_fee, available_number_str,  admit_address_string, admit_time_range, note, time_range_flag, schedule_status,  available_total_num, available_left_num ) VALUES ( 'SCH_DOC_DEPT016_3_20260322_2', '2026-03-22', '7', '2', '下午', '13:30', '17:30', 'DEPT016', '泌尿外科', 'ROOM_DEPT016_1', '泌尿外科门诊2诊室', 'DOC_DEPT016_3', '吴洋', '02', '副主任医师', '前列腺切除术', '1', '专家门诊', 'SRV_001', '副主任医师挂号费', '50.00', '50.00', '0.00', '0.00', '0.00', '2,3,4,5,7,9,10,11,13,14,15,16,17,18,21,22,23,25,26,27,28,31,32,33,34,35,36,37,38', '主楼6层泌尿外科候诊区', '13:30-17:30', '请提前15分钟候诊', '0', '1', '38', '30' );
INSERT INTO doctor_schedule ( m_code, service_date, week_day, session_code, session_name, start_time, end_time,  department_code, department_name, clinic_room_code, clinic_room_name,  doctor_code, doctor_name, doctor_title_code, doctor_title, doctor_spec,  doctor_sess_type_code, doctor_sess_type, service_code, service_name,  fee, reg_fee, checkup_fee, service_fee, other_fee, available_number_str,  admit_address_string, admit_time_range, note, time_range_flag, schedule_status,  available_total_num, available_left_num ) VALUES ( 'SCH_DOC_DEPT016_3_20260322_1', '2026-03-22', '7', '1', '上午', '08:00', '12:00', 'DEPT016', '泌尿外科', 'ROOM_DEPT016_2', '泌尿外科门诊5诊室', 'DOC_DEPT016_3', '吴洋', '02', '副主任医师', '前列腺切除术', '1', '专家门诊', 'SRV_001', '副主任医师挂号费', '20.00', '20.00', '0.00', '0.00', '0.00', '1,2,3,4,5,6,7,10,11,14,16,17,18,19,20,21,24,25,27,28,30,31,34,35', '主楼6层泌尿外科候诊区', '08:00-12:00', '请提前15分钟候诊', '0', '1', '36', '22' );
INSERT INTO doctor_schedule ( m_code, service_date, week_day, session_code, session_name, start_time, end_time,  department_code, department_name, clinic_room_code, clinic_room_name,  doctor_code, doctor_name, doctor_title_code, doctor_title, doctor_spec,  doctor_sess_type_code, doctor_sess_type, service_code, service_name,  fee, reg_fee, checkup_fee, service_fee, other_fee, available_number_str,  admit_address_string, admit_time_range, note, time_range_flag, schedule_status,  available_total_num, available_left_num ) VALUES ( 'SCH_DOC_DEPT016_3_20260323_1', '2026-03-23', '1', '1', '上午', '08:00', '12:00', 'DEPT016', '泌尿外科', 'ROOM_DEPT016_4', '泌尿外科门诊5诊室', 'DOC_DEPT016_3', '吴洋', '02', '副主任医师', '前列腺切除术', '1', '专家门诊', 'SRV_001', '副主任医师挂号费', '50.00', '50.00', '0.00', '0.00', '0.00', '1,2,3,4,5,6,7,8,10,11,14,17', '主楼4层泌尿外科候诊区', '08:00-12:00', '请提前15分钟候诊', '0', '1', '17', '7' );
INSERT INTO doctor_schedule ( m_code, service_date, week_day, session_code, session_name, start_time, end_time,  department_code, department_name, clinic_room_code, clinic_room_name,  doctor_code, doctor_name, doctor_title_code, doctor_title, doctor_spec,  doctor_sess_type_code, doctor_sess_type, service_code, service_name,  fee, reg_fee, checkup_fee, service_fee, other_fee, available_number_str,  admit_address_string, admit_time_range, note, time_range_flag, schedule_status,  available_total_num, available_left_num ) VALUES ( 'SCH_DOC_DEPT016_3_20260323_2', '2026-03-23', '1', '2', '下午', '13:30', '17:30', 'DEPT016', '泌尿外科', 'ROOM_DEPT016_5', '泌尿外科门诊4诊室', 'DOC_DEPT016_3', '吴洋', '02', '副主任医师', '前列腺切除术', '1', '专家门诊', 'SRV_001', '副主任医师挂号费', '20.00', '20.00', '0.00', '0.00', '0.00', '3,4,5,6,9,11,12,13,15,16,17,18,19,21,22,23', '主楼1层泌尿外科候诊区', '13:30-17:30', '请提前15分钟候诊', '0', '1', '24', '9' );
INSERT INTO doctor_schedule ( m_code, service_date, week_day, session_code, session_name, start_time, end_time,  department_code, department_name, clinic_room_code, clinic_room_name,  doctor_code, doctor_name, doctor_title_code, doctor_title, doctor_spec,  doctor_sess_type_code, doctor_sess_type, service_code, service_name,  fee, reg_fee, checkup_fee, service_fee, other_fee, available_number_str,  admit_address_string, admit_time_range, note, time_range_flag, schedule_status,  available_total_num, available_left_num ) VALUES ( 'SCH_DOC_DEPT016_3_20260324_1', '2026-03-24', '2', '1', '上午', '08:00', '12:00', 'DEPT016', '泌尿外科', 'ROOM_DEPT016_4', '泌尿外科门诊2诊室', 'DOC_DEPT016_3', '吴洋', '02', '副主任医师', '前列腺切除术', '1', '专家门诊', 'SRV_001', '副主任医师挂号费', '20.00', '20.00', '0.00', '0.00', '0.00', '1,2,3,4,6,7,8,9,10,11,13,14,15,16,17,19,20,21,22,23,24,27,28,31,32,33,34,36,37,38,39,40', '主楼6层泌尿外科候诊区', '08:00-12:00', '请提前15分钟候诊', '0', '1', '40', '18' );
INSERT INTO doctor_schedule ( m_code, service_date, week_day, session_code, session_name, start_time, end_time,  department_code, department_name, clinic_room_code, clinic_room_name,  doctor_code, doctor_name, doctor_title_code, doctor_title, doctor_spec,  doctor_sess_type_code, doctor_sess_type, service_code, service_name,  fee, reg_fee, checkup_fee, service_fee, other_fee, available_number_str,  admit_address_string, admit_time_range, note, time_range_flag, schedule_status,  available_total_num, available_left_num ) VALUES ( 'SCH_DOC_DEPT016_3_20260324_2', '2026-03-24', '2', '2', '下午', '13:30', '17:30', 'DEPT016', '泌尿外科', 'ROOM_DEPT016_5', '泌尿外科门诊1诊室', 'DOC_DEPT016_3', '吴洋', '02', '副主任医师', '前列腺切除术', '1', '专家门诊', 'SRV_001', '副主任医师挂号费', '15.00', '15.00', '0.00', '0.00', '0.00', '1,2,3,5,6,9,10,11,12,13,14,17,18,19,20,22', '主楼4层泌尿外科候诊区', '13:30-17:30', '请提前15分钟候诊', '0', '1', '22', '6' );
INSERT INTO doctor_schedule ( m_code, service_date, week_day, session_code, session_name, start_time, end_time,  department_code, department_name, clinic_room_code, clinic_room_name,  doctor_code, doctor_name, doctor_title_code, doctor_title, doctor_spec,  doctor_sess_type_code, doctor_sess_type, service_code, service_name,  fee, reg_fee, checkup_fee, service_fee, other_fee, available_number_str,  admit_address_string, admit_time_range, note, time_range_flag, schedule_status,  available_total_num, available_left_num ) VALUES ( 'SCH_DOC_DEPT016_3_20260325_1', '2026-03-25', '3', '1', '上午', '08:00', '12:00', 'DEPT016', '泌尿外科', 'ROOM_DEPT016_4', '泌尿外科门诊5诊室', 'DOC_DEPT016_3', '吴洋', '02', '副主任医师', '前列腺切除术', '1', '专家门诊', 'SRV_001', '副主任医师挂号费', '20.00', '20.00', '0.00', '0.00', '0.00', '1,2,3,4,5,6,7,8,9,10,11,12,13,14,15,17,18,19,20,21,22,23,24,25', '主楼2层泌尿外科候诊区', '08:00-12:00', '请提前15分钟候诊', '0', '1', '25', '8' );
INSERT INTO doctor_schedule ( m_code, service_date, week_day, session_code, session_name, start_time, end_time,  department_code, department_name, clinic_room_code, clinic_room_name,  doctor_code, doctor_name, doctor_title_code, doctor_title, doctor_spec,  doctor_sess_type_code, doctor_sess_type, service_code, service_name,  fee, reg_fee, checkup_fee, service_fee, other_fee, available_number_str,  admit_address_string, admit_time_range, note, time_range_flag, schedule_status,  available_total_num, available_left_num ) VALUES ( 'SCH_DOC_DEPT016_3_20260325_2', '2026-03-25', '3', '2', '下午', '13:30', '17:30', 'DEPT016', '泌尿外科', 'ROOM_DEPT016_5', '泌尿外科门诊4诊室', 'DOC_DEPT016_3', '吴洋', '02', '副主任医师', '前列腺切除术', '1', '专家门诊', 'SRV_001', '副主任医师挂号费', '50.00', '50.00', '0.00', '0.00', '0.00', '2,5,7,8,9,10,11,12,14,15', '主楼2层泌尿外科候诊区', '13:30-17:30', '请提前15分钟候诊', '0', '1', '15', '13' );
INSERT INTO doctor_schedule ( m_code, service_date, week_day, session_code, session_name, start_time, end_time,  department_code, department_name, clinic_room_code, clinic_room_name,  doctor_code, doctor_name, doctor_title_code, doctor_title, doctor_spec,  doctor_sess_type_code, doctor_sess_type, service_code, service_name,  fee, reg_fee, checkup_fee, service_fee, other_fee, available_number_str,  admit_address_string, admit_time_range, note, time_range_flag, schedule_status,  available_total_num, available_left_num ) VALUES ( 'SCH_DOC_DEPT016_3_20260326_1', '2026-03-26', '4', '1', '上午', '08:00', '12:00', 'DEPT016', '泌尿外科', 'ROOM_DEPT016_5', '泌尿外科门诊5诊室', 'DOC_DEPT016_3', '吴洋', '02', '副主任医师', '前列腺切除术', '1', '专家门诊', 'SRV_001', '副主任医师挂号费', '15.00', '15.00', '0.00', '0.00', '0.00', '1,2,3,4,5,6,7,8,9,11,12,14,15,16,17,18,19,21,22,23,25,27,28,30,32,33', '主楼2层泌尿外科候诊区', '08:00-12:00', '请提前15分钟候诊', '0', '1', '33', '23' );
INSERT INTO doctor_schedule ( m_code, service_date, week_day, session_code, session_name, start_time, end_time,  department_code, department_name, clinic_room_code, clinic_room_name,  doctor_code, doctor_name, doctor_title_code, doctor_title, doctor_spec,  doctor_sess_type_code, doctor_sess_type, service_code, service_name,  fee, reg_fee, checkup_fee, service_fee, other_fee, available_number_str,  admit_address_string, admit_time_range, note, time_range_flag, schedule_status,  available_total_num, available_left_num ) VALUES ( 'SCH_DOC_DEPT016_3_20260326_2', '2026-03-26', '4', '2', '下午', '13:30', '17:30', 'DEPT016', '泌尿外科', 'ROOM_DEPT016_1', '泌尿外科门诊5诊室', 'DOC_DEPT016_3', '吴洋', '02', '副主任医师', '前列腺切除术', '1', '专家门诊', 'SRV_001', '副主任医师挂号费', '50.00', '50.00', '0.00', '0.00', '0.00', '1,2,3,4,5,6,7,8,9,10,11,12,13,14,15', '主楼4层泌尿外科候诊区', '13:30-17:30', '请提前15分钟候诊', '0', '1', '15', '8' );
INSERT INTO doctor_schedule ( m_code, service_date, week_day, session_code, session_name, start_time, end_time,  department_code, department_name, clinic_room_code, clinic_room_name,  doctor_code, doctor_name, doctor_title_code, doctor_title, doctor_spec,  doctor_sess_type_code, doctor_sess_type, service_code, service_name,  fee, reg_fee, checkup_fee, service_fee, other_fee, available_number_str,  admit_address_string, admit_time_range, note, time_range_flag, schedule_status,  available_total_num, available_left_num ) VALUES ( 'SCH_DOC_DEPT016_3_20260327_2', '2026-03-27', '5', '2', '下午', '13:30', '17:30', 'DEPT016', '泌尿外科', 'ROOM_DEPT016_4', '泌尿外科门诊1诊室', 'DOC_DEPT016_3', '吴洋', '02', '副主任医师', '前列腺切除术', '1', '专家门诊', 'SRV_001', '副主任医师挂号费', '15.00', '15.00', '0.00', '0.00', '0.00', '1,2,4,5,7,8,9,11,13,14,15,16,17,18,19,20,22,24,25,27,28,29', '主楼1层泌尿外科候诊区', '13:30-17:30', '请提前15分钟候诊', '0', '1', '29', '10' );
INSERT INTO doctor_schedule ( m_code, service_date, week_day, session_code, session_name, start_time, end_time,  department_code, department_name, clinic_room_code, clinic_room_name,  doctor_code, doctor_name, doctor_title_code, doctor_title, doctor_spec,  doctor_sess_type_code, doctor_sess_type, service_code, service_name,  fee, reg_fee, checkup_fee, service_fee, other_fee, available_number_str,  admit_address_string, admit_time_range, note, time_range_flag, schedule_status,  available_total_num, available_left_num ) VALUES ( 'SCH_DOC_DEPT016_3_20260327_1', '2026-03-27', '5', '1', '上午', '08:00', '12:00', 'DEPT016', '泌尿外科', 'ROOM_DEPT016_1', '泌尿外科门诊2诊室', 'DOC_DEPT016_3', '吴洋', '02', '副主任医师', '前列腺切除术', '1', '专家门诊', 'SRV_001', '副主任医师挂号费', '50.00', '50.00', '0.00', '0.00', '0.00', '1,4,5,6,7,8,9,10,11,12,13,14,15,16,17,21,22,25,27,28,31,32,33,35,36,38', '主楼3层泌尿外科候诊区', '08:00-12:00', '请提前15分钟候诊', '0', '1', '39', '28' );
INSERT INTO doctor_schedule ( m_code, service_date, week_day, session_code, session_name, start_time, end_time,  department_code, department_name, clinic_room_code, clinic_room_name,  doctor_code, doctor_name, doctor_title_code, doctor_title, doctor_spec,  doctor_sess_type_code, doctor_sess_type, service_code, service_name,  fee, reg_fee, checkup_fee, service_fee, other_fee, available_number_str,  admit_address_string, admit_time_range, note, time_range_flag, schedule_status,  available_total_num, available_left_num ) VALUES ( 'SCH_DOC_DEPT016_3_20260328_2', '2026-03-28', '6', '2', '下午', '13:30', '17:30', 'DEPT016', '泌尿外科', 'ROOM_DEPT016_2', '泌尿外科门诊4诊室', 'DOC_DEPT016_3', '吴洋', '02', '副主任医师', '前列腺切除术', '1', '专家门诊', 'SRV_001', '副主任医师挂号费', '20.00', '20.00', '0.00', '0.00', '0.00', '1,2,7,8,10,11,12,14,15,16,17,19,20,21,23,24,26,27,28,29,30,31,33,36', '主楼1层泌尿外科候诊区', '13:30-17:30', '请提前15分钟候诊', '0', '1', '36', '34' );
INSERT INTO doctor_schedule ( m_code, service_date, week_day, session_code, session_name, start_time, end_time,  department_code, department_name, clinic_room_code, clinic_room_name,  doctor_code, doctor_name, doctor_title_code, doctor_title, doctor_spec,  doctor_sess_type_code, doctor_sess_type, service_code, service_name,  fee, reg_fee, checkup_fee, service_fee, other_fee, available_number_str,  admit_address_string, admit_time_range, note, time_range_flag, schedule_status,  available_total_num, available_left_num ) VALUES ( 'SCH_DOC_DEPT016_3_20260329_1', '2026-03-29', '7', '1', '上午', '08:00', '12:00', 'DEPT016', '泌尿外科', 'ROOM_DEPT016_1', '泌尿外科门诊2诊室', 'DOC_DEPT016_3', '吴洋', '02', '副主任医师', '前列腺切除术', '1', '专家门诊', 'SRV_001', '副主任医师挂号费', '50.00', '50.00', '0.00', '0.00', '0.00', '1,2,3,6,9,10,11,13,15,16,17,18,20,22', '主楼6层泌尿外科候诊区', '08:00-12:00', '请提前15分钟候诊', '0', '1', '22', '12' );
INSERT INTO doctor (doctor_code, doctor_name, department_code, title, specialty, doctor_des, doctor_image) VALUES ('DOC_DEPT016_4', '罗静', 'DEPT016', '主治医师', '泌尿系肿瘤根治', '罗静主治医师，从事泌尿外科临床工作10年，专业严谨。他专注于泌尿系肿瘤根治的诊疗，已成功治愈数千例相关患者。', 'doc_DOC_DEPT016_4.png');
INSERT INTO doctor_schedule ( m_code, service_date, week_day, session_code, session_name, start_time, end_time,  department_code, department_name, clinic_room_code, clinic_room_name,  doctor_code, doctor_name, doctor_title_code, doctor_title, doctor_spec,  doctor_sess_type_code, doctor_sess_type, service_code, service_name,  fee, reg_fee, checkup_fee, service_fee, other_fee, available_number_str,  admit_address_string, admit_time_range, note, time_range_flag, schedule_status,  available_total_num, available_left_num ) VALUES ( 'SCH_DOC_DEPT016_4_20260316_1', '2026-03-16', '1', '1', '上午', '08:00', '12:00', 'DEPT016', '泌尿外科', 'ROOM_DEPT016_4', '泌尿外科门诊2诊室', 'DOC_DEPT016_4', '罗静', '03', '主治医师', '泌尿系肿瘤根治', '1', '专家门诊', 'SRV_001', '主治医师挂号费', '50.00', '50.00', '0.00', '0.00', '0.00', '2,3,4,5,6,7,8,9,10,11,13,14,15,18,21,22,25,26,27,28', '主楼1层泌尿外科候诊区', '08:00-12:00', '请提前15分钟候诊', '0', '1', '28', '19' );
INSERT INTO doctor_schedule ( m_code, service_date, week_day, session_code, session_name, start_time, end_time,  department_code, department_name, clinic_room_code, clinic_room_name,  doctor_code, doctor_name, doctor_title_code, doctor_title, doctor_spec,  doctor_sess_type_code, doctor_sess_type, service_code, service_name,  fee, reg_fee, checkup_fee, service_fee, other_fee, available_number_str,  admit_address_string, admit_time_range, note, time_range_flag, schedule_status,  available_total_num, available_left_num ) VALUES ( 'SCH_DOC_DEPT016_4_20260316_2', '2026-03-16', '1', '2', '下午', '13:30', '17:30', 'DEPT016', '泌尿外科', 'ROOM_DEPT016_5', '泌尿外科门诊4诊室', 'DOC_DEPT016_4', '罗静', '03', '主治医师', '泌尿系肿瘤根治', '1', '专家门诊', 'SRV_001', '主治医师挂号费', '15.00', '15.00', '0.00', '0.00', '0.00', '3,4,7,8,9,10,17,18,19,20,22,24,25,26,27,28,30,31,32', '主楼5层泌尿外科候诊区', '13:30-17:30', '请提前15分钟候诊', '0', '1', '34', '21' );
INSERT INTO doctor_schedule ( m_code, service_date, week_day, session_code, session_name, start_time, end_time,  department_code, department_name, clinic_room_code, clinic_room_name,  doctor_code, doctor_name, doctor_title_code, doctor_title, doctor_spec,  doctor_sess_type_code, doctor_sess_type, service_code, service_name,  fee, reg_fee, checkup_fee, service_fee, other_fee, available_number_str,  admit_address_string, admit_time_range, note, time_range_flag, schedule_status,  available_total_num, available_left_num ) VALUES ( 'SCH_DOC_DEPT016_4_20260318_1', '2026-03-18', '3', '1', '上午', '08:00', '12:00', 'DEPT016', '泌尿外科', 'ROOM_DEPT016_2', '泌尿外科门诊5诊室', 'DOC_DEPT016_4', '罗静', '03', '主治医师', '泌尿系肿瘤根治', '1', '专家门诊', 'SRV_001', '主治医师挂号费', '15.00', '15.00', '0.00', '0.00', '0.00', '1,3,5,6,7,10,13,14,15,16,17,18,20,21,22,23,24', '主楼4层泌尿外科候诊区', '08:00-12:00', '请提前15分钟候诊', '0', '1', '24', '8' );
INSERT INTO doctor_schedule ( m_code, service_date, week_day, session_code, session_name, start_time, end_time,  department_code, department_name, clinic_room_code, clinic_room_name,  doctor_code, doctor_name, doctor_title_code, doctor_title, doctor_spec,  doctor_sess_type_code, doctor_sess_type, service_code, service_name,  fee, reg_fee, checkup_fee, service_fee, other_fee, available_number_str,  admit_address_string, admit_time_range, note, time_range_flag, schedule_status,  available_total_num, available_left_num ) VALUES ( 'SCH_DOC_DEPT016_4_20260320_2', '2026-03-20', '5', '2', '下午', '13:30', '17:30', 'DEPT016', '泌尿外科', 'ROOM_DEPT016_1', '泌尿外科门诊5诊室', 'DOC_DEPT016_4', '罗静', '03', '主治医师', '泌尿系肿瘤根治', '1', '专家门诊', 'SRV_001', '主治医师挂号费', '50.00', '50.00', '0.00', '0.00', '0.00', '2,3,4,5,6,7,9,11,12,13,16,19,21,22', '主楼4层泌尿外科候诊区', '13:30-17:30', '请提前15分钟候诊', '0', '1', '24', '12' );
INSERT INTO doctor_schedule ( m_code, service_date, week_day, session_code, session_name, start_time, end_time,  department_code, department_name, clinic_room_code, clinic_room_name,  doctor_code, doctor_name, doctor_title_code, doctor_title, doctor_spec,  doctor_sess_type_code, doctor_sess_type, service_code, service_name,  fee, reg_fee, checkup_fee, service_fee, other_fee, available_number_str,  admit_address_string, admit_time_range, note, time_range_flag, schedule_status,  available_total_num, available_left_num ) VALUES ( 'SCH_DOC_DEPT016_4_20260320_1', '2026-03-20', '5', '1', '上午', '08:00', '12:00', 'DEPT016', '泌尿外科', 'ROOM_DEPT016_4', '泌尿外科门诊3诊室', 'DOC_DEPT016_4', '罗静', '03', '主治医师', '泌尿系肿瘤根治', '1', '专家门诊', 'SRV_001', '主治医师挂号费', '15.00', '15.00', '0.00', '0.00', '0.00', '1,3,4,5,6,7,8,10,11,12,13,15,16,17,19,20,21,22,24,25,26,27,28,29', '主楼5层泌尿外科候诊区', '08:00-12:00', '请提前15分钟候诊', '0', '1', '30', '24' );
INSERT INTO doctor_schedule ( m_code, service_date, week_day, session_code, session_name, start_time, end_time,  department_code, department_name, clinic_room_code, clinic_room_name,  doctor_code, doctor_name, doctor_title_code, doctor_title, doctor_spec,  doctor_sess_type_code, doctor_sess_type, service_code, service_name,  fee, reg_fee, checkup_fee, service_fee, other_fee, available_number_str,  admit_address_string, admit_time_range, note, time_range_flag, schedule_status,  available_total_num, available_left_num ) VALUES ( 'SCH_DOC_DEPT016_4_20260321_1', '2026-03-21', '6', '1', '上午', '08:00', '12:00', 'DEPT016', '泌尿外科', 'ROOM_DEPT016_4', '泌尿外科门诊4诊室', 'DOC_DEPT016_4', '罗静', '03', '主治医师', '泌尿系肿瘤根治', '1', '专家门诊', 'SRV_001', '主治医师挂号费', '20.00', '20.00', '0.00', '0.00', '0.00', '2,3,4,5,6,7,8,10,11,12,13,14,15', '主楼1层泌尿外科候诊区', '08:00-12:00', '请提前15分钟候诊', '0', '1', '17', '17' );
INSERT INTO doctor_schedule ( m_code, service_date, week_day, session_code, session_name, start_time, end_time,  department_code, department_name, clinic_room_code, clinic_room_name,  doctor_code, doctor_name, doctor_title_code, doctor_title, doctor_spec,  doctor_sess_type_code, doctor_sess_type, service_code, service_name,  fee, reg_fee, checkup_fee, service_fee, other_fee, available_number_str,  admit_address_string, admit_time_range, note, time_range_flag, schedule_status,  available_total_num, available_left_num ) VALUES ( 'SCH_DOC_DEPT016_4_20260322_2', '2026-03-22', '7', '2', '下午', '13:30', '17:30', 'DEPT016', '泌尿外科', 'ROOM_DEPT016_3', '泌尿外科门诊1诊室', 'DOC_DEPT016_4', '罗静', '03', '主治医师', '泌尿系肿瘤根治', '1', '专家门诊', 'SRV_001', '主治医师挂号费', '20.00', '20.00', '0.00', '0.00', '0.00', '2,4,5,6,7,9,12,14,15,17,18,19,20', '主楼6层泌尿外科候诊区', '13:30-17:30', '请提前15分钟候诊', '0', '1', '20', '17' );
INSERT INTO doctor_schedule ( m_code, service_date, week_day, session_code, session_name, start_time, end_time,  department_code, department_name, clinic_room_code, clinic_room_name,  doctor_code, doctor_name, doctor_title_code, doctor_title, doctor_spec,  doctor_sess_type_code, doctor_sess_type, service_code, service_name,  fee, reg_fee, checkup_fee, service_fee, other_fee, available_number_str,  admit_address_string, admit_time_range, note, time_range_flag, schedule_status,  available_total_num, available_left_num ) VALUES ( 'SCH_DOC_DEPT016_4_20260324_2', '2026-03-24', '2', '2', '下午', '13:30', '17:30', 'DEPT016', '泌尿外科', 'ROOM_DEPT016_1', '泌尿外科门诊2诊室', 'DOC_DEPT016_4', '罗静', '03', '主治医师', '泌尿系肿瘤根治', '1', '专家门诊', 'SRV_001', '主治医师挂号费', '15.00', '15.00', '0.00', '0.00', '0.00', '2,3,5,6,8,14,15,16,17,19,20,21,22,23,26,27', '主楼5层泌尿外科候诊区', '13:30-17:30', '请提前15分钟候诊', '0', '1', '28', '27' );
INSERT INTO doctor_schedule ( m_code, service_date, week_day, session_code, session_name, start_time, end_time,  department_code, department_name, clinic_room_code, clinic_room_name,  doctor_code, doctor_name, doctor_title_code, doctor_title, doctor_spec,  doctor_sess_type_code, doctor_sess_type, service_code, service_name,  fee, reg_fee, checkup_fee, service_fee, other_fee, available_number_str,  admit_address_string, admit_time_range, note, time_range_flag, schedule_status,  available_total_num, available_left_num ) VALUES ( 'SCH_DOC_DEPT016_4_20260326_2', '2026-03-26', '4', '2', '下午', '13:30', '17:30', 'DEPT016', '泌尿外科', 'ROOM_DEPT016_4', '泌尿外科门诊1诊室', 'DOC_DEPT016_4', '罗静', '03', '主治医师', '泌尿系肿瘤根治', '1', '专家门诊', 'SRV_001', '主治医师挂号费', '20.00', '20.00', '0.00', '0.00', '0.00', '1,2,3,4,6,8,9,10,14,15,16,17,19,21', '主楼1层泌尿外科候诊区', '13:30-17:30', '请提前15分钟候诊', '0', '1', '22', '13' );
INSERT INTO doctor_schedule ( m_code, service_date, week_day, session_code, session_name, start_time, end_time,  department_code, department_name, clinic_room_code, clinic_room_name,  doctor_code, doctor_name, doctor_title_code, doctor_title, doctor_spec,  doctor_sess_type_code, doctor_sess_type, service_code, service_name,  fee, reg_fee, checkup_fee, service_fee, other_fee, available_number_str,  admit_address_string, admit_time_range, note, time_range_flag, schedule_status,  available_total_num, available_left_num ) VALUES ( 'SCH_DOC_DEPT016_4_20260326_1', '2026-03-26', '4', '1', '上午', '08:00', '12:00', 'DEPT016', '泌尿外科', 'ROOM_DEPT016_4', '泌尿外科门诊2诊室', 'DOC_DEPT016_4', '罗静', '03', '主治医师', '泌尿系肿瘤根治', '1', '专家门诊', 'SRV_001', '主治医师挂号费', '50.00', '50.00', '0.00', '0.00', '0.00', '1,2,3,4,5,8,9,10,11,12,13,14,15,16,17,18,19,20,21,22,23,26,27,29,30,31,32', '主楼1层泌尿外科候诊区', '08:00-12:00', '请提前15分钟候诊', '0', '1', '32', '13' );
INSERT INTO doctor_schedule ( m_code, service_date, week_day, session_code, session_name, start_time, end_time,  department_code, department_name, clinic_room_code, clinic_room_name,  doctor_code, doctor_name, doctor_title_code, doctor_title, doctor_spec,  doctor_sess_type_code, doctor_sess_type, service_code, service_name,  fee, reg_fee, checkup_fee, service_fee, other_fee, available_number_str,  admit_address_string, admit_time_range, note, time_range_flag, schedule_status,  available_total_num, available_left_num ) VALUES ( 'SCH_DOC_DEPT016_4_20260327_1', '2026-03-27', '5', '1', '上午', '08:00', '12:00', 'DEPT016', '泌尿外科', 'ROOM_DEPT016_5', '泌尿外科门诊1诊室', 'DOC_DEPT016_4', '罗静', '03', '主治医师', '泌尿系肿瘤根治', '1', '专家门诊', 'SRV_001', '主治医师挂号费', '15.00', '15.00', '0.00', '0.00', '0.00', '2,3,6,7,8,10,12,14,16,17,18,20', '主楼3层泌尿外科候诊区', '08:00-12:00', '请提前15分钟候诊', '0', '1', '20', '12' );
INSERT INTO doctor_schedule ( m_code, service_date, week_day, session_code, session_name, start_time, end_time,  department_code, department_name, clinic_room_code, clinic_room_name,  doctor_code, doctor_name, doctor_title_code, doctor_title, doctor_spec,  doctor_sess_type_code, doctor_sess_type, service_code, service_name,  fee, reg_fee, checkup_fee, service_fee, other_fee, available_number_str,  admit_address_string, admit_time_range, note, time_range_flag, schedule_status,  available_total_num, available_left_num ) VALUES ( 'SCH_DOC_DEPT016_4_20260327_2', '2026-03-27', '5', '2', '下午', '13:30', '17:30', 'DEPT016', '泌尿外科', 'ROOM_DEPT016_3', '泌尿外科门诊1诊室', 'DOC_DEPT016_4', '罗静', '03', '主治医师', '泌尿系肿瘤根治', '1', '专家门诊', 'SRV_001', '主治医师挂号费', '50.00', '50.00', '0.00', '0.00', '0.00', '3,7,12,13,14,16,17,18,19,22,23,24,26,27,28,31,32,33,34,36,37', '主楼5层泌尿外科候诊区', '13:30-17:30', '请提前15分钟候诊', '0', '1', '37', '36' );
INSERT INTO doctor_schedule ( m_code, service_date, week_day, session_code, session_name, start_time, end_time,  department_code, department_name, clinic_room_code, clinic_room_name,  doctor_code, doctor_name, doctor_title_code, doctor_title, doctor_spec,  doctor_sess_type_code, doctor_sess_type, service_code, service_name,  fee, reg_fee, checkup_fee, service_fee, other_fee, available_number_str,  admit_address_string, admit_time_range, note, time_range_flag, schedule_status,  available_total_num, available_left_num ) VALUES ( 'SCH_DOC_DEPT016_4_20260329_1', '2026-03-29', '7', '1', '上午', '08:00', '12:00', 'DEPT016', '泌尿外科', 'ROOM_DEPT016_1', '泌尿外科门诊3诊室', 'DOC_DEPT016_4', '罗静', '03', '主治医师', '泌尿系肿瘤根治', '1', '专家门诊', 'SRV_001', '主治医师挂号费', '15.00', '15.00', '0.00', '0.00', '0.00', '1,3,4,5,6,8,10,11,12,16,17,22,23,26,27,28,30,31', '主楼3层泌尿外科候诊区', '08:00-12:00', '请提前15分钟候诊', '0', '1', '32', '14' );
INSERT INTO doctor_schedule ( m_code, service_date, week_day, session_code, session_name, start_time, end_time,  department_code, department_name, clinic_room_code, clinic_room_name,  doctor_code, doctor_name, doctor_title_code, doctor_title, doctor_spec,  doctor_sess_type_code, doctor_sess_type, service_code, service_name,  fee, reg_fee, checkup_fee, service_fee, other_fee, available_number_str,  admit_address_string, admit_time_range, note, time_range_flag, schedule_status,  available_total_num, available_left_num ) VALUES ( 'SCH_DOC_DEPT016_4_20260329_2', '2026-03-29', '7', '2', '下午', '13:30', '17:30', 'DEPT016', '泌尿外科', 'ROOM_DEPT016_3', '泌尿外科门诊2诊室', 'DOC_DEPT016_4', '罗静', '03', '主治医师', '泌尿系肿瘤根治', '1', '专家门诊', 'SRV_001', '主治医师挂号费', '20.00', '20.00', '0.00', '0.00', '0.00', '2,3,7,8,9,10,11,12,15,16,17,18,20,21,22,23,24,25,26,27,28,30,32,35,36', '主楼5层泌尿外科候诊区', '13:30-17:30', '请提前15分钟候诊', '0', '1', '36', '25' );
INSERT INTO doctor (doctor_code, doctor_name, department_code, title, specialty, doctor_des, doctor_image) VALUES ('DOC_DEPT016_5', '罗勇', 'DEPT016', '主治医师', '男科生殖医学', '罗勇主治医师，从事泌尿外科临床工作6年，专业严谨。他擅长男科生殖医学的诊疗，已成功治愈数千例相关患者。', 'doc_DOC_DEPT016_5.png');
INSERT INTO doctor_schedule ( m_code, service_date, week_day, session_code, session_name, start_time, end_time,  department_code, department_name, clinic_room_code, clinic_room_name,  doctor_code, doctor_name, doctor_title_code, doctor_title, doctor_spec,  doctor_sess_type_code, doctor_sess_type, service_code, service_name,  fee, reg_fee, checkup_fee, service_fee, other_fee, available_number_str,  admit_address_string, admit_time_range, note, time_range_flag, schedule_status,  available_total_num, available_left_num ) VALUES ( 'SCH_DOC_DEPT016_5_20260316_1', '2026-03-16', '1', '1', '上午', '08:00', '12:00', 'DEPT016', '泌尿外科', 'ROOM_DEPT016_1', '泌尿外科门诊4诊室', 'DOC_DEPT016_5', '罗勇', '03', '主治医师', '男科生殖医学', '1', '专家门诊', 'SRV_001', '主治医师挂号费', '20.00', '20.00', '0.00', '0.00', '0.00', '1,3,4,6,7,8,9,10,11,12,15,18,21,23', '主楼2层泌尿外科候诊区', '08:00-12:00', '请提前15分钟候诊', '0', '1', '23', '12' );
INSERT INTO doctor_schedule ( m_code, service_date, week_day, session_code, session_name, start_time, end_time,  department_code, department_name, clinic_room_code, clinic_room_name,  doctor_code, doctor_name, doctor_title_code, doctor_title, doctor_spec,  doctor_sess_type_code, doctor_sess_type, service_code, service_name,  fee, reg_fee, checkup_fee, service_fee, other_fee, available_number_str,  admit_address_string, admit_time_range, note, time_range_flag, schedule_status,  available_total_num, available_left_num ) VALUES ( 'SCH_DOC_DEPT016_5_20260316_2', '2026-03-16', '1', '2', '下午', '13:30', '17:30', 'DEPT016', '泌尿外科', 'ROOM_DEPT016_2', '泌尿外科门诊1诊室', 'DOC_DEPT016_5', '罗勇', '03', '主治医师', '男科生殖医学', '1', '专家门诊', 'SRV_001', '主治医师挂号费', '50.00', '50.00', '0.00', '0.00', '0.00', '1,2,3,4,5,6,7,11,13,15', '主楼3层泌尿外科候诊区', '13:30-17:30', '请提前15分钟候诊', '0', '1', '15', '4' );
INSERT INTO doctor_schedule ( m_code, service_date, week_day, session_code, session_name, start_time, end_time,  department_code, department_name, clinic_room_code, clinic_room_name,  doctor_code, doctor_name, doctor_title_code, doctor_title, doctor_spec,  doctor_sess_type_code, doctor_sess_type, service_code, service_name,  fee, reg_fee, checkup_fee, service_fee, other_fee, available_number_str,  admit_address_string, admit_time_range, note, time_range_flag, schedule_status,  available_total_num, available_left_num ) VALUES ( 'SCH_DOC_DEPT016_5_20260318_2', '2026-03-18', '3', '2', '下午', '13:30', '17:30', 'DEPT016', '泌尿外科', 'ROOM_DEPT016_4', '泌尿外科门诊3诊室', 'DOC_DEPT016_5', '罗勇', '03', '主治医师', '男科生殖医学', '1', '专家门诊', 'SRV_001', '主治医师挂号费', '15.00', '15.00', '0.00', '0.00', '0.00', '1,2,3,4,5,7,8,10,11,12,14,15,16,18,19,20,21,22,23,24,25,27,29,30', '主楼3层泌尿外科候诊区', '13:30-17:30', '请提前15分钟候诊', '0', '1', '30', '9' );
INSERT INTO doctor_schedule ( m_code, service_date, week_day, session_code, session_name, start_time, end_time,  department_code, department_name, clinic_room_code, clinic_room_name,  doctor_code, doctor_name, doctor_title_code, doctor_title, doctor_spec,  doctor_sess_type_code, doctor_sess_type, service_code, service_name,  fee, reg_fee, checkup_fee, service_fee, other_fee, available_number_str,  admit_address_string, admit_time_range, note, time_range_flag, schedule_status,  available_total_num, available_left_num ) VALUES ( 'SCH_DOC_DEPT016_5_20260320_1', '2026-03-20', '5', '1', '上午', '08:00', '12:00', 'DEPT016', '泌尿外科', 'ROOM_DEPT016_2', '泌尿外科门诊4诊室', 'DOC_DEPT016_5', '罗勇', '03', '主治医师', '男科生殖医学', '1', '专家门诊', 'SRV_001', '主治医师挂号费', '15.00', '15.00', '0.00', '0.00', '0.00', '2,5,8,9,12,13,18,19,20,22,23,24,25,27,29,30,31,32', '主楼4层泌尿外科候诊区', '08:00-12:00', '请提前15分钟候诊', '0', '1', '32', '15' );
INSERT INTO doctor_schedule ( m_code, service_date, week_day, session_code, session_name, start_time, end_time,  department_code, department_name, clinic_room_code, clinic_room_name,  doctor_code, doctor_name, doctor_title_code, doctor_title, doctor_spec,  doctor_sess_type_code, doctor_sess_type, service_code, service_name,  fee, reg_fee, checkup_fee, service_fee, other_fee, available_number_str,  admit_address_string, admit_time_range, note, time_range_flag, schedule_status,  available_total_num, available_left_num ) VALUES ( 'SCH_DOC_DEPT016_5_20260322_2', '2026-03-22', '7', '2', '下午', '13:30', '17:30', 'DEPT016', '泌尿外科', 'ROOM_DEPT016_2', '泌尿外科门诊3诊室', 'DOC_DEPT016_5', '罗勇', '03', '主治医师', '男科生殖医学', '1', '专家门诊', 'SRV_001', '主治医师挂号费', '20.00', '20.00', '0.00', '0.00', '0.00', '1,3,5,7,8,9,11,12,13,14,16,19,20,22,23,24,26,27,28,29,30,32,34,35,38', '主楼1层泌尿外科候诊区', '13:30-17:30', '请提前15分钟候诊', '0', '1', '38', '32' );
INSERT INTO doctor_schedule ( m_code, service_date, week_day, session_code, session_name, start_time, end_time,  department_code, department_name, clinic_room_code, clinic_room_name,  doctor_code, doctor_name, doctor_title_code, doctor_title, doctor_spec,  doctor_sess_type_code, doctor_sess_type, service_code, service_name,  fee, reg_fee, checkup_fee, service_fee, other_fee, available_number_str,  admit_address_string, admit_time_range, note, time_range_flag, schedule_status,  available_total_num, available_left_num ) VALUES ( 'SCH_DOC_DEPT016_5_20260322_1', '2026-03-22', '7', '1', '上午', '08:00', '12:00', 'DEPT016', '泌尿外科', 'ROOM_DEPT016_3', '泌尿外科门诊5诊室', 'DOC_DEPT016_5', '罗勇', '03', '主治医师', '男科生殖医学', '1', '专家门诊', 'SRV_001', '主治医师挂号费', '15.00', '15.00', '0.00', '0.00', '0.00', '1,3,8,9,10,11,13,15,16,17,19,23', '主楼2层泌尿外科候诊区', '08:00-12:00', '请提前15分钟候诊', '0', '1', '25', '7' );
INSERT INTO doctor_schedule ( m_code, service_date, week_day, session_code, session_name, start_time, end_time,  department_code, department_name, clinic_room_code, clinic_room_name,  doctor_code, doctor_name, doctor_title_code, doctor_title, doctor_spec,  doctor_sess_type_code, doctor_sess_type, service_code, service_name,  fee, reg_fee, checkup_fee, service_fee, other_fee, available_number_str,  admit_address_string, admit_time_range, note, time_range_flag, schedule_status,  available_total_num, available_left_num ) VALUES ( 'SCH_DOC_DEPT016_5_20260323_2', '2026-03-23', '1', '2', '下午', '13:30', '17:30', 'DEPT016', '泌尿外科', 'ROOM_DEPT016_4', '泌尿外科门诊2诊室', 'DOC_DEPT016_5', '罗勇', '03', '主治医师', '男科生殖医学', '1', '专家门诊', 'SRV_001', '主治医师挂号费', '15.00', '15.00', '0.00', '0.00', '0.00', '1,2,4,6,7,8,9,10,11,13,14,15,16,18,21,22', '主楼3层泌尿外科候诊区', '13:30-17:30', '请提前15分钟候诊', '0', '1', '23', '14' );
INSERT INTO doctor_schedule ( m_code, service_date, week_day, session_code, session_name, start_time, end_time,  department_code, department_name, clinic_room_code, clinic_room_name,  doctor_code, doctor_name, doctor_title_code, doctor_title, doctor_spec,  doctor_sess_type_code, doctor_sess_type, service_code, service_name,  fee, reg_fee, checkup_fee, service_fee, other_fee, available_number_str,  admit_address_string, admit_time_range, note, time_range_flag, schedule_status,  available_total_num, available_left_num ) VALUES ( 'SCH_DOC_DEPT016_5_20260324_2', '2026-03-24', '2', '2', '下午', '13:30', '17:30', 'DEPT016', '泌尿外科', 'ROOM_DEPT016_5', '泌尿外科门诊3诊室', 'DOC_DEPT016_5', '罗勇', '03', '主治医师', '男科生殖医学', '1', '专家门诊', 'SRV_001', '主治医师挂号费', '20.00', '20.00', '0.00', '0.00', '0.00', '2,3,4,5,7,8,9,10,11,12,13,14,15,16,17,18,19,23,24', '主楼6层泌尿外科候诊区', '13:30-17:30', '请提前15分钟候诊', '0', '1', '24', '23' );
INSERT INTO doctor_schedule ( m_code, service_date, week_day, session_code, session_name, start_time, end_time,  department_code, department_name, clinic_room_code, clinic_room_name,  doctor_code, doctor_name, doctor_title_code, doctor_title, doctor_spec,  doctor_sess_type_code, doctor_sess_type, service_code, service_name,  fee, reg_fee, checkup_fee, service_fee, other_fee, available_number_str,  admit_address_string, admit_time_range, note, time_range_flag, schedule_status,  available_total_num, available_left_num ) VALUES ( 'SCH_DOC_DEPT016_5_20260324_1', '2026-03-24', '2', '1', '上午', '08:00', '12:00', 'DEPT016', '泌尿外科', 'ROOM_DEPT016_4', '泌尿外科门诊2诊室', 'DOC_DEPT016_5', '罗勇', '03', '主治医师', '男科生殖医学', '1', '专家门诊', 'SRV_001', '主治医师挂号费', '20.00', '20.00', '0.00', '0.00', '0.00', '1,2,5,7,9,10,12,14,17,20,21,27,28,29,30,31', '主楼4层泌尿外科候诊区', '08:00-12:00', '请提前15分钟候诊', '0', '1', '33', '28' );
INSERT INTO doctor_schedule ( m_code, service_date, week_day, session_code, session_name, start_time, end_time,  department_code, department_name, clinic_room_code, clinic_room_name,  doctor_code, doctor_name, doctor_title_code, doctor_title, doctor_spec,  doctor_sess_type_code, doctor_sess_type, service_code, service_name,  fee, reg_fee, checkup_fee, service_fee, other_fee, available_number_str,  admit_address_string, admit_time_range, note, time_range_flag, schedule_status,  available_total_num, available_left_num ) VALUES ( 'SCH_DOC_DEPT016_5_20260325_1', '2026-03-25', '3', '1', '上午', '08:00', '12:00', 'DEPT016', '泌尿外科', 'ROOM_DEPT016_4', '泌尿外科门诊5诊室', 'DOC_DEPT016_5', '罗勇', '03', '主治医师', '男科生殖医学', '1', '专家门诊', 'SRV_001', '主治医师挂号费', '20.00', '20.00', '0.00', '0.00', '0.00', '5,7,9,10,11,12,14,15,16,18,19,21', '主楼5层泌尿外科候诊区', '08:00-12:00', '请提前15分钟候诊', '0', '1', '21', '6' );
INSERT INTO doctor_schedule ( m_code, service_date, week_day, session_code, session_name, start_time, end_time,  department_code, department_name, clinic_room_code, clinic_room_name,  doctor_code, doctor_name, doctor_title_code, doctor_title, doctor_spec,  doctor_sess_type_code, doctor_sess_type, service_code, service_name,  fee, reg_fee, checkup_fee, service_fee, other_fee, available_number_str,  admit_address_string, admit_time_range, note, time_range_flag, schedule_status,  available_total_num, available_left_num ) VALUES ( 'SCH_DOC_DEPT016_5_20260325_2', '2026-03-25', '3', '2', '下午', '13:30', '17:30', 'DEPT016', '泌尿外科', 'ROOM_DEPT016_3', '泌尿外科门诊2诊室', 'DOC_DEPT016_5', '罗勇', '03', '主治医师', '男科生殖医学', '1', '专家门诊', 'SRV_001', '主治医师挂号费', '50.00', '50.00', '0.00', '0.00', '0.00', '1,2,3,5,6,8,9,10,11,12,13,14,16,17,18,19,20,21', '主楼6层泌尿外科候诊区', '13:30-17:30', '请提前15分钟候诊', '0', '1', '21', '5' );
INSERT INTO doctor_schedule ( m_code, service_date, week_day, session_code, session_name, start_time, end_time,  department_code, department_name, clinic_room_code, clinic_room_name,  doctor_code, doctor_name, doctor_title_code, doctor_title, doctor_spec,  doctor_sess_type_code, doctor_sess_type, service_code, service_name,  fee, reg_fee, checkup_fee, service_fee, other_fee, available_number_str,  admit_address_string, admit_time_range, note, time_range_flag, schedule_status,  available_total_num, available_left_num ) VALUES ( 'SCH_DOC_DEPT016_5_20260326_2', '2026-03-26', '4', '2', '下午', '13:30', '17:30', 'DEPT016', '泌尿外科', 'ROOM_DEPT016_1', '泌尿外科门诊3诊室', 'DOC_DEPT016_5', '罗勇', '03', '主治医师', '男科生殖医学', '1', '专家门诊', 'SRV_001', '主治医师挂号费', '20.00', '20.00', '0.00', '0.00', '0.00', '3,4,5,7,8,9,10,11,12,14,15,17,18,20,21,22', '主楼1层泌尿外科候诊区', '13:30-17:30', '请提前15分钟候诊', '0', '1', '24', '18' );
INSERT INTO doctor_schedule ( m_code, service_date, week_day, session_code, session_name, start_time, end_time,  department_code, department_name, clinic_room_code, clinic_room_name,  doctor_code, doctor_name, doctor_title_code, doctor_title, doctor_spec,  doctor_sess_type_code, doctor_sess_type, service_code, service_name,  fee, reg_fee, checkup_fee, service_fee, other_fee, available_number_str,  admit_address_string, admit_time_range, note, time_range_flag, schedule_status,  available_total_num, available_left_num ) VALUES ( 'SCH_DOC_DEPT016_5_20260327_1', '2026-03-27', '5', '1', '上午', '08:00', '12:00', 'DEPT016', '泌尿外科', 'ROOM_DEPT016_5', '泌尿外科门诊1诊室', 'DOC_DEPT016_5', '罗勇', '03', '主治医师', '男科生殖医学', '1', '专家门诊', 'SRV_001', '主治医师挂号费', '15.00', '15.00', '0.00', '0.00', '0.00', '1,5,6,8,10,13,14,15,16,17,19,20,22,23,24,25,26,27,28', '主楼5层泌尿外科候诊区', '08:00-12:00', '请提前15分钟候诊', '0', '1', '30', '13' );
INSERT INTO doctor_schedule ( m_code, service_date, week_day, session_code, session_name, start_time, end_time,  department_code, department_name, clinic_room_code, clinic_room_name,  doctor_code, doctor_name, doctor_title_code, doctor_title, doctor_spec,  doctor_sess_type_code, doctor_sess_type, service_code, service_name,  fee, reg_fee, checkup_fee, service_fee, other_fee, available_number_str,  admit_address_string, admit_time_range, note, time_range_flag, schedule_status,  available_total_num, available_left_num ) VALUES ( 'SCH_DOC_DEPT016_5_20260328_1', '2026-03-28', '6', '1', '上午', '08:00', '12:00', 'DEPT016', '泌尿外科', 'ROOM_DEPT016_2', '泌尿外科门诊4诊室', 'DOC_DEPT016_5', '罗勇', '03', '主治医师', '男科生殖医学', '1', '专家门诊', 'SRV_001', '主治医师挂号费', '50.00', '50.00', '0.00', '0.00', '0.00', '2,3,4,6,8,9,11,14,15,16,17,18,19,22,24,25,26,27,28,30,33', '主楼6层泌尿外科候诊区', '08:00-12:00', '请提前15分钟候诊', '0', '1', '33', '21' );
INSERT INTO doctor_schedule ( m_code, service_date, week_day, session_code, session_name, start_time, end_time,  department_code, department_name, clinic_room_code, clinic_room_name,  doctor_code, doctor_name, doctor_title_code, doctor_title, doctor_spec,  doctor_sess_type_code, doctor_sess_type, service_code, service_name,  fee, reg_fee, checkup_fee, service_fee, other_fee, available_number_str,  admit_address_string, admit_time_range, note, time_range_flag, schedule_status,  available_total_num, available_left_num ) VALUES ( 'SCH_DOC_DEPT016_5_20260328_2', '2026-03-28', '6', '2', '下午', '13:30', '17:30', 'DEPT016', '泌尿外科', 'ROOM_DEPT016_3', '泌尿外科门诊4诊室', 'DOC_DEPT016_5', '罗勇', '03', '主治医师', '男科生殖医学', '1', '专家门诊', 'SRV_001', '主治医师挂号费', '15.00', '15.00', '0.00', '0.00', '0.00', '1,3,4,6,8,10,11,14,17,18,20,21', '主楼5层泌尿外科候诊区', '13:30-17:30', '请提前15分钟候诊', '0', '1', '25', '9' );
INSERT INTO doctor_schedule ( m_code, service_date, week_day, session_code, session_name, start_time, end_time,  department_code, department_name, clinic_room_code, clinic_room_name,  doctor_code, doctor_name, doctor_title_code, doctor_title, doctor_spec,  doctor_sess_type_code, doctor_sess_type, service_code, service_name,  fee, reg_fee, checkup_fee, service_fee, other_fee, available_number_str,  admit_address_string, admit_time_range, note, time_range_flag, schedule_status,  available_total_num, available_left_num ) VALUES ( 'SCH_DOC_DEPT016_5_20260329_1', '2026-03-29', '7', '1', '上午', '08:00', '12:00', 'DEPT016', '泌尿外科', 'ROOM_DEPT016_1', '泌尿外科门诊1诊室', 'DOC_DEPT016_5', '罗勇', '03', '主治医师', '男科生殖医学', '1', '专家门诊', 'SRV_001', '主治医师挂号费', '15.00', '15.00', '0.00', '0.00', '0.00', '1,4,7,9,10,11,13,17,18,19,20,21,22,23', '主楼4层泌尿外科候诊区', '08:00-12:00', '请提前15分钟候诊', '0', '1', '23', '11' );
INSERT INTO doctor (doctor_code, doctor_name, department_code, title, specialty, doctor_des, doctor_image) VALUES ('DOC_DEPT017_1', '徐平', 'DEPT017', '主治医师', '乳腺癌综合保乳术', '徐平主治医师，从事普通外科临床工作25年，医术精湛。她专注于乳腺癌综合保乳术的诊疗，已成功治愈数千例相关患者。', 'doc_DOC_DEPT017_1.png');
INSERT INTO doctor_schedule ( m_code, service_date, week_day, session_code, session_name, start_time, end_time,  department_code, department_name, clinic_room_code, clinic_room_name,  doctor_code, doctor_name, doctor_title_code, doctor_title, doctor_spec,  doctor_sess_type_code, doctor_sess_type, service_code, service_name,  fee, reg_fee, checkup_fee, service_fee, other_fee, available_number_str,  admit_address_string, admit_time_range, note, time_range_flag, schedule_status,  available_total_num, available_left_num ) VALUES ( 'SCH_DOC_DEPT017_1_20260317_1', '2026-03-17', '2', '1', '上午', '08:00', '12:00', 'DEPT017', '普通外科', 'ROOM_DEPT017_1', '普通外科门诊5诊室', 'DOC_DEPT017_1', '徐平', '03', '主治医师', '乳腺癌综合保乳术', '1', '专家门诊', 'SRV_001', '主治医师挂号费', '20.00', '20.00', '0.00', '0.00', '0.00', '1,4,6,7,8,9,11,12,13,15,17,18,19,20,21,22', '主楼1层普通外科候诊区', '08:00-12:00', '请提前15分钟候诊', '0', '1', '22', '9' );
INSERT INTO doctor_schedule ( m_code, service_date, week_day, session_code, session_name, start_time, end_time,  department_code, department_name, clinic_room_code, clinic_room_name,  doctor_code, doctor_name, doctor_title_code, doctor_title, doctor_spec,  doctor_sess_type_code, doctor_sess_type, service_code, service_name,  fee, reg_fee, checkup_fee, service_fee, other_fee, available_number_str,  admit_address_string, admit_time_range, note, time_range_flag, schedule_status,  available_total_num, available_left_num ) VALUES ( 'SCH_DOC_DEPT017_1_20260317_2', '2026-03-17', '2', '2', '下午', '13:30', '17:30', 'DEPT017', '普通外科', 'ROOM_DEPT017_4', '普通外科门诊3诊室', 'DOC_DEPT017_1', '徐平', '03', '主治医师', '乳腺癌综合保乳术', '1', '专家门诊', 'SRV_001', '主治医师挂号费', '20.00', '20.00', '0.00', '0.00', '0.00', '1,2,3,4,5,6,8,11,12,14,15,18,19,20,21,23,24,26,27,28,29,32,33,35,36', '主楼4层普通外科候诊区', '13:30-17:30', '请提前15分钟候诊', '0', '1', '36', '15' );
INSERT INTO doctor_schedule ( m_code, service_date, week_day, session_code, session_name, start_time, end_time,  department_code, department_name, clinic_room_code, clinic_room_name,  doctor_code, doctor_name, doctor_title_code, doctor_title, doctor_spec,  doctor_sess_type_code, doctor_sess_type, service_code, service_name,  fee, reg_fee, checkup_fee, service_fee, other_fee, available_number_str,  admit_address_string, admit_time_range, note, time_range_flag, schedule_status,  available_total_num, available_left_num ) VALUES ( 'SCH_DOC_DEPT017_1_20260318_2', '2026-03-18', '3', '2', '下午', '13:30', '17:30', 'DEPT017', '普通外科', 'ROOM_DEPT017_4', '普通外科门诊3诊室', 'DOC_DEPT017_1', '徐平', '03', '主治医师', '乳腺癌综合保乳术', '1', '专家门诊', 'SRV_001', '主治医师挂号费', '20.00', '20.00', '0.00', '0.00', '0.00', '1,2,3,4,5,9,10,11,13,14,15,19,20,21,22,24,25,28,29,31,32,33,34,35,36,37', '主楼5层普通外科候诊区', '13:30-17:30', '请提前15分钟候诊', '0', '1', '37', '16' );
INSERT INTO doctor_schedule ( m_code, service_date, week_day, session_code, session_name, start_time, end_time,  department_code, department_name, clinic_room_code, clinic_room_name,  doctor_code, doctor_name, doctor_title_code, doctor_title, doctor_spec,  doctor_sess_type_code, doctor_sess_type, service_code, service_name,  fee, reg_fee, checkup_fee, service_fee, other_fee, available_number_str,  admit_address_string, admit_time_range, note, time_range_flag, schedule_status,  available_total_num, available_left_num ) VALUES ( 'SCH_DOC_DEPT017_1_20260318_1', '2026-03-18', '3', '1', '上午', '08:00', '12:00', 'DEPT017', '普通外科', 'ROOM_DEPT017_3', '普通外科门诊3诊室', 'DOC_DEPT017_1', '徐平', '03', '主治医师', '乳腺癌综合保乳术', '1', '专家门诊', 'SRV_001', '主治医师挂号费', '50.00', '50.00', '0.00', '0.00', '0.00', '2,6,8,9,10,13,14,15,17', '主楼2层普通外科候诊区', '08:00-12:00', '请提前15分钟候诊', '0', '1', '17', '7' );
INSERT INTO doctor_schedule ( m_code, service_date, week_day, session_code, session_name, start_time, end_time,  department_code, department_name, clinic_room_code, clinic_room_name,  doctor_code, doctor_name, doctor_title_code, doctor_title, doctor_spec,  doctor_sess_type_code, doctor_sess_type, service_code, service_name,  fee, reg_fee, checkup_fee, service_fee, other_fee, available_number_str,  admit_address_string, admit_time_range, note, time_range_flag, schedule_status,  available_total_num, available_left_num ) VALUES ( 'SCH_DOC_DEPT017_1_20260319_1', '2026-03-19', '4', '1', '上午', '08:00', '12:00', 'DEPT017', '普通外科', 'ROOM_DEPT017_5', '普通外科门诊1诊室', 'DOC_DEPT017_1', '徐平', '03', '主治医师', '乳腺癌综合保乳术', '1', '专家门诊', 'SRV_001', '主治医师挂号费', '15.00', '15.00', '0.00', '0.00', '0.00', '4,5,6,7,11,13,14,15,16,17', '主楼1层普通外科候诊区', '08:00-12:00', '请提前15分钟候诊', '0', '1', '17', '7' );
INSERT INTO doctor_schedule ( m_code, service_date, week_day, session_code, session_name, start_time, end_time,  department_code, department_name, clinic_room_code, clinic_room_name,  doctor_code, doctor_name, doctor_title_code, doctor_title, doctor_spec,  doctor_sess_type_code, doctor_sess_type, service_code, service_name,  fee, reg_fee, checkup_fee, service_fee, other_fee, available_number_str,  admit_address_string, admit_time_range, note, time_range_flag, schedule_status,  available_total_num, available_left_num ) VALUES ( 'SCH_DOC_DEPT017_1_20260320_2', '2026-03-20', '5', '2', '下午', '13:30', '17:30', 'DEPT017', '普通外科', 'ROOM_DEPT017_1', '普通外科门诊2诊室', 'DOC_DEPT017_1', '徐平', '03', '主治医师', '乳腺癌综合保乳术', '1', '专家门诊', 'SRV_001', '主治医师挂号费', '15.00', '15.00', '0.00', '0.00', '0.00', '1,2,3,4,6,7,8,10,12,15,16,17,19,20,21,22,24,25,27,30', '主楼2层普通外科候诊区', '13:30-17:30', '请提前15分钟候诊', '0', '1', '30', '8' );
INSERT INTO doctor_schedule ( m_code, service_date, week_day, session_code, session_name, start_time, end_time,  department_code, department_name, clinic_room_code, clinic_room_name,  doctor_code, doctor_name, doctor_title_code, doctor_title, doctor_spec,  doctor_sess_type_code, doctor_sess_type, service_code, service_name,  fee, reg_fee, checkup_fee, service_fee, other_fee, available_number_str,  admit_address_string, admit_time_range, note, time_range_flag, schedule_status,  available_total_num, available_left_num ) VALUES ( 'SCH_DOC_DEPT017_1_20260320_1', '2026-03-20', '5', '1', '上午', '08:00', '12:00', 'DEPT017', '普通外科', 'ROOM_DEPT017_3', '普通外科门诊4诊室', 'DOC_DEPT017_1', '徐平', '03', '主治医师', '乳腺癌综合保乳术', '1', '专家门诊', 'SRV_001', '主治医师挂号费', '50.00', '50.00', '0.00', '0.00', '0.00', '3,5,6,7,8,10,11,12,13,14,15,16,17,18,19', '主楼6层普通外科候诊区', '08:00-12:00', '请提前15分钟候诊', '0', '1', '19', '6' );
INSERT INTO doctor_schedule ( m_code, service_date, week_day, session_code, session_name, start_time, end_time,  department_code, department_name, clinic_room_code, clinic_room_name,  doctor_code, doctor_name, doctor_title_code, doctor_title, doctor_spec,  doctor_sess_type_code, doctor_sess_type, service_code, service_name,  fee, reg_fee, checkup_fee, service_fee, other_fee, available_number_str,  admit_address_string, admit_time_range, note, time_range_flag, schedule_status,  available_total_num, available_left_num ) VALUES ( 'SCH_DOC_DEPT017_1_20260321_1', '2026-03-21', '6', '1', '上午', '08:00', '12:00', 'DEPT017', '普通外科', 'ROOM_DEPT017_3', '普通外科门诊5诊室', 'DOC_DEPT017_1', '徐平', '03', '主治医师', '乳腺癌综合保乳术', '1', '专家门诊', 'SRV_001', '主治医师挂号费', '20.00', '20.00', '0.00', '0.00', '0.00', '1,3,4,6,10,11,12,13,15,16,19,21', '主楼5层普通外科候诊区', '08:00-12:00', '请提前15分钟候诊', '0', '1', '21', '8' );
INSERT INTO doctor_schedule ( m_code, service_date, week_day, session_code, session_name, start_time, end_time,  department_code, department_name, clinic_room_code, clinic_room_name,  doctor_code, doctor_name, doctor_title_code, doctor_title, doctor_spec,  doctor_sess_type_code, doctor_sess_type, service_code, service_name,  fee, reg_fee, checkup_fee, service_fee, other_fee, available_number_str,  admit_address_string, admit_time_range, note, time_range_flag, schedule_status,  available_total_num, available_left_num ) VALUES ( 'SCH_DOC_DEPT017_1_20260321_2', '2026-03-21', '6', '2', '下午', '13:30', '17:30', 'DEPT017', '普通外科', 'ROOM_DEPT017_5', '普通外科门诊5诊室', 'DOC_DEPT017_1', '徐平', '03', '主治医师', '乳腺癌综合保乳术', '1', '专家门诊', 'SRV_001', '主治医师挂号费', '15.00', '15.00', '0.00', '0.00', '0.00', '1,2,3,5,6,8,9,10,11,12,13,14,15,16,17,18,19,20,21', '主楼2层普通外科候诊区', '13:30-17:30', '请提前15分钟候诊', '0', '1', '22', '20' );
INSERT INTO doctor_schedule ( m_code, service_date, week_day, session_code, session_name, start_time, end_time,  department_code, department_name, clinic_room_code, clinic_room_name,  doctor_code, doctor_name, doctor_title_code, doctor_title, doctor_spec,  doctor_sess_type_code, doctor_sess_type, service_code, service_name,  fee, reg_fee, checkup_fee, service_fee, other_fee, available_number_str,  admit_address_string, admit_time_range, note, time_range_flag, schedule_status,  available_total_num, available_left_num ) VALUES ( 'SCH_DOC_DEPT017_1_20260325_1', '2026-03-25', '3', '1', '上午', '08:00', '12:00', 'DEPT017', '普通外科', 'ROOM_DEPT017_1', '普通外科门诊1诊室', 'DOC_DEPT017_1', '徐平', '03', '主治医师', '乳腺癌综合保乳术', '1', '专家门诊', 'SRV_001', '主治医师挂号费', '15.00', '15.00', '0.00', '0.00', '0.00', '1,2,5,6,7,8,9,11,13,14,17,18,20', '主楼3层普通外科候诊区', '08:00-12:00', '请提前15分钟候诊', '0', '1', '20', '6' );
INSERT INTO doctor_schedule ( m_code, service_date, week_day, session_code, session_name, start_time, end_time,  department_code, department_name, clinic_room_code, clinic_room_name,  doctor_code, doctor_name, doctor_title_code, doctor_title, doctor_spec,  doctor_sess_type_code, doctor_sess_type, service_code, service_name,  fee, reg_fee, checkup_fee, service_fee, other_fee, available_number_str,  admit_address_string, admit_time_range, note, time_range_flag, schedule_status,  available_total_num, available_left_num ) VALUES ( 'SCH_DOC_DEPT017_1_20260326_2', '2026-03-26', '4', '2', '下午', '13:30', '17:30', 'DEPT017', '普通外科', 'ROOM_DEPT017_2', '普通外科门诊1诊室', 'DOC_DEPT017_1', '徐平', '03', '主治医师', '乳腺癌综合保乳术', '1', '专家门诊', 'SRV_001', '主治医师挂号费', '50.00', '50.00', '0.00', '0.00', '0.00', '2,5,8,10,11,13,14,15', '主楼4层普通外科候诊区', '13:30-17:30', '请提前15分钟候诊', '0', '1', '16', '7' );
INSERT INTO doctor_schedule ( m_code, service_date, week_day, session_code, session_name, start_time, end_time,  department_code, department_name, clinic_room_code, clinic_room_name,  doctor_code, doctor_name, doctor_title_code, doctor_title, doctor_spec,  doctor_sess_type_code, doctor_sess_type, service_code, service_name,  fee, reg_fee, checkup_fee, service_fee, other_fee, available_number_str,  admit_address_string, admit_time_range, note, time_range_flag, schedule_status,  available_total_num, available_left_num ) VALUES ( 'SCH_DOC_DEPT017_1_20260326_1', '2026-03-26', '4', '1', '上午', '08:00', '12:00', 'DEPT017', '普通外科', 'ROOM_DEPT017_4', '普通外科门诊1诊室', 'DOC_DEPT017_1', '徐平', '03', '主治医师', '乳腺癌综合保乳术', '1', '专家门诊', 'SRV_001', '主治医师挂号费', '20.00', '20.00', '0.00', '0.00', '0.00', '3,4,5,6,7,9,13,14,15,18,20,23,24,25,26,27,30', '主楼1层普通外科候诊区', '08:00-12:00', '请提前15分钟候诊', '0', '1', '30', '28' );
INSERT INTO doctor_schedule ( m_code, service_date, week_day, session_code, session_name, start_time, end_time,  department_code, department_name, clinic_room_code, clinic_room_name,  doctor_code, doctor_name, doctor_title_code, doctor_title, doctor_spec,  doctor_sess_type_code, doctor_sess_type, service_code, service_name,  fee, reg_fee, checkup_fee, service_fee, other_fee, available_number_str,  admit_address_string, admit_time_range, note, time_range_flag, schedule_status,  available_total_num, available_left_num ) VALUES ( 'SCH_DOC_DEPT017_1_20260327_2', '2026-03-27', '5', '2', '下午', '13:30', '17:30', 'DEPT017', '普通外科', 'ROOM_DEPT017_3', '普通外科门诊4诊室', 'DOC_DEPT017_1', '徐平', '03', '主治医师', '乳腺癌综合保乳术', '1', '专家门诊', 'SRV_001', '主治医师挂号费', '50.00', '50.00', '0.00', '0.00', '0.00', '2,3,5,6,7,9,11,12,13,14,15,16,17,20,21,22,26,27,28,29,30', '主楼4层普通外科候诊区', '13:30-17:30', '请提前15分钟候诊', '0', '1', '32', '12' );
INSERT INTO doctor_schedule ( m_code, service_date, week_day, session_code, session_name, start_time, end_time,  department_code, department_name, clinic_room_code, clinic_room_name,  doctor_code, doctor_name, doctor_title_code, doctor_title, doctor_spec,  doctor_sess_type_code, doctor_sess_type, service_code, service_name,  fee, reg_fee, checkup_fee, service_fee, other_fee, available_number_str,  admit_address_string, admit_time_range, note, time_range_flag, schedule_status,  available_total_num, available_left_num ) VALUES ( 'SCH_DOC_DEPT017_1_20260328_2', '2026-03-28', '6', '2', '下午', '13:30', '17:30', 'DEPT017', '普通外科', 'ROOM_DEPT017_3', '普通外科门诊1诊室', 'DOC_DEPT017_1', '徐平', '03', '主治医师', '乳腺癌综合保乳术', '1', '专家门诊', 'SRV_001', '主治医师挂号费', '15.00', '15.00', '0.00', '0.00', '0.00', '1,2,3,4,5,6,7,9,10,11,12,13,14,15,16,17,19,20,21,22', '主楼2层普通外科候诊区', '13:30-17:30', '请提前15分钟候诊', '0', '1', '22', '7' );
INSERT INTO doctor_schedule ( m_code, service_date, week_day, session_code, session_name, start_time, end_time,  department_code, department_name, clinic_room_code, clinic_room_name,  doctor_code, doctor_name, doctor_title_code, doctor_title, doctor_spec,  doctor_sess_type_code, doctor_sess_type, service_code, service_name,  fee, reg_fee, checkup_fee, service_fee, other_fee, available_number_str,  admit_address_string, admit_time_range, note, time_range_flag, schedule_status,  available_total_num, available_left_num ) VALUES ( 'SCH_DOC_DEPT017_1_20260328_1', '2026-03-28', '6', '1', '上午', '08:00', '12:00', 'DEPT017', '普通外科', 'ROOM_DEPT017_5', '普通外科门诊5诊室', 'DOC_DEPT017_1', '徐平', '03', '主治医师', '乳腺癌综合保乳术', '1', '专家门诊', 'SRV_001', '主治医师挂号费', '20.00', '20.00', '0.00', '0.00', '0.00', '2,4,5,6,8,9,11,12,13,14,15,16,17,18', '主楼6层普通外科候诊区', '08:00-12:00', '请提前15分钟候诊', '0', '1', '18', '16' );
INSERT INTO doctor_schedule ( m_code, service_date, week_day, session_code, session_name, start_time, end_time,  department_code, department_name, clinic_room_code, clinic_room_name,  doctor_code, doctor_name, doctor_title_code, doctor_title, doctor_spec,  doctor_sess_type_code, doctor_sess_type, service_code, service_name,  fee, reg_fee, checkup_fee, service_fee, other_fee, available_number_str,  admit_address_string, admit_time_range, note, time_range_flag, schedule_status,  available_total_num, available_left_num ) VALUES ( 'SCH_DOC_DEPT017_1_20260329_2', '2026-03-29', '7', '2', '下午', '13:30', '17:30', 'DEPT017', '普通外科', 'ROOM_DEPT017_2', '普通外科门诊3诊室', 'DOC_DEPT017_1', '徐平', '03', '主治医师', '乳腺癌综合保乳术', '1', '专家门诊', 'SRV_001', '主治医师挂号费', '15.00', '15.00', '0.00', '0.00', '0.00', '1,2,3,4,5,8,10,11,12,14,15,17,19', '主楼6层普通外科候诊区', '13:30-17:30', '请提前15分钟候诊', '0', '1', '20', '15' );
INSERT INTO doctor (doctor_code, doctor_name, department_code, title, specialty, doctor_des, doctor_image) VALUES ('DOC_DEPT017_2', '高强', 'DEPT017', '副主任医师', '结直肠癌规范化诊治', '高强副主任医师，从事普通外科临床工作21年，待人亲切。他擅长结直肠癌规范化诊治的诊疗，已成功治愈数千例相关患者。', 'doc_DOC_DEPT017_2.png');
INSERT INTO doctor_schedule ( m_code, service_date, week_day, session_code, session_name, start_time, end_time,  department_code, department_name, clinic_room_code, clinic_room_name,  doctor_code, doctor_name, doctor_title_code, doctor_title, doctor_spec,  doctor_sess_type_code, doctor_sess_type, service_code, service_name,  fee, reg_fee, checkup_fee, service_fee, other_fee, available_number_str,  admit_address_string, admit_time_range, note, time_range_flag, schedule_status,  available_total_num, available_left_num ) VALUES ( 'SCH_DOC_DEPT017_2_20260316_2', '2026-03-16', '1', '2', '下午', '13:30', '17:30', 'DEPT017', '普通外科', 'ROOM_DEPT017_2', '普通外科门诊1诊室', 'DOC_DEPT017_2', '高强', '02', '副主任医师', '结直肠癌规范化诊治', '1', '专家门诊', 'SRV_001', '副主任医师挂号费', '15.00', '15.00', '0.00', '0.00', '0.00', '1,2,3,4,6,7,8,10,11,14,15,17,18', '主楼2层普通外科候诊区', '13:30-17:30', '请提前15分钟候诊', '0', '1', '18', '16' );
INSERT INTO doctor_schedule ( m_code, service_date, week_day, session_code, session_name, start_time, end_time,  department_code, department_name, clinic_room_code, clinic_room_name,  doctor_code, doctor_name, doctor_title_code, doctor_title, doctor_spec,  doctor_sess_type_code, doctor_sess_type, service_code, service_name,  fee, reg_fee, checkup_fee, service_fee, other_fee, available_number_str,  admit_address_string, admit_time_range, note, time_range_flag, schedule_status,  available_total_num, available_left_num ) VALUES ( 'SCH_DOC_DEPT017_2_20260316_1', '2026-03-16', '1', '1', '上午', '08:00', '12:00', 'DEPT017', '普通外科', 'ROOM_DEPT017_2', '普通外科门诊1诊室', 'DOC_DEPT017_2', '高强', '02', '副主任医师', '结直肠癌规范化诊治', '1', '专家门诊', 'SRV_001', '副主任医师挂号费', '20.00', '20.00', '0.00', '0.00', '0.00', '1,2,3,5,6,8,10,12,13,14,15,17,18,19,20,22,23,24,27', '主楼1层普通外科候诊区', '08:00-12:00', '请提前15分钟候诊', '0', '1', '28', '21' );
INSERT INTO doctor_schedule ( m_code, service_date, week_day, session_code, session_name, start_time, end_time,  department_code, department_name, clinic_room_code, clinic_room_name,  doctor_code, doctor_name, doctor_title_code, doctor_title, doctor_spec,  doctor_sess_type_code, doctor_sess_type, service_code, service_name,  fee, reg_fee, checkup_fee, service_fee, other_fee, available_number_str,  admit_address_string, admit_time_range, note, time_range_flag, schedule_status,  available_total_num, available_left_num ) VALUES ( 'SCH_DOC_DEPT017_2_20260317_1', '2026-03-17', '2', '1', '上午', '08:00', '12:00', 'DEPT017', '普通外科', 'ROOM_DEPT017_1', '普通外科门诊4诊室', 'DOC_DEPT017_2', '高强', '02', '副主任医师', '结直肠癌规范化诊治', '1', '专家门诊', 'SRV_001', '副主任医师挂号费', '15.00', '15.00', '0.00', '0.00', '0.00', '1,4,6,7,8,9,10,11,12,14,15,16,17,18,19,20,21,22,23,24,25,26,28,29,31,32,33,34,35,36,37,38,39', '主楼6层普通外科候诊区', '08:00-12:00', '请提前15分钟候诊', '0', '1', '39', '8' );
INSERT INTO doctor_schedule ( m_code, service_date, week_day, session_code, session_name, start_time, end_time,  department_code, department_name, clinic_room_code, clinic_room_name,  doctor_code, doctor_name, doctor_title_code, doctor_title, doctor_spec,  doctor_sess_type_code, doctor_sess_type, service_code, service_name,  fee, reg_fee, checkup_fee, service_fee, other_fee, available_number_str,  admit_address_string, admit_time_range, note, time_range_flag, schedule_status,  available_total_num, available_left_num ) VALUES ( 'SCH_DOC_DEPT017_2_20260317_2', '2026-03-17', '2', '2', '下午', '13:30', '17:30', 'DEPT017', '普通外科', 'ROOM_DEPT017_5', '普通外科门诊5诊室', 'DOC_DEPT017_2', '高强', '02', '副主任医师', '结直肠癌规范化诊治', '1', '专家门诊', 'SRV_001', '副主任医师挂号费', '20.00', '20.00', '0.00', '0.00', '0.00', '1,3,6,9,10,11,12,13,14,16,17,18,19,20,23,24,25,26,27,28,29,30,31,32,34,35', '主楼3层普通外科候诊区', '13:30-17:30', '请提前15分钟候诊', '0', '1', '36', '16' );
INSERT INTO doctor_schedule ( m_code, service_date, week_day, session_code, session_name, start_time, end_time,  department_code, department_name, clinic_room_code, clinic_room_name,  doctor_code, doctor_name, doctor_title_code, doctor_title, doctor_spec,  doctor_sess_type_code, doctor_sess_type, service_code, service_name,  fee, reg_fee, checkup_fee, service_fee, other_fee, available_number_str,  admit_address_string, admit_time_range, note, time_range_flag, schedule_status,  available_total_num, available_left_num ) VALUES ( 'SCH_DOC_DEPT017_2_20260320_2', '2026-03-20', '5', '2', '下午', '13:30', '17:30', 'DEPT017', '普通外科', 'ROOM_DEPT017_1', '普通外科门诊4诊室', 'DOC_DEPT017_2', '高强', '02', '副主任医师', '结直肠癌规范化诊治', '1', '专家门诊', 'SRV_001', '副主任医师挂号费', '50.00', '50.00', '0.00', '0.00', '0.00', '3,4,5,7,8,9,10,12,13,14,16,19,20,22,23,25,27,28,29,30,31,33,34,35,36,38,39', '主楼2层普通外科候诊区', '13:30-17:30', '请提前15分钟候诊', '0', '1', '39', '10' );
INSERT INTO doctor_schedule ( m_code, service_date, week_day, session_code, session_name, start_time, end_time,  department_code, department_name, clinic_room_code, clinic_room_name,  doctor_code, doctor_name, doctor_title_code, doctor_title, doctor_spec,  doctor_sess_type_code, doctor_sess_type, service_code, service_name,  fee, reg_fee, checkup_fee, service_fee, other_fee, available_number_str,  admit_address_string, admit_time_range, note, time_range_flag, schedule_status,  available_total_num, available_left_num ) VALUES ( 'SCH_DOC_DEPT017_2_20260321_2', '2026-03-21', '6', '2', '下午', '13:30', '17:30', 'DEPT017', '普通外科', 'ROOM_DEPT017_5', '普通外科门诊1诊室', 'DOC_DEPT017_2', '高强', '02', '副主任医师', '结直肠癌规范化诊治', '1', '专家门诊', 'SRV_001', '副主任医师挂号费', '15.00', '15.00', '0.00', '0.00', '0.00', '1,2,3,4,5,6,8,9,10,12,14,15,16,20,21,23,25,26,27,28,30,31', '主楼6层普通外科候诊区', '13:30-17:30', '请提前15分钟候诊', '0', '1', '31', '18' );
INSERT INTO doctor_schedule ( m_code, service_date, week_day, session_code, session_name, start_time, end_time,  department_code, department_name, clinic_room_code, clinic_room_name,  doctor_code, doctor_name, doctor_title_code, doctor_title, doctor_spec,  doctor_sess_type_code, doctor_sess_type, service_code, service_name,  fee, reg_fee, checkup_fee, service_fee, other_fee, available_number_str,  admit_address_string, admit_time_range, note, time_range_flag, schedule_status,  available_total_num, available_left_num ) VALUES ( 'SCH_DOC_DEPT017_2_20260321_1', '2026-03-21', '6', '1', '上午', '08:00', '12:00', 'DEPT017', '普通外科', 'ROOM_DEPT017_4', '普通外科门诊3诊室', 'DOC_DEPT017_2', '高强', '02', '副主任医师', '结直肠癌规范化诊治', '1', '专家门诊', 'SRV_001', '副主任医师挂号费', '20.00', '20.00', '0.00', '0.00', '0.00', '1,2,3,4,5,6,7,8,9,10,11,13,15,16,18', '主楼5层普通外科候诊区', '08:00-12:00', '请提前15分钟候诊', '0', '1', '18', '10' );
INSERT INTO doctor_schedule ( m_code, service_date, week_day, session_code, session_name, start_time, end_time,  department_code, department_name, clinic_room_code, clinic_room_name,  doctor_code, doctor_name, doctor_title_code, doctor_title, doctor_spec,  doctor_sess_type_code, doctor_sess_type, service_code, service_name,  fee, reg_fee, checkup_fee, service_fee, other_fee, available_number_str,  admit_address_string, admit_time_range, note, time_range_flag, schedule_status,  available_total_num, available_left_num ) VALUES ( 'SCH_DOC_DEPT017_2_20260323_2', '2026-03-23', '1', '2', '下午', '13:30', '17:30', 'DEPT017', '普通外科', 'ROOM_DEPT017_5', '普通外科门诊1诊室', 'DOC_DEPT017_2', '高强', '02', '副主任医师', '结直肠癌规范化诊治', '1', '专家门诊', 'SRV_001', '副主任医师挂号费', '20.00', '20.00', '0.00', '0.00', '0.00', '1,3,4,8,9,11,12,13,14,15', '主楼6层普通外科候诊区', '13:30-17:30', '请提前15分钟候诊', '0', '1', '15', '4' );
INSERT INTO doctor_schedule ( m_code, service_date, week_day, session_code, session_name, start_time, end_time,  department_code, department_name, clinic_room_code, clinic_room_name,  doctor_code, doctor_name, doctor_title_code, doctor_title, doctor_spec,  doctor_sess_type_code, doctor_sess_type, service_code, service_name,  fee, reg_fee, checkup_fee, service_fee, other_fee, available_number_str,  admit_address_string, admit_time_range, note, time_range_flag, schedule_status,  available_total_num, available_left_num ) VALUES ( 'SCH_DOC_DEPT017_2_20260323_1', '2026-03-23', '1', '1', '上午', '08:00', '12:00', 'DEPT017', '普通外科', 'ROOM_DEPT017_5', '普通外科门诊5诊室', 'DOC_DEPT017_2', '高强', '02', '副主任医师', '结直肠癌规范化诊治', '1', '专家门诊', 'SRV_001', '副主任医师挂号费', '50.00', '50.00', '0.00', '0.00', '0.00', '1,3,6,8,9,10,13,14,15,17,18,19,21,25,26,28,30,32,33,34', '主楼1层普通外科候诊区', '08:00-12:00', '请提前15分钟候诊', '0', '1', '34', '15' );
INSERT INTO doctor_schedule ( m_code, service_date, week_day, session_code, session_name, start_time, end_time,  department_code, department_name, clinic_room_code, clinic_room_name,  doctor_code, doctor_name, doctor_title_code, doctor_title, doctor_spec,  doctor_sess_type_code, doctor_sess_type, service_code, service_name,  fee, reg_fee, checkup_fee, service_fee, other_fee, available_number_str,  admit_address_string, admit_time_range, note, time_range_flag, schedule_status,  available_total_num, available_left_num ) VALUES ( 'SCH_DOC_DEPT017_2_20260324_2', '2026-03-24', '2', '2', '下午', '13:30', '17:30', 'DEPT017', '普通外科', 'ROOM_DEPT017_4', '普通外科门诊2诊室', 'DOC_DEPT017_2', '高强', '02', '副主任医师', '结直肠癌规范化诊治', '1', '专家门诊', 'SRV_001', '副主任医师挂号费', '20.00', '20.00', '0.00', '0.00', '0.00', '2,4,5,6,7,8,9,13,15,17,18,19,20,21,22,25,26,27,28,29,31,32,33,34,35,36,37', '主楼3层普通外科候诊区', '13:30-17:30', '请提前15分钟候诊', '0', '1', '37', '25' );
INSERT INTO doctor_schedule ( m_code, service_date, week_day, session_code, session_name, start_time, end_time,  department_code, department_name, clinic_room_code, clinic_room_name,  doctor_code, doctor_name, doctor_title_code, doctor_title, doctor_spec,  doctor_sess_type_code, doctor_sess_type, service_code, service_name,  fee, reg_fee, checkup_fee, service_fee, other_fee, available_number_str,  admit_address_string, admit_time_range, note, time_range_flag, schedule_status,  available_total_num, available_left_num ) VALUES ( 'SCH_DOC_DEPT017_2_20260325_2', '2026-03-25', '3', '2', '下午', '13:30', '17:30', 'DEPT017', '普通外科', 'ROOM_DEPT017_5', '普通外科门诊5诊室', 'DOC_DEPT017_2', '高强', '02', '副主任医师', '结直肠癌规范化诊治', '1', '专家门诊', 'SRV_001', '副主任医师挂号费', '15.00', '15.00', '0.00', '0.00', '0.00', '2,3,4,5,7,8,9,10,11,12,13,14,15,16,18,19,21,22,23,27,28,30,31,32,33,34', '主楼2层普通外科候诊区', '13:30-17:30', '请提前15分钟候诊', '0', '1', '34', '26' );
INSERT INTO doctor_schedule ( m_code, service_date, week_day, session_code, session_name, start_time, end_time,  department_code, department_name, clinic_room_code, clinic_room_name,  doctor_code, doctor_name, doctor_title_code, doctor_title, doctor_spec,  doctor_sess_type_code, doctor_sess_type, service_code, service_name,  fee, reg_fee, checkup_fee, service_fee, other_fee, available_number_str,  admit_address_string, admit_time_range, note, time_range_flag, schedule_status,  available_total_num, available_left_num ) VALUES ( 'SCH_DOC_DEPT017_2_20260325_1', '2026-03-25', '3', '1', '上午', '08:00', '12:00', 'DEPT017', '普通外科', 'ROOM_DEPT017_2', '普通外科门诊5诊室', 'DOC_DEPT017_2', '高强', '02', '副主任医师', '结直肠癌规范化诊治', '1', '专家门诊', 'SRV_001', '副主任医师挂号费', '15.00', '15.00', '0.00', '0.00', '0.00', '1,3,4,6,7,8,9,10,11,12,13,14,15,16,18,20,21,22,23,26,27,29,30,32,34', '主楼3层普通外科候诊区', '08:00-12:00', '请提前15分钟候诊', '0', '1', '34', '11' );
INSERT INTO doctor_schedule ( m_code, service_date, week_day, session_code, session_name, start_time, end_time,  department_code, department_name, clinic_room_code, clinic_room_name,  doctor_code, doctor_name, doctor_title_code, doctor_title, doctor_spec,  doctor_sess_type_code, doctor_sess_type, service_code, service_name,  fee, reg_fee, checkup_fee, service_fee, other_fee, available_number_str,  admit_address_string, admit_time_range, note, time_range_flag, schedule_status,  available_total_num, available_left_num ) VALUES ( 'SCH_DOC_DEPT017_2_20260326_2', '2026-03-26', '4', '2', '下午', '13:30', '17:30', 'DEPT017', '普通外科', 'ROOM_DEPT017_2', '普通外科门诊1诊室', 'DOC_DEPT017_2', '高强', '02', '副主任医师', '结直肠癌规范化诊治', '1', '专家门诊', 'SRV_001', '副主任医师挂号费', '50.00', '50.00', '0.00', '0.00', '0.00', '1,2,3,4,5,6,7,8,9,10,11,12,14,15,17,18,20,21,22,23,24,25,26,28,29', '主楼2层普通外科候诊区', '13:30-17:30', '请提前15分钟候诊', '0', '1', '30', '17' );
INSERT INTO doctor_schedule ( m_code, service_date, week_day, session_code, session_name, start_time, end_time,  department_code, department_name, clinic_room_code, clinic_room_name,  doctor_code, doctor_name, doctor_title_code, doctor_title, doctor_spec,  doctor_sess_type_code, doctor_sess_type, service_code, service_name,  fee, reg_fee, checkup_fee, service_fee, other_fee, available_number_str,  admit_address_string, admit_time_range, note, time_range_flag, schedule_status,  available_total_num, available_left_num ) VALUES ( 'SCH_DOC_DEPT017_2_20260326_1', '2026-03-26', '4', '1', '上午', '08:00', '12:00', 'DEPT017', '普通外科', 'ROOM_DEPT017_3', '普通外科门诊5诊室', 'DOC_DEPT017_2', '高强', '02', '副主任医师', '结直肠癌规范化诊治', '1', '专家门诊', 'SRV_001', '副主任医师挂号费', '15.00', '15.00', '0.00', '0.00', '0.00', '1,2,3,4,5,8,11,12,13,15,16,17,18,21,23,25,26,27,30,31', '主楼6层普通外科候诊区', '08:00-12:00', '请提前15分钟候诊', '0', '1', '31', '30' );
INSERT INTO doctor_schedule ( m_code, service_date, week_day, session_code, session_name, start_time, end_time,  department_code, department_name, clinic_room_code, clinic_room_name,  doctor_code, doctor_name, doctor_title_code, doctor_title, doctor_spec,  doctor_sess_type_code, doctor_sess_type, service_code, service_name,  fee, reg_fee, checkup_fee, service_fee, other_fee, available_number_str,  admit_address_string, admit_time_range, note, time_range_flag, schedule_status,  available_total_num, available_left_num ) VALUES ( 'SCH_DOC_DEPT017_2_20260327_1', '2026-03-27', '5', '1', '上午', '08:00', '12:00', 'DEPT017', '普通外科', 'ROOM_DEPT017_5', '普通外科门诊4诊室', 'DOC_DEPT017_2', '高强', '02', '副主任医师', '结直肠癌规范化诊治', '1', '专家门诊', 'SRV_001', '副主任医师挂号费', '50.00', '50.00', '0.00', '0.00', '0.00', '1,2,4,5,6,8,9,10,11,12,13,14,15,16,17', '主楼3层普通外科候诊区', '08:00-12:00', '请提前15分钟候诊', '0', '1', '17', '8' );
INSERT INTO doctor_schedule ( m_code, service_date, week_day, session_code, session_name, start_time, end_time,  department_code, department_name, clinic_room_code, clinic_room_name,  doctor_code, doctor_name, doctor_title_code, doctor_title, doctor_spec,  doctor_sess_type_code, doctor_sess_type, service_code, service_name,  fee, reg_fee, checkup_fee, service_fee, other_fee, available_number_str,  admit_address_string, admit_time_range, note, time_range_flag, schedule_status,  available_total_num, available_left_num ) VALUES ( 'SCH_DOC_DEPT017_2_20260328_2', '2026-03-28', '6', '2', '下午', '13:30', '17:30', 'DEPT017', '普通外科', 'ROOM_DEPT017_3', '普通外科门诊2诊室', 'DOC_DEPT017_2', '高强', '02', '副主任医师', '结直肠癌规范化诊治', '1', '专家门诊', 'SRV_001', '副主任医师挂号费', '50.00', '50.00', '0.00', '0.00', '0.00', '1,2,6,8,9,10,11,12,13,16,18,20', '主楼6层普通外科候诊区', '13:30-17:30', '请提前15分钟候诊', '0', '1', '20', '11' );
INSERT INTO doctor_schedule ( m_code, service_date, week_day, session_code, session_name, start_time, end_time,  department_code, department_name, clinic_room_code, clinic_room_name,  doctor_code, doctor_name, doctor_title_code, doctor_title, doctor_spec,  doctor_sess_type_code, doctor_sess_type, service_code, service_name,  fee, reg_fee, checkup_fee, service_fee, other_fee, available_number_str,  admit_address_string, admit_time_range, note, time_range_flag, schedule_status,  available_total_num, available_left_num ) VALUES ( 'SCH_DOC_DEPT017_2_20260329_2', '2026-03-29', '7', '2', '下午', '13:30', '17:30', 'DEPT017', '普通外科', 'ROOM_DEPT017_3', '普通外科门诊3诊室', 'DOC_DEPT017_2', '高强', '02', '副主任医师', '结直肠癌规范化诊治', '1', '专家门诊', 'SRV_001', '副主任医师挂号费', '15.00', '15.00', '0.00', '0.00', '0.00', '1,2,4,5,7,8,11,13,14,16,18,19,20,21,22,24', '主楼3层普通外科候诊区', '13:30-17:30', '请提前15分钟候诊', '0', '1', '24', '8' );
INSERT INTO doctor (doctor_code, doctor_name, department_code, title, specialty, doctor_des, doctor_image) VALUES ('DOC_DEPT017_3', '郭霞', 'DEPT017', '副主任医师', '肝胆结石微创', '郭霞副主任医师，从事普通外科临床工作16年，具备深厚的临床背景。她长期致力于肝胆结石微创的诊疗，已成功治愈数千例相关患者。', 'doc_DOC_DEPT017_3.png');
INSERT INTO doctor_schedule ( m_code, service_date, week_day, session_code, session_name, start_time, end_time,  department_code, department_name, clinic_room_code, clinic_room_name,  doctor_code, doctor_name, doctor_title_code, doctor_title, doctor_spec,  doctor_sess_type_code, doctor_sess_type, service_code, service_name,  fee, reg_fee, checkup_fee, service_fee, other_fee, available_number_str,  admit_address_string, admit_time_range, note, time_range_flag, schedule_status,  available_total_num, available_left_num ) VALUES ( 'SCH_DOC_DEPT017_3_20260317_1', '2026-03-17', '2', '1', '上午', '08:00', '12:00', 'DEPT017', '普通外科', 'ROOM_DEPT017_4', '普通外科门诊1诊室', 'DOC_DEPT017_3', '郭霞', '02', '副主任医师', '肝胆结石微创', '1', '专家门诊', 'SRV_001', '副主任医师挂号费', '50.00', '50.00', '0.00', '0.00', '0.00', '1,5,6,8,9,10,11,12,14,16,17,18,21,23,24,25', '主楼4层普通外科候诊区', '08:00-12:00', '请提前15分钟候诊', '0', '1', '28', '28' );
INSERT INTO doctor_schedule ( m_code, service_date, week_day, session_code, session_name, start_time, end_time,  department_code, department_name, clinic_room_code, clinic_room_name,  doctor_code, doctor_name, doctor_title_code, doctor_title, doctor_spec,  doctor_sess_type_code, doctor_sess_type, service_code, service_name,  fee, reg_fee, checkup_fee, service_fee, other_fee, available_number_str,  admit_address_string, admit_time_range, note, time_range_flag, schedule_status,  available_total_num, available_left_num ) VALUES ( 'SCH_DOC_DEPT017_3_20260318_1', '2026-03-18', '3', '1', '上午', '08:00', '12:00', 'DEPT017', '普通外科', 'ROOM_DEPT017_3', '普通外科门诊1诊室', 'DOC_DEPT017_3', '郭霞', '02', '副主任医师', '肝胆结石微创', '1', '专家门诊', 'SRV_001', '副主任医师挂号费', '20.00', '20.00', '0.00', '0.00', '0.00', '1,2,3,4,6,7,9,10,11,12,15,19,21,23,24,25,26,27,28,29,30,33', '主楼5层普通外科候诊区', '08:00-12:00', '请提前15分钟候诊', '0', '1', '33', '7' );
INSERT INTO doctor_schedule ( m_code, service_date, week_day, session_code, session_name, start_time, end_time,  department_code, department_name, clinic_room_code, clinic_room_name,  doctor_code, doctor_name, doctor_title_code, doctor_title, doctor_spec,  doctor_sess_type_code, doctor_sess_type, service_code, service_name,  fee, reg_fee, checkup_fee, service_fee, other_fee, available_number_str,  admit_address_string, admit_time_range, note, time_range_flag, schedule_status,  available_total_num, available_left_num ) VALUES ( 'SCH_DOC_DEPT017_3_20260318_2', '2026-03-18', '3', '2', '下午', '13:30', '17:30', 'DEPT017', '普通外科', 'ROOM_DEPT017_1', '普通外科门诊1诊室', 'DOC_DEPT017_3', '郭霞', '02', '副主任医师', '肝胆结石微创', '1', '专家门诊', 'SRV_001', '副主任医师挂号费', '20.00', '20.00', '0.00', '0.00', '0.00', '1,2,5,6,7,9,12,13,14,15,16,17,18,19,20,21,22,23,25,26,28,29,30,31,32', '主楼4层普通外科候诊区', '13:30-17:30', '请提前15分钟候诊', '0', '1', '32', '11' );
INSERT INTO doctor_schedule ( m_code, service_date, week_day, session_code, session_name, start_time, end_time,  department_code, department_name, clinic_room_code, clinic_room_name,  doctor_code, doctor_name, doctor_title_code, doctor_title, doctor_spec,  doctor_sess_type_code, doctor_sess_type, service_code, service_name,  fee, reg_fee, checkup_fee, service_fee, other_fee, available_number_str,  admit_address_string, admit_time_range, note, time_range_flag, schedule_status,  available_total_num, available_left_num ) VALUES ( 'SCH_DOC_DEPT017_3_20260319_2', '2026-03-19', '4', '2', '下午', '13:30', '17:30', 'DEPT017', '普通外科', 'ROOM_DEPT017_4', '普通外科门诊1诊室', 'DOC_DEPT017_3', '郭霞', '02', '副主任医师', '肝胆结石微创', '1', '专家门诊', 'SRV_001', '副主任医师挂号费', '15.00', '15.00', '0.00', '0.00', '0.00', '1,4,5,7,8,10,11,13,15,16,17,18,19,21,22,23,24,25,26,29', '主楼2层普通外科候诊区', '13:30-17:30', '请提前15分钟候诊', '0', '1', '30', '27' );
INSERT INTO doctor_schedule ( m_code, service_date, week_day, session_code, session_name, start_time, end_time,  department_code, department_name, clinic_room_code, clinic_room_name,  doctor_code, doctor_name, doctor_title_code, doctor_title, doctor_spec,  doctor_sess_type_code, doctor_sess_type, service_code, service_name,  fee, reg_fee, checkup_fee, service_fee, other_fee, available_number_str,  admit_address_string, admit_time_range, note, time_range_flag, schedule_status,  available_total_num, available_left_num ) VALUES ( 'SCH_DOC_DEPT017_3_20260320_1', '2026-03-20', '5', '1', '上午', '08:00', '12:00', 'DEPT017', '普通外科', 'ROOM_DEPT017_4', '普通外科门诊3诊室', 'DOC_DEPT017_3', '郭霞', '02', '副主任医师', '肝胆结石微创', '1', '专家门诊', 'SRV_001', '副主任医师挂号费', '20.00', '20.00', '0.00', '0.00', '0.00', '2,3,5,6,9,10,11,12,16,17,19', '主楼2层普通外科候诊区', '08:00-12:00', '请提前15分钟候诊', '0', '1', '19', '12' );
INSERT INTO doctor_schedule ( m_code, service_date, week_day, session_code, session_name, start_time, end_time,  department_code, department_name, clinic_room_code, clinic_room_name,  doctor_code, doctor_name, doctor_title_code, doctor_title, doctor_spec,  doctor_sess_type_code, doctor_sess_type, service_code, service_name,  fee, reg_fee, checkup_fee, service_fee, other_fee, available_number_str,  admit_address_string, admit_time_range, note, time_range_flag, schedule_status,  available_total_num, available_left_num ) VALUES ( 'SCH_DOC_DEPT017_3_20260320_2', '2026-03-20', '5', '2', '下午', '13:30', '17:30', 'DEPT017', '普通外科', 'ROOM_DEPT017_5', '普通外科门诊2诊室', 'DOC_DEPT017_3', '郭霞', '02', '副主任医师', '肝胆结石微创', '1', '专家门诊', 'SRV_001', '副主任医师挂号费', '50.00', '50.00', '0.00', '0.00', '0.00', '2,3,4,5,7,8,10,11,12,13,16,17,19,20,22,23,24,25,26,27,30,31', '主楼4层普通外科候诊区', '13:30-17:30', '请提前15分钟候诊', '0', '1', '31', '29' );
INSERT INTO doctor_schedule ( m_code, service_date, week_day, session_code, session_name, start_time, end_time,  department_code, department_name, clinic_room_code, clinic_room_name,  doctor_code, doctor_name, doctor_title_code, doctor_title, doctor_spec,  doctor_sess_type_code, doctor_sess_type, service_code, service_name,  fee, reg_fee, checkup_fee, service_fee, other_fee, available_number_str,  admit_address_string, admit_time_range, note, time_range_flag, schedule_status,  available_total_num, available_left_num ) VALUES ( 'SCH_DOC_DEPT017_3_20260322_2', '2026-03-22', '7', '2', '下午', '13:30', '17:30', 'DEPT017', '普通外科', 'ROOM_DEPT017_2', '普通外科门诊2诊室', 'DOC_DEPT017_3', '郭霞', '02', '副主任医师', '肝胆结石微创', '1', '专家门诊', 'SRV_001', '副主任医师挂号费', '15.00', '15.00', '0.00', '0.00', '0.00', '1,2,3,4,6,10,12,13,15,17,19,20,21,22,24,25,26,28,29,30,33,34,35,36,37', '主楼1层普通外科候诊区', '13:30-17:30', '请提前15分钟候诊', '0', '1', '38', '11' );
INSERT INTO doctor_schedule ( m_code, service_date, week_day, session_code, session_name, start_time, end_time,  department_code, department_name, clinic_room_code, clinic_room_name,  doctor_code, doctor_name, doctor_title_code, doctor_title, doctor_spec,  doctor_sess_type_code, doctor_sess_type, service_code, service_name,  fee, reg_fee, checkup_fee, service_fee, other_fee, available_number_str,  admit_address_string, admit_time_range, note, time_range_flag, schedule_status,  available_total_num, available_left_num ) VALUES ( 'SCH_DOC_DEPT017_3_20260323_2', '2026-03-23', '1', '2', '下午', '13:30', '17:30', 'DEPT017', '普通外科', 'ROOM_DEPT017_2', '普通外科门诊5诊室', 'DOC_DEPT017_3', '郭霞', '02', '副主任医师', '肝胆结石微创', '1', '专家门诊', 'SRV_001', '副主任医师挂号费', '15.00', '15.00', '0.00', '0.00', '0.00', '1,2,4,7,8,9,10,11,13,16,18,19,20,23,24,26,27,28,30,31,35,36,37', '主楼5层普通外科候诊区', '13:30-17:30', '请提前15分钟候诊', '0', '1', '37', '34' );
INSERT INTO doctor_schedule ( m_code, service_date, week_day, session_code, session_name, start_time, end_time,  department_code, department_name, clinic_room_code, clinic_room_name,  doctor_code, doctor_name, doctor_title_code, doctor_title, doctor_spec,  doctor_sess_type_code, doctor_sess_type, service_code, service_name,  fee, reg_fee, checkup_fee, service_fee, other_fee, available_number_str,  admit_address_string, admit_time_range, note, time_range_flag, schedule_status,  available_total_num, available_left_num ) VALUES ( 'SCH_DOC_DEPT017_3_20260324_2', '2026-03-24', '2', '2', '下午', '13:30', '17:30', 'DEPT017', '普通外科', 'ROOM_DEPT017_5', '普通外科门诊4诊室', 'DOC_DEPT017_3', '郭霞', '02', '副主任医师', '肝胆结石微创', '1', '专家门诊', 'SRV_001', '副主任医师挂号费', '15.00', '15.00', '0.00', '0.00', '0.00', '1,2,4,5,6,7,8,9,10,11,12,13,14,16,17,18,19,20,21,22,24,26,31,32', '主楼2层普通外科候诊区', '13:30-17:30', '请提前15分钟候诊', '0', '1', '32', '16' );
INSERT INTO doctor_schedule ( m_code, service_date, week_day, session_code, session_name, start_time, end_time,  department_code, department_name, clinic_room_code, clinic_room_name,  doctor_code, doctor_name, doctor_title_code, doctor_title, doctor_spec,  doctor_sess_type_code, doctor_sess_type, service_code, service_name,  fee, reg_fee, checkup_fee, service_fee, other_fee, available_number_str,  admit_address_string, admit_time_range, note, time_range_flag, schedule_status,  available_total_num, available_left_num ) VALUES ( 'SCH_DOC_DEPT017_3_20260325_2', '2026-03-25', '3', '2', '下午', '13:30', '17:30', 'DEPT017', '普通外科', 'ROOM_DEPT017_4', '普通外科门诊5诊室', 'DOC_DEPT017_3', '郭霞', '02', '副主任医师', '肝胆结石微创', '1', '专家门诊', 'SRV_001', '副主任医师挂号费', '50.00', '50.00', '0.00', '0.00', '0.00', '1,2,3,4,5,6,7,10,12,14,17,18,19,20,21,22,23,24,26,27,30,31,33', '主楼1层普通外科候诊区', '13:30-17:30', '请提前15分钟候诊', '0', '1', '33', '18' );
INSERT INTO doctor_schedule ( m_code, service_date, week_day, session_code, session_name, start_time, end_time,  department_code, department_name, clinic_room_code, clinic_room_name,  doctor_code, doctor_name, doctor_title_code, doctor_title, doctor_spec,  doctor_sess_type_code, doctor_sess_type, service_code, service_name,  fee, reg_fee, checkup_fee, service_fee, other_fee, available_number_str,  admit_address_string, admit_time_range, note, time_range_flag, schedule_status,  available_total_num, available_left_num ) VALUES ( 'SCH_DOC_DEPT017_3_20260325_1', '2026-03-25', '3', '1', '上午', '08:00', '12:00', 'DEPT017', '普通外科', 'ROOM_DEPT017_2', '普通外科门诊5诊室', 'DOC_DEPT017_3', '郭霞', '02', '副主任医师', '肝胆结石微创', '1', '专家门诊', 'SRV_001', '副主任医师挂号费', '20.00', '20.00', '0.00', '0.00', '0.00', '1,2,5,8,9,10,12,13,16,18,19,21,24,25,27,28,30,31,32,33', '主楼3层普通外科候诊区', '08:00-12:00', '请提前15分钟候诊', '0', '1', '33', '19' );
INSERT INTO doctor_schedule ( m_code, service_date, week_day, session_code, session_name, start_time, end_time,  department_code, department_name, clinic_room_code, clinic_room_name,  doctor_code, doctor_name, doctor_title_code, doctor_title, doctor_spec,  doctor_sess_type_code, doctor_sess_type, service_code, service_name,  fee, reg_fee, checkup_fee, service_fee, other_fee, available_number_str,  admit_address_string, admit_time_range, note, time_range_flag, schedule_status,  available_total_num, available_left_num ) VALUES ( 'SCH_DOC_DEPT017_3_20260326_1', '2026-03-26', '4', '1', '上午', '08:00', '12:00', 'DEPT017', '普通外科', 'ROOM_DEPT017_5', '普通外科门诊5诊室', 'DOC_DEPT017_3', '郭霞', '02', '副主任医师', '肝胆结石微创', '1', '专家门诊', 'SRV_001', '副主任医师挂号费', '20.00', '20.00', '0.00', '0.00', '0.00', '1,2,4,5,7,10,14,16,17,20,22,25,26,27,28,30,32', '主楼1层普通外科候诊区', '08:00-12:00', '请提前15分钟候诊', '0', '1', '32', '21' );
INSERT INTO doctor_schedule ( m_code, service_date, week_day, session_code, session_name, start_time, end_time,  department_code, department_name, clinic_room_code, clinic_room_name,  doctor_code, doctor_name, doctor_title_code, doctor_title, doctor_spec,  doctor_sess_type_code, doctor_sess_type, service_code, service_name,  fee, reg_fee, checkup_fee, service_fee, other_fee, available_number_str,  admit_address_string, admit_time_range, note, time_range_flag, schedule_status,  available_total_num, available_left_num ) VALUES ( 'SCH_DOC_DEPT017_3_20260327_2', '2026-03-27', '5', '2', '下午', '13:30', '17:30', 'DEPT017', '普通外科', 'ROOM_DEPT017_1', '普通外科门诊5诊室', 'DOC_DEPT017_3', '郭霞', '02', '副主任医师', '肝胆结石微创', '1', '专家门诊', 'SRV_001', '副主任医师挂号费', '15.00', '15.00', '0.00', '0.00', '0.00', '2,3,4,5,6,7,8,9,10,13,16,18,21,22,23', '主楼3层普通外科候诊区', '13:30-17:30', '请提前15分钟候诊', '0', '1', '23', '11' );
INSERT INTO doctor_schedule ( m_code, service_date, week_day, session_code, session_name, start_time, end_time,  department_code, department_name, clinic_room_code, clinic_room_name,  doctor_code, doctor_name, doctor_title_code, doctor_title, doctor_spec,  doctor_sess_type_code, doctor_sess_type, service_code, service_name,  fee, reg_fee, checkup_fee, service_fee, other_fee, available_number_str,  admit_address_string, admit_time_range, note, time_range_flag, schedule_status,  available_total_num, available_left_num ) VALUES ( 'SCH_DOC_DEPT017_3_20260328_1', '2026-03-28', '6', '1', '上午', '08:00', '12:00', 'DEPT017', '普通外科', 'ROOM_DEPT017_2', '普通外科门诊2诊室', 'DOC_DEPT017_3', '郭霞', '02', '副主任医师', '肝胆结石微创', '1', '专家门诊', 'SRV_001', '副主任医师挂号费', '50.00', '50.00', '0.00', '0.00', '0.00', '1,2,4,5,6,7,8,10,13,14,16,18,19,20,22,24,25,26,27,28,30', '主楼1层普通外科候诊区', '08:00-12:00', '请提前15分钟候诊', '0', '1', '30', '30' );
INSERT INTO doctor_schedule ( m_code, service_date, week_day, session_code, session_name, start_time, end_time,  department_code, department_name, clinic_room_code, clinic_room_name,  doctor_code, doctor_name, doctor_title_code, doctor_title, doctor_spec,  doctor_sess_type_code, doctor_sess_type, service_code, service_name,  fee, reg_fee, checkup_fee, service_fee, other_fee, available_number_str,  admit_address_string, admit_time_range, note, time_range_flag, schedule_status,  available_total_num, available_left_num ) VALUES ( 'SCH_DOC_DEPT017_3_20260328_2', '2026-03-28', '6', '2', '下午', '13:30', '17:30', 'DEPT017', '普通外科', 'ROOM_DEPT017_1', '普通外科门诊4诊室', 'DOC_DEPT017_3', '郭霞', '02', '副主任医师', '肝胆结石微创', '1', '专家门诊', 'SRV_001', '副主任医师挂号费', '20.00', '20.00', '0.00', '0.00', '0.00', '1,3,4,5,6,7,10,11,12,13,14,15,17,18,19,20,21,23,24,25,26,27', '主楼6层普通外科候诊区', '13:30-17:30', '请提前15分钟候诊', '0', '1', '29', '23' );
INSERT INTO doctor_schedule ( m_code, service_date, week_day, session_code, session_name, start_time, end_time,  department_code, department_name, clinic_room_code, clinic_room_name,  doctor_code, doctor_name, doctor_title_code, doctor_title, doctor_spec,  doctor_sess_type_code, doctor_sess_type, service_code, service_name,  fee, reg_fee, checkup_fee, service_fee, other_fee, available_number_str,  admit_address_string, admit_time_range, note, time_range_flag, schedule_status,  available_total_num, available_left_num ) VALUES ( 'SCH_DOC_DEPT017_3_20260329_1', '2026-03-29', '7', '1', '上午', '08:00', '12:00', 'DEPT017', '普通外科', 'ROOM_DEPT017_5', '普通外科门诊3诊室', 'DOC_DEPT017_3', '郭霞', '02', '副主任医师', '肝胆结石微创', '1', '专家门诊', 'SRV_001', '副主任医师挂号费', '50.00', '50.00', '0.00', '0.00', '0.00', '2,3,4,5,6,7,8,9,11,14,15,16,17,19,20,21,22,24,25,26,27,30,31', '主楼3层普通外科候诊区', '08:00-12:00', '请提前15分钟候诊', '0', '1', '31', '22' );
INSERT INTO doctor (doctor_code, doctor_name, department_code, title, specialty, doctor_des, doctor_image) VALUES ('DOC_DEPT017_4', '林勇', 'DEPT017', '主治医师', '复杂腹壁疝修补', '林勇主治医师，从事普通外科临床工作15年，医术精湛。她擅长复杂腹壁疝修补的诊疗，已成功治愈数千例相关患者。', 'doc_DOC_DEPT017_4.png');
INSERT INTO doctor_schedule ( m_code, service_date, week_day, session_code, session_name, start_time, end_time,  department_code, department_name, clinic_room_code, clinic_room_name,  doctor_code, doctor_name, doctor_title_code, doctor_title, doctor_spec,  doctor_sess_type_code, doctor_sess_type, service_code, service_name,  fee, reg_fee, checkup_fee, service_fee, other_fee, available_number_str,  admit_address_string, admit_time_range, note, time_range_flag, schedule_status,  available_total_num, available_left_num ) VALUES ( 'SCH_DOC_DEPT017_4_20260316_2', '2026-03-16', '1', '2', '下午', '13:30', '17:30', 'DEPT017', '普通外科', 'ROOM_DEPT017_5', '普通外科门诊2诊室', 'DOC_DEPT017_4', '林勇', '03', '主治医师', '复杂腹壁疝修补', '1', '专家门诊', 'SRV_001', '主治医师挂号费', '50.00', '50.00', '0.00', '0.00', '0.00', '1,2,4,5,6,7,8,9,10,12,13,15,16,18,20,23,25,27,28,29,31', '主楼2层普通外科候诊区', '13:30-17:30', '请提前15分钟候诊', '0', '1', '31', '23' );
INSERT INTO doctor_schedule ( m_code, service_date, week_day, session_code, session_name, start_time, end_time,  department_code, department_name, clinic_room_code, clinic_room_name,  doctor_code, doctor_name, doctor_title_code, doctor_title, doctor_spec,  doctor_sess_type_code, doctor_sess_type, service_code, service_name,  fee, reg_fee, checkup_fee, service_fee, other_fee, available_number_str,  admit_address_string, admit_time_range, note, time_range_flag, schedule_status,  available_total_num, available_left_num ) VALUES ( 'SCH_DOC_DEPT017_4_20260317_1', '2026-03-17', '2', '1', '上午', '08:00', '12:00', 'DEPT017', '普通外科', 'ROOM_DEPT017_4', '普通外科门诊4诊室', 'DOC_DEPT017_4', '林勇', '03', '主治医师', '复杂腹壁疝修补', '1', '专家门诊', 'SRV_001', '主治医师挂号费', '50.00', '50.00', '0.00', '0.00', '0.00', '2,3,5,6,8,9,10,12,13,14,17,19,20,22,23,24,25,28,29,30,31,33', '主楼1层普通外科候诊区', '08:00-12:00', '请提前15分钟候诊', '0', '1', '36', '29' );
INSERT INTO doctor_schedule ( m_code, service_date, week_day, session_code, session_name, start_time, end_time,  department_code, department_name, clinic_room_code, clinic_room_name,  doctor_code, doctor_name, doctor_title_code, doctor_title, doctor_spec,  doctor_sess_type_code, doctor_sess_type, service_code, service_name,  fee, reg_fee, checkup_fee, service_fee, other_fee, available_number_str,  admit_address_string, admit_time_range, note, time_range_flag, schedule_status,  available_total_num, available_left_num ) VALUES ( 'SCH_DOC_DEPT017_4_20260317_2', '2026-03-17', '2', '2', '下午', '13:30', '17:30', 'DEPT017', '普通外科', 'ROOM_DEPT017_5', '普通外科门诊2诊室', 'DOC_DEPT017_4', '林勇', '03', '主治医师', '复杂腹壁疝修补', '1', '专家门诊', 'SRV_001', '主治医师挂号费', '20.00', '20.00', '0.00', '0.00', '0.00', '2,3,4,7,8,11,12,13,14,16,18,19,20,21,22,23,24,27,28', '主楼3层普通外科候诊区', '13:30-17:30', '请提前15分钟候诊', '0', '1', '29', '28' );
INSERT INTO doctor_schedule ( m_code, service_date, week_day, session_code, session_name, start_time, end_time,  department_code, department_name, clinic_room_code, clinic_room_name,  doctor_code, doctor_name, doctor_title_code, doctor_title, doctor_spec,  doctor_sess_type_code, doctor_sess_type, service_code, service_name,  fee, reg_fee, checkup_fee, service_fee, other_fee, available_number_str,  admit_address_string, admit_time_range, note, time_range_flag, schedule_status,  available_total_num, available_left_num ) VALUES ( 'SCH_DOC_DEPT017_4_20260318_2', '2026-03-18', '3', '2', '下午', '13:30', '17:30', 'DEPT017', '普通外科', 'ROOM_DEPT017_5', '普通外科门诊1诊室', 'DOC_DEPT017_4', '林勇', '03', '主治医师', '复杂腹壁疝修补', '1', '专家门诊', 'SRV_001', '主治医师挂号费', '20.00', '20.00', '0.00', '0.00', '0.00', '1,2,3,4,5,6,7,9,11,12,13,14,15,17,18,19,20,22,23,24', '主楼5层普通外科候诊区', '13:30-17:30', '请提前15分钟候诊', '0', '1', '26', '20' );
INSERT INTO doctor_schedule ( m_code, service_date, week_day, session_code, session_name, start_time, end_time,  department_code, department_name, clinic_room_code, clinic_room_name,  doctor_code, doctor_name, doctor_title_code, doctor_title, doctor_spec,  doctor_sess_type_code, doctor_sess_type, service_code, service_name,  fee, reg_fee, checkup_fee, service_fee, other_fee, available_number_str,  admit_address_string, admit_time_range, note, time_range_flag, schedule_status,  available_total_num, available_left_num ) VALUES ( 'SCH_DOC_DEPT017_4_20260319_2', '2026-03-19', '4', '2', '下午', '13:30', '17:30', 'DEPT017', '普通外科', 'ROOM_DEPT017_4', '普通外科门诊2诊室', 'DOC_DEPT017_4', '林勇', '03', '主治医师', '复杂腹壁疝修补', '1', '专家门诊', 'SRV_001', '主治医师挂号费', '50.00', '50.00', '0.00', '0.00', '0.00', '1,2,3,4,5,6,7,8,12,13,14,15,16,17,19,20,23,24', '主楼4层普通外科候诊区', '13:30-17:30', '请提前15分钟候诊', '0', '1', '24', '13' );
INSERT INTO doctor_schedule ( m_code, service_date, week_day, session_code, session_name, start_time, end_time,  department_code, department_name, clinic_room_code, clinic_room_name,  doctor_code, doctor_name, doctor_title_code, doctor_title, doctor_spec,  doctor_sess_type_code, doctor_sess_type, service_code, service_name,  fee, reg_fee, checkup_fee, service_fee, other_fee, available_number_str,  admit_address_string, admit_time_range, note, time_range_flag, schedule_status,  available_total_num, available_left_num ) VALUES ( 'SCH_DOC_DEPT017_4_20260319_1', '2026-03-19', '4', '1', '上午', '08:00', '12:00', 'DEPT017', '普通外科', 'ROOM_DEPT017_2', '普通外科门诊4诊室', 'DOC_DEPT017_4', '林勇', '03', '主治医师', '复杂腹壁疝修补', '1', '专家门诊', 'SRV_001', '主治医师挂号费', '15.00', '15.00', '0.00', '0.00', '0.00', '1,2,4,5,6,7,8,9,10,13,14,16,17,18,19,20', '主楼3层普通外科候诊区', '08:00-12:00', '请提前15分钟候诊', '0', '1', '20', '5' );
INSERT INTO doctor_schedule ( m_code, service_date, week_day, session_code, session_name, start_time, end_time,  department_code, department_name, clinic_room_code, clinic_room_name,  doctor_code, doctor_name, doctor_title_code, doctor_title, doctor_spec,  doctor_sess_type_code, doctor_sess_type, service_code, service_name,  fee, reg_fee, checkup_fee, service_fee, other_fee, available_number_str,  admit_address_string, admit_time_range, note, time_range_flag, schedule_status,  available_total_num, available_left_num ) VALUES ( 'SCH_DOC_DEPT017_4_20260321_2', '2026-03-21', '6', '2', '下午', '13:30', '17:30', 'DEPT017', '普通外科', 'ROOM_DEPT017_5', '普通外科门诊1诊室', 'DOC_DEPT017_4', '林勇', '03', '主治医师', '复杂腹壁疝修补', '1', '专家门诊', 'SRV_001', '主治医师挂号费', '20.00', '20.00', '0.00', '0.00', '0.00', '4,5,8,9,10,11,12,13,14,15,17,21,22', '主楼1层普通外科候诊区', '13:30-17:30', '请提前15分钟候诊', '0', '1', '22', '13' );
INSERT INTO doctor_schedule ( m_code, service_date, week_day, session_code, session_name, start_time, end_time,  department_code, department_name, clinic_room_code, clinic_room_name,  doctor_code, doctor_name, doctor_title_code, doctor_title, doctor_spec,  doctor_sess_type_code, doctor_sess_type, service_code, service_name,  fee, reg_fee, checkup_fee, service_fee, other_fee, available_number_str,  admit_address_string, admit_time_range, note, time_range_flag, schedule_status,  available_total_num, available_left_num ) VALUES ( 'SCH_DOC_DEPT017_4_20260321_1', '2026-03-21', '6', '1', '上午', '08:00', '12:00', 'DEPT017', '普通外科', 'ROOM_DEPT017_5', '普通外科门诊2诊室', 'DOC_DEPT017_4', '林勇', '03', '主治医师', '复杂腹壁疝修补', '1', '专家门诊', 'SRV_001', '主治医师挂号费', '15.00', '15.00', '0.00', '0.00', '0.00', '1,2,3,4,6,7,8,9,11,12,14,16,17,20,21,22', '主楼3层普通外科候诊区', '08:00-12:00', '请提前15分钟候诊', '0', '1', '24', '15' );
INSERT INTO doctor_schedule ( m_code, service_date, week_day, session_code, session_name, start_time, end_time,  department_code, department_name, clinic_room_code, clinic_room_name,  doctor_code, doctor_name, doctor_title_code, doctor_title, doctor_spec,  doctor_sess_type_code, doctor_sess_type, service_code, service_name,  fee, reg_fee, checkup_fee, service_fee, other_fee, available_number_str,  admit_address_string, admit_time_range, note, time_range_flag, schedule_status,  available_total_num, available_left_num ) VALUES ( 'SCH_DOC_DEPT017_4_20260322_2', '2026-03-22', '7', '2', '下午', '13:30', '17:30', 'DEPT017', '普通外科', 'ROOM_DEPT017_2', '普通外科门诊2诊室', 'DOC_DEPT017_4', '林勇', '03', '主治医师', '复杂腹壁疝修补', '1', '专家门诊', 'SRV_001', '主治医师挂号费', '15.00', '15.00', '0.00', '0.00', '0.00', '1,2,3,4,5,7,10,12,13,14,15,16,17,19,21,22,25,28,29,30,33,34,35', '主楼6层普通外科候诊区', '13:30-17:30', '请提前15分钟候诊', '0', '1', '35', '11' );
INSERT INTO doctor_schedule ( m_code, service_date, week_day, session_code, session_name, start_time, end_time,  department_code, department_name, clinic_room_code, clinic_room_name,  doctor_code, doctor_name, doctor_title_code, doctor_title, doctor_spec,  doctor_sess_type_code, doctor_sess_type, service_code, service_name,  fee, reg_fee, checkup_fee, service_fee, other_fee, available_number_str,  admit_address_string, admit_time_range, note, time_range_flag, schedule_status,  available_total_num, available_left_num ) VALUES ( 'SCH_DOC_DEPT017_4_20260322_1', '2026-03-22', '7', '1', '上午', '08:00', '12:00', 'DEPT017', '普通外科', 'ROOM_DEPT017_5', '普通外科门诊5诊室', 'DOC_DEPT017_4', '林勇', '03', '主治医师', '复杂腹壁疝修补', '1', '专家门诊', 'SRV_001', '主治医师挂号费', '50.00', '50.00', '0.00', '0.00', '0.00', '1,3,4,5,6,10,11,12,14,18', '主楼2层普通外科候诊区', '08:00-12:00', '请提前15分钟候诊', '0', '1', '19', '6' );
INSERT INTO doctor_schedule ( m_code, service_date, week_day, session_code, session_name, start_time, end_time,  department_code, department_name, clinic_room_code, clinic_room_name,  doctor_code, doctor_name, doctor_title_code, doctor_title, doctor_spec,  doctor_sess_type_code, doctor_sess_type, service_code, service_name,  fee, reg_fee, checkup_fee, service_fee, other_fee, available_number_str,  admit_address_string, admit_time_range, note, time_range_flag, schedule_status,  available_total_num, available_left_num ) VALUES ( 'SCH_DOC_DEPT017_4_20260323_2', '2026-03-23', '1', '2', '下午', '13:30', '17:30', 'DEPT017', '普通外科', 'ROOM_DEPT017_3', '普通外科门诊2诊室', 'DOC_DEPT017_4', '林勇', '03', '主治医师', '复杂腹壁疝修补', '1', '专家门诊', 'SRV_001', '主治医师挂号费', '50.00', '50.00', '0.00', '0.00', '0.00', '1,2,5,7,9,13,14,15,17,20,21,23,24,25,26,27,30,31,32,33,35,36,37', '主楼3层普通外科候诊区', '13:30-17:30', '请提前15分钟候诊', '0', '1', '37', '33' );
INSERT INTO doctor_schedule ( m_code, service_date, week_day, session_code, session_name, start_time, end_time,  department_code, department_name, clinic_room_code, clinic_room_name,  doctor_code, doctor_name, doctor_title_code, doctor_title, doctor_spec,  doctor_sess_type_code, doctor_sess_type, service_code, service_name,  fee, reg_fee, checkup_fee, service_fee, other_fee, available_number_str,  admit_address_string, admit_time_range, note, time_range_flag, schedule_status,  available_total_num, available_left_num ) VALUES ( 'SCH_DOC_DEPT017_4_20260323_1', '2026-03-23', '1', '1', '上午', '08:00', '12:00', 'DEPT017', '普通外科', 'ROOM_DEPT017_4', '普通外科门诊2诊室', 'DOC_DEPT017_4', '林勇', '03', '主治医师', '复杂腹壁疝修补', '1', '专家门诊', 'SRV_001', '主治医师挂号费', '15.00', '15.00', '0.00', '0.00', '0.00', '1,2,3,5,6,8,9,10,12,15,17,18,19,21,23,24,26,27,28,29,30', '主楼1层普通外科候诊区', '08:00-12:00', '请提前15分钟候诊', '0', '1', '30', '6' );
INSERT INTO doctor_schedule ( m_code, service_date, week_day, session_code, session_name, start_time, end_time,  department_code, department_name, clinic_room_code, clinic_room_name,  doctor_code, doctor_name, doctor_title_code, doctor_title, doctor_spec,  doctor_sess_type_code, doctor_sess_type, service_code, service_name,  fee, reg_fee, checkup_fee, service_fee, other_fee, available_number_str,  admit_address_string, admit_time_range, note, time_range_flag, schedule_status,  available_total_num, available_left_num ) VALUES ( 'SCH_DOC_DEPT017_4_20260324_1', '2026-03-24', '2', '1', '上午', '08:00', '12:00', 'DEPT017', '普通外科', 'ROOM_DEPT017_2', '普通外科门诊1诊室', 'DOC_DEPT017_4', '林勇', '03', '主治医师', '复杂腹壁疝修补', '1', '专家门诊', 'SRV_001', '主治医师挂号费', '15.00', '15.00', '0.00', '0.00', '0.00', '2,3,4,5,6,9,13,15,16,17,18,19,20,21,22', '主楼4层普通外科候诊区', '08:00-12:00', '请提前15分钟候诊', '0', '1', '22', '13' );
INSERT INTO doctor_schedule ( m_code, service_date, week_day, session_code, session_name, start_time, end_time,  department_code, department_name, clinic_room_code, clinic_room_name,  doctor_code, doctor_name, doctor_title_code, doctor_title, doctor_spec,  doctor_sess_type_code, doctor_sess_type, service_code, service_name,  fee, reg_fee, checkup_fee, service_fee, other_fee, available_number_str,  admit_address_string, admit_time_range, note, time_range_flag, schedule_status,  available_total_num, available_left_num ) VALUES ( 'SCH_DOC_DEPT017_4_20260325_2', '2026-03-25', '3', '2', '下午', '13:30', '17:30', 'DEPT017', '普通外科', 'ROOM_DEPT017_3', '普通外科门诊1诊室', 'DOC_DEPT017_4', '林勇', '03', '主治医师', '复杂腹壁疝修补', '1', '专家门诊', 'SRV_001', '主治医师挂号费', '20.00', '20.00', '0.00', '0.00', '0.00', '2,4,5,7,9,11,12,14,15,16,18,19,20,21,23,24,25,26,27', '主楼2层普通外科候诊区', '13:30-17:30', '请提前15分钟候诊', '0', '1', '27', '17' );
INSERT INTO doctor_schedule ( m_code, service_date, week_day, session_code, session_name, start_time, end_time,  department_code, department_name, clinic_room_code, clinic_room_name,  doctor_code, doctor_name, doctor_title_code, doctor_title, doctor_spec,  doctor_sess_type_code, doctor_sess_type, service_code, service_name,  fee, reg_fee, checkup_fee, service_fee, other_fee, available_number_str,  admit_address_string, admit_time_range, note, time_range_flag, schedule_status,  available_total_num, available_left_num ) VALUES ( 'SCH_DOC_DEPT017_4_20260325_1', '2026-03-25', '3', '1', '上午', '08:00', '12:00', 'DEPT017', '普通外科', 'ROOM_DEPT017_5', '普通外科门诊5诊室', 'DOC_DEPT017_4', '林勇', '03', '主治医师', '复杂腹壁疝修补', '1', '专家门诊', 'SRV_001', '主治医师挂号费', '20.00', '20.00', '0.00', '0.00', '0.00', '1,2,4,5,6,8,9,10,11,12,13,14,15,16,17,18,19,20,21,23,24,25,26,27,30', '主楼1层普通外科候诊区', '08:00-12:00', '请提前15分钟候诊', '0', '1', '30', '14' );
INSERT INTO doctor_schedule ( m_code, service_date, week_day, session_code, session_name, start_time, end_time,  department_code, department_name, clinic_room_code, clinic_room_name,  doctor_code, doctor_name, doctor_title_code, doctor_title, doctor_spec,  doctor_sess_type_code, doctor_sess_type, service_code, service_name,  fee, reg_fee, checkup_fee, service_fee, other_fee, available_number_str,  admit_address_string, admit_time_range, note, time_range_flag, schedule_status,  available_total_num, available_left_num ) VALUES ( 'SCH_DOC_DEPT017_4_20260326_2', '2026-03-26', '4', '2', '下午', '13:30', '17:30', 'DEPT017', '普通外科', 'ROOM_DEPT017_1', '普通外科门诊5诊室', 'DOC_DEPT017_4', '林勇', '03', '主治医师', '复杂腹壁疝修补', '1', '专家门诊', 'SRV_001', '主治医师挂号费', '20.00', '20.00', '0.00', '0.00', '0.00', '2,4,6,7,8,9,11,13,15,16', '主楼2层普通外科候诊区', '13:30-17:30', '请提前15分钟候诊', '0', '1', '17', '8' );
INSERT INTO doctor_schedule ( m_code, service_date, week_day, session_code, session_name, start_time, end_time,  department_code, department_name, clinic_room_code, clinic_room_name,  doctor_code, doctor_name, doctor_title_code, doctor_title, doctor_spec,  doctor_sess_type_code, doctor_sess_type, service_code, service_name,  fee, reg_fee, checkup_fee, service_fee, other_fee, available_number_str,  admit_address_string, admit_time_range, note, time_range_flag, schedule_status,  available_total_num, available_left_num ) VALUES ( 'SCH_DOC_DEPT017_4_20260326_1', '2026-03-26', '4', '1', '上午', '08:00', '12:00', 'DEPT017', '普通外科', 'ROOM_DEPT017_5', '普通外科门诊3诊室', 'DOC_DEPT017_4', '林勇', '03', '主治医师', '复杂腹壁疝修补', '1', '专家门诊', 'SRV_001', '主治医师挂号费', '20.00', '20.00', '0.00', '0.00', '0.00', '2,4,7,8,10,13,14,18,19,20,21,22,23,24,25,26,27,29,30,31,34,35,36,37,38', '主楼6层普通外科候诊区', '08:00-12:00', '请提前15分钟候诊', '0', '1', '38', '19' );
INSERT INTO doctor_schedule ( m_code, service_date, week_day, session_code, session_name, start_time, end_time,  department_code, department_name, clinic_room_code, clinic_room_name,  doctor_code, doctor_name, doctor_title_code, doctor_title, doctor_spec,  doctor_sess_type_code, doctor_sess_type, service_code, service_name,  fee, reg_fee, checkup_fee, service_fee, other_fee, available_number_str,  admit_address_string, admit_time_range, note, time_range_flag, schedule_status,  available_total_num, available_left_num ) VALUES ( 'SCH_DOC_DEPT017_4_20260328_2', '2026-03-28', '6', '2', '下午', '13:30', '17:30', 'DEPT017', '普通外科', 'ROOM_DEPT017_1', '普通外科门诊4诊室', 'DOC_DEPT017_4', '林勇', '03', '主治医师', '复杂腹壁疝修补', '1', '专家门诊', 'SRV_001', '主治医师挂号费', '50.00', '50.00', '0.00', '0.00', '0.00', '1,3,4,5,6,7,8,9,10,11,12,13,14,15,16,17,18,19', '主楼3层普通外科候诊区', '13:30-17:30', '请提前15分钟候诊', '0', '1', '19', '6' );
INSERT INTO doctor_schedule ( m_code, service_date, week_day, session_code, session_name, start_time, end_time,  department_code, department_name, clinic_room_code, clinic_room_name,  doctor_code, doctor_name, doctor_title_code, doctor_title, doctor_spec,  doctor_sess_type_code, doctor_sess_type, service_code, service_name,  fee, reg_fee, checkup_fee, service_fee, other_fee, available_number_str,  admit_address_string, admit_time_range, note, time_range_flag, schedule_status,  available_total_num, available_left_num ) VALUES ( 'SCH_DOC_DEPT017_4_20260329_1', '2026-03-29', '7', '1', '上午', '08:00', '12:00', 'DEPT017', '普通外科', 'ROOM_DEPT017_4', '普通外科门诊4诊室', 'DOC_DEPT017_4', '林勇', '03', '主治医师', '复杂腹壁疝修补', '1', '专家门诊', 'SRV_001', '主治医师挂号费', '15.00', '15.00', '0.00', '0.00', '0.00', '2,3,4,5,6,7,9,10,11,13,14,15,17,19,20,21,23,24,26,27', '主楼3层普通外科候诊区', '08:00-12:00', '请提前15分钟候诊', '0', '1', '27', '27' );
INSERT INTO doctor (doctor_code, doctor_name, department_code, title, specialty, doctor_des, doctor_image) VALUES ('DOC_DEPT017_5', '罗勇', 'DEPT017', '主任医师', '下肢静脉曲张微创', '罗勇主任医师，从事普通外科临床工作22年，具备深厚的临床背景。他专注于下肢静脉曲张微创的诊疗，已成功治愈数千例相关患者。', 'doc_DOC_DEPT017_5.png');
INSERT INTO doctor_schedule ( m_code, service_date, week_day, session_code, session_name, start_time, end_time,  department_code, department_name, clinic_room_code, clinic_room_name,  doctor_code, doctor_name, doctor_title_code, doctor_title, doctor_spec,  doctor_sess_type_code, doctor_sess_type, service_code, service_name,  fee, reg_fee, checkup_fee, service_fee, other_fee, available_number_str,  admit_address_string, admit_time_range, note, time_range_flag, schedule_status,  available_total_num, available_left_num ) VALUES ( 'SCH_DOC_DEPT017_5_20260316_2', '2026-03-16', '1', '2', '下午', '13:30', '17:30', 'DEPT017', '普通外科', 'ROOM_DEPT017_2', '普通外科门诊5诊室', 'DOC_DEPT017_5', '罗勇', '01', '主任医师', '下肢静脉曲张微创', '1', '专家门诊', 'SRV_001', '主任医师挂号费', '20.00', '20.00', '0.00', '0.00', '0.00', '1,3,5,7,10,11,13,14,19,20,21,22,24,25,26,27,28,31,32,33', '主楼3层普通外科候诊区', '13:30-17:30', '请提前15分钟候诊', '0', '1', '33', '28' );
INSERT INTO doctor_schedule ( m_code, service_date, week_day, session_code, session_name, start_time, end_time,  department_code, department_name, clinic_room_code, clinic_room_name,  doctor_code, doctor_name, doctor_title_code, doctor_title, doctor_spec,  doctor_sess_type_code, doctor_sess_type, service_code, service_name,  fee, reg_fee, checkup_fee, service_fee, other_fee, available_number_str,  admit_address_string, admit_time_range, note, time_range_flag, schedule_status,  available_total_num, available_left_num ) VALUES ( 'SCH_DOC_DEPT017_5_20260317_1', '2026-03-17', '2', '1', '上午', '08:00', '12:00', 'DEPT017', '普通外科', 'ROOM_DEPT017_2', '普通外科门诊1诊室', 'DOC_DEPT017_5', '罗勇', '01', '主任医师', '下肢静脉曲张微创', '1', '专家门诊', 'SRV_001', '主任医师挂号费', '50.00', '50.00', '0.00', '0.00', '0.00', '2,4,5,7,9,10,12,13,14', '主楼5层普通外科候诊区', '08:00-12:00', '请提前15分钟候诊', '0', '1', '15', '5' );
INSERT INTO doctor_schedule ( m_code, service_date, week_day, session_code, session_name, start_time, end_time,  department_code, department_name, clinic_room_code, clinic_room_name,  doctor_code, doctor_name, doctor_title_code, doctor_title, doctor_spec,  doctor_sess_type_code, doctor_sess_type, service_code, service_name,  fee, reg_fee, checkup_fee, service_fee, other_fee, available_number_str,  admit_address_string, admit_time_range, note, time_range_flag, schedule_status,  available_total_num, available_left_num ) VALUES ( 'SCH_DOC_DEPT017_5_20260318_1', '2026-03-18', '3', '1', '上午', '08:00', '12:00', 'DEPT017', '普通外科', 'ROOM_DEPT017_2', '普通外科门诊5诊室', 'DOC_DEPT017_5', '罗勇', '01', '主任医师', '下肢静脉曲张微创', '1', '专家门诊', 'SRV_001', '主任医师挂号费', '20.00', '20.00', '0.00', '0.00', '0.00', '1,3,4,5,6,7,9,10,11,14,15,17,19,21,23,24,25,26,29,31,32,33,34', '主楼5层普通外科候诊区', '08:00-12:00', '请提前15分钟候诊', '0', '1', '36', '36' );
INSERT INTO doctor_schedule ( m_code, service_date, week_day, session_code, session_name, start_time, end_time,  department_code, department_name, clinic_room_code, clinic_room_name,  doctor_code, doctor_name, doctor_title_code, doctor_title, doctor_spec,  doctor_sess_type_code, doctor_sess_type, service_code, service_name,  fee, reg_fee, checkup_fee, service_fee, other_fee, available_number_str,  admit_address_string, admit_time_range, note, time_range_flag, schedule_status,  available_total_num, available_left_num ) VALUES ( 'SCH_DOC_DEPT017_5_20260318_2', '2026-03-18', '3', '2', '下午', '13:30', '17:30', 'DEPT017', '普通外科', 'ROOM_DEPT017_5', '普通外科门诊1诊室', 'DOC_DEPT017_5', '罗勇', '01', '主任医师', '下肢静脉曲张微创', '1', '专家门诊', 'SRV_001', '主任医师挂号费', '20.00', '20.00', '0.00', '0.00', '0.00', '1,2,3,4,5,6,7,11,12,13,14,15,16,18,20,21,22,23,24,25,27,28,30,31,32,33,35,36,37,38', '主楼6层普通外科候诊区', '13:30-17:30', '请提前15分钟候诊', '0', '1', '39', '19' );
INSERT INTO doctor_schedule ( m_code, service_date, week_day, session_code, session_name, start_time, end_time,  department_code, department_name, clinic_room_code, clinic_room_name,  doctor_code, doctor_name, doctor_title_code, doctor_title, doctor_spec,  doctor_sess_type_code, doctor_sess_type, service_code, service_name,  fee, reg_fee, checkup_fee, service_fee, other_fee, available_number_str,  admit_address_string, admit_time_range, note, time_range_flag, schedule_status,  available_total_num, available_left_num ) VALUES ( 'SCH_DOC_DEPT017_5_20260319_2', '2026-03-19', '4', '2', '下午', '13:30', '17:30', 'DEPT017', '普通外科', 'ROOM_DEPT017_4', '普通外科门诊2诊室', 'DOC_DEPT017_5', '罗勇', '01', '主任医师', '下肢静脉曲张微创', '1', '专家门诊', 'SRV_001', '主任医师挂号费', '15.00', '15.00', '0.00', '0.00', '0.00', '1,2,3,4,5,6,7,10,12,13,17,18,19', '主楼4层普通外科候诊区', '13:30-17:30', '请提前15分钟候诊', '0', '1', '19', '6' );
INSERT INTO doctor_schedule ( m_code, service_date, week_day, session_code, session_name, start_time, end_time,  department_code, department_name, clinic_room_code, clinic_room_name,  doctor_code, doctor_name, doctor_title_code, doctor_title, doctor_spec,  doctor_sess_type_code, doctor_sess_type, service_code, service_name,  fee, reg_fee, checkup_fee, service_fee, other_fee, available_number_str,  admit_address_string, admit_time_range, note, time_range_flag, schedule_status,  available_total_num, available_left_num ) VALUES ( 'SCH_DOC_DEPT017_5_20260319_1', '2026-03-19', '4', '1', '上午', '08:00', '12:00', 'DEPT017', '普通外科', 'ROOM_DEPT017_5', '普通外科门诊1诊室', 'DOC_DEPT017_5', '罗勇', '01', '主任医师', '下肢静脉曲张微创', '1', '专家门诊', 'SRV_001', '主任医师挂号费', '15.00', '15.00', '0.00', '0.00', '0.00', '1,4,5,7,8,9,12,15,16,17,18,19,20,21,22,24,25,26,27,30,32,33,34,35', '主楼1层普通外科候诊区', '08:00-12:00', '请提前15分钟候诊', '0', '1', '35', '18' );
INSERT INTO doctor_schedule ( m_code, service_date, week_day, session_code, session_name, start_time, end_time,  department_code, department_name, clinic_room_code, clinic_room_name,  doctor_code, doctor_name, doctor_title_code, doctor_title, doctor_spec,  doctor_sess_type_code, doctor_sess_type, service_code, service_name,  fee, reg_fee, checkup_fee, service_fee, other_fee, available_number_str,  admit_address_string, admit_time_range, note, time_range_flag, schedule_status,  available_total_num, available_left_num ) VALUES ( 'SCH_DOC_DEPT017_5_20260320_2', '2026-03-20', '5', '2', '下午', '13:30', '17:30', 'DEPT017', '普通外科', 'ROOM_DEPT017_4', '普通外科门诊5诊室', 'DOC_DEPT017_5', '罗勇', '01', '主任医师', '下肢静脉曲张微创', '1', '专家门诊', 'SRV_001', '主任医师挂号费', '15.00', '15.00', '0.00', '0.00', '0.00', '1,2,5,6,8,9,10,11,14,16,18,21,23,24,26', '主楼4层普通外科候诊区', '13:30-17:30', '请提前15分钟候诊', '0', '1', '26', '16' );
INSERT INTO doctor_schedule ( m_code, service_date, week_day, session_code, session_name, start_time, end_time,  department_code, department_name, clinic_room_code, clinic_room_name,  doctor_code, doctor_name, doctor_title_code, doctor_title, doctor_spec,  doctor_sess_type_code, doctor_sess_type, service_code, service_name,  fee, reg_fee, checkup_fee, service_fee, other_fee, available_number_str,  admit_address_string, admit_time_range, note, time_range_flag, schedule_status,  available_total_num, available_left_num ) VALUES ( 'SCH_DOC_DEPT017_5_20260320_1', '2026-03-20', '5', '1', '上午', '08:00', '12:00', 'DEPT017', '普通外科', 'ROOM_DEPT017_4', '普通外科门诊4诊室', 'DOC_DEPT017_5', '罗勇', '01', '主任医师', '下肢静脉曲张微创', '1', '专家门诊', 'SRV_001', '主任医师挂号费', '20.00', '20.00', '0.00', '0.00', '0.00', '2,3,4,7,8,9,11,12,13,15,16,17,19,20,22,23,24,25,26,27,28,30,31', '主楼5层普通外科候诊区', '08:00-12:00', '请提前15分钟候诊', '0', '1', '31', '13' );
INSERT INTO doctor_schedule ( m_code, service_date, week_day, session_code, session_name, start_time, end_time,  department_code, department_name, clinic_room_code, clinic_room_name,  doctor_code, doctor_name, doctor_title_code, doctor_title, doctor_spec,  doctor_sess_type_code, doctor_sess_type, service_code, service_name,  fee, reg_fee, checkup_fee, service_fee, other_fee, available_number_str,  admit_address_string, admit_time_range, note, time_range_flag, schedule_status,  available_total_num, available_left_num ) VALUES ( 'SCH_DOC_DEPT017_5_20260321_1', '2026-03-21', '6', '1', '上午', '08:00', '12:00', 'DEPT017', '普通外科', 'ROOM_DEPT017_4', '普通外科门诊2诊室', 'DOC_DEPT017_5', '罗勇', '01', '主任医师', '下肢静脉曲张微创', '1', '专家门诊', 'SRV_001', '主任医师挂号费', '50.00', '50.00', '0.00', '0.00', '0.00', '2,4,5,6,7,9,10,11,12,13,14,15,16,19,20,21,22', '主楼4层普通外科候诊区', '08:00-12:00', '请提前15分钟候诊', '0', '1', '23', '18' );
INSERT INTO doctor_schedule ( m_code, service_date, week_day, session_code, session_name, start_time, end_time,  department_code, department_name, clinic_room_code, clinic_room_name,  doctor_code, doctor_name, doctor_title_code, doctor_title, doctor_spec,  doctor_sess_type_code, doctor_sess_type, service_code, service_name,  fee, reg_fee, checkup_fee, service_fee, other_fee, available_number_str,  admit_address_string, admit_time_range, note, time_range_flag, schedule_status,  available_total_num, available_left_num ) VALUES ( 'SCH_DOC_DEPT017_5_20260321_2', '2026-03-21', '6', '2', '下午', '13:30', '17:30', 'DEPT017', '普通外科', 'ROOM_DEPT017_2', '普通外科门诊2诊室', 'DOC_DEPT017_5', '罗勇', '01', '主任医师', '下肢静脉曲张微创', '1', '专家门诊', 'SRV_001', '主任医师挂号费', '15.00', '15.00', '0.00', '0.00', '0.00', '1,3,4,5,6,7,9,13,15,18,19,20,21,23,24,25,26,28,31,32,33,34,35,36,37,38,39,40', '主楼4层普通外科候诊区', '13:30-17:30', '请提前15分钟候诊', '0', '1', '40', '31' );
INSERT INTO doctor_schedule ( m_code, service_date, week_day, session_code, session_name, start_time, end_time,  department_code, department_name, clinic_room_code, clinic_room_name,  doctor_code, doctor_name, doctor_title_code, doctor_title, doctor_spec,  doctor_sess_type_code, doctor_sess_type, service_code, service_name,  fee, reg_fee, checkup_fee, service_fee, other_fee, available_number_str,  admit_address_string, admit_time_range, note, time_range_flag, schedule_status,  available_total_num, available_left_num ) VALUES ( 'SCH_DOC_DEPT017_5_20260322_1', '2026-03-22', '7', '1', '上午', '08:00', '12:00', 'DEPT017', '普通外科', 'ROOM_DEPT017_4', '普通外科门诊1诊室', 'DOC_DEPT017_5', '罗勇', '01', '主任医师', '下肢静脉曲张微创', '1', '专家门诊', 'SRV_001', '主任医师挂号费', '20.00', '20.00', '0.00', '0.00', '0.00', '1,2,3,4,5,6,7,8,9,10,13,14,16,17,18,19,21,22,23,25,27,28,29,30,31', '主楼5层普通外科候诊区', '08:00-12:00', '请提前15分钟候诊', '0', '1', '31', '18' );
INSERT INTO doctor_schedule ( m_code, service_date, week_day, session_code, session_name, start_time, end_time,  department_code, department_name, clinic_room_code, clinic_room_name,  doctor_code, doctor_name, doctor_title_code, doctor_title, doctor_spec,  doctor_sess_type_code, doctor_sess_type, service_code, service_name,  fee, reg_fee, checkup_fee, service_fee, other_fee, available_number_str,  admit_address_string, admit_time_range, note, time_range_flag, schedule_status,  available_total_num, available_left_num ) VALUES ( 'SCH_DOC_DEPT017_5_20260324_1', '2026-03-24', '2', '1', '上午', '08:00', '12:00', 'DEPT017', '普通外科', 'ROOM_DEPT017_1', '普通外科门诊1诊室', 'DOC_DEPT017_5', '罗勇', '01', '主任医师', '下肢静脉曲张微创', '1', '专家门诊', 'SRV_001', '主任医师挂号费', '15.00', '15.00', '0.00', '0.00', '0.00', '2,3,6,9,10,11,13,14,15,16,17,19,20,21,23,26,29,30,31', '主楼2层普通外科候诊区', '08:00-12:00', '请提前15分钟候诊', '0', '1', '31', '10' );
INSERT INTO doctor_schedule ( m_code, service_date, week_day, session_code, session_name, start_time, end_time,  department_code, department_name, clinic_room_code, clinic_room_name,  doctor_code, doctor_name, doctor_title_code, doctor_title, doctor_spec,  doctor_sess_type_code, doctor_sess_type, service_code, service_name,  fee, reg_fee, checkup_fee, service_fee, other_fee, available_number_str,  admit_address_string, admit_time_range, note, time_range_flag, schedule_status,  available_total_num, available_left_num ) VALUES ( 'SCH_DOC_DEPT017_5_20260324_2', '2026-03-24', '2', '2', '下午', '13:30', '17:30', 'DEPT017', '普通外科', 'ROOM_DEPT017_2', '普通外科门诊4诊室', 'DOC_DEPT017_5', '罗勇', '01', '主任医师', '下肢静脉曲张微创', '1', '专家门诊', 'SRV_001', '主任医师挂号费', '20.00', '20.00', '0.00', '0.00', '0.00', '2,3,4,5,7,8,9,11,12,13,14,16,18,20,21', '主楼2层普通外科候诊区', '13:30-17:30', '请提前15分钟候诊', '0', '1', '22', '7' );
INSERT INTO doctor_schedule ( m_code, service_date, week_day, session_code, session_name, start_time, end_time,  department_code, department_name, clinic_room_code, clinic_room_name,  doctor_code, doctor_name, doctor_title_code, doctor_title, doctor_spec,  doctor_sess_type_code, doctor_sess_type, service_code, service_name,  fee, reg_fee, checkup_fee, service_fee, other_fee, available_number_str,  admit_address_string, admit_time_range, note, time_range_flag, schedule_status,  available_total_num, available_left_num ) VALUES ( 'SCH_DOC_DEPT017_5_20260325_2', '2026-03-25', '3', '2', '下午', '13:30', '17:30', 'DEPT017', '普通外科', 'ROOM_DEPT017_3', '普通外科门诊1诊室', 'DOC_DEPT017_5', '罗勇', '01', '主任医师', '下肢静脉曲张微创', '1', '专家门诊', 'SRV_001', '主任医师挂号费', '15.00', '15.00', '0.00', '0.00', '0.00', '1,2,3,8,10,11,12,13,14,17,20,21,22,23,24,25,26', '主楼2层普通外科候诊区', '13:30-17:30', '请提前15分钟候诊', '0', '1', '26', '25' );
INSERT INTO doctor_schedule ( m_code, service_date, week_day, session_code, session_name, start_time, end_time,  department_code, department_name, clinic_room_code, clinic_room_name,  doctor_code, doctor_name, doctor_title_code, doctor_title, doctor_spec,  doctor_sess_type_code, doctor_sess_type, service_code, service_name,  fee, reg_fee, checkup_fee, service_fee, other_fee, available_number_str,  admit_address_string, admit_time_range, note, time_range_flag, schedule_status,  available_total_num, available_left_num ) VALUES ( 'SCH_DOC_DEPT017_5_20260325_1', '2026-03-25', '3', '1', '上午', '08:00', '12:00', 'DEPT017', '普通外科', 'ROOM_DEPT017_3', '普通外科门诊1诊室', 'DOC_DEPT017_5', '罗勇', '01', '主任医师', '下肢静脉曲张微创', '1', '专家门诊', 'SRV_001', '主任医师挂号费', '20.00', '20.00', '0.00', '0.00', '0.00', '2,3,6,8,9,10,12,14,15,17,19,20,21,22,23,24,25,27,28,29,31,32,34,35', '主楼1层普通外科候诊区', '08:00-12:00', '请提前15分钟候诊', '0', '1', '35', '10' );
INSERT INTO doctor_schedule ( m_code, service_date, week_day, session_code, session_name, start_time, end_time,  department_code, department_name, clinic_room_code, clinic_room_name,  doctor_code, doctor_name, doctor_title_code, doctor_title, doctor_spec,  doctor_sess_type_code, doctor_sess_type, service_code, service_name,  fee, reg_fee, checkup_fee, service_fee, other_fee, available_number_str,  admit_address_string, admit_time_range, note, time_range_flag, schedule_status,  available_total_num, available_left_num ) VALUES ( 'SCH_DOC_DEPT017_5_20260326_2', '2026-03-26', '4', '2', '下午', '13:30', '17:30', 'DEPT017', '普通外科', 'ROOM_DEPT017_2', '普通外科门诊3诊室', 'DOC_DEPT017_5', '罗勇', '01', '主任医师', '下肢静脉曲张微创', '1', '专家门诊', 'SRV_001', '主任医师挂号费', '15.00', '15.00', '0.00', '0.00', '0.00', '1,2,3,4,5,6,7,9,10,11,12,13,15,17,20,21,22,23,24,27,30,31,33,34,35', '主楼2层普通外科候诊区', '13:30-17:30', '请提前15分钟候诊', '0', '1', '35', '20' );
INSERT INTO doctor_schedule ( m_code, service_date, week_day, session_code, session_name, start_time, end_time,  department_code, department_name, clinic_room_code, clinic_room_name,  doctor_code, doctor_name, doctor_title_code, doctor_title, doctor_spec,  doctor_sess_type_code, doctor_sess_type, service_code, service_name,  fee, reg_fee, checkup_fee, service_fee, other_fee, available_number_str,  admit_address_string, admit_time_range, note, time_range_flag, schedule_status,  available_total_num, available_left_num ) VALUES ( 'SCH_DOC_DEPT017_5_20260327_2', '2026-03-27', '5', '2', '下午', '13:30', '17:30', 'DEPT017', '普通外科', 'ROOM_DEPT017_4', '普通外科门诊2诊室', 'DOC_DEPT017_5', '罗勇', '01', '主任医师', '下肢静脉曲张微创', '1', '专家门诊', 'SRV_001', '主任医师挂号费', '15.00', '15.00', '0.00', '0.00', '0.00', '1,3,5,6,7,8,9,10,11,14,15,17,18,20,21,22,24,25,26,27,28,33,35,36,37', '主楼2层普通外科候诊区', '13:30-17:30', '请提前15分钟候诊', '0', '1', '37', '26' );
INSERT INTO doctor_schedule ( m_code, service_date, week_day, session_code, session_name, start_time, end_time,  department_code, department_name, clinic_room_code, clinic_room_name,  doctor_code, doctor_name, doctor_title_code, doctor_title, doctor_spec,  doctor_sess_type_code, doctor_sess_type, service_code, service_name,  fee, reg_fee, checkup_fee, service_fee, other_fee, available_number_str,  admit_address_string, admit_time_range, note, time_range_flag, schedule_status,  available_total_num, available_left_num ) VALUES ( 'SCH_DOC_DEPT017_5_20260327_1', '2026-03-27', '5', '1', '上午', '08:00', '12:00', 'DEPT017', '普通外科', 'ROOM_DEPT017_2', '普通外科门诊1诊室', 'DOC_DEPT017_5', '罗勇', '01', '主任医师', '下肢静脉曲张微创', '1', '专家门诊', 'SRV_001', '主任医师挂号费', '50.00', '50.00', '0.00', '0.00', '0.00', '1,2,3,4,5,7,8,9,10,11,13,15,16,18,19,20,22,24,25,27,29', '主楼2层普通外科候诊区', '08:00-12:00', '请提前15分钟候诊', '0', '1', '32', '16' );
INSERT INTO doctor_schedule ( m_code, service_date, week_day, session_code, session_name, start_time, end_time,  department_code, department_name, clinic_room_code, clinic_room_name,  doctor_code, doctor_name, doctor_title_code, doctor_title, doctor_spec,  doctor_sess_type_code, doctor_sess_type, service_code, service_name,  fee, reg_fee, checkup_fee, service_fee, other_fee, available_number_str,  admit_address_string, admit_time_range, note, time_range_flag, schedule_status,  available_total_num, available_left_num ) VALUES ( 'SCH_DOC_DEPT017_5_20260328_1', '2026-03-28', '6', '1', '上午', '08:00', '12:00', 'DEPT017', '普通外科', 'ROOM_DEPT017_5', '普通外科门诊1诊室', 'DOC_DEPT017_5', '罗勇', '01', '主任医师', '下肢静脉曲张微创', '1', '专家门诊', 'SRV_001', '主任医师挂号费', '50.00', '50.00', '0.00', '0.00', '0.00', '2,3,4,5,6,11,13,14,15,16,17,19,20', '主楼6层普通外科候诊区', '08:00-12:00', '请提前15分钟候诊', '0', '1', '20', '17' );
INSERT INTO doctor (doctor_code, doctor_name, department_code, title, specialty, doctor_des, doctor_image) VALUES ('DOC_DEPT018_1', '高敏', 'DEPT018', '主治医师', '青少年厌学心理疏导', '高敏主治医师，从事精神心理科临床工作25年，专业严谨。她专注于青少年厌学心理疏导的诊疗，已成功治愈数千例相关患者。', 'doc_DOC_DEPT018_1.png');
INSERT INTO doctor_schedule ( m_code, service_date, week_day, session_code, session_name, start_time, end_time,  department_code, department_name, clinic_room_code, clinic_room_name,  doctor_code, doctor_name, doctor_title_code, doctor_title, doctor_spec,  doctor_sess_type_code, doctor_sess_type, service_code, service_name,  fee, reg_fee, checkup_fee, service_fee, other_fee, available_number_str,  admit_address_string, admit_time_range, note, time_range_flag, schedule_status,  available_total_num, available_left_num ) VALUES ( 'SCH_DOC_DEPT018_1_20260316_1', '2026-03-16', '1', '1', '上午', '08:00', '12:00', 'DEPT018', '精神心理科', 'ROOM_DEPT018_5', '精神心理科门诊5诊室', 'DOC_DEPT018_1', '高敏', '03', '主治医师', '青少年厌学心理疏导', '1', '专家门诊', 'SRV_001', '主治医师挂号费', '50.00', '50.00', '0.00', '0.00', '0.00', '1,3,4,5,6,7,8,9,10,11,13,14,15,17,18', '主楼5层精神心理科候诊区', '08:00-12:00', '请提前15分钟候诊', '0', '1', '18', '7' );
INSERT INTO doctor_schedule ( m_code, service_date, week_day, session_code, session_name, start_time, end_time,  department_code, department_name, clinic_room_code, clinic_room_name,  doctor_code, doctor_name, doctor_title_code, doctor_title, doctor_spec,  doctor_sess_type_code, doctor_sess_type, service_code, service_name,  fee, reg_fee, checkup_fee, service_fee, other_fee, available_number_str,  admit_address_string, admit_time_range, note, time_range_flag, schedule_status,  available_total_num, available_left_num ) VALUES ( 'SCH_DOC_DEPT018_1_20260317_1', '2026-03-17', '2', '1', '上午', '08:00', '12:00', 'DEPT018', '精神心理科', 'ROOM_DEPT018_5', '精神心理科门诊5诊室', 'DOC_DEPT018_1', '高敏', '03', '主治医师', '青少年厌学心理疏导', '1', '专家门诊', 'SRV_001', '主治医师挂号费', '20.00', '20.00', '0.00', '0.00', '0.00', '4,6,8,9,10,11,12,13,14,15,16', '主楼5层精神心理科候诊区', '08:00-12:00', '请提前15分钟候诊', '0', '1', '16', '8' );
INSERT INTO doctor_schedule ( m_code, service_date, week_day, session_code, session_name, start_time, end_time,  department_code, department_name, clinic_room_code, clinic_room_name,  doctor_code, doctor_name, doctor_title_code, doctor_title, doctor_spec,  doctor_sess_type_code, doctor_sess_type, service_code, service_name,  fee, reg_fee, checkup_fee, service_fee, other_fee, available_number_str,  admit_address_string, admit_time_range, note, time_range_flag, schedule_status,  available_total_num, available_left_num ) VALUES ( 'SCH_DOC_DEPT018_1_20260318_2', '2026-03-18', '3', '2', '下午', '13:30', '17:30', 'DEPT018', '精神心理科', 'ROOM_DEPT018_4', '精神心理科门诊3诊室', 'DOC_DEPT018_1', '高敏', '03', '主治医师', '青少年厌学心理疏导', '1', '专家门诊', 'SRV_001', '主治医师挂号费', '20.00', '20.00', '0.00', '0.00', '0.00', '4,5,6,7,8,9,11,12,13,14,15,16,17,18,19,20,21,22,23,24,25,27,28', '主楼1层精神心理科候诊区', '13:30-17:30', '请提前15分钟候诊', '0', '1', '28', '8' );
INSERT INTO doctor_schedule ( m_code, service_date, week_day, session_code, session_name, start_time, end_time,  department_code, department_name, clinic_room_code, clinic_room_name,  doctor_code, doctor_name, doctor_title_code, doctor_title, doctor_spec,  doctor_sess_type_code, doctor_sess_type, service_code, service_name,  fee, reg_fee, checkup_fee, service_fee, other_fee, available_number_str,  admit_address_string, admit_time_range, note, time_range_flag, schedule_status,  available_total_num, available_left_num ) VALUES ( 'SCH_DOC_DEPT018_1_20260318_1', '2026-03-18', '3', '1', '上午', '08:00', '12:00', 'DEPT018', '精神心理科', 'ROOM_DEPT018_2', '精神心理科门诊3诊室', 'DOC_DEPT018_1', '高敏', '03', '主治医师', '青少年厌学心理疏导', '1', '专家门诊', 'SRV_001', '主治医师挂号费', '15.00', '15.00', '0.00', '0.00', '0.00', '1,2,3,4,5,6,7,8,9,10,11,12,14,15,20,21,23,24,25,26,28,29,31,32,33,35', '主楼1层精神心理科候诊区', '08:00-12:00', '请提前15分钟候诊', '0', '1', '35', '30' );
INSERT INTO doctor_schedule ( m_code, service_date, week_day, session_code, session_name, start_time, end_time,  department_code, department_name, clinic_room_code, clinic_room_name,  doctor_code, doctor_name, doctor_title_code, doctor_title, doctor_spec,  doctor_sess_type_code, doctor_sess_type, service_code, service_name,  fee, reg_fee, checkup_fee, service_fee, other_fee, available_number_str,  admit_address_string, admit_time_range, note, time_range_flag, schedule_status,  available_total_num, available_left_num ) VALUES ( 'SCH_DOC_DEPT018_1_20260319_1', '2026-03-19', '4', '1', '上午', '08:00', '12:00', 'DEPT018', '精神心理科', 'ROOM_DEPT018_3', '精神心理科门诊4诊室', 'DOC_DEPT018_1', '高敏', '03', '主治医师', '青少年厌学心理疏导', '1', '专家门诊', 'SRV_001', '主治医师挂号费', '15.00', '15.00', '0.00', '0.00', '0.00', '1,2,4,5,9,10,11,12,14,15,16,17,22', '主楼4层精神心理科候诊区', '08:00-12:00', '请提前15分钟候诊', '0', '1', '22', '7' );
INSERT INTO doctor_schedule ( m_code, service_date, week_day, session_code, session_name, start_time, end_time,  department_code, department_name, clinic_room_code, clinic_room_name,  doctor_code, doctor_name, doctor_title_code, doctor_title, doctor_spec,  doctor_sess_type_code, doctor_sess_type, service_code, service_name,  fee, reg_fee, checkup_fee, service_fee, other_fee, available_number_str,  admit_address_string, admit_time_range, note, time_range_flag, schedule_status,  available_total_num, available_left_num ) VALUES ( 'SCH_DOC_DEPT018_1_20260321_1', '2026-03-21', '6', '1', '上午', '08:00', '12:00', 'DEPT018', '精神心理科', 'ROOM_DEPT018_5', '精神心理科门诊4诊室', 'DOC_DEPT018_1', '高敏', '03', '主治医师', '青少年厌学心理疏导', '1', '专家门诊', 'SRV_001', '主治医师挂号费', '20.00', '20.00', '0.00', '0.00', '0.00', '1,2,3,4,5,7,8,10,11,12,13,15,16,17,19', '主楼5层精神心理科候诊区', '08:00-12:00', '请提前15分钟候诊', '0', '1', '19', '13' );
INSERT INTO doctor_schedule ( m_code, service_date, week_day, session_code, session_name, start_time, end_time,  department_code, department_name, clinic_room_code, clinic_room_name,  doctor_code, doctor_name, doctor_title_code, doctor_title, doctor_spec,  doctor_sess_type_code, doctor_sess_type, service_code, service_name,  fee, reg_fee, checkup_fee, service_fee, other_fee, available_number_str,  admit_address_string, admit_time_range, note, time_range_flag, schedule_status,  available_total_num, available_left_num ) VALUES ( 'SCH_DOC_DEPT018_1_20260322_1', '2026-03-22', '7', '1', '上午', '08:00', '12:00', 'DEPT018', '精神心理科', 'ROOM_DEPT018_1', '精神心理科门诊4诊室', 'DOC_DEPT018_1', '高敏', '03', '主治医师', '青少年厌学心理疏导', '1', '专家门诊', 'SRV_001', '主治医师挂号费', '15.00', '15.00', '0.00', '0.00', '0.00', '2,4,5,6,8,10,11,12,16,17,18,19,22,23,25,26,27,30', '主楼6层精神心理科候诊区', '08:00-12:00', '请提前15分钟候诊', '0', '1', '30', '9' );
INSERT INTO doctor_schedule ( m_code, service_date, week_day, session_code, session_name, start_time, end_time,  department_code, department_name, clinic_room_code, clinic_room_name,  doctor_code, doctor_name, doctor_title_code, doctor_title, doctor_spec,  doctor_sess_type_code, doctor_sess_type, service_code, service_name,  fee, reg_fee, checkup_fee, service_fee, other_fee, available_number_str,  admit_address_string, admit_time_range, note, time_range_flag, schedule_status,  available_total_num, available_left_num ) VALUES ( 'SCH_DOC_DEPT018_1_20260322_2', '2026-03-22', '7', '2', '下午', '13:30', '17:30', 'DEPT018', '精神心理科', 'ROOM_DEPT018_1', '精神心理科门诊4诊室', 'DOC_DEPT018_1', '高敏', '03', '主治医师', '青少年厌学心理疏导', '1', '专家门诊', 'SRV_001', '主治医师挂号费', '50.00', '50.00', '0.00', '0.00', '0.00', '1,2,3,4,6,7,8,9,10,11,12,13,15,17,18,19,20,21,22,23,25,26,28,30,32,33,36,37', '主楼1层精神心理科候诊区', '13:30-17:30', '请提前15分钟候诊', '0', '1', '37', '20' );
INSERT INTO doctor_schedule ( m_code, service_date, week_day, session_code, session_name, start_time, end_time,  department_code, department_name, clinic_room_code, clinic_room_name,  doctor_code, doctor_name, doctor_title_code, doctor_title, doctor_spec,  doctor_sess_type_code, doctor_sess_type, service_code, service_name,  fee, reg_fee, checkup_fee, service_fee, other_fee, available_number_str,  admit_address_string, admit_time_range, note, time_range_flag, schedule_status,  available_total_num, available_left_num ) VALUES ( 'SCH_DOC_DEPT018_1_20260323_1', '2026-03-23', '1', '1', '上午', '08:00', '12:00', 'DEPT018', '精神心理科', 'ROOM_DEPT018_2', '精神心理科门诊1诊室', 'DOC_DEPT018_1', '高敏', '03', '主治医师', '青少年厌学心理疏导', '1', '专家门诊', 'SRV_001', '主治医师挂号费', '50.00', '50.00', '0.00', '0.00', '0.00', '1,3,4,5,6,7,8,9,10,11,13,14,15,16,18,19,20', '主楼1层精神心理科候诊区', '08:00-12:00', '请提前15分钟候诊', '0', '1', '21', '15' );
INSERT INTO doctor_schedule ( m_code, service_date, week_day, session_code, session_name, start_time, end_time,  department_code, department_name, clinic_room_code, clinic_room_name,  doctor_code, doctor_name, doctor_title_code, doctor_title, doctor_spec,  doctor_sess_type_code, doctor_sess_type, service_code, service_name,  fee, reg_fee, checkup_fee, service_fee, other_fee, available_number_str,  admit_address_string, admit_time_range, note, time_range_flag, schedule_status,  available_total_num, available_left_num ) VALUES ( 'SCH_DOC_DEPT018_1_20260324_2', '2026-03-24', '2', '2', '下午', '13:30', '17:30', 'DEPT018', '精神心理科', 'ROOM_DEPT018_2', '精神心理科门诊1诊室', 'DOC_DEPT018_1', '高敏', '03', '主治医师', '青少年厌学心理疏导', '1', '专家门诊', 'SRV_001', '主治医师挂号费', '50.00', '50.00', '0.00', '0.00', '0.00', '1,3,4,5,6,8,9,10,12,15,18,19,22,23,24,26,32,33,34,35,36,37', '主楼2层精神心理科候诊区', '13:30-17:30', '请提前15分钟候诊', '0', '1', '38', '31' );
INSERT INTO doctor_schedule ( m_code, service_date, week_day, session_code, session_name, start_time, end_time,  department_code, department_name, clinic_room_code, clinic_room_name,  doctor_code, doctor_name, doctor_title_code, doctor_title, doctor_spec,  doctor_sess_type_code, doctor_sess_type, service_code, service_name,  fee, reg_fee, checkup_fee, service_fee, other_fee, available_number_str,  admit_address_string, admit_time_range, note, time_range_flag, schedule_status,  available_total_num, available_left_num ) VALUES ( 'SCH_DOC_DEPT018_1_20260325_2', '2026-03-25', '3', '2', '下午', '13:30', '17:30', 'DEPT018', '精神心理科', 'ROOM_DEPT018_2', '精神心理科门诊3诊室', 'DOC_DEPT018_1', '高敏', '03', '主治医师', '青少年厌学心理疏导', '1', '专家门诊', 'SRV_001', '主治医师挂号费', '50.00', '50.00', '0.00', '0.00', '0.00', '1,2,3,5,6,7,8,11,13,14,15,16,17,18,20,21,23,24,25,26', '主楼2层精神心理科候诊区', '13:30-17:30', '请提前15分钟候诊', '0', '1', '26', '24' );
INSERT INTO doctor_schedule ( m_code, service_date, week_day, session_code, session_name, start_time, end_time,  department_code, department_name, clinic_room_code, clinic_room_name,  doctor_code, doctor_name, doctor_title_code, doctor_title, doctor_spec,  doctor_sess_type_code, doctor_sess_type, service_code, service_name,  fee, reg_fee, checkup_fee, service_fee, other_fee, available_number_str,  admit_address_string, admit_time_range, note, time_range_flag, schedule_status,  available_total_num, available_left_num ) VALUES ( 'SCH_DOC_DEPT018_1_20260325_1', '2026-03-25', '3', '1', '上午', '08:00', '12:00', 'DEPT018', '精神心理科', 'ROOM_DEPT018_2', '精神心理科门诊2诊室', 'DOC_DEPT018_1', '高敏', '03', '主治医师', '青少年厌学心理疏导', '1', '专家门诊', 'SRV_001', '主治医师挂号费', '50.00', '50.00', '0.00', '0.00', '0.00', '1,2,3,4,6,7,8,9,11,12,13,15,17,18,22,23,24,25,27,28,29,30,31,32,33', '主楼1层精神心理科候诊区', '08:00-12:00', '请提前15分钟候诊', '0', '1', '33', '27' );
INSERT INTO doctor_schedule ( m_code, service_date, week_day, session_code, session_name, start_time, end_time,  department_code, department_name, clinic_room_code, clinic_room_name,  doctor_code, doctor_name, doctor_title_code, doctor_title, doctor_spec,  doctor_sess_type_code, doctor_sess_type, service_code, service_name,  fee, reg_fee, checkup_fee, service_fee, other_fee, available_number_str,  admit_address_string, admit_time_range, note, time_range_flag, schedule_status,  available_total_num, available_left_num ) VALUES ( 'SCH_DOC_DEPT018_1_20260326_1', '2026-03-26', '4', '1', '上午', '08:00', '12:00', 'DEPT018', '精神心理科', 'ROOM_DEPT018_5', '精神心理科门诊2诊室', 'DOC_DEPT018_1', '高敏', '03', '主治医师', '青少年厌学心理疏导', '1', '专家门诊', 'SRV_001', '主治医师挂号费', '15.00', '15.00', '0.00', '0.00', '0.00', '2,3,5,6,7,9,10,11,14,15,16,18,19,20,21,22,25,26,27,28,31,32,33,36,37,38', '主楼3层精神心理科候诊区', '08:00-12:00', '请提前15分钟候诊', '0', '1', '38', '8' );
INSERT INTO doctor_schedule ( m_code, service_date, week_day, session_code, session_name, start_time, end_time,  department_code, department_name, clinic_room_code, clinic_room_name,  doctor_code, doctor_name, doctor_title_code, doctor_title, doctor_spec,  doctor_sess_type_code, doctor_sess_type, service_code, service_name,  fee, reg_fee, checkup_fee, service_fee, other_fee, available_number_str,  admit_address_string, admit_time_range, note, time_range_flag, schedule_status,  available_total_num, available_left_num ) VALUES ( 'SCH_DOC_DEPT018_1_20260328_2', '2026-03-28', '6', '2', '下午', '13:30', '17:30', 'DEPT018', '精神心理科', 'ROOM_DEPT018_2', '精神心理科门诊1诊室', 'DOC_DEPT018_1', '高敏', '03', '主治医师', '青少年厌学心理疏导', '1', '专家门诊', 'SRV_001', '主治医师挂号费', '15.00', '15.00', '0.00', '0.00', '0.00', '1,2,3,5,7,8,9,14,15,16,17,20,22,24,25,26,29,31,33,34', '主楼3层精神心理科候诊区', '13:30-17:30', '请提前15分钟候诊', '0', '1', '34', '32' );
INSERT INTO doctor_schedule ( m_code, service_date, week_day, session_code, session_name, start_time, end_time,  department_code, department_name, clinic_room_code, clinic_room_name,  doctor_code, doctor_name, doctor_title_code, doctor_title, doctor_spec,  doctor_sess_type_code, doctor_sess_type, service_code, service_name,  fee, reg_fee, checkup_fee, service_fee, other_fee, available_number_str,  admit_address_string, admit_time_range, note, time_range_flag, schedule_status,  available_total_num, available_left_num ) VALUES ( 'SCH_DOC_DEPT018_1_20260329_2', '2026-03-29', '7', '2', '下午', '13:30', '17:30', 'DEPT018', '精神心理科', 'ROOM_DEPT018_2', '精神心理科门诊3诊室', 'DOC_DEPT018_1', '高敏', '03', '主治医师', '青少年厌学心理疏导', '1', '专家门诊', 'SRV_001', '主治医师挂号费', '50.00', '50.00', '0.00', '0.00', '0.00', '1,2,5,6,7,8,9,10,12,13,16,17,18,19,21,24,25,26,27,29,30,32,34,35,36,37,39', '主楼2层精神心理科候诊区', '13:30-17:30', '请提前15分钟候诊', '0', '1', '40', '20' );
INSERT INTO doctor (doctor_code, doctor_name, department_code, title, specialty, doctor_des, doctor_image) VALUES ('DOC_DEPT018_2', '郭霞', 'DEPT018', '副主任医师', '产后抑郁干预', '郭霞副主任医师，从事精神心理科临床工作26年，经验丰富。他擅长产后抑郁干预的诊疗，已成功治愈数千例相关患者。', 'doc_DOC_DEPT018_2.png');
INSERT INTO doctor_schedule ( m_code, service_date, week_day, session_code, session_name, start_time, end_time,  department_code, department_name, clinic_room_code, clinic_room_name,  doctor_code, doctor_name, doctor_title_code, doctor_title, doctor_spec,  doctor_sess_type_code, doctor_sess_type, service_code, service_name,  fee, reg_fee, checkup_fee, service_fee, other_fee, available_number_str,  admit_address_string, admit_time_range, note, time_range_flag, schedule_status,  available_total_num, available_left_num ) VALUES ( 'SCH_DOC_DEPT018_2_20260317_1', '2026-03-17', '2', '1', '上午', '08:00', '12:00', 'DEPT018', '精神心理科', 'ROOM_DEPT018_4', '精神心理科门诊3诊室', 'DOC_DEPT018_2', '郭霞', '02', '副主任医师', '产后抑郁干预', '1', '专家门诊', 'SRV_001', '副主任医师挂号费', '50.00', '50.00', '0.00', '0.00', '0.00', '1,2,3,5,6,7,8,10,11,13,14,15,19,20,21', '主楼4层精神心理科候诊区', '08:00-12:00', '请提前15分钟候诊', '0', '1', '21', '6' );
INSERT INTO doctor_schedule ( m_code, service_date, week_day, session_code, session_name, start_time, end_time,  department_code, department_name, clinic_room_code, clinic_room_name,  doctor_code, doctor_name, doctor_title_code, doctor_title, doctor_spec,  doctor_sess_type_code, doctor_sess_type, service_code, service_name,  fee, reg_fee, checkup_fee, service_fee, other_fee, available_number_str,  admit_address_string, admit_time_range, note, time_range_flag, schedule_status,  available_total_num, available_left_num ) VALUES ( 'SCH_DOC_DEPT018_2_20260317_2', '2026-03-17', '2', '2', '下午', '13:30', '17:30', 'DEPT018', '精神心理科', 'ROOM_DEPT018_3', '精神心理科门诊5诊室', 'DOC_DEPT018_2', '郭霞', '02', '副主任医师', '产后抑郁干预', '1', '专家门诊', 'SRV_001', '副主任医师挂号费', '50.00', '50.00', '0.00', '0.00', '0.00', '1,2,5,6,7,8,9,11,12,13,14,15,16,17,18,19,20,21,22,23,24,27,28,29', '主楼1层精神心理科候诊区', '13:30-17:30', '请提前15分钟候诊', '0', '1', '29', '25' );
INSERT INTO doctor_schedule ( m_code, service_date, week_day, session_code, session_name, start_time, end_time,  department_code, department_name, clinic_room_code, clinic_room_name,  doctor_code, doctor_name, doctor_title_code, doctor_title, doctor_spec,  doctor_sess_type_code, doctor_sess_type, service_code, service_name,  fee, reg_fee, checkup_fee, service_fee, other_fee, available_number_str,  admit_address_string, admit_time_range, note, time_range_flag, schedule_status,  available_total_num, available_left_num ) VALUES ( 'SCH_DOC_DEPT018_2_20260319_2', '2026-03-19', '4', '2', '下午', '13:30', '17:30', 'DEPT018', '精神心理科', 'ROOM_DEPT018_5', '精神心理科门诊2诊室', 'DOC_DEPT018_2', '郭霞', '02', '副主任医师', '产后抑郁干预', '1', '专家门诊', 'SRV_001', '副主任医师挂号费', '20.00', '20.00', '0.00', '0.00', '0.00', '1,2,3,4,5,6,7,8,9,12,13,14,15,16,18,19,21,22,25,26,27', '主楼6层精神心理科候诊区', '13:30-17:30', '请提前15分钟候诊', '0', '1', '27', '25' );
INSERT INTO doctor_schedule ( m_code, service_date, week_day, session_code, session_name, start_time, end_time,  department_code, department_name, clinic_room_code, clinic_room_name,  doctor_code, doctor_name, doctor_title_code, doctor_title, doctor_spec,  doctor_sess_type_code, doctor_sess_type, service_code, service_name,  fee, reg_fee, checkup_fee, service_fee, other_fee, available_number_str,  admit_address_string, admit_time_range, note, time_range_flag, schedule_status,  available_total_num, available_left_num ) VALUES ( 'SCH_DOC_DEPT018_2_20260320_2', '2026-03-20', '5', '2', '下午', '13:30', '17:30', 'DEPT018', '精神心理科', 'ROOM_DEPT018_1', '精神心理科门诊4诊室', 'DOC_DEPT018_2', '郭霞', '02', '副主任医师', '产后抑郁干预', '1', '专家门诊', 'SRV_001', '副主任医师挂号费', '15.00', '15.00', '0.00', '0.00', '0.00', '1,2,3,4,5,6,8,9,10,12,13,14,15,16,18,19,21,22,24,25,26,27,28,30,31,32,35,36', '主楼2层精神心理科候诊区', '13:30-17:30', '请提前15分钟候诊', '0', '1', '36', '22' );
INSERT INTO doctor_schedule ( m_code, service_date, week_day, session_code, session_name, start_time, end_time,  department_code, department_name, clinic_room_code, clinic_room_name,  doctor_code, doctor_name, doctor_title_code, doctor_title, doctor_spec,  doctor_sess_type_code, doctor_sess_type, service_code, service_name,  fee, reg_fee, checkup_fee, service_fee, other_fee, available_number_str,  admit_address_string, admit_time_range, note, time_range_flag, schedule_status,  available_total_num, available_left_num ) VALUES ( 'SCH_DOC_DEPT018_2_20260322_1', '2026-03-22', '7', '1', '上午', '08:00', '12:00', 'DEPT018', '精神心理科', 'ROOM_DEPT018_3', '精神心理科门诊2诊室', 'DOC_DEPT018_2', '郭霞', '02', '副主任医师', '产后抑郁干预', '1', '专家门诊', 'SRV_001', '副主任医师挂号费', '50.00', '50.00', '0.00', '0.00', '0.00', '2,4,5,6,8,10,11,12,13,14,15,16,17,19', '主楼5层精神心理科候诊区', '08:00-12:00', '请提前15分钟候诊', '0', '1', '19', '16' );
INSERT INTO doctor_schedule ( m_code, service_date, week_day, session_code, session_name, start_time, end_time,  department_code, department_name, clinic_room_code, clinic_room_name,  doctor_code, doctor_name, doctor_title_code, doctor_title, doctor_spec,  doctor_sess_type_code, doctor_sess_type, service_code, service_name,  fee, reg_fee, checkup_fee, service_fee, other_fee, available_number_str,  admit_address_string, admit_time_range, note, time_range_flag, schedule_status,  available_total_num, available_left_num ) VALUES ( 'SCH_DOC_DEPT018_2_20260323_1', '2026-03-23', '1', '1', '上午', '08:00', '12:00', 'DEPT018', '精神心理科', 'ROOM_DEPT018_3', '精神心理科门诊5诊室', 'DOC_DEPT018_2', '郭霞', '02', '副主任医师', '产后抑郁干预', '1', '专家门诊', 'SRV_001', '副主任医师挂号费', '15.00', '15.00', '0.00', '0.00', '0.00', '2,4,7,8,10,11,12,13,14,15,16,17,18,19,20,21,23,25,27', '主楼3层精神心理科候诊区', '08:00-12:00', '请提前15分钟候诊', '0', '1', '27', '24' );
INSERT INTO doctor_schedule ( m_code, service_date, week_day, session_code, session_name, start_time, end_time,  department_code, department_name, clinic_room_code, clinic_room_name,  doctor_code, doctor_name, doctor_title_code, doctor_title, doctor_spec,  doctor_sess_type_code, doctor_sess_type, service_code, service_name,  fee, reg_fee, checkup_fee, service_fee, other_fee, available_number_str,  admit_address_string, admit_time_range, note, time_range_flag, schedule_status,  available_total_num, available_left_num ) VALUES ( 'SCH_DOC_DEPT018_2_20260324_1', '2026-03-24', '2', '1', '上午', '08:00', '12:00', 'DEPT018', '精神心理科', 'ROOM_DEPT018_1', '精神心理科门诊3诊室', 'DOC_DEPT018_2', '郭霞', '02', '副主任医师', '产后抑郁干预', '1', '专家门诊', 'SRV_001', '副主任医师挂号费', '15.00', '15.00', '0.00', '0.00', '0.00', '1,2,4,5,6,7,9,10,12,13,17,18,19,23,24', '主楼6层精神心理科候诊区', '08:00-12:00', '请提前15分钟候诊', '0', '1', '26', '11' );
INSERT INTO doctor_schedule ( m_code, service_date, week_day, session_code, session_name, start_time, end_time,  department_code, department_name, clinic_room_code, clinic_room_name,  doctor_code, doctor_name, doctor_title_code, doctor_title, doctor_spec,  doctor_sess_type_code, doctor_sess_type, service_code, service_name,  fee, reg_fee, checkup_fee, service_fee, other_fee, available_number_str,  admit_address_string, admit_time_range, note, time_range_flag, schedule_status,  available_total_num, available_left_num ) VALUES ( 'SCH_DOC_DEPT018_2_20260325_1', '2026-03-25', '3', '1', '上午', '08:00', '12:00', 'DEPT018', '精神心理科', 'ROOM_DEPT018_2', '精神心理科门诊2诊室', 'DOC_DEPT018_2', '郭霞', '02', '副主任医师', '产后抑郁干预', '1', '专家门诊', 'SRV_001', '副主任医师挂号费', '50.00', '50.00', '0.00', '0.00', '0.00', '1,5,6,7,8,10,12,13,14,15,16,17,18,19,21,22,23,24,28,30,31,33,34,36,37', '主楼6层精神心理科候诊区', '08:00-12:00', '请提前15分钟候诊', '0', '1', '37', '23' );
INSERT INTO doctor_schedule ( m_code, service_date, week_day, session_code, session_name, start_time, end_time,  department_code, department_name, clinic_room_code, clinic_room_name,  doctor_code, doctor_name, doctor_title_code, doctor_title, doctor_spec,  doctor_sess_type_code, doctor_sess_type, service_code, service_name,  fee, reg_fee, checkup_fee, service_fee, other_fee, available_number_str,  admit_address_string, admit_time_range, note, time_range_flag, schedule_status,  available_total_num, available_left_num ) VALUES ( 'SCH_DOC_DEPT018_2_20260325_2', '2026-03-25', '3', '2', '下午', '13:30', '17:30', 'DEPT018', '精神心理科', 'ROOM_DEPT018_3', '精神心理科门诊2诊室', 'DOC_DEPT018_2', '郭霞', '02', '副主任医师', '产后抑郁干预', '1', '专家门诊', 'SRV_001', '副主任医师挂号费', '50.00', '50.00', '0.00', '0.00', '0.00', '1,2,4,5,6,7,8,9,10,13,15,16,17,19,20,21', '主楼4层精神心理科候诊区', '13:30-17:30', '请提前15分钟候诊', '0', '1', '21', '18' );
INSERT INTO doctor_schedule ( m_code, service_date, week_day, session_code, session_name, start_time, end_time,  department_code, department_name, clinic_room_code, clinic_room_name,  doctor_code, doctor_name, doctor_title_code, doctor_title, doctor_spec,  doctor_sess_type_code, doctor_sess_type, service_code, service_name,  fee, reg_fee, checkup_fee, service_fee, other_fee, available_number_str,  admit_address_string, admit_time_range, note, time_range_flag, schedule_status,  available_total_num, available_left_num ) VALUES ( 'SCH_DOC_DEPT018_2_20260327_2', '2026-03-27', '5', '2', '下午', '13:30', '17:30', 'DEPT018', '精神心理科', 'ROOM_DEPT018_1', '精神心理科门诊2诊室', 'DOC_DEPT018_2', '郭霞', '02', '副主任医师', '产后抑郁干预', '1', '专家门诊', 'SRV_001', '副主任医师挂号费', '50.00', '50.00', '0.00', '0.00', '0.00', '1,2,3,4,6,7,10,11,13,14,15,17', '主楼2层精神心理科候诊区', '13:30-17:30', '请提前15分钟候诊', '0', '1', '17', '14' );
INSERT INTO doctor_schedule ( m_code, service_date, week_day, session_code, session_name, start_time, end_time,  department_code, department_name, clinic_room_code, clinic_room_name,  doctor_code, doctor_name, doctor_title_code, doctor_title, doctor_spec,  doctor_sess_type_code, doctor_sess_type, service_code, service_name,  fee, reg_fee, checkup_fee, service_fee, other_fee, available_number_str,  admit_address_string, admit_time_range, note, time_range_flag, schedule_status,  available_total_num, available_left_num ) VALUES ( 'SCH_DOC_DEPT018_2_20260327_1', '2026-03-27', '5', '1', '上午', '08:00', '12:00', 'DEPT018', '精神心理科', 'ROOM_DEPT018_1', '精神心理科门诊4诊室', 'DOC_DEPT018_2', '郭霞', '02', '副主任医师', '产后抑郁干预', '1', '专家门诊', 'SRV_001', '副主任医师挂号费', '20.00', '20.00', '0.00', '0.00', '0.00', '1,2,3,4,5,6,7,12,14,15', '主楼1层精神心理科候诊区', '08:00-12:00', '请提前15分钟候诊', '0', '1', '15', '3' );
INSERT INTO doctor_schedule ( m_code, service_date, week_day, session_code, session_name, start_time, end_time,  department_code, department_name, clinic_room_code, clinic_room_name,  doctor_code, doctor_name, doctor_title_code, doctor_title, doctor_spec,  doctor_sess_type_code, doctor_sess_type, service_code, service_name,  fee, reg_fee, checkup_fee, service_fee, other_fee, available_number_str,  admit_address_string, admit_time_range, note, time_range_flag, schedule_status,  available_total_num, available_left_num ) VALUES ( 'SCH_DOC_DEPT018_2_20260328_1', '2026-03-28', '6', '1', '上午', '08:00', '12:00', 'DEPT018', '精神心理科', 'ROOM_DEPT018_2', '精神心理科门诊1诊室', 'DOC_DEPT018_2', '郭霞', '02', '副主任医师', '产后抑郁干预', '1', '专家门诊', 'SRV_001', '副主任医师挂号费', '50.00', '50.00', '0.00', '0.00', '0.00', '5,6,7,8,9,10,11,12,14,15,16,17,18,19,21,22,23,24,26,27,28,29,31,32,33', '主楼1层精神心理科候诊区', '08:00-12:00', '请提前15分钟候诊', '0', '1', '33', '25' );
INSERT INTO doctor_schedule ( m_code, service_date, week_day, session_code, session_name, start_time, end_time,  department_code, department_name, clinic_room_code, clinic_room_name,  doctor_code, doctor_name, doctor_title_code, doctor_title, doctor_spec,  doctor_sess_type_code, doctor_sess_type, service_code, service_name,  fee, reg_fee, checkup_fee, service_fee, other_fee, available_number_str,  admit_address_string, admit_time_range, note, time_range_flag, schedule_status,  available_total_num, available_left_num ) VALUES ( 'SCH_DOC_DEPT018_2_20260328_2', '2026-03-28', '6', '2', '下午', '13:30', '17:30', 'DEPT018', '精神心理科', 'ROOM_DEPT018_1', '精神心理科门诊5诊室', 'DOC_DEPT018_2', '郭霞', '02', '副主任医师', '产后抑郁干预', '1', '专家门诊', 'SRV_001', '副主任医师挂号费', '50.00', '50.00', '0.00', '0.00', '0.00', '3,5,6,7,8,9,11,12,14,15,17,19,21,22,24,27,28,29,30,33,34,35,36,37,38', '主楼2层精神心理科候诊区', '13:30-17:30', '请提前15分钟候诊', '0', '1', '38', '30' );
INSERT INTO doctor_schedule ( m_code, service_date, week_day, session_code, session_name, start_time, end_time,  department_code, department_name, clinic_room_code, clinic_room_name,  doctor_code, doctor_name, doctor_title_code, doctor_title, doctor_spec,  doctor_sess_type_code, doctor_sess_type, service_code, service_name,  fee, reg_fee, checkup_fee, service_fee, other_fee, available_number_str,  admit_address_string, admit_time_range, note, time_range_flag, schedule_status,  available_total_num, available_left_num ) VALUES ( 'SCH_DOC_DEPT018_2_20260329_2', '2026-03-29', '7', '2', '下午', '13:30', '17:30', 'DEPT018', '精神心理科', 'ROOM_DEPT018_4', '精神心理科门诊3诊室', 'DOC_DEPT018_2', '郭霞', '02', '副主任医师', '产后抑郁干预', '1', '专家门诊', 'SRV_001', '副主任医师挂号费', '20.00', '20.00', '0.00', '0.00', '0.00', '1,2,3,5,6,7,8,9,10,12,14,15,16,17,18,19,20,21,22,23,24,25,26,28,29,30,32,34,36,38', '主楼6层精神心理科候诊区', '13:30-17:30', '请提前15分钟候诊', '0', '1', '38', '28' );
INSERT INTO doctor (doctor_code, doctor_name, department_code, title, specialty, doctor_des, doctor_image) VALUES ('DOC_DEPT018_3', '张静', 'DEPT018', '副主任医师', '难治性失眠管理', '张静副主任医师，从事精神心理科临床工作11年，医术精湛。他擅长难治性失眠管理的诊疗，已成功治愈数千例相关患者。', 'doc_DOC_DEPT018_3.png');
INSERT INTO doctor_schedule ( m_code, service_date, week_day, session_code, session_name, start_time, end_time,  department_code, department_name, clinic_room_code, clinic_room_name,  doctor_code, doctor_name, doctor_title_code, doctor_title, doctor_spec,  doctor_sess_type_code, doctor_sess_type, service_code, service_name,  fee, reg_fee, checkup_fee, service_fee, other_fee, available_number_str,  admit_address_string, admit_time_range, note, time_range_flag, schedule_status,  available_total_num, available_left_num ) VALUES ( 'SCH_DOC_DEPT018_3_20260316_1', '2026-03-16', '1', '1', '上午', '08:00', '12:00', 'DEPT018', '精神心理科', 'ROOM_DEPT018_3', '精神心理科门诊5诊室', 'DOC_DEPT018_3', '张静', '02', '副主任医师', '难治性失眠管理', '1', '专家门诊', 'SRV_001', '副主任医师挂号费', '50.00', '50.00', '0.00', '0.00', '0.00', '1,4,5,7,8,9,10,11,12,18', '主楼2层精神心理科候诊区', '08:00-12:00', '请提前15分钟候诊', '0', '1', '18', '15' );
INSERT INTO doctor_schedule ( m_code, service_date, week_day, session_code, session_name, start_time, end_time,  department_code, department_name, clinic_room_code, clinic_room_name,  doctor_code, doctor_name, doctor_title_code, doctor_title, doctor_spec,  doctor_sess_type_code, doctor_sess_type, service_code, service_name,  fee, reg_fee, checkup_fee, service_fee, other_fee, available_number_str,  admit_address_string, admit_time_range, note, time_range_flag, schedule_status,  available_total_num, available_left_num ) VALUES ( 'SCH_DOC_DEPT018_3_20260317_1', '2026-03-17', '2', '1', '上午', '08:00', '12:00', 'DEPT018', '精神心理科', 'ROOM_DEPT018_3', '精神心理科门诊1诊室', 'DOC_DEPT018_3', '张静', '02', '副主任医师', '难治性失眠管理', '1', '专家门诊', 'SRV_001', '副主任医师挂号费', '15.00', '15.00', '0.00', '0.00', '0.00', '1,2,3,4,6,7,8,9,11,13,14,15,17,18,19,20,22,23,25,27,28,30,32,33,34', '主楼4层精神心理科候诊区', '08:00-12:00', '请提前15分钟候诊', '0', '1', '35', '24' );
INSERT INTO doctor_schedule ( m_code, service_date, week_day, session_code, session_name, start_time, end_time,  department_code, department_name, clinic_room_code, clinic_room_name,  doctor_code, doctor_name, doctor_title_code, doctor_title, doctor_spec,  doctor_sess_type_code, doctor_sess_type, service_code, service_name,  fee, reg_fee, checkup_fee, service_fee, other_fee, available_number_str,  admit_address_string, admit_time_range, note, time_range_flag, schedule_status,  available_total_num, available_left_num ) VALUES ( 'SCH_DOC_DEPT018_3_20260317_2', '2026-03-17', '2', '2', '下午', '13:30', '17:30', 'DEPT018', '精神心理科', 'ROOM_DEPT018_1', '精神心理科门诊1诊室', 'DOC_DEPT018_3', '张静', '02', '副主任医师', '难治性失眠管理', '1', '专家门诊', 'SRV_001', '副主任医师挂号费', '15.00', '15.00', '0.00', '0.00', '0.00', '2,3,4,6,7,8,9,11,13,15,18,19,21,22,25,26,27,28,29,30,31,32,33,35,36,37', '主楼2层精神心理科候诊区', '13:30-17:30', '请提前15分钟候诊', '0', '1', '38', '11' );
INSERT INTO doctor_schedule ( m_code, service_date, week_day, session_code, session_name, start_time, end_time,  department_code, department_name, clinic_room_code, clinic_room_name,  doctor_code, doctor_name, doctor_title_code, doctor_title, doctor_spec,  doctor_sess_type_code, doctor_sess_type, service_code, service_name,  fee, reg_fee, checkup_fee, service_fee, other_fee, available_number_str,  admit_address_string, admit_time_range, note, time_range_flag, schedule_status,  available_total_num, available_left_num ) VALUES ( 'SCH_DOC_DEPT018_3_20260319_1', '2026-03-19', '4', '1', '上午', '08:00', '12:00', 'DEPT018', '精神心理科', 'ROOM_DEPT018_3', '精神心理科门诊5诊室', 'DOC_DEPT018_3', '张静', '02', '副主任医师', '难治性失眠管理', '1', '专家门诊', 'SRV_001', '副主任医师挂号费', '15.00', '15.00', '0.00', '0.00', '0.00', '1,3,4,6,7,8,9,10,11,14,15,16,17,18,19', '主楼4层精神心理科候诊区', '08:00-12:00', '请提前15分钟候诊', '0', '1', '19', '12' );
INSERT INTO doctor_schedule ( m_code, service_date, week_day, session_code, session_name, start_time, end_time,  department_code, department_name, clinic_room_code, clinic_room_name,  doctor_code, doctor_name, doctor_title_code, doctor_title, doctor_spec,  doctor_sess_type_code, doctor_sess_type, service_code, service_name,  fee, reg_fee, checkup_fee, service_fee, other_fee, available_number_str,  admit_address_string, admit_time_range, note, time_range_flag, schedule_status,  available_total_num, available_left_num ) VALUES ( 'SCH_DOC_DEPT018_3_20260320_1', '2026-03-20', '5', '1', '上午', '08:00', '12:00', 'DEPT018', '精神心理科', 'ROOM_DEPT018_2', '精神心理科门诊3诊室', 'DOC_DEPT018_3', '张静', '02', '副主任医师', '难治性失眠管理', '1', '专家门诊', 'SRV_001', '副主任医师挂号费', '15.00', '15.00', '0.00', '0.00', '0.00', '1,5,6,7,9,10,12,13,14,15,18,19,20', '主楼2层精神心理科候诊区', '08:00-12:00', '请提前15分钟候诊', '0', '1', '22', '18' );
INSERT INTO doctor_schedule ( m_code, service_date, week_day, session_code, session_name, start_time, end_time,  department_code, department_name, clinic_room_code, clinic_room_name,  doctor_code, doctor_name, doctor_title_code, doctor_title, doctor_spec,  doctor_sess_type_code, doctor_sess_type, service_code, service_name,  fee, reg_fee, checkup_fee, service_fee, other_fee, available_number_str,  admit_address_string, admit_time_range, note, time_range_flag, schedule_status,  available_total_num, available_left_num ) VALUES ( 'SCH_DOC_DEPT018_3_20260320_2', '2026-03-20', '5', '2', '下午', '13:30', '17:30', 'DEPT018', '精神心理科', 'ROOM_DEPT018_1', '精神心理科门诊5诊室', 'DOC_DEPT018_3', '张静', '02', '副主任医师', '难治性失眠管理', '1', '专家门诊', 'SRV_001', '副主任医师挂号费', '15.00', '15.00', '0.00', '0.00', '0.00', '1,2,4,6,7,8,9,10,12,14,15,16,17,18,19,20', '主楼2层精神心理科候诊区', '13:30-17:30', '请提前15分钟候诊', '0', '1', '23', '6' );
INSERT INTO doctor_schedule ( m_code, service_date, week_day, session_code, session_name, start_time, end_time,  department_code, department_name, clinic_room_code, clinic_room_name,  doctor_code, doctor_name, doctor_title_code, doctor_title, doctor_spec,  doctor_sess_type_code, doctor_sess_type, service_code, service_name,  fee, reg_fee, checkup_fee, service_fee, other_fee, available_number_str,  admit_address_string, admit_time_range, note, time_range_flag, schedule_status,  available_total_num, available_left_num ) VALUES ( 'SCH_DOC_DEPT018_3_20260321_2', '2026-03-21', '6', '2', '下午', '13:30', '17:30', 'DEPT018', '精神心理科', 'ROOM_DEPT018_1', '精神心理科门诊1诊室', 'DOC_DEPT018_3', '张静', '02', '副主任医师', '难治性失眠管理', '1', '专家门诊', 'SRV_001', '副主任医师挂号费', '20.00', '20.00', '0.00', '0.00', '0.00', '3,4,5,6,7,8,11,12,13,15,18,21', '主楼5层精神心理科候诊区', '13:30-17:30', '请提前15分钟候诊', '0', '1', '21', '6' );
INSERT INTO doctor_schedule ( m_code, service_date, week_day, session_code, session_name, start_time, end_time,  department_code, department_name, clinic_room_code, clinic_room_name,  doctor_code, doctor_name, doctor_title_code, doctor_title, doctor_spec,  doctor_sess_type_code, doctor_sess_type, service_code, service_name,  fee, reg_fee, checkup_fee, service_fee, other_fee, available_number_str,  admit_address_string, admit_time_range, note, time_range_flag, schedule_status,  available_total_num, available_left_num ) VALUES ( 'SCH_DOC_DEPT018_3_20260324_2', '2026-03-24', '2', '2', '下午', '13:30', '17:30', 'DEPT018', '精神心理科', 'ROOM_DEPT018_1', '精神心理科门诊3诊室', 'DOC_DEPT018_3', '张静', '02', '副主任医师', '难治性失眠管理', '1', '专家门诊', 'SRV_001', '副主任医师挂号费', '15.00', '15.00', '0.00', '0.00', '0.00', '1,2,3,4,5,6,7,8,9,10,12,13,15,16,17,18,19,23,25,26', '主楼4层精神心理科候诊区', '13:30-17:30', '请提前15分钟候诊', '0', '1', '27', '19' );
INSERT INTO doctor_schedule ( m_code, service_date, week_day, session_code, session_name, start_time, end_time,  department_code, department_name, clinic_room_code, clinic_room_name,  doctor_code, doctor_name, doctor_title_code, doctor_title, doctor_spec,  doctor_sess_type_code, doctor_sess_type, service_code, service_name,  fee, reg_fee, checkup_fee, service_fee, other_fee, available_number_str,  admit_address_string, admit_time_range, note, time_range_flag, schedule_status,  available_total_num, available_left_num ) VALUES ( 'SCH_DOC_DEPT018_3_20260326_1', '2026-03-26', '4', '1', '上午', '08:00', '12:00', 'DEPT018', '精神心理科', 'ROOM_DEPT018_5', '精神心理科门诊3诊室', 'DOC_DEPT018_3', '张静', '02', '副主任医师', '难治性失眠管理', '1', '专家门诊', 'SRV_001', '副主任医师挂号费', '50.00', '50.00', '0.00', '0.00', '0.00', '1,2,4,5,6,7,8,9,10,12,13,15,16,17,18,19,20,21,23,24,25,26,27,28,30,31', '主楼5层精神心理科候诊区', '08:00-12:00', '请提前15分钟候诊', '0', '1', '31', '23' );
INSERT INTO doctor_schedule ( m_code, service_date, week_day, session_code, session_name, start_time, end_time,  department_code, department_name, clinic_room_code, clinic_room_name,  doctor_code, doctor_name, doctor_title_code, doctor_title, doctor_spec,  doctor_sess_type_code, doctor_sess_type, service_code, service_name,  fee, reg_fee, checkup_fee, service_fee, other_fee, available_number_str,  admit_address_string, admit_time_range, note, time_range_flag, schedule_status,  available_total_num, available_left_num ) VALUES ( 'SCH_DOC_DEPT018_3_20260326_2', '2026-03-26', '4', '2', '下午', '13:30', '17:30', 'DEPT018', '精神心理科', 'ROOM_DEPT018_2', '精神心理科门诊2诊室', 'DOC_DEPT018_3', '张静', '02', '副主任医师', '难治性失眠管理', '1', '专家门诊', 'SRV_001', '副主任医师挂号费', '20.00', '20.00', '0.00', '0.00', '0.00', '2,3,5,6,7,8,9,11,12,15,16,17,21,22,24,25,26', '主楼1层精神心理科候诊区', '13:30-17:30', '请提前15分钟候诊', '0', '1', '26', '23' );
INSERT INTO doctor_schedule ( m_code, service_date, week_day, session_code, session_name, start_time, end_time,  department_code, department_name, clinic_room_code, clinic_room_name,  doctor_code, doctor_name, doctor_title_code, doctor_title, doctor_spec,  doctor_sess_type_code, doctor_sess_type, service_code, service_name,  fee, reg_fee, checkup_fee, service_fee, other_fee, available_number_str,  admit_address_string, admit_time_range, note, time_range_flag, schedule_status,  available_total_num, available_left_num ) VALUES ( 'SCH_DOC_DEPT018_3_20260328_2', '2026-03-28', '6', '2', '下午', '13:30', '17:30', 'DEPT018', '精神心理科', 'ROOM_DEPT018_2', '精神心理科门诊1诊室', 'DOC_DEPT018_3', '张静', '02', '副主任医师', '难治性失眠管理', '1', '专家门诊', 'SRV_001', '副主任医师挂号费', '50.00', '50.00', '0.00', '0.00', '0.00', '1,2,4,5,6,7,8,9,10,12,13,14,16,18,19,20,22,23,26,27,28,29,30,35', '主楼6层精神心理科候诊区', '13:30-17:30', '请提前15分钟候诊', '0', '1', '36', '11' );
INSERT INTO doctor_schedule ( m_code, service_date, week_day, session_code, session_name, start_time, end_time,  department_code, department_name, clinic_room_code, clinic_room_name,  doctor_code, doctor_name, doctor_title_code, doctor_title, doctor_spec,  doctor_sess_type_code, doctor_sess_type, service_code, service_name,  fee, reg_fee, checkup_fee, service_fee, other_fee, available_number_str,  admit_address_string, admit_time_range, note, time_range_flag, schedule_status,  available_total_num, available_left_num ) VALUES ( 'SCH_DOC_DEPT018_3_20260328_1', '2026-03-28', '6', '1', '上午', '08:00', '12:00', 'DEPT018', '精神心理科', 'ROOM_DEPT018_4', '精神心理科门诊1诊室', 'DOC_DEPT018_3', '张静', '02', '副主任医师', '难治性失眠管理', '1', '专家门诊', 'SRV_001', '副主任医师挂号费', '20.00', '20.00', '0.00', '0.00', '0.00', '2,3,4,5,8,9,10,11,13,15,16,18,19,20,22,23,24,25,26', '主楼3层精神心理科候诊区', '08:00-12:00', '请提前15分钟候诊', '0', '1', '27', '8' );
INSERT INTO doctor_schedule ( m_code, service_date, week_day, session_code, session_name, start_time, end_time,  department_code, department_name, clinic_room_code, clinic_room_name,  doctor_code, doctor_name, doctor_title_code, doctor_title, doctor_spec,  doctor_sess_type_code, doctor_sess_type, service_code, service_name,  fee, reg_fee, checkup_fee, service_fee, other_fee, available_number_str,  admit_address_string, admit_time_range, note, time_range_flag, schedule_status,  available_total_num, available_left_num ) VALUES ( 'SCH_DOC_DEPT018_3_20260329_2', '2026-03-29', '7', '2', '下午', '13:30', '17:30', 'DEPT018', '精神心理科', 'ROOM_DEPT018_1', '精神心理科门诊5诊室', 'DOC_DEPT018_3', '张静', '02', '副主任医师', '难治性失眠管理', '1', '专家门诊', 'SRV_001', '副主任医师挂号费', '20.00', '20.00', '0.00', '0.00', '0.00', '4,5,8,9,10,12,14,16,17,18', '主楼6层精神心理科候诊区', '13:30-17:30', '请提前15分钟候诊', '0', '1', '19', '7' );
INSERT INTO doctor (doctor_code, doctor_name, department_code, title, specialty, doctor_des, doctor_image) VALUES ('DOC_DEPT018_4', '孙霞', 'DEPT018', '副主任医师', '社交恐惧障碍', '孙霞副主任医师，从事精神心理科临床工作26年，具备深厚的临床背景。他专注于社交恐惧障碍的诊疗，已成功治愈数千例相关患者。', 'doc_DOC_DEPT018_4.png');
INSERT INTO doctor_schedule ( m_code, service_date, week_day, session_code, session_name, start_time, end_time,  department_code, department_name, clinic_room_code, clinic_room_name,  doctor_code, doctor_name, doctor_title_code, doctor_title, doctor_spec,  doctor_sess_type_code, doctor_sess_type, service_code, service_name,  fee, reg_fee, checkup_fee, service_fee, other_fee, available_number_str,  admit_address_string, admit_time_range, note, time_range_flag, schedule_status,  available_total_num, available_left_num ) VALUES ( 'SCH_DOC_DEPT018_4_20260316_2', '2026-03-16', '1', '2', '下午', '13:30', '17:30', 'DEPT018', '精神心理科', 'ROOM_DEPT018_3', '精神心理科门诊4诊室', 'DOC_DEPT018_4', '孙霞', '02', '副主任医师', '社交恐惧障碍', '1', '专家门诊', 'SRV_001', '副主任医师挂号费', '50.00', '50.00', '0.00', '0.00', '0.00', '1,4,5,6,7,8,10,12,15,16,17,18,19,20,24,25', '主楼3层精神心理科候诊区', '13:30-17:30', '请提前15分钟候诊', '0', '1', '25', '15' );
INSERT INTO doctor_schedule ( m_code, service_date, week_day, session_code, session_name, start_time, end_time,  department_code, department_name, clinic_room_code, clinic_room_name,  doctor_code, doctor_name, doctor_title_code, doctor_title, doctor_spec,  doctor_sess_type_code, doctor_sess_type, service_code, service_name,  fee, reg_fee, checkup_fee, service_fee, other_fee, available_number_str,  admit_address_string, admit_time_range, note, time_range_flag, schedule_status,  available_total_num, available_left_num ) VALUES ( 'SCH_DOC_DEPT018_4_20260316_1', '2026-03-16', '1', '1', '上午', '08:00', '12:00', 'DEPT018', '精神心理科', 'ROOM_DEPT018_4', '精神心理科门诊4诊室', 'DOC_DEPT018_4', '孙霞', '02', '副主任医师', '社交恐惧障碍', '1', '专家门诊', 'SRV_001', '副主任医师挂号费', '20.00', '20.00', '0.00', '0.00', '0.00', '2,3,4,5,6,8,9,10,11,12,13,14,15,20,21,22,23,24,26,27,30,31,33,34', '主楼1层精神心理科候诊区', '08:00-12:00', '请提前15分钟候诊', '0', '1', '34', '16' );
INSERT INTO doctor_schedule ( m_code, service_date, week_day, session_code, session_name, start_time, end_time,  department_code, department_name, clinic_room_code, clinic_room_name,  doctor_code, doctor_name, doctor_title_code, doctor_title, doctor_spec,  doctor_sess_type_code, doctor_sess_type, service_code, service_name,  fee, reg_fee, checkup_fee, service_fee, other_fee, available_number_str,  admit_address_string, admit_time_range, note, time_range_flag, schedule_status,  available_total_num, available_left_num ) VALUES ( 'SCH_DOC_DEPT018_4_20260317_2', '2026-03-17', '2', '2', '下午', '13:30', '17:30', 'DEPT018', '精神心理科', 'ROOM_DEPT018_2', '精神心理科门诊5诊室', 'DOC_DEPT018_4', '孙霞', '02', '副主任医师', '社交恐惧障碍', '1', '专家门诊', 'SRV_001', '副主任医师挂号费', '15.00', '15.00', '0.00', '0.00', '0.00', '4,5,6,7,8,9,10,13,14,17,23,24,25,26,27,29,30,31', '主楼3层精神心理科候诊区', '13:30-17:30', '请提前15分钟候诊', '0', '1', '31', '13' );
INSERT INTO doctor_schedule ( m_code, service_date, week_day, session_code, session_name, start_time, end_time,  department_code, department_name, clinic_room_code, clinic_room_name,  doctor_code, doctor_name, doctor_title_code, doctor_title, doctor_spec,  doctor_sess_type_code, doctor_sess_type, service_code, service_name,  fee, reg_fee, checkup_fee, service_fee, other_fee, available_number_str,  admit_address_string, admit_time_range, note, time_range_flag, schedule_status,  available_total_num, available_left_num ) VALUES ( 'SCH_DOC_DEPT018_4_20260318_1', '2026-03-18', '3', '1', '上午', '08:00', '12:00', 'DEPT018', '精神心理科', 'ROOM_DEPT018_3', '精神心理科门诊1诊室', 'DOC_DEPT018_4', '孙霞', '02', '副主任医师', '社交恐惧障碍', '1', '专家门诊', 'SRV_001', '副主任医师挂号费', '50.00', '50.00', '0.00', '0.00', '0.00', '1,2,3,5,7,8,9,10,12,13,15,18,19,20,21,22', '主楼5层精神心理科候诊区', '08:00-12:00', '请提前15分钟候诊', '0', '1', '26', '8' );
INSERT INTO doctor_schedule ( m_code, service_date, week_day, session_code, session_name, start_time, end_time,  department_code, department_name, clinic_room_code, clinic_room_name,  doctor_code, doctor_name, doctor_title_code, doctor_title, doctor_spec,  doctor_sess_type_code, doctor_sess_type, service_code, service_name,  fee, reg_fee, checkup_fee, service_fee, other_fee, available_number_str,  admit_address_string, admit_time_range, note, time_range_flag, schedule_status,  available_total_num, available_left_num ) VALUES ( 'SCH_DOC_DEPT018_4_20260321_1', '2026-03-21', '6', '1', '上午', '08:00', '12:00', 'DEPT018', '精神心理科', 'ROOM_DEPT018_4', '精神心理科门诊2诊室', 'DOC_DEPT018_4', '孙霞', '02', '副主任医师', '社交恐惧障碍', '1', '专家门诊', 'SRV_001', '副主任医师挂号费', '20.00', '20.00', '0.00', '0.00', '0.00', '2,3,4,5,6,7,8,9,10,11,12,15,17,19,21', '主楼3层精神心理科候诊区', '08:00-12:00', '请提前15分钟候诊', '0', '1', '21', '7' );
INSERT INTO doctor_schedule ( m_code, service_date, week_day, session_code, session_name, start_time, end_time,  department_code, department_name, clinic_room_code, clinic_room_name,  doctor_code, doctor_name, doctor_title_code, doctor_title, doctor_spec,  doctor_sess_type_code, doctor_sess_type, service_code, service_name,  fee, reg_fee, checkup_fee, service_fee, other_fee, available_number_str,  admit_address_string, admit_time_range, note, time_range_flag, schedule_status,  available_total_num, available_left_num ) VALUES ( 'SCH_DOC_DEPT018_4_20260322_1', '2026-03-22', '7', '1', '上午', '08:00', '12:00', 'DEPT018', '精神心理科', 'ROOM_DEPT018_4', '精神心理科门诊5诊室', 'DOC_DEPT018_4', '孙霞', '02', '副主任医师', '社交恐惧障碍', '1', '专家门诊', 'SRV_001', '副主任医师挂号费', '15.00', '15.00', '0.00', '0.00', '0.00', '1,2,3,4,5,6,7,8,9,10,12,13,14,17,19,20,21,27,29,31,33,34,35,37,38', '主楼6层精神心理科候诊区', '08:00-12:00', '请提前15分钟候诊', '0', '1', '38', '14' );
INSERT INTO doctor_schedule ( m_code, service_date, week_day, session_code, session_name, start_time, end_time,  department_code, department_name, clinic_room_code, clinic_room_name,  doctor_code, doctor_name, doctor_title_code, doctor_title, doctor_spec,  doctor_sess_type_code, doctor_sess_type, service_code, service_name,  fee, reg_fee, checkup_fee, service_fee, other_fee, available_number_str,  admit_address_string, admit_time_range, note, time_range_flag, schedule_status,  available_total_num, available_left_num ) VALUES ( 'SCH_DOC_DEPT018_4_20260322_2', '2026-03-22', '7', '2', '下午', '13:30', '17:30', 'DEPT018', '精神心理科', 'ROOM_DEPT018_5', '精神心理科门诊3诊室', 'DOC_DEPT018_4', '孙霞', '02', '副主任医师', '社交恐惧障碍', '1', '专家门诊', 'SRV_001', '副主任医师挂号费', '50.00', '50.00', '0.00', '0.00', '0.00', '1,6,7,9,10,11,12,13,14,15,16,17,18,26,28,29,30,31,33,34,35,36,37,38,40', '主楼6层精神心理科候诊区', '13:30-17:30', '请提前15分钟候诊', '0', '1', '40', '32' );
INSERT INTO doctor_schedule ( m_code, service_date, week_day, session_code, session_name, start_time, end_time,  department_code, department_name, clinic_room_code, clinic_room_name,  doctor_code, doctor_name, doctor_title_code, doctor_title, doctor_spec,  doctor_sess_type_code, doctor_sess_type, service_code, service_name,  fee, reg_fee, checkup_fee, service_fee, other_fee, available_number_str,  admit_address_string, admit_time_range, note, time_range_flag, schedule_status,  available_total_num, available_left_num ) VALUES ( 'SCH_DOC_DEPT018_4_20260324_1', '2026-03-24', '2', '1', '上午', '08:00', '12:00', 'DEPT018', '精神心理科', 'ROOM_DEPT018_1', '精神心理科门诊3诊室', 'DOC_DEPT018_4', '孙霞', '02', '副主任医师', '社交恐惧障碍', '1', '专家门诊', 'SRV_001', '副主任医师挂号费', '20.00', '20.00', '0.00', '0.00', '0.00', '1,2,3,4,5,7,8,9,11,12,13,14,15,16,17,18,19,21,24,26,28,29,30,31,32,35', '主楼4层精神心理科候诊区', '08:00-12:00', '请提前15分钟候诊', '0', '1', '35', '10' );
INSERT INTO doctor_schedule ( m_code, service_date, week_day, session_code, session_name, start_time, end_time,  department_code, department_name, clinic_room_code, clinic_room_name,  doctor_code, doctor_name, doctor_title_code, doctor_title, doctor_spec,  doctor_sess_type_code, doctor_sess_type, service_code, service_name,  fee, reg_fee, checkup_fee, service_fee, other_fee, available_number_str,  admit_address_string, admit_time_range, note, time_range_flag, schedule_status,  available_total_num, available_left_num ) VALUES ( 'SCH_DOC_DEPT018_4_20260324_2', '2026-03-24', '2', '2', '下午', '13:30', '17:30', 'DEPT018', '精神心理科', 'ROOM_DEPT018_4', '精神心理科门诊3诊室', 'DOC_DEPT018_4', '孙霞', '02', '副主任医师', '社交恐惧障碍', '1', '专家门诊', 'SRV_001', '副主任医师挂号费', '50.00', '50.00', '0.00', '0.00', '0.00', '2,5,7,8,9,12,13,14,16,17,18,19,23,24,26', '主楼1层精神心理科候诊区', '13:30-17:30', '请提前15分钟候诊', '0', '1', '29', '15' );
INSERT INTO doctor_schedule ( m_code, service_date, week_day, session_code, session_name, start_time, end_time,  department_code, department_name, clinic_room_code, clinic_room_name,  doctor_code, doctor_name, doctor_title_code, doctor_title, doctor_spec,  doctor_sess_type_code, doctor_sess_type, service_code, service_name,  fee, reg_fee, checkup_fee, service_fee, other_fee, available_number_str,  admit_address_string, admit_time_range, note, time_range_flag, schedule_status,  available_total_num, available_left_num ) VALUES ( 'SCH_DOC_DEPT018_4_20260325_2', '2026-03-25', '3', '2', '下午', '13:30', '17:30', 'DEPT018', '精神心理科', 'ROOM_DEPT018_3', '精神心理科门诊4诊室', 'DOC_DEPT018_4', '孙霞', '02', '副主任医师', '社交恐惧障碍', '1', '专家门诊', 'SRV_001', '副主任医师挂号费', '50.00', '50.00', '0.00', '0.00', '0.00', '1,2,3,4,5,6,7,8,12,14,15,16', '主楼5层精神心理科候诊区', '13:30-17:30', '请提前15分钟候诊', '0', '1', '17', '10' );
INSERT INTO doctor_schedule ( m_code, service_date, week_day, session_code, session_name, start_time, end_time,  department_code, department_name, clinic_room_code, clinic_room_name,  doctor_code, doctor_name, doctor_title_code, doctor_title, doctor_spec,  doctor_sess_type_code, doctor_sess_type, service_code, service_name,  fee, reg_fee, checkup_fee, service_fee, other_fee, available_number_str,  admit_address_string, admit_time_range, note, time_range_flag, schedule_status,  available_total_num, available_left_num ) VALUES ( 'SCH_DOC_DEPT018_4_20260325_1', '2026-03-25', '3', '1', '上午', '08:00', '12:00', 'DEPT018', '精神心理科', 'ROOM_DEPT018_1', '精神心理科门诊3诊室', 'DOC_DEPT018_4', '孙霞', '02', '副主任医师', '社交恐惧障碍', '1', '专家门诊', 'SRV_001', '副主任医师挂号费', '15.00', '15.00', '0.00', '0.00', '0.00', '3,4,8,9,11,12,13,14,15,18,20,21,22', '主楼3层精神心理科候诊区', '08:00-12:00', '请提前15分钟候诊', '0', '1', '22', '11' );
INSERT INTO doctor_schedule ( m_code, service_date, week_day, session_code, session_name, start_time, end_time,  department_code, department_name, clinic_room_code, clinic_room_name,  doctor_code, doctor_name, doctor_title_code, doctor_title, doctor_spec,  doctor_sess_type_code, doctor_sess_type, service_code, service_name,  fee, reg_fee, checkup_fee, service_fee, other_fee, available_number_str,  admit_address_string, admit_time_range, note, time_range_flag, schedule_status,  available_total_num, available_left_num ) VALUES ( 'SCH_DOC_DEPT018_4_20260326_1', '2026-03-26', '4', '1', '上午', '08:00', '12:00', 'DEPT018', '精神心理科', 'ROOM_DEPT018_4', '精神心理科门诊3诊室', 'DOC_DEPT018_4', '孙霞', '02', '副主任医师', '社交恐惧障碍', '1', '专家门诊', 'SRV_001', '副主任医师挂号费', '50.00', '50.00', '0.00', '0.00', '0.00', '3,5,7,11,12,13,14,15,16,20,23,24,25,26,27,28,29,30,31,32,33,34,35,37,39,40', '主楼2层精神心理科候诊区', '08:00-12:00', '请提前15分钟候诊', '0', '1', '40', '36' );
INSERT INTO doctor_schedule ( m_code, service_date, week_day, session_code, session_name, start_time, end_time,  department_code, department_name, clinic_room_code, clinic_room_name,  doctor_code, doctor_name, doctor_title_code, doctor_title, doctor_spec,  doctor_sess_type_code, doctor_sess_type, service_code, service_name,  fee, reg_fee, checkup_fee, service_fee, other_fee, available_number_str,  admit_address_string, admit_time_range, note, time_range_flag, schedule_status,  available_total_num, available_left_num ) VALUES ( 'SCH_DOC_DEPT018_4_20260326_2', '2026-03-26', '4', '2', '下午', '13:30', '17:30', 'DEPT018', '精神心理科', 'ROOM_DEPT018_1', '精神心理科门诊2诊室', 'DOC_DEPT018_4', '孙霞', '02', '副主任医师', '社交恐惧障碍', '1', '专家门诊', 'SRV_001', '副主任医师挂号费', '15.00', '15.00', '0.00', '0.00', '0.00', '1,4,8,10,11,13,14,15,16,17,18,19,21,22,23,25,27,28,29,32,33,34,35', '主楼2层精神心理科候诊区', '13:30-17:30', '请提前15分钟候诊', '0', '1', '35', '29' );
INSERT INTO doctor_schedule ( m_code, service_date, week_day, session_code, session_name, start_time, end_time,  department_code, department_name, clinic_room_code, clinic_room_name,  doctor_code, doctor_name, doctor_title_code, doctor_title, doctor_spec,  doctor_sess_type_code, doctor_sess_type, service_code, service_name,  fee, reg_fee, checkup_fee, service_fee, other_fee, available_number_str,  admit_address_string, admit_time_range, note, time_range_flag, schedule_status,  available_total_num, available_left_num ) VALUES ( 'SCH_DOC_DEPT018_4_20260327_2', '2026-03-27', '5', '2', '下午', '13:30', '17:30', 'DEPT018', '精神心理科', 'ROOM_DEPT018_2', '精神心理科门诊2诊室', 'DOC_DEPT018_4', '孙霞', '02', '副主任医师', '社交恐惧障碍', '1', '专家门诊', 'SRV_001', '副主任医师挂号费', '50.00', '50.00', '0.00', '0.00', '0.00', '1,3,4,6,7,8,9,11,12,16,17,18,22,23,24,26,29,30,32,33,34', '主楼3层精神心理科候诊区', '13:30-17:30', '请提前15分钟候诊', '0', '1', '34', '33' );
INSERT INTO doctor_schedule ( m_code, service_date, week_day, session_code, session_name, start_time, end_time,  department_code, department_name, clinic_room_code, clinic_room_name,  doctor_code, doctor_name, doctor_title_code, doctor_title, doctor_spec,  doctor_sess_type_code, doctor_sess_type, service_code, service_name,  fee, reg_fee, checkup_fee, service_fee, other_fee, available_number_str,  admit_address_string, admit_time_range, note, time_range_flag, schedule_status,  available_total_num, available_left_num ) VALUES ( 'SCH_DOC_DEPT018_4_20260327_1', '2026-03-27', '5', '1', '上午', '08:00', '12:00', 'DEPT018', '精神心理科', 'ROOM_DEPT018_1', '精神心理科门诊2诊室', 'DOC_DEPT018_4', '孙霞', '02', '副主任医师', '社交恐惧障碍', '1', '专家门诊', 'SRV_001', '副主任医师挂号费', '15.00', '15.00', '0.00', '0.00', '0.00', '2,5,9,11,13,14,15,16,19,20,21,22,26,28,29,33,36', '主楼2层精神心理科候诊区', '08:00-12:00', '请提前15分钟候诊', '0', '1', '36', '14' );
INSERT INTO doctor_schedule ( m_code, service_date, week_day, session_code, session_name, start_time, end_time,  department_code, department_name, clinic_room_code, clinic_room_name,  doctor_code, doctor_name, doctor_title_code, doctor_title, doctor_spec,  doctor_sess_type_code, doctor_sess_type, service_code, service_name,  fee, reg_fee, checkup_fee, service_fee, other_fee, available_number_str,  admit_address_string, admit_time_range, note, time_range_flag, schedule_status,  available_total_num, available_left_num ) VALUES ( 'SCH_DOC_DEPT018_4_20260328_2', '2026-03-28', '6', '2', '下午', '13:30', '17:30', 'DEPT018', '精神心理科', 'ROOM_DEPT018_4', '精神心理科门诊5诊室', 'DOC_DEPT018_4', '孙霞', '02', '副主任医师', '社交恐惧障碍', '1', '专家门诊', 'SRV_001', '副主任医师挂号费', '50.00', '50.00', '0.00', '0.00', '0.00', '2,3,4,6,8,9,10,11,12,13,18,19,20,23,24,25,26,27,28,29', '主楼4层精神心理科候诊区', '13:30-17:30', '请提前15分钟候诊', '0', '1', '29', '25' );
INSERT INTO doctor (doctor_code, doctor_name, department_code, title, specialty, doctor_des, doctor_image) VALUES ('DOC_DEPT018_5', '徐勇', 'DEPT018', '主治医师', '双相情感障碍治疗', '徐勇主治医师，从事精神心理科临床工作17年，待人亲切。她长期致力于双相情感障碍治疗的诊疗，已成功治愈数千例相关患者。', 'doc_DOC_DEPT018_5.png');
INSERT INTO doctor_schedule ( m_code, service_date, week_day, session_code, session_name, start_time, end_time,  department_code, department_name, clinic_room_code, clinic_room_name,  doctor_code, doctor_name, doctor_title_code, doctor_title, doctor_spec,  doctor_sess_type_code, doctor_sess_type, service_code, service_name,  fee, reg_fee, checkup_fee, service_fee, other_fee, available_number_str,  admit_address_string, admit_time_range, note, time_range_flag, schedule_status,  available_total_num, available_left_num ) VALUES ( 'SCH_DOC_DEPT018_5_20260317_1', '2026-03-17', '2', '1', '上午', '08:00', '12:00', 'DEPT018', '精神心理科', 'ROOM_DEPT018_5', '精神心理科门诊1诊室', 'DOC_DEPT018_5', '徐勇', '03', '主治医师', '双相情感障碍治疗', '1', '专家门诊', 'SRV_001', '主治医师挂号费', '15.00', '15.00', '0.00', '0.00', '0.00', '1,2,5,7,8,9,10,11,12,13,14,15', '主楼2层精神心理科候诊区', '08:00-12:00', '请提前15分钟候诊', '0', '1', '15', '6' );
INSERT INTO doctor_schedule ( m_code, service_date, week_day, session_code, session_name, start_time, end_time,  department_code, department_name, clinic_room_code, clinic_room_name,  doctor_code, doctor_name, doctor_title_code, doctor_title, doctor_spec,  doctor_sess_type_code, doctor_sess_type, service_code, service_name,  fee, reg_fee, checkup_fee, service_fee, other_fee, available_number_str,  admit_address_string, admit_time_range, note, time_range_flag, schedule_status,  available_total_num, available_left_num ) VALUES ( 'SCH_DOC_DEPT018_5_20260318_2', '2026-03-18', '3', '2', '下午', '13:30', '17:30', 'DEPT018', '精神心理科', 'ROOM_DEPT018_3', '精神心理科门诊5诊室', 'DOC_DEPT018_5', '徐勇', '03', '主治医师', '双相情感障碍治疗', '1', '专家门诊', 'SRV_001', '主治医师挂号费', '50.00', '50.00', '0.00', '0.00', '0.00', '1,2,3,4,8,13,14,15,16,18,19,21,22,23', '主楼3层精神心理科候诊区', '13:30-17:30', '请提前15分钟候诊', '0', '1', '24', '18' );
INSERT INTO doctor_schedule ( m_code, service_date, week_day, session_code, session_name, start_time, end_time,  department_code, department_name, clinic_room_code, clinic_room_name,  doctor_code, doctor_name, doctor_title_code, doctor_title, doctor_spec,  doctor_sess_type_code, doctor_sess_type, service_code, service_name,  fee, reg_fee, checkup_fee, service_fee, other_fee, available_number_str,  admit_address_string, admit_time_range, note, time_range_flag, schedule_status,  available_total_num, available_left_num ) VALUES ( 'SCH_DOC_DEPT018_5_20260319_2', '2026-03-19', '4', '2', '下午', '13:30', '17:30', 'DEPT018', '精神心理科', 'ROOM_DEPT018_1', '精神心理科门诊5诊室', 'DOC_DEPT018_5', '徐勇', '03', '主治医师', '双相情感障碍治疗', '1', '专家门诊', 'SRV_001', '主治医师挂号费', '15.00', '15.00', '0.00', '0.00', '0.00', '1,2,4,5,8,9,10,12,14,17,18,19,20,21,22,23,24,25,26,27,29,31,32,34,36', '主楼6层精神心理科候诊区', '13:30-17:30', '请提前15分钟候诊', '0', '1', '36', '28' );
INSERT INTO doctor_schedule ( m_code, service_date, week_day, session_code, session_name, start_time, end_time,  department_code, department_name, clinic_room_code, clinic_room_name,  doctor_code, doctor_name, doctor_title_code, doctor_title, doctor_spec,  doctor_sess_type_code, doctor_sess_type, service_code, service_name,  fee, reg_fee, checkup_fee, service_fee, other_fee, available_number_str,  admit_address_string, admit_time_range, note, time_range_flag, schedule_status,  available_total_num, available_left_num ) VALUES ( 'SCH_DOC_DEPT018_5_20260319_1', '2026-03-19', '4', '1', '上午', '08:00', '12:00', 'DEPT018', '精神心理科', 'ROOM_DEPT018_1', '精神心理科门诊3诊室', 'DOC_DEPT018_5', '徐勇', '03', '主治医师', '双相情感障碍治疗', '1', '专家门诊', 'SRV_001', '主治医师挂号费', '20.00', '20.00', '0.00', '0.00', '0.00', '1,4,6,7,8,9,10,11,14,16,17,18,19,21,23,25,26,27,29,31,32', '主楼4层精神心理科候诊区', '08:00-12:00', '请提前15分钟候诊', '0', '1', '32', '15' );
INSERT INTO doctor_schedule ( m_code, service_date, week_day, session_code, session_name, start_time, end_time,  department_code, department_name, clinic_room_code, clinic_room_name,  doctor_code, doctor_name, doctor_title_code, doctor_title, doctor_spec,  doctor_sess_type_code, doctor_sess_type, service_code, service_name,  fee, reg_fee, checkup_fee, service_fee, other_fee, available_number_str,  admit_address_string, admit_time_range, note, time_range_flag, schedule_status,  available_total_num, available_left_num ) VALUES ( 'SCH_DOC_DEPT018_5_20260320_2', '2026-03-20', '5', '2', '下午', '13:30', '17:30', 'DEPT018', '精神心理科', 'ROOM_DEPT018_1', '精神心理科门诊3诊室', 'DOC_DEPT018_5', '徐勇', '03', '主治医师', '双相情感障碍治疗', '1', '专家门诊', 'SRV_001', '主治医师挂号费', '15.00', '15.00', '0.00', '0.00', '0.00', '1,2,3,4,6,7,8,10,12,14,15,16,18', '主楼5层精神心理科候诊区', '13:30-17:30', '请提前15分钟候诊', '0', '1', '19', '8' );
INSERT INTO doctor_schedule ( m_code, service_date, week_day, session_code, session_name, start_time, end_time,  department_code, department_name, clinic_room_code, clinic_room_name,  doctor_code, doctor_name, doctor_title_code, doctor_title, doctor_spec,  doctor_sess_type_code, doctor_sess_type, service_code, service_name,  fee, reg_fee, checkup_fee, service_fee, other_fee, available_number_str,  admit_address_string, admit_time_range, note, time_range_flag, schedule_status,  available_total_num, available_left_num ) VALUES ( 'SCH_DOC_DEPT018_5_20260321_1', '2026-03-21', '6', '1', '上午', '08:00', '12:00', 'DEPT018', '精神心理科', 'ROOM_DEPT018_2', '精神心理科门诊3诊室', 'DOC_DEPT018_5', '徐勇', '03', '主治医师', '双相情感障碍治疗', '1', '专家门诊', 'SRV_001', '主治医师挂号费', '50.00', '50.00', '0.00', '0.00', '0.00', '2,3,4,5,6,8,10,11,12,14,15,16,18,19,21,22,24,27', '主楼3层精神心理科候诊区', '08:00-12:00', '请提前15分钟候诊', '0', '1', '27', '24' );
INSERT INTO doctor_schedule ( m_code, service_date, week_day, session_code, session_name, start_time, end_time,  department_code, department_name, clinic_room_code, clinic_room_name,  doctor_code, doctor_name, doctor_title_code, doctor_title, doctor_spec,  doctor_sess_type_code, doctor_sess_type, service_code, service_name,  fee, reg_fee, checkup_fee, service_fee, other_fee, available_number_str,  admit_address_string, admit_time_range, note, time_range_flag, schedule_status,  available_total_num, available_left_num ) VALUES ( 'SCH_DOC_DEPT018_5_20260321_2', '2026-03-21', '6', '2', '下午', '13:30', '17:30', 'DEPT018', '精神心理科', 'ROOM_DEPT018_1', '精神心理科门诊4诊室', 'DOC_DEPT018_5', '徐勇', '03', '主治医师', '双相情感障碍治疗', '1', '专家门诊', 'SRV_001', '主治医师挂号费', '20.00', '20.00', '0.00', '0.00', '0.00', '1,3,6,7,8,12,13,14,16,17,18,19,20,21,22,23,25,26,27,28', '主楼5层精神心理科候诊区', '13:30-17:30', '请提前15分钟候诊', '0', '1', '28', '8' );
INSERT INTO doctor_schedule ( m_code, service_date, week_day, session_code, session_name, start_time, end_time,  department_code, department_name, clinic_room_code, clinic_room_name,  doctor_code, doctor_name, doctor_title_code, doctor_title, doctor_spec,  doctor_sess_type_code, doctor_sess_type, service_code, service_name,  fee, reg_fee, checkup_fee, service_fee, other_fee, available_number_str,  admit_address_string, admit_time_range, note, time_range_flag, schedule_status,  available_total_num, available_left_num ) VALUES ( 'SCH_DOC_DEPT018_5_20260322_2', '2026-03-22', '7', '2', '下午', '13:30', '17:30', 'DEPT018', '精神心理科', 'ROOM_DEPT018_3', '精神心理科门诊5诊室', 'DOC_DEPT018_5', '徐勇', '03', '主治医师', '双相情感障碍治疗', '1', '专家门诊', 'SRV_001', '主治医师挂号费', '50.00', '50.00', '0.00', '0.00', '0.00', '1,4,5,7,8,9,10,11,12,13,14,16,17,18,19,20,21,23,24,25,26', '主楼2层精神心理科候诊区', '13:30-17:30', '请提前15分钟候诊', '0', '1', '26', '14' );
INSERT INTO doctor_schedule ( m_code, service_date, week_day, session_code, session_name, start_time, end_time,  department_code, department_name, clinic_room_code, clinic_room_name,  doctor_code, doctor_name, doctor_title_code, doctor_title, doctor_spec,  doctor_sess_type_code, doctor_sess_type, service_code, service_name,  fee, reg_fee, checkup_fee, service_fee, other_fee, available_number_str,  admit_address_string, admit_time_range, note, time_range_flag, schedule_status,  available_total_num, available_left_num ) VALUES ( 'SCH_DOC_DEPT018_5_20260324_1', '2026-03-24', '2', '1', '上午', '08:00', '12:00', 'DEPT018', '精神心理科', 'ROOM_DEPT018_3', '精神心理科门诊2诊室', 'DOC_DEPT018_5', '徐勇', '03', '主治医师', '双相情感障碍治疗', '1', '专家门诊', 'SRV_001', '主治医师挂号费', '20.00', '20.00', '0.00', '0.00', '0.00', '2,3,4,5,8,9,10,11,12,13,15,16', '主楼6层精神心理科候诊区', '08:00-12:00', '请提前15分钟候诊', '0', '1', '16', '4' );
INSERT INTO doctor_schedule ( m_code, service_date, week_day, session_code, session_name, start_time, end_time,  department_code, department_name, clinic_room_code, clinic_room_name,  doctor_code, doctor_name, doctor_title_code, doctor_title, doctor_spec,  doctor_sess_type_code, doctor_sess_type, service_code, service_name,  fee, reg_fee, checkup_fee, service_fee, other_fee, available_number_str,  admit_address_string, admit_time_range, note, time_range_flag, schedule_status,  available_total_num, available_left_num ) VALUES ( 'SCH_DOC_DEPT018_5_20260325_2', '2026-03-25', '3', '2', '下午', '13:30', '17:30', 'DEPT018', '精神心理科', 'ROOM_DEPT018_3', '精神心理科门诊2诊室', 'DOC_DEPT018_5', '徐勇', '03', '主治医师', '双相情感障碍治疗', '1', '专家门诊', 'SRV_001', '主治医师挂号费', '50.00', '50.00', '0.00', '0.00', '0.00', '1,2,4,6,7,8,10,11,13,14,15,16,17,19', '主楼3层精神心理科候诊区', '13:30-17:30', '请提前15分钟候诊', '0', '1', '19', '17' );
INSERT INTO doctor_schedule ( m_code, service_date, week_day, session_code, session_name, start_time, end_time,  department_code, department_name, clinic_room_code, clinic_room_name,  doctor_code, doctor_name, doctor_title_code, doctor_title, doctor_spec,  doctor_sess_type_code, doctor_sess_type, service_code, service_name,  fee, reg_fee, checkup_fee, service_fee, other_fee, available_number_str,  admit_address_string, admit_time_range, note, time_range_flag, schedule_status,  available_total_num, available_left_num ) VALUES ( 'SCH_DOC_DEPT018_5_20260325_1', '2026-03-25', '3', '1', '上午', '08:00', '12:00', 'DEPT018', '精神心理科', 'ROOM_DEPT018_4', '精神心理科门诊3诊室', 'DOC_DEPT018_5', '徐勇', '03', '主治医师', '双相情感障碍治疗', '1', '专家门诊', 'SRV_001', '主治医师挂号费', '50.00', '50.00', '0.00', '0.00', '0.00', '2,3,4,5,7,8,9,11,12,13,14,15,17,19,20,21,23,24,25,26,27,28,29', '主楼4层精神心理科候诊区', '08:00-12:00', '请提前15分钟候诊', '0', '1', '29', '24' );
INSERT INTO doctor_schedule ( m_code, service_date, week_day, session_code, session_name, start_time, end_time,  department_code, department_name, clinic_room_code, clinic_room_name,  doctor_code, doctor_name, doctor_title_code, doctor_title, doctor_spec,  doctor_sess_type_code, doctor_sess_type, service_code, service_name,  fee, reg_fee, checkup_fee, service_fee, other_fee, available_number_str,  admit_address_string, admit_time_range, note, time_range_flag, schedule_status,  available_total_num, available_left_num ) VALUES ( 'SCH_DOC_DEPT018_5_20260326_1', '2026-03-26', '4', '1', '上午', '08:00', '12:00', 'DEPT018', '精神心理科', 'ROOM_DEPT018_4', '精神心理科门诊2诊室', 'DOC_DEPT018_5', '徐勇', '03', '主治医师', '双相情感障碍治疗', '1', '专家门诊', 'SRV_001', '主治医师挂号费', '50.00', '50.00', '0.00', '0.00', '0.00', '2,3,5,6,7,8,9,10,11,12,13,14,15,16,17,18,20', '主楼6层精神心理科候诊区', '08:00-12:00', '请提前15分钟候诊', '0', '1', '20', '13' );
INSERT INTO doctor_schedule ( m_code, service_date, week_day, session_code, session_name, start_time, end_time,  department_code, department_name, clinic_room_code, clinic_room_name,  doctor_code, doctor_name, doctor_title_code, doctor_title, doctor_spec,  doctor_sess_type_code, doctor_sess_type, service_code, service_name,  fee, reg_fee, checkup_fee, service_fee, other_fee, available_number_str,  admit_address_string, admit_time_range, note, time_range_flag, schedule_status,  available_total_num, available_left_num ) VALUES ( 'SCH_DOC_DEPT018_5_20260326_2', '2026-03-26', '4', '2', '下午', '13:30', '17:30', 'DEPT018', '精神心理科', 'ROOM_DEPT018_2', '精神心理科门诊1诊室', 'DOC_DEPT018_5', '徐勇', '03', '主治医师', '双相情感障碍治疗', '1', '专家门诊', 'SRV_001', '主治医师挂号费', '15.00', '15.00', '0.00', '0.00', '0.00', '3,4,5,8,9,10,11,12,13,16,17,18,19,21,22,23,25,27,28,29,30,31,32,33', '主楼4层精神心理科候诊区', '13:30-17:30', '请提前15分钟候诊', '0', '1', '33', '24' );
INSERT INTO doctor_schedule ( m_code, service_date, week_day, session_code, session_name, start_time, end_time,  department_code, department_name, clinic_room_code, clinic_room_name,  doctor_code, doctor_name, doctor_title_code, doctor_title, doctor_spec,  doctor_sess_type_code, doctor_sess_type, service_code, service_name,  fee, reg_fee, checkup_fee, service_fee, other_fee, available_number_str,  admit_address_string, admit_time_range, note, time_range_flag, schedule_status,  available_total_num, available_left_num ) VALUES ( 'SCH_DOC_DEPT018_5_20260327_2', '2026-03-27', '5', '2', '下午', '13:30', '17:30', 'DEPT018', '精神心理科', 'ROOM_DEPT018_1', '精神心理科门诊1诊室', 'DOC_DEPT018_5', '徐勇', '03', '主治医师', '双相情感障碍治疗', '1', '专家门诊', 'SRV_001', '主治医师挂号费', '50.00', '50.00', '0.00', '0.00', '0.00', '3,5,6,7,8,9,10,11,12,13,15,17,18,21,22,23,25,26,27,28,30', '主楼6层精神心理科候诊区', '13:30-17:30', '请提前15分钟候诊', '0', '1', '31', '9' );
INSERT INTO doctor_schedule ( m_code, service_date, week_day, session_code, session_name, start_time, end_time,  department_code, department_name, clinic_room_code, clinic_room_name,  doctor_code, doctor_name, doctor_title_code, doctor_title, doctor_spec,  doctor_sess_type_code, doctor_sess_type, service_code, service_name,  fee, reg_fee, checkup_fee, service_fee, other_fee, available_number_str,  admit_address_string, admit_time_range, note, time_range_flag, schedule_status,  available_total_num, available_left_num ) VALUES ( 'SCH_DOC_DEPT018_5_20260328_1', '2026-03-28', '6', '1', '上午', '08:00', '12:00', 'DEPT018', '精神心理科', 'ROOM_DEPT018_2', '精神心理科门诊4诊室', 'DOC_DEPT018_5', '徐勇', '03', '主治医师', '双相情感障碍治疗', '1', '专家门诊', 'SRV_001', '主治医师挂号费', '15.00', '15.00', '0.00', '0.00', '0.00', '3,8,9,10,11,12,13,14,15,16', '主楼3层精神心理科候诊区', '08:00-12:00', '请提前15分钟候诊', '0', '1', '16', '5' );
INSERT INTO doctor_schedule ( m_code, service_date, week_day, session_code, session_name, start_time, end_time,  department_code, department_name, clinic_room_code, clinic_room_name,  doctor_code, doctor_name, doctor_title_code, doctor_title, doctor_spec,  doctor_sess_type_code, doctor_sess_type, service_code, service_name,  fee, reg_fee, checkup_fee, service_fee, other_fee, available_number_str,  admit_address_string, admit_time_range, note, time_range_flag, schedule_status,  available_total_num, available_left_num ) VALUES ( 'SCH_DOC_DEPT018_5_20260328_2', '2026-03-28', '6', '2', '下午', '13:30', '17:30', 'DEPT018', '精神心理科', 'ROOM_DEPT018_1', '精神心理科门诊3诊室', 'DOC_DEPT018_5', '徐勇', '03', '主治医师', '双相情感障碍治疗', '1', '专家门诊', 'SRV_001', '主治医师挂号费', '20.00', '20.00', '0.00', '0.00', '0.00', '1,2,3,5,6,10,11,12,13,14,15,16,18,19,20,21,22,24,25,27,29', '主楼2层精神心理科候诊区', '13:30-17:30', '请提前15分钟候诊', '0', '1', '29', '16' );
INSERT INTO doctor_schedule ( m_code, service_date, week_day, session_code, session_name, start_time, end_time,  department_code, department_name, clinic_room_code, clinic_room_name,  doctor_code, doctor_name, doctor_title_code, doctor_title, doctor_spec,  doctor_sess_type_code, doctor_sess_type, service_code, service_name,  fee, reg_fee, checkup_fee, service_fee, other_fee, available_number_str,  admit_address_string, admit_time_range, note, time_range_flag, schedule_status,  available_total_num, available_left_num ) VALUES ( 'SCH_DOC_DEPT018_5_20260329_2', '2026-03-29', '7', '2', '下午', '13:30', '17:30', 'DEPT018', '精神心理科', 'ROOM_DEPT018_5', '精神心理科门诊5诊室', 'DOC_DEPT018_5', '徐勇', '03', '主治医师', '双相情感障碍治疗', '1', '专家门诊', 'SRV_001', '主治医师挂号费', '15.00', '15.00', '0.00', '0.00', '0.00', '1,2,5,6,7,8,9,11,12,13,14,15,17,19,20', '主楼1层精神心理科候诊区', '13:30-17:30', '请提前15分钟候诊', '0', '1', '20', '6' );
INSERT INTO doctor_schedule ( m_code, service_date, week_day, session_code, session_name, start_time, end_time,  department_code, department_name, clinic_room_code, clinic_room_name,  doctor_code, doctor_name, doctor_title_code, doctor_title, doctor_spec,  doctor_sess_type_code, doctor_sess_type, service_code, service_name,  fee, reg_fee, checkup_fee, service_fee, other_fee, available_number_str,  admit_address_string, admit_time_range, note, time_range_flag, schedule_status,  available_total_num, available_left_num ) VALUES ( 'SCH_DOC_DEPT018_5_20260329_1', '2026-03-29', '7', '1', '上午', '08:00', '12:00', 'DEPT018', '精神心理科', 'ROOM_DEPT018_2', '精神心理科门诊1诊室', 'DOC_DEPT018_5', '徐勇', '03', '主治医师', '双相情感障碍治疗', '1', '专家门诊', 'SRV_001', '主治医师挂号费', '15.00', '15.00', '0.00', '0.00', '0.00', '3,6,7,8,9,10,11,13,14,16,23,24,25,26,28,29,30,31,32,33,34,35', '主楼6层精神心理科候诊区', '08:00-12:00', '请提前15分钟候诊', '0', '1', '35', '27' );